Ville;Latitude;Longitude;Date;Heure;temperature_2m;weathercode;Temps_Label;windspeed_10m;wind_gusts_10m;precipitation
Orléans;47.9;1.9;26/09/2026;00:00;16.1;0;SOLEIL;8.3;18.0;0
Orléans;47.9;1.9;26/09/2026;01:00;16;0;SOLEIL;8.6;16.6;0
Orléans;47.9;1.9;26/09/2026;02:00;14.9;0;SOLEIL;8.7;17.3;0
Orléans;47.9;1.9;26/09/2026;03:00;13.9;0;SOLEIL;7.6;16.2;0
Orléans;47.9;1.9;26/09/2026;04:00;13.4;2;NUAGEUX;6.5;14.0;0
Orléans;47.9;1.9;26/09/2026;05:00;14;2;NUAGEUX;5.4;11.9;0
Orléans;47.9;1.9;26/09/2026;06:00;14.4;2;NUAGEUX;5.4;10.1;0
Orléans;47.9;1.9;26/09/2026;07:00;15;2;NUAGEUX;5.1;10.1;0
Orléans;47.9;1.9;26/09/2026;08:00;16.1;2;NUAGEUX;5.4;10.4;0
Orléans;47.9;1.9;26/09/2026;09:00;17.7;2;NUAGEUX;5.8;11.5;0
Orléans;47.9;1.9;26/09/2026;10:00;19.2;2;NUAGEUX;4.9;11.9;0
Orléans;47.9;1.9;26/09/2026;11:00;20.4;2;NUAGEUX;4.1;10.4;0
Orléans;47.9;1.9;26/09/2026;12:00;22.4;2;NUAGEUX;3.2;9.7;0
Orléans;47.9;1.9;26/09/2026;13:00;23.4;2;NUAGEUX;2.1;9.0;0
Orléans;47.9;1.9;26/09/2026;14:00;24;5;SOLEIL VOILÉ;1.0;6.8;0
Orléans;47.9;1.9;26/09/2026;15:00;25.3;0;SOLEIL;1.3;5.8;0
Orléans;47.9;1.9;26/09/2026;16:00;25.7;0;SOLEIL;3.6;10.1;0
Orléans;47.9;1.9;26/09/2026;17:00;24.9;0;SOLEIL;4.3;12.2;0
Orléans;47.9;1.9;26/09/2026;18:00;22;2;NUAGEUX;6.3;15.1;0
Orléans;47.9;1.9;26/09/2026;19:00;19.9;0;SOLEIL;7.2;16.2;0
Orléans;47.9;1.9;26/09/2026;20:00;18.9;0;SOLEIL;6.5;13.3;0
Orléans;47.9;1.9;26/09/2026;21:00;17.7;0;SOLEIL;8.4;15.5;0
Orléans;47.9;1.9;26/09/2026;22:00;17.1;0;SOLEIL;6.0;15.5;0
Orléans;47.9;1.9;26/09/2026;23:00;16.2;5;SOLEIL VOILÉ;4.7;11.5;0
Orléans;47.9;1.9;27/09/2026;00:00;15.1;0;SOLEIL;6.2;11.2;0
Orléans;47.9;1.9;27/09/2026;01:00;15.1;0;SOLEIL;8.4;15.5;0
Orléans;47.9;1.9;27/09/2026;02:00;12.4;0;SOLEIL;8.6;17.3;0
Orléans;47.9;1.9;27/09/2026;03:00;12.4;0;SOLEIL;7.7;15.8;0
Orléans;47.9;1.9;27/09/2026;04:00;12.4;0;SOLEIL;6.8;14.8;0
Orléans;47.9;1.9;27/09/2026;05:00;11.1;5;SOLEIL VOILÉ;9.7;18.7;0
Orléans;47.9;1.9;27/09/2026;06:00;11.1;5;SOLEIL VOILÉ;10.7;21.2;0
Orléans;47.9;1.9;27/09/2026;07:00;11.1;5;SOLEIL VOILÉ;9.7;20.5;0
Orléans;47.9;1.9;27/09/2026;08:00;20;0;SOLEIL;6.6;18.0;0
Orléans;47.9;1.9;27/09/2026;09:00;20;0;SOLEIL;7.5;15.1;0
Orléans;47.9;1.9;27/09/2026;10:00;20;0;SOLEIL;8.4;17.6;0
Orléans;47.9;1.9;27/09/2026;11:00;25.7;5;SOLEIL VOILÉ;10.4;21.6;0
Orléans;47.9;1.9;27/09/2026;12:00;25.7;5;SOLEIL VOILÉ;3.9;19.4;0
Orléans;47.9;1.9;27/09/2026;13:00;25.7;5;SOLEIL VOILÉ;8.1;16.6;0
Orléans;47.9;1.9;27/09/2026;14:00;29.6;5;SOLEIL VOILÉ;9.7;16.2;0
Orléans;47.9;1.9;27/09/2026;15:00;29.6;5;SOLEIL VOILÉ;7.9;14.0;0
Orléans;47.9;1.9;27/09/2026;16:00;29.6;5;SOLEIL VOILÉ;8.6;13.3;0
Orléans;47.9;1.9;27/09/2026;17:00;25.6;5;SOLEIL VOILÉ;5.6;16.9;0
Orléans;47.9;1.9;27/09/2026;18:00;25.6;5;SOLEIL VOILÉ;9.3;14.8;0
Orléans;47.9;1.9;27/09/2026;19:00;25.6;5;SOLEIL VOILÉ;7.9;15.1;0
Orléans;47.9;1.9;27/09/2026;20:00;21;5;SOLEIL VOILÉ;4.3;13.7;0
Orléans;47.9;1.9;27/09/2026;21:00;21;5;SOLEIL VOILÉ;8.8;14.0;0
Orléans;47.9;1.9;27/09/2026;22:00;21;5;SOLEIL VOILÉ;12.4;24.1;0
Orléans;47.9;1.9;27/09/2026;23:00;18.2;5;SOLEIL VOILÉ;8.6;23.8;0
Orléans;47.9;1.9;28/09/2026;00:00;18.2;5;SOLEIL VOILÉ;6.6;16.6;0
Orléans;47.9;1.9;28/09/2026;01:00;18.2;5;SOLEIL VOILÉ;7.0;13.3;0
Orléans;47.9;1.9;28/09/2026;02:00;15.5;2;NUAGEUX;6.6;13.7;0
Orléans;47.9;1.9;28/09/2026;03:00;15.5;2;NUAGEUX;6.5;13.0;0
Orléans;47.9;1.9;28/09/2026;04:00;15.5;2;NUAGEUX;6.1;13.0;0
Orléans;47.9;1.9;28/09/2026;05:00;15.9;2;NUAGEUX;6.1;11.9;0
Orléans;47.9;1.9;28/09/2026;06:00;15.9;2;NUAGEUX;5.4;11.9;0
Orléans;47.9;1.9;28/09/2026;07:00;15.9;2;NUAGEUX;5.2;10.4;0
Orléans;47.9;1.9;28/09/2026;08:00;21.4;2;NUAGEUX;4.9;10.8;0
Orléans;47.9;1.9;28/09/2026;09:00;21.4;2;NUAGEUX;4.3;9.3;0
Orléans;47.9;1.9;28/09/2026;10:00;21.4;2;NUAGEUX;4.4;11.0;0
Orléans;47.9;1.9;28/09/2026;11:00;25;5;SOLEIL VOILÉ;4.7;11.8;0
Orléans;47.9;1.9;28/09/2026;12:00;25;5;SOLEIL VOILÉ;7.3;17.3;0
Orléans;47.9;1.9;28/09/2026;13:00;25;5;SOLEIL VOILÉ;8.7;20.5;0
Orléans;47.9;1.9;28/09/2026;14:00;27.1;5;SOLEIL VOILÉ;12.5;27.7;0
Orléans;47.9;1.9;28/09/2026;15:00;27.1;5;SOLEIL VOILÉ;13.9;42.5;0
Orléans;47.9;1.9;28/09/2026;16:00;27.1;5;SOLEIL VOILÉ;11.2;41.8;0
Orléans;47.9;1.9;28/09/2026;17:00;22.4;5;SOLEIL VOILÉ;7.9;37.8;0
Orléans;47.9;1.9;28/09/2026;18:00;22.4;5;SOLEIL VOILÉ;7.5;18.4;0
Orléans;47.9;1.9;28/09/2026;19:00;22.4;5;SOLEIL VOILÉ;3.9;15.8;0
Orléans;47.9;1.9;28/09/2026;20:00;20.3;2;NUAGEUX;1.8;7.6;0
Orléans;47.9;1.9;28/09/2026;21:00;18.8;2;NUAGEUX;0.7;2.2;0
Orléans;47.9;1.9;28/09/2026;22:00;17.4;2;NUAGEUX;3.2;5.0;0
Orléans;47.9;1.9;28/09/2026;23:00;17.5;2;NUAGEUX;2.6;4.7;0
Orléans;47.9;1.9;29/09/2026;00:00;17.5;2;NUAGEUX;2.5;5.0;0
Orléans;47.9;1.9;29/09/2026;01:00;17.5;2;NUAGEUX;2.9;6.1;0
Orléans;47.9;1.9;29/09/2026;02:00;14.4;2;NUAGEUX;2.4;5.0;0
Orléans;47.9;1.9;29/09/2026;03:00;14.4;2;NUAGEUX;1.1;3.2;0
Orléans;47.9;1.9;29/09/2026;04:00;14.4;2;NUAGEUX;0.8;1.4;0
Orléans;47.9;1.9;29/09/2026;05:00;15.7;2;NUAGEUX;4.7;10.4;0
Orléans;47.9;1.9;29/09/2026;06:00;15.7;2;NUAGEUX;1.1;10.1;0
Orléans;47.9;1.9;29/09/2026;07:00;15.7;2;NUAGEUX;2.9;4.7;0
Orléans;47.9;1.9;29/09/2026;08:00;17.9;2;NUAGEUX;3.0;5.0;0
Orléans;47.9;1.9;29/09/2026;09:00;19.6;2;NUAGEUX;3.1;7.2;0
Orléans;47.9;1.9;29/09/2026;10:00;21.4;2;NUAGEUX;1.8;5.8;0
Orléans;47.9;1.9;29/09/2026;11:00;28;2;NUAGEUX;3.8;9.4;0
Orléans;47.9;1.9;29/09/2026;12:00;28;2;NUAGEUX;5.4;14.8;0
Orléans;47.9;1.9;29/09/2026;13:00;28;2;NUAGEUX;6.2;14.8;0
Orléans;47.9;1.9;29/09/2026;14:00;28.4;2;NUAGEUX;6.6;20.2;0
Orléans;47.9;1.9;29/09/2026;15:00;30.1;2;NUAGEUX;5.5;17.6;0
Orléans;47.9;1.9;29/09/2026;16:00;28.4;2;NUAGEUX;3.3;12.2;0
Orléans;47.9;1.9;29/09/2026;17:00;24.5;2;NUAGEUX;2.1;9.0;0
Orléans;47.9;1.9;29/09/2026;18:00;24.5;2;NUAGEUX;2.5;9.4;0
Orléans;47.9;1.9;29/09/2026;19:00;24.5;2;NUAGEUX;4.5;11.2;0
Orléans;47.9;1.9;29/09/2026;20:00;21.4;2;NUAGEUX;6.6;13.3;0
Orléans;47.9;1.9;29/09/2026;21:00;19.6;2;NUAGEUX;8.2;15.8;0
Orléans;47.9;1.9;29/09/2026;22:00;17.9;2;NUAGEUX;9.6;18.7;0
Orléans;47.9;1.9;29/09/2026;23:00;19.7;2;NUAGEUX;10.3;20.5;0
Orléans;47.9;1.9;30/09/2026;00:00;19.7;2;NUAGEUX;9.5;20.5;0
Orléans;47.9;1.9;30/09/2026;01:00;19.7;2;NUAGEUX;8.0;19.4;0
Orléans;47.9;1.9;30/09/2026;02:00;17.1;7;PLUIE FAIBLE;6.6;17.6;0
Orléans;47.9;1.9;30/09/2026;03:00;17.1;7;PLUIE FAIBLE;5.1;14.0;0
Orléans;47.9;1.9;30/09/2026;04:00;17.1;7;PLUIE FAIBLE;3.9;9.7;0
Orléans;47.9;1.9;30/09/2026;05:00;18.5;2;NUAGEUX;3.9;6.8;0
Orléans;47.9;1.9;30/09/2026;06:00;18.5;2;NUAGEUX;4.3;6.1;0
Orléans;47.9;1.9;30/09/2026;07:00;18.5;2;NUAGEUX;4.3;7.2;0
Orléans;47.9;1.9;30/09/2026;08:00;19.2;7;PLUIE FAIBLE;5.0;9.0;0
Orléans;47.9;1.9;30/09/2026;09:00;20.2;7;PLUIE FAIBLE;5.9;11.9;0
Orléans;47.9;1.9;30/09/2026;10:00;21.3;7;PLUIE FAIBLE;7.3;16.2;0
Orléans;47.9;1.9;30/09/2026;11:00;25.2;2;NUAGEUX;8.7;19.4;0
Orléans;47.9;1.9;30/09/2026;12:00;25.2;2;NUAGEUX;9.7;21.6;0
Orléans;47.9;1.9;30/09/2026;13:00;25.2;2;NUAGEUX;10.4;23.4;0
Orléans;47.9;1.9;30/09/2026;14:00;25.5;7;PLUIE FAIBLE;10.8;24.8;0
Orléans;47.9;1.9;30/09/2026;15:00;26.5;7;PLUIE FAIBLE;11.2;26.6;0
Orléans;47.9;1.9;30/09/2026;16:00;25.5;7;PLUIE FAIBLE;11.6;28.4;0
Orléans;47.9;1.9;30/09/2026;17:00;21.7;7;PLUIE FAIBLE;10.9;28.1;0
Orléans;47.9;1.9;30/09/2026;18:00;21.7;7;PLUIE FAIBLE;8.3;23.8;0
Orléans;47.9;1.9;30/09/2026;19:00;21.7;7;PLUIE FAIBLE;5.2;16.9;0
Orléans;47.9;1.9;30/09/2026;20:00;21.3;7;PLUIE FAIBLE;2.9;11.9;0
Orléans;47.9;1.9;30/09/2026;21:00;20.2;7;PLUIE FAIBLE;1.5;9.7;0
Orléans;47.9;1.9;30/09/2026;22:00;19.2;7;PLUIE FAIBLE;3.5;9.4;0
Orléans;47.9;1.9;30/09/2026;23:00;17.6;7;PLUIE FAIBLE;5.4;10.1;0
Orléans;47.9;1.9;01/10/2026;00:00;17.6;7;PLUIE FAIBLE;6.2;12.2;0
Orléans;47.9;1.9;01/10/2026;01:00;17.6;7;PLUIE FAIBLE;6.8;15.5;0
Orléans;47.9;1.9;01/10/2026;02:00;14.6;7;PLUIE FAIBLE;8.1;17.6;0
Orléans;47.9;1.9;01/10/2026;03:00;14.6;7;PLUIE FAIBLE;8.1;17.3;0
Orléans;47.9;1.9;01/10/2026;04:00;14.6;7;PLUIE FAIBLE;7.4;15.5;0
Orléans;47.9;1.9;01/10/2026;05:00;16.1;7;PLUIE FAIBLE;6.9;14.4;0
Orléans;47.9;1.9;01/10/2026;06:00;16.1;7;PLUIE FAIBLE;7.3;15.2;0
Orléans;47.9;1.9;01/10/2026;07:00;16.1;7;PLUIE FAIBLE;7.8;16.2;0
Orléans;47.9;1.9;01/10/2026;08:00;16.0;7;PLUIE FAIBLE;8.6;17.2;0
Orléans;47.9;1.9;01/10/2026;09:00;16.7;7;PLUIE FAIBLE;9.5;19.8;0
Orléans;47.9;1.9;01/10/2026;10:00;17.4;7;PLUIE FAIBLE;12.0;25.6;0
Orléans;47.9;1.9;01/10/2026;11:00;20.2;6;AVERSES;13.8;29.9;0
Orléans;47.9;1.9;01/10/2026;12:00;20.2;6;AVERSES;14.1;31.3;0
Orléans;47.9;1.9;01/10/2026;13:00;20.2;6;AVERSES;13.7;31.3;0
Orléans;47.9;1.9;01/10/2026;14:00;20.2;7;PLUIE FAIBLE;13.4;31.0;0
Orléans;47.9;1.9;01/10/2026;15:00;20.9;7;PLUIE FAIBLE;13.4;30.6;0
Orléans;47.9;1.9;01/10/2026;16:00;20.2;7;PLUIE FAIBLE;13.5;29.9;0
Orléans;47.9;1.9;01/10/2026;17:00;17.7;7;PLUIE FAIBLE;12.8;28.1;0
Orléans;47.9;1.9;01/10/2026;18:00;17.7;7;PLUIE FAIBLE;9.8;23.8;0
Orléans;47.9;1.9;01/10/2026;19:00;17.7;7;PLUIE FAIBLE;5.8;18.7;0
Orléans;47.9;1.9;01/10/2026;20:00;17.4;7;PLUIE FAIBLE;3.5;14.4;0
Orléans;47.9;1.9;01/10/2026;21:00;16.7;7;PLUIE FAIBLE;3.8;12.2;0
Orléans;47.9;1.9;01/10/2026;22:00;16.0;7;PLUIE FAIBLE;5.1;11.2;0
Orléans;47.9;1.9;01/10/2026;23:00;12.7;0;SOLEIL;6.0;11.5;0
Orléans;47.9;1.9;02/10/2026;00:00;12.7;0;SOLEIL;6.6;13.3;0
Orléans;47.9;1.9;02/10/2026;01:00;12.7;0;SOLEIL;7.3;16.2;0
Orléans;47.9;1.9;02/10/2026;02:00;10;0;SOLEIL;8.3;18.7;0
Orléans;47.9;1.9;02/10/2026;03:00;10;0;SOLEIL;9.1;19.8;0
Orléans;47.9;1.9;02/10/2026;04:00;10;0;SOLEIL;10.0;20.5;0
Orléans;47.9;1.9;02/10/2026;05:00;11.4;0;SOLEIL;10.1;20.5;0
Orléans;47.9;1.9;02/10/2026;06:00;11.4;0;SOLEIL;9.1;19.4;0
Orléans;47.9;1.9;02/10/2026;07:00;11.4;0;SOLEIL;7.8;17.3;0
Orléans;47.9;1.9;02/10/2026;08:00;12.6;0;SOLEIL;6.4;16.6;0
Orléans;47.9;1.9;02/10/2026;09:00;13.8;0;SOLEIL;6.5;17.6;0
Orléans;47.9;1.9;02/10/2026;10:00;15.1;0;SOLEIL;8.7;19.8;0
Orléans;47.9;1.9;02/10/2026;11:00;20.6;0;SOLEIL;10.7;22.0;0
Orléans;47.9;1.9;02/10/2026;12:00;20.6;0;SOLEIL;11.9;24.5;0
Orléans;47.9;1.9;02/10/2026;13:00;20.6;0;SOLEIL;12.6;27.0;0
Orléans;47.9;1.9;02/10/2026;14:00;20.2;0;SOLEIL;13.3;28.8;0
Orléans;47.9;1.9;02/10/2026;15:00;21.5;0;SOLEIL;13.6;29.9;0
Orléans;47.9;1.9;02/10/2026;16:00;20.2;0;SOLEIL;13.2;30.2;0
Orléans;47.9;1.9;02/10/2026;17:00;17.1;0;SOLEIL;12.6;30.2;0
Orléans;47.9;1.9;02/10/2026;18:00;17.1;0;SOLEIL;11.1;29.2;0
Orléans;47.9;1.9;02/10/2026;19:00;17.1;0;SOLEIL;9.9;27.4;0
Orléans;47.9;1.9;02/10/2026;20:00;15.1;0;SOLEIL;9.5;26.3;0
Orléans;47.9;1.9;02/10/2026;21:00;13.8;0;SOLEIL;10.2;27.0;0
Orléans;47.9;1.9;02/10/2026;22:00;12.6;0;SOLEIL;12.5;28.4;0
Orléans;47.9;1.9;02/10/2026;23:00;11.7;0;SOLEIL;14.4;29.9;0
Orléans;47.9;1.9;03/10/2026;00:00;11.7;0;SOLEIL;14.1;31.3;0
Orléans;47.9;1.9;03/10/2026;01:00;11.7;0;SOLEIL;14.1;32.8;0
Orléans;47.9;1.9;03/10/2026;02:00;8.6;0;SOLEIL;15.4;33.5;0
Orléans;47.9;1.9;03/10/2026;03:00;8.6;0;SOLEIL;15.9;32.8;0
Orléans;47.9;1.9;03/10/2026;04:00;8.6;0;SOLEIL;15.1;31.0;0
Orléans;47.9;1.9;03/10/2026;05:00;10.5;0;SOLEIL;14.3;29.5;0
Orléans;47.9;1.9;03/10/2026;06:00;10.5;0;SOLEIL;13.4;28.8;0
Orléans;47.9;1.9;03/10/2026;07:00;10.5;0;SOLEIL;12.3;28.1;0
Orléans;47.9;1.9;03/10/2026;08:00;11.8;0;SOLEIL;11.7;28.1;0
Orléans;47.9;1.9;03/10/2026;09:00;13.4;0;SOLEIL;12.5;28.8;0
Orléans;47.9;1.9;03/10/2026;10:00;15.0;0;SOLEIL;13.8;30.2;0
Orléans;47.9;1.9;03/10/2026;11:00;21.9;0;SOLEIL;14.9;31.7;0
Orléans;47.9;1.9;03/10/2026;12:00;21.9;0;SOLEIL;11.8;27.6;0
Orléans;47.9;1.9;03/10/2026;13:00;21.9;0;SOLEIL;8.2;23.6;0
Orléans;47.9;1.9;03/10/2026;14:00;21.3;0;SOLEIL;4.4;18.4;0
Orléans;47.9;1.9;03/10/2026;15:00;22.9;0;SOLEIL;0.9;12.6;0
Orléans;47.9;1.9;03/10/2026;16:00;21.3;0;SOLEIL;1.4;12.2;0
Orléans;47.9;1.9;03/10/2026;17:00;17.6;0;SOLEIL;2.1;11.5;0
Orléans;47.9;1.9;03/10/2026;18:00;17.6;0;SOLEIL;2.7;10.8;0
Orléans;47.9;1.9;03/10/2026;19:00;17.6;0;SOLEIL;3.2;10.4;0
Orléans;47.9;1.9;03/10/2026;20:00;15.0;0;SOLEIL;3.6;10.1;0
Orléans;47.9;1.9;03/10/2026;21:00;13.4;0;SOLEIL;3.5;10.1;0
Orléans;47.9;1.9;03/10/2026;22:00;11.8;0;SOLEIL;3.7;10.4;0
Orléans;47.9;1.9;03/10/2026;23:00;12.9;0;SOLEIL;3.8;11.2;0
Argent-sur-Sauldre;47.56;2.45;26/09/2026;00:00;14.1;0;SOLEIL;7.0;13.0;0
Argent-sur-Sauldre;47.56;2.45;26/09/2026;01:00;14;0;SOLEIL;7.6;11.5;0
Argent-sur-Sauldre;47.56;2.45;26/09/2026;02:00;14.2;0;SOLEIL;7.2;11.5;0
Argent-sur-Sauldre;47.56;2.45;26/09/2026;03:00;12.5;0;SOLEIL;6.2;10.4;0
Argent-sur-Sauldre;47.56;2.45;26/09/2026;04:00;12;0;SOLEIL;5.1;9.0;0
Argent-sur-Sauldre;47.56;2.45;26/09/2026;05:00;10.6;0;SOLEIL;5.4;7.9;0
Argent-sur-Sauldre;47.56;2.45;26/09/2026;06:00;11.2;2;NUAGEUX;5.2;8.3;0
Argent-sur-Sauldre;47.56;2.45;26/09/2026;07:00;13.4;2;NUAGEUX;5.5;8.3;0
Argent-sur-Sauldre;47.56;2.45;26/09/2026;08:00;15.5;2;NUAGEUX;5.4;7.9;0
Argent-sur-Sauldre;47.56;2.45;26/09/2026;09:00;17.5;2;NUAGEUX;5.3;8.6;0
Argent-sur-Sauldre;47.56;2.45;26/09/2026;10:00;19.4;2;NUAGEUX;5.4;9.4;0
Argent-sur-Sauldre;47.56;2.45;26/09/2026;11:00;21.2;2;NUAGEUX;5.4;9.7;0
Argent-sur-Sauldre;47.56;2.45;26/09/2026;12:00;22.1;2;NUAGEUX;4.1;11.2;0
Argent-sur-Sauldre;47.56;2.45;26/09/2026;13:00;22.9;2;NUAGEUX;2.0;9.4;0
Argent-sur-Sauldre;47.56;2.45;26/09/2026;14:00;24.6;0;SOLEIL;1.0;5.0;0
Argent-sur-Sauldre;47.56;2.45;26/09/2026;15:00;24.9;0;SOLEIL;2.4;7.2;0
Argent-sur-Sauldre;47.56;2.45;26/09/2026;16:00;25.1;0;SOLEIL;5.0;10.8;0
Argent-sur-Sauldre;47.56;2.45;26/09/2026;17:00;24.2;0;SOLEIL;8.5;15.1;0
Argent-sur-Sauldre;47.56;2.45;26/09/2026;18:00;20.2;0;SOLEIL;6.1;14.4;0
Argent-sur-Sauldre;47.56;2.45;26/09/2026;19:00;16.7;0;SOLEIL;14.3;23.4;0
Argent-sur-Sauldre;47.56;2.45;26/09/2026;20:00;15;0;SOLEIL;9.4;20.5;0
Argent-sur-Sauldre;47.56;2.45;26/09/2026;21:00;13.2;0;SOLEIL;9.8;15.5;0
Argent-sur-Sauldre;47.56;2.45;26/09/2026;22:00;12.7;0;SOLEIL;7.9;15.5;0
Argent-sur-Sauldre;47.56;2.45;26/09/2026;23:00;12.6;0;SOLEIL;7.8;12.2;0
Argent-sur-Sauldre;47.56;2.45;27/09/2026;00:00;12.4;0;SOLEIL;8.1;13.0;0
Argent-sur-Sauldre;47.56;2.45;27/09/2026;01:00;12.4;0;SOLEIL;11.3;18.0;0
Argent-sur-Sauldre;47.56;2.45;27/09/2026;02:00;11.5;0;SOLEIL;12.0;19.4;0
Argent-sur-Sauldre;47.56;2.45;27/09/2026;03:00;11.5;0;SOLEIL;14.8;23.0;0
Argent-sur-Sauldre;47.56;2.45;27/09/2026;04:00;11.5;0;SOLEIL;14.8;23.8;0
Argent-sur-Sauldre;47.56;2.45;27/09/2026;05:00;12.1;0;SOLEIL;16.4;26.6;0
Argent-sur-Sauldre;47.56;2.45;27/09/2026;06:00;12.1;0;SOLEIL;16.4;27.4;0
Argent-sur-Sauldre;47.56;2.45;27/09/2026;07:00;12.1;0;SOLEIL;14.0;26.3;0
Argent-sur-Sauldre;47.56;2.45;27/09/2026;08:00;22.4;0;SOLEIL;12.1;22.7;0
Argent-sur-Sauldre;47.56;2.45;27/09/2026;09:00;22.4;0;SOLEIL;13.4;22.0;0
Argent-sur-Sauldre;47.56;2.45;27/09/2026;10:00;22.4;0;SOLEIL;12.9;22.0;0
Argent-sur-Sauldre;47.56;2.45;27/09/2026;11:00;26.7;5;SOLEIL VOILÉ;11.9;20.9;0
Argent-sur-Sauldre;47.56;2.45;27/09/2026;12:00;26.7;5;SOLEIL VOILÉ;9.4;16.9;0
Argent-sur-Sauldre;47.56;2.45;27/09/2026;13:00;26.7;5;SOLEIL VOILÉ;10.2;16.6;0
Argent-sur-Sauldre;47.56;2.45;27/09/2026;14:00;29.1;5;SOLEIL VOILÉ;5.9;16.9;0
Argent-sur-Sauldre;47.56;2.45;27/09/2026;15:00;29.1;5;SOLEIL VOILÉ;4.4;12.2;0
Argent-sur-Sauldre;47.56;2.45;27/09/2026;16:00;29.1;5;SOLEIL VOILÉ;9.2;13.0;0
Argent-sur-Sauldre;47.56;2.45;27/09/2026;17:00;23.7;5;SOLEIL VOILÉ;3.3;11.9;0
Argent-sur-Sauldre;47.56;2.45;27/09/2026;18:00;23.7;5;SOLEIL VOILÉ;4.6;11.5;0
Argent-sur-Sauldre;47.56;2.45;27/09/2026;19:00;23.7;5;SOLEIL VOILÉ;5.8;10.1;0
Argent-sur-Sauldre;47.56;2.45;27/09/2026;20:00;16.9;5;SOLEIL VOILÉ;4.0;7.6;0
Argent-sur-Sauldre;47.56;2.45;27/09/2026;21:00;16.9;5;SOLEIL VOILÉ;5.3;7.2;0
Argent-sur-Sauldre;47.56;2.45;27/09/2026;22:00;16.9;5;SOLEIL VOILÉ;2.3;8.3;0
Argent-sur-Sauldre;47.56;2.45;27/09/2026;23:00;15.7;5;SOLEIL VOILÉ;4.6;7.2;0
Argent-sur-Sauldre;47.56;2.45;28/09/2026;00:00;15.7;5;SOLEIL VOILÉ;3.1;6.8;0
Argent-sur-Sauldre;47.56;2.45;28/09/2026;01:00;15.7;5;SOLEIL VOILÉ;5.0;6.5;0
Argent-sur-Sauldre;47.56;2.45;28/09/2026;02:00;15.9;2;NUAGEUX;3.4;8.3;0
Argent-sur-Sauldre;47.56;2.45;28/09/2026;03:00;15.9;2;NUAGEUX;4.1;6.5;0
Argent-sur-Sauldre;47.56;2.45;28/09/2026;04:00;15.9;2;NUAGEUX;5.0;7.6;0
Argent-sur-Sauldre;47.56;2.45;28/09/2026;05:00;14.2;2;NUAGEUX;4.8;7.6;0
Argent-sur-Sauldre;47.56;2.45;28/09/2026;06:00;14.2;2;NUAGEUX;5.5;8.3;0
Argent-sur-Sauldre;47.56;2.45;28/09/2026;07:00;14.2;2;NUAGEUX;5.5;8.3;0
Argent-sur-Sauldre;47.56;2.45;28/09/2026;08:00;21.4;5;SOLEIL VOILÉ;5.6;9.0;0
Argent-sur-Sauldre;47.56;2.45;28/09/2026;09:00;21.4;5;SOLEIL VOILÉ;5.3;9.2;0
Argent-sur-Sauldre;47.56;2.45;28/09/2026;10:00;21.4;5;SOLEIL VOILÉ;9.6;16.9;0
Argent-sur-Sauldre;47.56;2.45;28/09/2026;11:00;25.6;5;SOLEIL VOILÉ;10.6;20.5;0
Argent-sur-Sauldre;47.56;2.45;28/09/2026;12:00;25.6;5;SOLEIL VOILÉ;12.1;23.4;0
Argent-sur-Sauldre;47.56;2.45;28/09/2026;13:00;25.6;5;SOLEIL VOILÉ;13.0;25.9;0
Argent-sur-Sauldre;47.56;2.45;28/09/2026;14:00;26.1;5;SOLEIL VOILÉ;14.8;28.8;0
Argent-sur-Sauldre;47.56;2.45;28/09/2026;15:00;26.1;5;SOLEIL VOILÉ;13.6;28.8;0
Argent-sur-Sauldre;47.56;2.45;28/09/2026;16:00;26.1;5;SOLEIL VOILÉ;10.8;32.4;0
Argent-sur-Sauldre;47.56;2.45;28/09/2026;17:00;22.9;5;SOLEIL VOILÉ;8.8;20.9;0
Argent-sur-Sauldre;47.56;2.45;28/09/2026;18:00;22.9;5;SOLEIL VOILÉ;8.5;16.9;0
Argent-sur-Sauldre;47.56;2.45;28/09/2026;19:00;22.9;5;SOLEIL VOILÉ;0.8;16.2;0
Argent-sur-Sauldre;47.56;2.45;28/09/2026;20:00;19.4;5;SOLEIL VOILÉ;0.4;1.4;0
Argent-sur-Sauldre;47.56;2.45;28/09/2026;21:00;18.0;5;SOLEIL VOILÉ;3.8;5.0;0
Argent-sur-Sauldre;47.56;2.45;28/09/2026;22:00;16.5;5;SOLEIL VOILÉ;4.2;6.8;0
Argent-sur-Sauldre;47.56;2.45;28/09/2026;23:00;15.4;2;NUAGEUX;4.6;7.9;0
Argent-sur-Sauldre;47.56;2.45;29/09/2026;00:00;15.4;2;NUAGEUX;4.5;8.3;0
Argent-sur-Sauldre;47.56;2.45;29/09/2026;01:00;15.4;2;NUAGEUX;4.5;7.6;0
Argent-sur-Sauldre;47.56;2.45;29/09/2026;02:00;14.2;2;NUAGEUX;4.6;7.6;0
Argent-sur-Sauldre;47.56;2.45;29/09/2026;03:00;14.2;2;NUAGEUX;5.3;8.6;0
Argent-sur-Sauldre;47.56;2.45;29/09/2026;04:00;14.2;2;NUAGEUX;5.4;9.4;0
Argent-sur-Sauldre;47.56;2.45;29/09/2026;05:00;15.5;2;NUAGEUX;7.6;13.0;0
Argent-sur-Sauldre;47.56;2.45;29/09/2026;06:00;15.5;2;NUAGEUX;9.4;18.0;0
Argent-sur-Sauldre;47.56;2.45;29/09/2026;07:00;15.5;2;NUAGEUX;8.9;16.9;0
Argent-sur-Sauldre;47.56;2.45;29/09/2026;08:00;17.5;2;NUAGEUX;6.6;16.2;0
Argent-sur-Sauldre;47.56;2.45;29/09/2026;09:00;19.1;2;NUAGEUX;8.4;20.2;0
Argent-sur-Sauldre;47.56;2.45;29/09/2026;10:00;20.8;2;NUAGEUX;9.1;21.2;0
Argent-sur-Sauldre;47.56;2.45;29/09/2026;11:00;27.5;0;SOLEIL;10.1;19.8;0
Argent-sur-Sauldre;47.56;2.45;29/09/2026;12:00;27.5;0;SOLEIL;10.0;20.9;0
Argent-sur-Sauldre;47.56;2.45;29/09/2026;13:00;27.5;0;SOLEIL;4.6;19.4;0
Argent-sur-Sauldre;47.56;2.45;29/09/2026;14:00;27.4;2;NUAGEUX;5.3;12.6;0
Argent-sur-Sauldre;47.56;2.45;29/09/2026;15:00;29.0;2;NUAGEUX;4.0;14.4;0
Argent-sur-Sauldre;47.56;2.45;29/09/2026;16:00;27.4;2;NUAGEUX;7.1;17.3;0
Argent-sur-Sauldre;47.56;2.45;29/09/2026;17:00;23.5;2;NUAGEUX;10.4;19.8;0
Argent-sur-Sauldre;47.56;2.45;29/09/2026;18:00;23.5;2;NUAGEUX;11.3;20.2;0
Argent-sur-Sauldre;47.56;2.45;29/09/2026;19:00;23.5;2;NUAGEUX;11.0;19.8;0
Argent-sur-Sauldre;47.56;2.45;29/09/2026;20:00;20.8;2;NUAGEUX;10.6;19.1;0
Argent-sur-Sauldre;47.56;2.45;29/09/2026;21:00;19.1;2;NUAGEUX;10.3;19.1;0
Argent-sur-Sauldre;47.56;2.45;29/09/2026;22:00;17.5;2;NUAGEUX;9.7;18.7;0
Argent-sur-Sauldre;47.56;2.45;29/09/2026;23:00;18.9;2;NUAGEUX;8.8;18.0;0
Argent-sur-Sauldre;47.56;2.45;30/09/2026;00:00;18.9;2;NUAGEUX;7.3;15.8;0
Argent-sur-Sauldre;47.56;2.45;30/09/2026;01:00;18.9;2;NUAGEUX;6.1;12.6;0
Argent-sur-Sauldre;47.56;2.45;30/09/2026;02:00;16.4;2;NUAGEUX;5.6;10.4;0
Argent-sur-Sauldre;47.56;2.45;30/09/2026;03:00;16.4;2;NUAGEUX;5.6;10.1;0
Argent-sur-Sauldre;47.56;2.45;30/09/2026;04:00;16.4;2;NUAGEUX;6.2;10.4;0
Argent-sur-Sauldre;47.56;2.45;30/09/2026;05:00;17.6;2;NUAGEUX;6.6;10.8;0
Argent-sur-Sauldre;47.56;2.45;30/09/2026;06:00;17.6;2;NUAGEUX;6.7;11.2;0
Argent-sur-Sauldre;47.56;2.45;30/09/2026;07:00;17.6;2;NUAGEUX;6.9;11.5;0
Argent-sur-Sauldre;47.56;2.45;30/09/2026;08:00;18.6;2;NUAGEUX;7.1;12.6;0
Argent-sur-Sauldre;47.56;2.45;30/09/2026;09:00;19.7;2;NUAGEUX;7.9;15.1;0
Argent-sur-Sauldre;47.56;2.45;30/09/2026;10:00;20.8;2;NUAGEUX;9.7;18.7;0
Argent-sur-Sauldre;47.56;2.45;30/09/2026;11:00;25.1;2;NUAGEUX;11.7;22.0;0
Argent-sur-Sauldre;47.56;2.45;30/09/2026;12:00;25.1;2;NUAGEUX;13.3;24.8;0
Argent-sur-Sauldre;47.56;2.45;30/09/2026;13:00;25.1;2;NUAGEUX;14.7;27.7;0
Argent-sur-Sauldre;47.56;2.45;30/09/2026;14:00;25.1;2;NUAGEUX;15.7;29.9;0
Argent-sur-Sauldre;47.56;2.45;30/09/2026;15:00;26.2;2;NUAGEUX;16.3;31.0;0
Argent-sur-Sauldre;47.56;2.45;30/09/2026;16:00;25.1;2;NUAGEUX;16.2;31.3;0
Argent-sur-Sauldre;47.56;2.45;30/09/2026;17:00;21.2;7;PLUIE FAIBLE;15.6;30.6;0
Argent-sur-Sauldre;47.56;2.45;30/09/2026;18:00;21.2;7;PLUIE FAIBLE;13.4;28.1;0
Argent-sur-Sauldre;47.56;2.45;30/09/2026;19:00;21.2;7;PLUIE FAIBLE;11.7;24.1;0
Argent-sur-Sauldre;47.56;2.45;30/09/2026;20:00;20.8;2;NUAGEUX;11.4;20.9;0
Argent-sur-Sauldre;47.56;2.45;30/09/2026;21:00;19.7;2;NUAGEUX;10.5;18.7;0
Argent-sur-Sauldre;47.56;2.45;30/09/2026;22:00;18.6;2;NUAGEUX;8.7;17.3;0
Argent-sur-Sauldre;47.56;2.45;30/09/2026;23:00;16.6;6;AVERSES;8.0;17.3;0
Argent-sur-Sauldre;47.56;2.45;01/10/2026;00:00;16.6;6;AVERSES;8.9;19.4;0
Argent-sur-Sauldre;47.56;2.45;01/10/2026;01:00;16.6;6;AVERSES;10.7;23.0;0
Argent-sur-Sauldre;47.56;2.45;01/10/2026;02:00;14.4;6;AVERSES;11.7;24.8;0
Argent-sur-Sauldre;47.56;2.45;01/10/2026;03:00;14.4;6;AVERSES;10.8;22.7;0
Argent-sur-Sauldre;47.56;2.45;01/10/2026;04:00;14.4;6;AVERSES;9.8;18.7;0
Argent-sur-Sauldre;47.56;2.45;01/10/2026;05:00;15.9;6;AVERSES;9.4;16.2;0
Argent-sur-Sauldre;47.56;2.45;01/10/2026;06:00;15.9;6;AVERSES;10.4;17.6;0
Argent-sur-Sauldre;47.56;2.45;01/10/2026;07:00;15.9;6;AVERSES;11.6;20.3;0
Argent-sur-Sauldre;47.56;2.45;01/10/2026;08:00;15.7;6;AVERSES;12.7;22.5;0
Argent-sur-Sauldre;47.56;2.45;01/10/2026;09:00;16.4;6;AVERSES;12.2;23.0;0
Argent-sur-Sauldre;47.56;2.45;01/10/2026;10:00;17.1;6;AVERSES;14.7;26.3;0
Argent-sur-Sauldre;47.56;2.45;01/10/2026;11:00;19.7;6;AVERSES;15.9;28.8;0
Argent-sur-Sauldre;47.56;2.45;01/10/2026;12:00;19.7;6;AVERSES;16.1;30.2;0
Argent-sur-Sauldre;47.56;2.45;01/10/2026;13:00;19.7;6;AVERSES;15.5;31.0;0
Argent-sur-Sauldre;47.56;2.45;01/10/2026;14:00;19.7;6;AVERSES;15.7;31.0;0
Argent-sur-Sauldre;47.56;2.45;01/10/2026;15:00;20.4;6;AVERSES;15.8;30.6;0
Argent-sur-Sauldre;47.56;2.45;01/10/2026;16:00;19.7;6;AVERSES;15.3;29.9;0
Argent-sur-Sauldre;47.56;2.45;01/10/2026;17:00;16.6;6;AVERSES;14.5;28.1;0
Argent-sur-Sauldre;47.56;2.45;01/10/2026;18:00;16.6;6;AVERSES;12.2;24.5;0
Argent-sur-Sauldre;47.56;2.45;01/10/2026;19:00;16.6;6;AVERSES;10.0;19.8;0
Argent-sur-Sauldre;47.56;2.45;01/10/2026;20:00;17.1;6;AVERSES;8.4;16.2;0
Argent-sur-Sauldre;47.56;2.45;01/10/2026;21:00;16.4;6;AVERSES;7.6;14.8;0
Argent-sur-Sauldre;47.56;2.45;01/10/2026;22:00;15.7;6;AVERSES;7.4;14.4;0
Argent-sur-Sauldre;47.56;2.45;01/10/2026;23:00;12.5;0;SOLEIL;7.6;14.4;0
Argent-sur-Sauldre;47.56;2.45;02/10/2026;00:00;12.5;0;SOLEIL;7.9;14.8;0
Argent-sur-Sauldre;47.56;2.45;02/10/2026;01:00;12.5;0;SOLEIL;8.7;15.8;0
Argent-sur-Sauldre;47.56;2.45;02/10/2026;02:00;9.6;0;SOLEIL;9.4;16.9;0
Argent-sur-Sauldre;47.56;2.45;02/10/2026;03:00;9.6;0;SOLEIL;10.4;18.7;0
Argent-sur-Sauldre;47.56;2.45;02/10/2026;04:00;9.6;0;SOLEIL;11.9;20.5;0
Argent-sur-Sauldre;47.56;2.45;02/10/2026;05:00;10.7;0;SOLEIL;12.6;21.6;0
Argent-sur-Sauldre;47.56;2.45;02/10/2026;06:00;10.7;0;SOLEIL;11.9;20.9;0
Argent-sur-Sauldre;47.56;2.45;02/10/2026;07:00;10.7;0;SOLEIL;10.5;19.1;0
Argent-sur-Sauldre;47.56;2.45;02/10/2026;08:00;12.1;0;SOLEIL;9.4;18.0;0
Argent-sur-Sauldre;47.56;2.45;02/10/2026;09:00;13.3;0;SOLEIL;9.4;18.4;0
Argent-sur-Sauldre;47.56;2.45;02/10/2026;10:00;14.5;0;SOLEIL;10.6;19.8;0
Argent-sur-Sauldre;47.56;2.45;02/10/2026;11:00;20;0;SOLEIL;12.0;21.2;0
Argent-sur-Sauldre;47.56;2.45;02/10/2026;12:00;20;0;SOLEIL;12.8;23.0;0
Argent-sur-Sauldre;47.56;2.45;02/10/2026;13:00;20;0;SOLEIL;13.3;25.2;0
Argent-sur-Sauldre;47.56;2.45;02/10/2026;14:00;19.5;0;SOLEIL;12.8;26.3;0
Argent-sur-Sauldre;47.56;2.45;02/10/2026;15:00;20.7;0;SOLEIL;11.1;25.2;0
Argent-sur-Sauldre;47.56;2.45;02/10/2026;16:00;19.5;0;SOLEIL;8.7;22.7;0
Argent-sur-Sauldre;47.56;2.45;02/10/2026;17:00;15.7;0;SOLEIL;8.1;21.6;0
Argent-sur-Sauldre;47.56;2.45;02/10/2026;18:00;15.7;0;SOLEIL;9.8;22.3;0
Argent-sur-Sauldre;47.56;2.45;02/10/2026;19:00;15.7;0;SOLEIL;12.6;24.1;0
Argent-sur-Sauldre;47.56;2.45;02/10/2026;20:00;14.5;0;SOLEIL;15.2;26.3;0
Argent-sur-Sauldre;47.56;2.45;02/10/2026;21:00;13.3;0;SOLEIL;17.4;29.9;0
Argent-sur-Sauldre;47.56;2.45;02/10/2026;22:00;12.1;0;SOLEIL;19.8;34.2;0
Argent-sur-Sauldre;47.56;2.45;02/10/2026;23:00;10.6;0;SOLEIL;21.0;36.7;0
Argent-sur-Sauldre;47.56;2.45;03/10/2026;00:00;10.6;0;SOLEIL;19.6;36.4;0
Argent-sur-Sauldre;47.56;2.45;03/10/2026;01:00;10.6;0;SOLEIL;16.7;33.8;0
Argent-sur-Sauldre;47.56;2.45;03/10/2026;02:00;8.4;0;SOLEIL;15.6;32.0;0
Argent-sur-Sauldre;47.56;2.45;03/10/2026;03:00;8.4;0;SOLEIL;15.8;31.0;0
Argent-sur-Sauldre;47.56;2.45;03/10/2026;04:00;8.4;0;SOLEIL;16.2;30.2;0
Argent-sur-Sauldre;47.56;2.45;03/10/2026;05:00;10.1;0;SOLEIL;16.7;29.5;0
Argent-sur-Sauldre;47.56;2.45;03/10/2026;06:00;10.1;0;SOLEIL;16.8;29.2;0
Argent-sur-Sauldre;47.56;2.45;03/10/2026;07:00;10.1;0;SOLEIL;16.3;28.8;0
Argent-sur-Sauldre;47.56;2.45;03/10/2026;08:00;11.4;0;SOLEIL;16.3;28.8;0
Argent-sur-Sauldre;47.56;2.45;03/10/2026;09:00;13.0;0;SOLEIL;16.3;28.8;0
Argent-sur-Sauldre;47.56;2.45;03/10/2026;10:00;14.5;0;SOLEIL;16.3;29.2;0
Argent-sur-Sauldre;47.56;2.45;03/10/2026;11:00;21.2;0;SOLEIL;16.5;29.5;0
Argent-sur-Sauldre;47.56;2.45;03/10/2026;12:00;21.2;0;SOLEIL;12.7;25.6;0
Argent-sur-Sauldre;47.56;2.45;03/10/2026;13:00;21.2;0;SOLEIL;9.3;22.1;0
Argent-sur-Sauldre;47.56;2.45;03/10/2026;14:00;20.6;0;SOLEIL;6.0;18.7;0
Argent-sur-Sauldre;47.56;2.45;03/10/2026;15:00;22.1;0;SOLEIL;3.5;14.8;0
Argent-sur-Sauldre;47.56;2.45;03/10/2026;16:00;20.6;0;SOLEIL;4.8;15.1;0
Argent-sur-Sauldre;47.56;2.45;03/10/2026;17:00;16.5;0;SOLEIL;6.3;15.1;0
Argent-sur-Sauldre;47.56;2.45;03/10/2026;18:00;16.5;0;SOLEIL;7.7;15.1;0
Argent-sur-Sauldre;47.56;2.45;03/10/2026;19:00;16.5;0;SOLEIL;8.7;15.1;0
Argent-sur-Sauldre;47.56;2.45;03/10/2026;20:00;14.5;0;SOLEIL;9.1;15.1;0
Argent-sur-Sauldre;47.56;2.45;03/10/2026;21:00;13.0;0;SOLEIL;8.9;15.5;0
Argent-sur-Sauldre;47.56;2.45;03/10/2026;22:00;11.4;0;SOLEIL;8.1;15.5;0
Argent-sur-Sauldre;47.56;2.45;03/10/2026;23:00;12;0;SOLEIL;7.0;15.8;0
Bourges;47.08;2.39;26/09/2026;00:00;17.1;0;SOLEIL;7.7;15.1;0
Bourges;47.08;2.39;26/09/2026;01:00;17.1;0;SOLEIL;7.2;14.8;0
Bourges;47.08;2.39;26/09/2026;02:00;16.7;0;SOLEIL;6.9;14.4;0
Bourges;47.08;2.39;26/09/2026;03:00;16.2;0;SOLEIL;5.8;13.0;0
Bourges;47.08;2.39;26/09/2026;04:00;15;0;SOLEIL;5.8;11.2;0
Bourges;47.08;2.39;26/09/2026;05:00;14.5;0;SOLEIL;6.5;13.0;0
Bourges;47.08;2.39;26/09/2026;06:00;14.7;0;SOLEIL;5.8;13.0;0
Bourges;47.08;2.39;26/09/2026;07:00;14.2;2;NUAGEUX;5.8;11.9;0
Bourges;47.08;2.39;26/09/2026;08:00;15.1;2;NUAGEUX;5.8;10.8;0
Bourges;47.08;2.39;26/09/2026;09:00;17.4;2;NUAGEUX;5.2;11.2;0
Bourges;47.08;2.39;26/09/2026;10:00;18.2;0;SOLEIL;6.0;13.0;0
Bourges;47.08;2.39;26/09/2026;11:00;20.2;0;SOLEIL;5.3;15.1;0
Bourges;47.08;2.39;26/09/2026;12:00;22.2;0;SOLEIL;5.5;14.0;0
Bourges;47.08;2.39;26/09/2026;13:00;23.2;0;SOLEIL;4.1;13.7;0
Bourges;47.08;2.39;26/09/2026;14:00;24.6;0;SOLEIL;2.1;10.4;0
Bourges;47.08;2.39;26/09/2026;15:00;24.8;0;SOLEIL;1.3;6.8;0
Bourges;47.08;2.39;26/09/2026;16:00;25.1;0;SOLEIL;2.3;7.9;0
Bourges;47.08;2.39;26/09/2026;17:00;23.7;0;SOLEIL;1.8;8.6;0
Bourges;47.08;2.39;26/09/2026;18:00;22.6;0;SOLEIL;0.7;5.0;0
Bourges;47.08;2.39;26/09/2026;19:00;20.7;0;SOLEIL;3.6;7.9;0
Bourges;47.08;2.39;26/09/2026;20:00;20.1;0;SOLEIL;7.7;14.8;0
Bourges;47.08;2.39;26/09/2026;21:00;19.2;0;SOLEIL;8.0;15.8;0
Bourges;47.08;2.39;26/09/2026;22:00;18.5;0;SOLEIL;7.1;15.5;0
Bourges;47.08;2.39;26/09/2026;23:00;17.4;0;SOLEIL;4.5;13.3;0
Bourges;47.08;2.39;27/09/2026;00:00;16.6;0;SOLEIL;6.6;12.2;0
Bourges;47.08;2.39;27/09/2026;01:00;16.6;0;SOLEIL;10.8;21.2;0
Bourges;47.08;2.39;27/09/2026;02:00;14.4;0;SOLEIL;11.3;22.7;0
Bourges;47.08;2.39;27/09/2026;03:00;14.4;0;SOLEIL;11.8;24.5;0
Bourges;47.08;2.39;27/09/2026;04:00;14.4;0;SOLEIL;12.2;24.8;0
Bourges;47.08;2.39;27/09/2026;05:00;14.7;0;SOLEIL;14.7;30.2;0
Bourges;47.08;2.39;27/09/2026;06:00;14.7;0;SOLEIL;16.2;32.4;0
Bourges;47.08;2.39;27/09/2026;07:00;14.7;0;SOLEIL;15.4;33.1;0
Bourges;47.08;2.39;27/09/2026;08:00;22.6;0;SOLEIL;13.1;32.8;0
Bourges;47.08;2.39;27/09/2026;09:00;22.6;0;SOLEIL;11.7;26.3;0
Bourges;47.08;2.39;27/09/2026;10:00;22.6;0;SOLEIL;13.0;26.6;0
Bourges;47.08;2.39;27/09/2026;11:00;28.7;5;SOLEIL VOILÉ;11.6;28.1;0
Bourges;47.08;2.39;27/09/2026;12:00;28.7;5;SOLEIL VOILÉ;13.0;23.0;0
Bourges;47.08;2.39;27/09/2026;13:00;28.7;5;SOLEIL VOILÉ;10.9;23.0;0
Bourges;47.08;2.39;27/09/2026;14:00;31.1;5;SOLEIL VOILÉ;9.8;19.1;0
Bourges;47.08;2.39;27/09/2026;15:00;31.1;5;SOLEIL VOILÉ;8.2;17.6;0
Bourges;47.08;2.39;27/09/2026;16:00;31.1;5;SOLEIL VOILÉ;7.4;18.7;0
Bourges;47.08;2.39;27/09/2026;17:00;28;5;SOLEIL VOILÉ;6.9;14.8;0
Bourges;47.08;2.39;27/09/2026;18:00;28;5;SOLEIL VOILÉ;2.9;12.6;0
Bourges;47.08;2.39;27/09/2026;19:00;28;5;SOLEIL VOILÉ;1.6;6.5;0
Bourges;47.08;2.39;27/09/2026;20:00;22.6;5;SOLEIL VOILÉ;3.2;6.1;0
Bourges;47.08;2.39;27/09/2026;21:00;22.6;5;SOLEIL VOILÉ;3.7;7.2;0
Bourges;47.08;2.39;27/09/2026;22:00;22.6;5;SOLEIL VOILÉ;4.2;8.3;0
Bourges;47.08;2.39;27/09/2026;23:00;19.6;5;SOLEIL VOILÉ;2.6;7.6;0
Bourges;47.08;2.39;28/09/2026;00:00;19.6;5;SOLEIL VOILÉ;2.5;5.4;0
Bourges;47.08;2.39;28/09/2026;01:00;19.6;5;SOLEIL VOILÉ;2.6;5.4;0
Bourges;47.08;2.39;28/09/2026;02:00;18.6;5;SOLEIL VOILÉ;3.3;6.8;0
Bourges;47.08;2.39;28/09/2026;03:00;18.6;5;SOLEIL VOILÉ;3.6;7.2;0
Bourges;47.08;2.39;28/09/2026;04:00;18.6;5;SOLEIL VOILÉ;4.7;9.4;0
Bourges;47.08;2.39;28/09/2026;05:00;17.5;5;SOLEIL VOILÉ;5.1;9.7;0
Bourges;47.08;2.39;28/09/2026;06:00;17.5;5;SOLEIL VOILÉ;5.8;11.5;0
Bourges;47.08;2.39;28/09/2026;07:00;17.5;5;SOLEIL VOILÉ;6.1;12.2;0
Bourges;47.08;2.39;28/09/2026;08:00;22.1;5;SOLEIL VOILÉ;5.8;12.2;0
Bourges;47.08;2.39;28/09/2026;09:00;22.1;5;SOLEIL VOILÉ;6.0;11.8;0
Bourges;47.08;2.39;28/09/2026;10:00;22.1;5;SOLEIL VOILÉ;6.6;14.2;0
Bourges;47.08;2.39;28/09/2026;11:00;26.6;5;SOLEIL VOILÉ;7.2;15.8;0
Bourges;47.08;2.39;28/09/2026;12:00;26.6;5;SOLEIL VOILÉ;8.1;17.6;0
Bourges;47.08;2.39;28/09/2026;13:00;26.6;5;SOLEIL VOILÉ;9.7;20.5;0
Bourges;47.08;2.39;28/09/2026;14:00;27.5;5;SOLEIL VOILÉ;11.3;22.7;0
Bourges;47.08;2.39;28/09/2026;15:00;27.5;5;SOLEIL VOILÉ;10.2;23.0;0
Bourges;47.08;2.39;28/09/2026;16:00;27.5;5;SOLEIL VOILÉ;8.7;20.5;0
Bourges;47.08;2.39;28/09/2026;17:00;25.4;5;SOLEIL VOILÉ;3.7;17.3;0
Bourges;47.08;2.39;28/09/2026;18:00;25.4;5;SOLEIL VOILÉ;4.8;9.7;0
Bourges;47.08;2.39;28/09/2026;19:00;25.4;5;SOLEIL VOILÉ;3.6;9.7;0
Bourges;47.08;2.39;28/09/2026;20:00;21.9;5;SOLEIL VOILÉ;4.9;9.0;0
Bourges;47.08;2.39;28/09/2026;21:00;20.7;5;SOLEIL VOILÉ;3.1;9.0;0
Bourges;47.08;2.39;28/09/2026;22:00;19.5;5;SOLEIL VOILÉ;2.2;4.7;0
Bourges;47.08;2.39;28/09/2026;23:00;18.6;2;NUAGEUX;4.6;7.9;0
Bourges;47.08;2.39;29/09/2026;00:00;18.6;2;NUAGEUX;3.1;7.9;0
Bourges;47.08;2.39;29/09/2026;01:00;18.6;2;NUAGEUX;3.2;5.8;0
Bourges;47.08;2.39;29/09/2026;02:00;15.1;2;NUAGEUX;3.1;6.1;0
Bourges;47.08;2.39;29/09/2026;03:00;15.1;2;NUAGEUX;4.0;6.8;0
Bourges;47.08;2.39;29/09/2026;04:00;15.1;2;NUAGEUX;5.4;9.7;0
Bourges;47.08;2.39;29/09/2026;05:00;15.9;2;NUAGEUX;4.7;9.7;0
Bourges;47.08;2.39;29/09/2026;06:00;15.9;2;NUAGEUX;3.0;7.9;0
Bourges;47.08;2.39;29/09/2026;07:00;15.9;2;NUAGEUX;2.3;5.4;0
Bourges;47.08;2.39;29/09/2026;08:00;18.3;2;NUAGEUX;3.6;7.2;0
Bourges;47.08;2.39;29/09/2026;09:00;19.9;2;NUAGEUX;3.3;7.6;0
Bourges;47.08;2.39;29/09/2026;10:00;21.5;2;NUAGEUX;3.5;7.2;0
Bourges;47.08;2.39;29/09/2026;11:00;28.2;2;NUAGEUX;5.3;13.0;0
Bourges;47.08;2.39;29/09/2026;12:00;28.2;2;NUAGEUX;2.5;10.8;0
Bourges;47.08;2.39;29/09/2026;13:00;28.2;2;NUAGEUX;5.0;12.6;0
Bourges;47.08;2.39;29/09/2026;14:00;28.0;2;NUAGEUX;4.4;13.0;0
Bourges;47.08;2.39;29/09/2026;15:00;29.6;2;NUAGEUX;5.5;14.8;0
Bourges;47.08;2.39;29/09/2026;16:00;28.0;2;NUAGEUX;7.6;17.3;0
Bourges;47.08;2.39;29/09/2026;17:00;25.9;2;NUAGEUX;9.3;18.7;0
Bourges;47.08;2.39;29/09/2026;18:00;25.9;2;NUAGEUX;9.4;18.7;0
Bourges;47.08;2.39;29/09/2026;19:00;25.9;2;NUAGEUX;8.7;18.0;0
Bourges;47.08;2.39;29/09/2026;20:00;21.5;2;NUAGEUX;7.5;16.6;0
Bourges;47.08;2.39;29/09/2026;21:00;19.9;2;NUAGEUX;6.4;13.7;0
Bourges;47.08;2.39;29/09/2026;22:00;18.3;2;NUAGEUX;4.9;10.1;0
Bourges;47.08;2.39;29/09/2026;23:00;20.9;2;NUAGEUX;3.4;7.2;0
Bourges;47.08;2.39;30/09/2026;00:00;20.9;2;NUAGEUX;2.2;6.1;0
Bourges;47.08;2.39;30/09/2026;01:00;20.9;2;NUAGEUX;2.5;5.8;0
Bourges;47.08;2.39;30/09/2026;02:00;17.9;2;NUAGEUX;3.4;6.1;0
Bourges;47.08;2.39;30/09/2026;03:00;17.9;2;NUAGEUX;3.8;6.8;0
Bourges;47.08;2.39;30/09/2026;04:00;17.9;2;NUAGEUX;4.2;7.9;0
Bourges;47.08;2.39;30/09/2026;05:00;18.6;2;NUAGEUX;4.6;8.6;0
Bourges;47.08;2.39;30/09/2026;06:00;18.6;2;NUAGEUX;4.9;9.0;0
Bourges;47.08;2.39;30/09/2026;07:00;18.6;2;NUAGEUX;5.0;9.4;0
Bourges;47.08;2.39;30/09/2026;08:00;20.1;2;NUAGEUX;5.2;10.1;0
Bourges;47.08;2.39;30/09/2026;09:00;21.2;2;NUAGEUX;5.5;11.5;0
Bourges;47.08;2.39;30/09/2026;10:00;22.3;2;NUAGEUX;6.6;13.3;0
Bourges;47.08;2.39;30/09/2026;11:00;26.6;2;NUAGEUX;7.4;15.8;0
Bourges;47.08;2.39;30/09/2026;12:00;26.6;2;NUAGEUX;9.0;19.4;0
Bourges;47.08;2.39;30/09/2026;13:00;26.6;2;NUAGEUX;11.0;23.4;0
Bourges;47.08;2.39;30/09/2026;14:00;26.6;2;NUAGEUX;13.0;26.6;0
Bourges;47.08;2.39;30/09/2026;15:00;27.7;2;NUAGEUX;14.2;28.1;0
Bourges;47.08;2.39;30/09/2026;16:00;26.6;2;NUAGEUX;15.1;28.4;0
Bourges;47.08;2.39;30/09/2026;17:00;22.9;7;PLUIE FAIBLE;14.8;28.4;0
Bourges;47.08;2.39;30/09/2026;18:00;22.9;7;PLUIE FAIBLE;12.5;27.7;0
Bourges;47.08;2.39;30/09/2026;19:00;22.9;7;PLUIE FAIBLE;9.0;26.3;0
Bourges;47.08;2.39;30/09/2026;20:00;22.3;2;NUAGEUX;6.8;24.5;0
Bourges;47.08;2.39;30/09/2026;21:00;21.2;2;NUAGEUX;6.6;22.3;0
Bourges;47.08;2.39;30/09/2026;22:00;20.1;2;NUAGEUX;8.7;20.2;0
Bourges;47.08;2.39;30/09/2026;23:00;19.4;6;AVERSES;10.0;18.4;0
Bourges;47.08;2.39;01/10/2026;00:00;19.4;6;AVERSES;9.6;17.3;0
Bourges;47.08;2.39;01/10/2026;01:00;19.4;6;AVERSES;8.4;16.9;0
Bourges;47.08;2.39;01/10/2026;02:00;16.1;6;AVERSES;7.4;16.6;0
Bourges;47.08;2.39;01/10/2026;03:00;16.1;6;AVERSES;6.9;15.8;0
Bourges;47.08;2.39;01/10/2026;04:00;16.1;6;AVERSES;7.4;15.5;0
Bourges;47.08;2.39;01/10/2026;05:00;17.5;6;AVERSES;8.7;15.5;0
Bourges;47.08;2.39;01/10/2026;06:00;17.5;6;AVERSES;9.5;16.6;0
Bourges;47.08;2.39;01/10/2026;07:00;17.5;6;AVERSES;10.3;18.2;0
Bourges;47.08;2.39;01/10/2026;08:00;17.2;6;AVERSES;10.9;19.2;0
Bourges;47.08;2.39;01/10/2026;09:00;17.7;6;AVERSES;9.0;15.8;0
Bourges;47.08;2.39;01/10/2026;10:00;18.2;6;AVERSES;11.7;20.9;0
Bourges;47.08;2.39;01/10/2026;11:00;19.6;6;AVERSES;12.8;24.5;0
Bourges;47.08;2.39;01/10/2026;12:00;19.6;6;AVERSES;12.0;26.3;0
Bourges;47.08;2.39;01/10/2026;13:00;19.6;6;AVERSES;11.7;27.0;0
Bourges;47.08;2.39;01/10/2026;14:00;20.4;6;AVERSES;12.3;26.6;0
Bourges;47.08;2.39;01/10/2026;15:00;20.9;6;AVERSES;11.9;25.6;0
Bourges;47.08;2.39;01/10/2026;16:00;20.4;6;AVERSES;10.9;23.4;0
Bourges;47.08;2.39;01/10/2026;17:00;19;7;PLUIE FAIBLE;10.2;21.2;0
Bourges;47.08;2.39;01/10/2026;18:00;19;7;PLUIE FAIBLE;8.6;19.1;0
Bourges;47.08;2.39;01/10/2026;19:00;19;7;PLUIE FAIBLE;6.6;16.6;0
Bourges;47.08;2.39;01/10/2026;20:00;18.2;6;AVERSES;5.4;14.8;0
Bourges;47.08;2.39;01/10/2026;21:00;17.7;6;AVERSES;5.6;14.0;0
Bourges;47.08;2.39;01/10/2026;22:00;17.2;6;AVERSES;6.9;13.7;0
Bourges;47.08;2.39;01/10/2026;23:00;15.1;0;SOLEIL;8.0;13.7;0
Bourges;47.08;2.39;02/10/2026;00:00;15.1;0;SOLEIL;8.0;13.3;0
Bourges;47.08;2.39;02/10/2026;01:00;15.1;0;SOLEIL;7.9;13.3;0
Bourges;47.08;2.39;02/10/2026;02:00;12;0;SOLEIL;7.6;13.3;0
Bourges;47.08;2.39;02/10/2026;03:00;12;0;SOLEIL;7.8;13.0;0
Bourges;47.08;2.39;02/10/2026;04:00;12;0;SOLEIL;7.8;13.0;0
Bourges;47.08;2.39;02/10/2026;05:00;13;0;SOLEIL;7.7;13.7;0
Bourges;47.08;2.39;02/10/2026;06:00;13;0;SOLEIL;7.7;16.6;0
Bourges;47.08;2.39;02/10/2026;07:00;13;0;SOLEIL;7.6;20.2;0
Bourges;47.08;2.39;02/10/2026;08:00;14.0;0;SOLEIL;8.8;23.4;0
Bourges;47.08;2.39;02/10/2026;09:00;15.0;0;SOLEIL;10.0;25.2;0
Bourges;47.08;2.39;02/10/2026;10:00;16.0;0;SOLEIL;11.8;26.6;0
Bourges;47.08;2.39;02/10/2026;11:00;20.1;0;SOLEIL;12.4;26.6;0
Bourges;47.08;2.39;02/10/2026;12:00;20.1;0;SOLEIL;12.3;24.8;0
Bourges;47.08;2.39;02/10/2026;13:00;20.1;0;SOLEIL;11.5;22.0;0
Bourges;47.08;2.39;02/10/2026;14:00;19.9;0;SOLEIL;10.5;20.2;0
Bourges;47.08;2.39;02/10/2026;15:00;20.9;0;SOLEIL;9.5;21.2;0
Bourges;47.08;2.39;02/10/2026;16:00;19.9;0;SOLEIL;8.1;23.8;0
Bourges;47.08;2.39;02/10/2026;17:00;17.9;0;SOLEIL;7.2;25.6;0
Bourges;47.08;2.39;02/10/2026;18:00;17.9;0;SOLEIL;8.2;25.2;0
Bourges;47.08;2.39;02/10/2026;19:00;17.9;0;SOLEIL;11.0;24.1;0
Bourges;47.08;2.39;02/10/2026;20:00;16.0;0;SOLEIL;13.0;23.4;0
Bourges;47.08;2.39;02/10/2026;21:00;15.0;0;SOLEIL;13.0;23.4;0
Bourges;47.08;2.39;02/10/2026;22:00;14.0;0;SOLEIL;12.8;23.4;0
Bourges;47.08;2.39;02/10/2026;23:00;14.2;0;SOLEIL;12.6;23.0;0
Bourges;47.08;2.39;03/10/2026;00:00;14.2;0;SOLEIL;12.0;21.2;0
Bourges;47.08;2.39;03/10/2026;01:00;14.2;0;SOLEIL;11.2;19.1;0
Bourges;47.08;2.39;03/10/2026;02:00;10.7;0;SOLEIL;10.5;18.4;0
Bourges;47.08;2.39;03/10/2026;03:00;10.7;0;SOLEIL;11.2;20.9;0
Bourges;47.08;2.39;03/10/2026;04:00;10.7;0;SOLEIL;13.0;24.8;0
Bourges;47.08;2.39;03/10/2026;05:00;11.7;0;SOLEIL;14.5;27.7;0
Bourges;47.08;2.39;03/10/2026;06:00;11.7;0;SOLEIL;14.2;28.4;0
Bourges;47.08;2.39;03/10/2026;07:00;11.7;0;SOLEIL;13.4;27.7;0
Bourges;47.08;2.39;03/10/2026;08:00;13.3;0;SOLEIL;12.7;27.4;0
Bourges;47.08;2.39;03/10/2026;09:00;14.6;0;SOLEIL;13.2;27.0;0
Bourges;47.08;2.39;03/10/2026;10:00;15.9;0;SOLEIL;13.8;26.6;0
Bourges;47.08;2.39;03/10/2026;11:00;21.5;0;SOLEIL;14.3;26.6;0
Bourges;47.08;2.39;03/10/2026;12:00;21.5;0;SOLEIL;11.4;22.9;0
Bourges;47.08;2.39;03/10/2026;13:00;21.5;0;SOLEIL;8.4;20.3;0
Bourges;47.08;2.39;03/10/2026;14:00;21.2;0;SOLEIL;5.6;17.9;0
Bourges;47.08;2.39;03/10/2026;15:00;22.5;0;SOLEIL;2.3;15.1;0
Bourges;47.08;2.39;03/10/2026;16:00;21.2;0;SOLEIL;1.6;15.5;0
Bourges;47.08;2.39;03/10/2026;17:00;18.6;0;SOLEIL;0.7;15.5;0
Bourges;47.08;2.39;03/10/2026;18:00;18.6;0;SOLEIL;0.7;15.1;0
Bourges;47.08;2.39;03/10/2026;19:00;18.6;0;SOLEIL;1.2;14.8;0
Bourges;47.08;2.39;03/10/2026;20:00;15.9;0;SOLEIL;1.4;14.8;0
Bourges;47.08;2.39;03/10/2026;21:00;14.6;0;SOLEIL;0.9;14.8;0
Bourges;47.08;2.39;03/10/2026;22:00;13.3;0;SOLEIL;0.5;14.4;0
Bourges;47.08;2.39;03/10/2026;23:00;14.6;0;SOLEIL;1.6;14.0;0
Saint-Amand-Montrond;46.72;2.5;26/09/2026;00:00;14.9;0;SOLEIL;4.0;6.8;0
Saint-Amand-Montrond;46.72;2.5;26/09/2026;01:00;16.1;0;SOLEIL;4.0;7.9;0
Saint-Amand-Montrond;46.72;2.5;26/09/2026;02:00;14.6;0;SOLEIL;4.0;7.2;0
Saint-Amand-Montrond;46.72;2.5;26/09/2026;03:00;14.6;0;SOLEIL;3.9;7.2;0
Saint-Amand-Montrond;46.72;2.5;26/09/2026;04:00;13.6;0;SOLEIL;3.8;6.8;0
Saint-Amand-Montrond;46.72;2.5;26/09/2026;05:00;13.2;0;SOLEIL;4.5;7.6;0
Saint-Amand-Montrond;46.72;2.5;26/09/2026;06:00;14.6;0;SOLEIL;3.9;8.6;0
Saint-Amand-Montrond;46.72;2.5;26/09/2026;07:00;14.2;0;SOLEIL;4.6;7.9;0
Saint-Amand-Montrond;46.72;2.5;26/09/2026;08:00;15.5;0;SOLEIL;5.6;9.4;0
Saint-Amand-Montrond;46.72;2.5;26/09/2026;09:00;17.9;0;SOLEIL;5.2;9.7;0
Saint-Amand-Montrond;46.72;2.5;26/09/2026;10:00;20.1;0;SOLEIL;5.3;10.4;0
Saint-Amand-Montrond;46.72;2.5;26/09/2026;11:00;22.1;0;SOLEIL;6.4;14.0;0
Saint-Amand-Montrond;46.72;2.5;26/09/2026;12:00;24.1;0;SOLEIL;6.4;13.7;0
Saint-Amand-Montrond;46.72;2.5;26/09/2026;13:00;25.3;0;SOLEIL;4.7;13.7;0
Saint-Amand-Montrond;46.72;2.5;26/09/2026;14:00;25.8;0;SOLEIL;2.5;10.8;0
Saint-Amand-Montrond;46.72;2.5;26/09/2026;15:00;26.2;0;SOLEIL;0.0;6.8;0
Saint-Amand-Montrond;46.72;2.5;26/09/2026;16:00;25.6;0;SOLEIL;2.1;6.8;0
Saint-Amand-Montrond;46.72;2.5;26/09/2026;17:00;24.6;0;SOLEIL;3.5;9.0;0
Saint-Amand-Montrond;46.72;2.5;26/09/2026;18:00;22.6;0;SOLEIL;2.2;9.0;0
Saint-Amand-Montrond;46.72;2.5;26/09/2026;19:00;20.4;0;SOLEIL;5.2;8.6;0
Saint-Amand-Montrond;46.72;2.5;26/09/2026;20:00;18.6;0;SOLEIL;5.9;10.1;0
Saint-Amand-Montrond;46.72;2.5;26/09/2026;21:00;17.2;0;SOLEIL;5.4;10.8;0
Saint-Amand-Montrond;46.72;2.5;26/09/2026;22:00;15.7;0;SOLEIL;4.7;9.4;0
Saint-Amand-Montrond;46.72;2.5;26/09/2026;23:00;15.1;0;SOLEIL;1.6;7.6;0
Saint-Amand-Montrond;46.72;2.5;27/09/2026;00:00;14.6;0;SOLEIL;5.2;9.0;0
Saint-Amand-Montrond;46.72;2.5;27/09/2026;01:00;14.6;0;SOLEIL;9.4;15.8;0
Saint-Amand-Montrond;46.72;2.5;27/09/2026;02:00;13.1;0;SOLEIL;9.4;18.0;0
Saint-Amand-Montrond;46.72;2.5;27/09/2026;03:00;13.1;0;SOLEIL;11.3;19.1;0
Saint-Amand-Montrond;46.72;2.5;27/09/2026;04:00;13.1;0;SOLEIL;13.9;24.5;0
Saint-Amand-Montrond;46.72;2.5;27/09/2026;05:00;14;0;SOLEIL;13.8;24.8;0
Saint-Amand-Montrond;46.72;2.5;27/09/2026;06:00;14;0;SOLEIL;12.4;24.1;0
Saint-Amand-Montrond;46.72;2.5;27/09/2026;07:00;14;0;SOLEIL;10.8;21.6;0
Saint-Amand-Montrond;46.72;2.5;27/09/2026;08:00;23.6;0;SOLEIL;8.7;18.4;0
Saint-Amand-Montrond;46.72;2.5;27/09/2026;09:00;23.6;0;SOLEIL;8.0;15.1;0
Saint-Amand-Montrond;46.72;2.5;27/09/2026;10:00;23.6;0;SOLEIL;16.9;30.2;0
Saint-Amand-Montrond;46.72;2.5;27/09/2026;11:00;30;5;SOLEIL VOILÉ;16.0;33.8;0
Saint-Amand-Montrond;46.72;2.5;27/09/2026;12:00;30;5;SOLEIL VOILÉ;16.7;31.0;0
Saint-Amand-Montrond;46.72;2.5;27/09/2026;13:00;30;5;SOLEIL VOILÉ;16.6;30.6;0
Saint-Amand-Montrond;46.72;2.5;27/09/2026;14:00;32.6;5;SOLEIL VOILÉ;13.0;29.5;0
Saint-Amand-Montrond;46.72;2.5;27/09/2026;15:00;32.6;5;SOLEIL VOILÉ;14.1;26.6;0
Saint-Amand-Montrond;46.72;2.5;27/09/2026;16:00;32.6;5;SOLEIL VOILÉ;13.2;25.6;0
Saint-Amand-Montrond;46.72;2.5;27/09/2026;17:00;28;5;SOLEIL VOILÉ;9.4;24.1;0
Saint-Amand-Montrond;46.72;2.5;27/09/2026;18:00;28;5;SOLEIL VOILÉ;7.9;16.9;0
Saint-Amand-Montrond;46.72;2.5;27/09/2026;19:00;28;5;SOLEIL VOILÉ;5.0;14.8;0
Saint-Amand-Montrond;46.72;2.5;27/09/2026;20:00;20.1;5;SOLEIL VOILÉ;2.4;8.3;0
Saint-Amand-Montrond;46.72;2.5;27/09/2026;21:00;20.1;5;SOLEIL VOILÉ;2.3;4.3;0
Saint-Amand-Montrond;46.72;2.5;27/09/2026;22:00;20.1;5;SOLEIL VOILÉ;3.6;6.5;0
Saint-Amand-Montrond;46.72;2.5;27/09/2026;23:00;16.5;5;SOLEIL VOILÉ;3.6;6.5;0
Saint-Amand-Montrond;46.72;2.5;28/09/2026;00:00;16.5;5;SOLEIL VOILÉ;2.4;6.1;0
Saint-Amand-Montrond;46.72;2.5;28/09/2026;01:00;16.5;5;SOLEIL VOILÉ;4.0;7.6;0
Saint-Amand-Montrond;46.72;2.5;28/09/2026;02:00;16.9;5;SOLEIL VOILÉ;3.2;6.8;0
Saint-Amand-Montrond;46.72;2.5;28/09/2026;03:00;16.9;5;SOLEIL VOILÉ;4.7;8.3;0
Saint-Amand-Montrond;46.72;2.5;28/09/2026;04:00;16.9;5;SOLEIL VOILÉ;4.7;8.3;0
Saint-Amand-Montrond;46.72;2.5;28/09/2026;05:00;16.4;5;SOLEIL VOILÉ;5.1;9.0;0
Saint-Amand-Montrond;46.72;2.5;28/09/2026;06:00;16.4;5;SOLEIL VOILÉ;5.1;9.0;0
Saint-Amand-Montrond;46.72;2.5;28/09/2026;07:00;16.4;5;SOLEIL VOILÉ;5.4;9.4;0
Saint-Amand-Montrond;46.72;2.5;28/09/2026;08:00;22.7;5;SOLEIL VOILÉ;4.7;9.4;0
Saint-Amand-Montrond;46.72;2.5;28/09/2026;09:00;22.7;5;SOLEIL VOILÉ;4.0;8.0;0
Saint-Amand-Montrond;46.72;2.5;28/09/2026;10:00;22.7;5;SOLEIL VOILÉ;4.2;9.5;0
Saint-Amand-Montrond;46.72;2.5;28/09/2026;11:00;27.5;5;SOLEIL VOILÉ;5.5;13.2;0
Saint-Amand-Montrond;46.72;2.5;28/09/2026;12:00;27.5;5;SOLEIL VOILÉ;5.6;15.8;0
Saint-Amand-Montrond;46.72;2.5;28/09/2026;13:00;27.5;5;SOLEIL VOILÉ;6.9;16.9;0
Saint-Amand-Montrond;46.72;2.5;28/09/2026;14:00;28.2;5;SOLEIL VOILÉ;11.6;25.2;0
Saint-Amand-Montrond;46.72;2.5;28/09/2026;15:00;28.2;5;SOLEIL VOILÉ;10.9;25.9;0
Saint-Amand-Montrond;46.72;2.5;28/09/2026;16:00;28.2;5;SOLEIL VOILÉ;8.8;23.8;0
Saint-Amand-Montrond;46.72;2.5;28/09/2026;17:00;25.4;5;SOLEIL VOILÉ;7.0;19.8;0
Saint-Amand-Montrond;46.72;2.5;28/09/2026;18:00;25.4;5;SOLEIL VOILÉ;6.1;15.8;0
Saint-Amand-Montrond;46.72;2.5;28/09/2026;19:00;25.4;5;SOLEIL VOILÉ;1.9;13.3;0
Saint-Amand-Montrond;46.72;2.5;28/09/2026;20:00;21.5;5;SOLEIL VOILÉ;1.1;2.9;0
Saint-Amand-Montrond;46.72;2.5;28/09/2026;21:00;20.0;5;SOLEIL VOILÉ;3.7;4.7;0
Saint-Amand-Montrond;46.72;2.5;28/09/2026;22:00;18.6;5;SOLEIL VOILÉ;3.4;5.4;0
Saint-Amand-Montrond;46.72;2.5;28/09/2026;23:00;17.2;2;NUAGEUX;4.0;5.8;0
Saint-Amand-Montrond;46.72;2.5;29/09/2026;00:00;17.2;2;NUAGEUX;4.7;7.2;0
Saint-Amand-Montrond;46.72;2.5;29/09/2026;01:00;17.2;2;NUAGEUX;4.7;8.6;0
Saint-Amand-Montrond;46.72;2.5;29/09/2026;02:00;15;2;NUAGEUX;5.1;8.3;0
Saint-Amand-Montrond;46.72;2.5;29/09/2026;03:00;15;2;NUAGEUX;4.8;8.3;0
Saint-Amand-Montrond;46.72;2.5;29/09/2026;04:00;15;2;NUAGEUX;4.5;8.3;0
Saint-Amand-Montrond;46.72;2.5;29/09/2026;05:00;15.7;2;NUAGEUX;4.3;7.9;0
Saint-Amand-Montrond;46.72;2.5;29/09/2026;06:00;15.7;2;NUAGEUX;3.6;7.9;0
Saint-Amand-Montrond;46.72;2.5;29/09/2026;07:00;15.7;2;NUAGEUX;2.2;8.3;0
Saint-Amand-Montrond;46.72;2.5;29/09/2026;08:00;18.6;2;NUAGEUX;5.4;18.0;0
Saint-Amand-Montrond;46.72;2.5;29/09/2026;09:00;20.4;2;NUAGEUX;3.1;9.7;0
Saint-Amand-Montrond;46.72;2.5;29/09/2026;10:00;22.2;2;NUAGEUX;3.9;10.1;0
Saint-Amand-Montrond;46.72;2.5;29/09/2026;11:00;29.6;2;NUAGEUX;2.9;8.6;0
Saint-Amand-Montrond;46.72;2.5;29/09/2026;12:00;29.6;2;NUAGEUX;5.4;12.6;0
Saint-Amand-Montrond;46.72;2.5;29/09/2026;13:00;29.6;2;NUAGEUX;3.1;13.0;0
Saint-Amand-Montrond;46.72;2.5;29/09/2026;14:00;29.3;2;NUAGEUX;4.7;12.6;0
Saint-Amand-Montrond;46.72;2.5;29/09/2026;15:00;31.1;2;NUAGEUX;7.2;16.6;0
Saint-Amand-Montrond;46.72;2.5;29/09/2026;16:00;29.3;2;NUAGEUX;9.8;21.2;0
Saint-Amand-Montrond;46.72;2.5;29/09/2026;17:00;25.6;2;NUAGEUX;11.3;23.8;0
Saint-Amand-Montrond;46.72;2.5;29/09/2026;18:00;25.6;2;NUAGEUX;10.2;22.3;0
Saint-Amand-Montrond;46.72;2.5;29/09/2026;19:00;25.6;2;NUAGEUX;7.6;18.4;0
Saint-Amand-Montrond;46.72;2.5;29/09/2026;20:00;22.2;2;NUAGEUX;5.5;14.8;0
Saint-Amand-Montrond;46.72;2.5;29/09/2026;21:00;20.4;2;NUAGEUX;4.2;11.5;0
Saint-Amand-Montrond;46.72;2.5;29/09/2026;22:00;18.6;2;NUAGEUX;3.6;8.3;0
Saint-Amand-Montrond;46.72;2.5;29/09/2026;23:00;20.6;2;NUAGEUX;3.5;6.5;0
Saint-Amand-Montrond;46.72;2.5;30/09/2026;00:00;20.6;2;NUAGEUX;4.1;6.5;0
Saint-Amand-Montrond;46.72;2.5;30/09/2026;01:00;20.6;2;NUAGEUX;4.6;7.6;0
Saint-Amand-Montrond;46.72;2.5;30/09/2026;02:00;17.2;2;NUAGEUX;5.0;8.6;0
Saint-Amand-Montrond;46.72;2.5;30/09/2026;03:00;17.2;2;NUAGEUX;4.5;9.0;0
Saint-Amand-Montrond;46.72;2.5;30/09/2026;04:00;17.2;2;NUAGEUX;4.3;9.4;0
Saint-Amand-Montrond;46.72;2.5;30/09/2026;05:00;18.6;2;NUAGEUX;4.1;9.4;0
Saint-Amand-Montrond;46.72;2.5;30/09/2026;06:00;18.6;2;NUAGEUX;3.9;9.0;0
Saint-Amand-Montrond;46.72;2.5;30/09/2026;07:00;18.6;2;NUAGEUX;4.1;8.3;0
Saint-Amand-Montrond;46.72;2.5;30/09/2026;08:00;19.7;2;NUAGEUX;4.3;8.6;0
Saint-Amand-Montrond;46.72;2.5;30/09/2026;09:00;20.9;2;NUAGEUX;5.4;11.2;0
Saint-Amand-Montrond;46.72;2.5;30/09/2026;10:00;22.2;2;NUAGEUX;6.9;14.8;0
Saint-Amand-Montrond;46.72;2.5;30/09/2026;11:00;26.6;2;NUAGEUX;8.4;18.4;0
Saint-Amand-Montrond;46.72;2.5;30/09/2026;12:00;26.6;2;NUAGEUX;10.1;22.3;0
Saint-Amand-Montrond;46.72;2.5;30/09/2026;13:00;26.6;2;NUAGEUX;12.3;27.0;0
Saint-Amand-Montrond;46.72;2.5;30/09/2026;14:00;27.2;2;NUAGEUX;14.0;29.9;0
Saint-Amand-Montrond;46.72;2.5;30/09/2026;15:00;28.4;2;NUAGEUX;14.5;31.3;0
Saint-Amand-Montrond;46.72;2.5;30/09/2026;16:00;27.2;2;NUAGEUX;14.8;31.3;0
Saint-Amand-Montrond;46.72;2.5;30/09/2026;17:00;22.6;7;PLUIE FAIBLE;14.2;29.9;0
Saint-Amand-Montrond;46.72;2.5;30/09/2026;18:00;22.6;7;PLUIE FAIBLE;10.9;25.9;0
Saint-Amand-Montrond;46.72;2.5;30/09/2026;19:00;22.6;7;PLUIE FAIBLE;6.9;20.2;0
Saint-Amand-Montrond;46.72;2.5;30/09/2026;20:00;22.2;2;NUAGEUX;4.3;15.8;0
Saint-Amand-Montrond;46.72;2.5;30/09/2026;21:00;20.9;2;NUAGEUX;4.3;14.8;0
Saint-Amand-Montrond;46.72;2.5;30/09/2026;22:00;19.7;2;NUAGEUX;6.2;15.1;0
Saint-Amand-Montrond;46.72;2.5;30/09/2026;23:00;18.9;6;AVERSES;7.8;15.1;0
Saint-Amand-Montrond;46.72;2.5;01/10/2026;00:00;18.9;6;AVERSES;7.4;13.7;0
Saint-Amand-Montrond;46.72;2.5;01/10/2026;01:00;18.9;6;AVERSES;6.5;11.5;0
Saint-Amand-Montrond;46.72;2.5;01/10/2026;02:00;15.9;6;AVERSES;5.8;10.4;0
Saint-Amand-Montrond;46.72;2.5;01/10/2026;03:00;15.9;6;AVERSES;5.6;10.8;0
Saint-Amand-Montrond;46.72;2.5;01/10/2026;04:00;15.9;6;AVERSES;6.1;11.5;0
Saint-Amand-Montrond;46.72;2.5;01/10/2026;05:00;17.2;6;AVERSES;6.5;12.2;0
Saint-Amand-Montrond;46.72;2.5;01/10/2026;06:00;17.2;6;AVERSES;6.7;12.6;0
Saint-Amand-Montrond;46.72;2.5;01/10/2026;07:00;17.2;6;AVERSES;6.7;12.6;0
Saint-Amand-Montrond;46.72;2.5;01/10/2026;08:00;17.1;6;AVERSES;6.8;12.9;0
Saint-Amand-Montrond;46.72;2.5;01/10/2026;09:00;17.6;6;AVERSES;6.9;13.3;0
Saint-Amand-Montrond;46.72;2.5;01/10/2026;10:00;18.2;6;AVERSES;9.2;19.1;0
Saint-Amand-Montrond;46.72;2.5;01/10/2026;11:00;20.1;6;AVERSES;10.7;23.8;0
Saint-Amand-Montrond;46.72;2.5;01/10/2026;12:00;20.1;6;AVERSES;10.5;26.3;0
Saint-Amand-Montrond;46.72;2.5;01/10/2026;13:00;20.1;6;AVERSES;10.6;28.1;0
Saint-Amand-Montrond;46.72;2.5;01/10/2026;14:00;20.5;6;AVERSES;10.4;27.7;0
Saint-Amand-Montrond;46.72;2.5;01/10/2026;15:00;21.1;6;AVERSES;9.7;24.5;0
Saint-Amand-Montrond;46.72;2.5;01/10/2026;16:00;20.5;6;AVERSES;8.3;19.8;0
Saint-Amand-Montrond;46.72;2.5;01/10/2026;17:00;18.6;6;AVERSES;7.0;15.5;0
Saint-Amand-Montrond;46.72;2.5;01/10/2026;18:00;18.6;6;AVERSES;6.2;13.0;0
Saint-Amand-Montrond;46.72;2.5;01/10/2026;19:00;18.6;6;AVERSES;5.4;11.5;0
Saint-Amand-Montrond;46.72;2.5;01/10/2026;20:00;18.2;6;AVERSES;5.2;10.4;0
Saint-Amand-Montrond;46.72;2.5;01/10/2026;21:00;17.6;6;AVERSES;5.2;10.1;0
Saint-Amand-Montrond;46.72;2.5;01/10/2026;22:00;17.1;6;AVERSES;5.4;10.1;0
Saint-Amand-Montrond;46.72;2.5;01/10/2026;23:00;14.5;0;SOLEIL;5.4;10.4;0
Saint-Amand-Montrond;46.72;2.5;02/10/2026;00:00;14.5;0;SOLEIL;5.6;10.8;0
Saint-Amand-Montrond;46.72;2.5;02/10/2026;01:00;14.5;0;SOLEIL;6.2;11.5;0
Saint-Amand-Montrond;46.72;2.5;02/10/2026;02:00;11.1;0;SOLEIL;6.0;11.5;0
Saint-Amand-Montrond;46.72;2.5;02/10/2026;03:00;11.1;0;SOLEIL;4.6;10.1;0
Saint-Amand-Montrond;46.72;2.5;02/10/2026;04:00;11.1;0;SOLEIL;3.2;7.9;0
Saint-Amand-Montrond;46.72;2.5;02/10/2026;05:00;12.1;0;SOLEIL;2.2;7.2;0
Saint-Amand-Montrond;46.72;2.5;02/10/2026;06:00;12.1;0;SOLEIL;1.8;9.7;0
Saint-Amand-Montrond;46.72;2.5;02/10/2026;07:00;12.1;0;SOLEIL;4.1;13.3;0
Saint-Amand-Montrond;46.72;2.5;02/10/2026;08:00;13.3;0;SOLEIL;5.8;16.9;0
Saint-Amand-Montrond;46.72;2.5;02/10/2026;09:00;14.4;0;SOLEIL;6.1;19.4;0
Saint-Amand-Montrond;46.72;2.5;02/10/2026;10:00;15.5;0;SOLEIL;5.9;22.0;0
Saint-Amand-Montrond;46.72;2.5;02/10/2026;11:00;20.2;0;SOLEIL;5.8;22.7;0
Saint-Amand-Montrond;46.72;2.5;02/10/2026;12:00;20.2;0;SOLEIL;6.3;20.9;0
Saint-Amand-Montrond;46.72;2.5;02/10/2026;13:00;20.2;0;SOLEIL;7.2;17.6;0
Saint-Amand-Montrond;46.72;2.5;02/10/2026;14:00;20.0;0;SOLEIL;7.2;16.6;0
Saint-Amand-Montrond;46.72;2.5;02/10/2026;15:00;21.1;0;SOLEIL;5.5;19.8;0
Saint-Amand-Montrond;46.72;2.5;02/10/2026;16:00;20.0;0;SOLEIL;4.1;25.2;0
Saint-Amand-Montrond;46.72;2.5;02/10/2026;17:00;17.2;0;SOLEIL;3.4;28.4;0
Saint-Amand-Montrond;46.72;2.5;02/10/2026;18:00;17.2;0;SOLEIL;1.5;26.6;0
Saint-Amand-Montrond;46.72;2.5;02/10/2026;19:00;17.2;0;SOLEIL;6.0;22.7;0
Saint-Amand-Montrond;46.72;2.5;02/10/2026;20:00;15.5;0;SOLEIL;9.4;19.4;0
Saint-Amand-Montrond;46.72;2.5;02/10/2026;21:00;14.4;0;SOLEIL;9.2;17.6;0
Saint-Amand-Montrond;46.72;2.5;02/10/2026;22:00;13.3;0;SOLEIL;7.6;16.6;0
Saint-Amand-Montrond;46.72;2.5;02/10/2026;23:00;12.2;0;SOLEIL;6.6;15.8;0
Saint-Amand-Montrond;46.72;2.5;03/10/2026;00:00;12.2;0;SOLEIL;6.8;15.8;0
Saint-Amand-Montrond;46.72;2.5;03/10/2026;01:00;12.2;0;SOLEIL;7.1;16.2;0
Saint-Amand-Montrond;46.72;2.5;03/10/2026;02:00;9.6;0;SOLEIL;7.6;17.3;0
Saint-Amand-Montrond;46.72;2.5;03/10/2026;03:00;9.6;0;SOLEIL;8.2;18.7;0
Saint-Amand-Montrond;46.72;2.5;03/10/2026;04:00;9.6;0;SOLEIL;9.3;20.5;0
Saint-Amand-Montrond;46.72;2.5;03/10/2026;05:00;11.1;0;SOLEIL;9.8;22.0;0
Saint-Amand-Montrond;46.72;2.5;03/10/2026;06:00;11.1;0;SOLEIL;9.5;22.3;0
Saint-Amand-Montrond;46.72;2.5;03/10/2026;07:00;11.1;0;SOLEIL;8.7;22.0;0
Saint-Amand-Montrond;46.72;2.5;03/10/2026;08:00;12.5;0;SOLEIL;8.6;22.3;0
Saint-Amand-Montrond;46.72;2.5;03/10/2026;09:00;13.9;0;SOLEIL;9.7;23.8;0
Saint-Amand-Montrond;46.72;2.5;03/10/2026;10:00;15.4;0;SOLEIL;11.3;25.2;0
Saint-Amand-Montrond;46.72;2.5;03/10/2026;11:00;21.6;0;SOLEIL;12.6;26.6;0
Saint-Amand-Montrond;46.72;2.5;03/10/2026;12:00;21.6;0;SOLEIL;10.4;23.4;0
Saint-Amand-Montrond;46.72;2.5;03/10/2026;13:00;21.6;0;SOLEIL;8.5;20.7;0
Saint-Amand-Montrond;46.72;2.5;03/10/2026;14:00;21.2;0;SOLEIL;6.9;19.1;0
Saint-Amand-Montrond;46.72;2.5;03/10/2026;15:00;22.6;0;SOLEIL;5.1;17.3;0
Saint-Amand-Montrond;46.72;2.5;03/10/2026;16:00;21.2;0;SOLEIL;4.5;18.0;0
Saint-Amand-Montrond;46.72;2.5;03/10/2026;17:00;17.9;0;SOLEIL;3.6;18.0;0
Saint-Amand-Montrond;46.72;2.5;03/10/2026;18:00;17.9;0;SOLEIL;2.9;18.0;0
Saint-Amand-Montrond;46.72;2.5;03/10/2026;19:00;17.9;0;SOLEIL;2.7;17.6;0
Saint-Amand-Montrond;46.72;2.5;03/10/2026;20:00;15.4;0;SOLEIL;2.9;16.9;0
Saint-Amand-Montrond;46.72;2.5;03/10/2026;21:00;13.9;0;SOLEIL;3.0;15.8;0
Saint-Amand-Montrond;46.72;2.5;03/10/2026;22:00;12.5;0;SOLEIL;2.9;14.8;0
Saint-Amand-Montrond;46.72;2.5;03/10/2026;23:00;13.6;0;SOLEIL;2.8;13.0;0
Sancerre;47.33;2.84;26/09/2026;00:00;16.6;0;SOLEIL;3.7;5.4;0
Sancerre;47.33;2.84;26/09/2026;01:00;16.2;0;SOLEIL;3.8;5.4;0
Sancerre;47.33;2.84;26/09/2026;02:00;15.7;0;SOLEIL;4.1;5.4;0
Sancerre;47.33;2.84;26/09/2026;03:00;16.2;0;SOLEIL;3.6;5.8;0
Sancerre;47.33;2.84;26/09/2026;04:00;15.1;0;SOLEIL;3.4;5.4;0
Sancerre;47.33;2.84;26/09/2026;05:00;14.9;0;SOLEIL;1.4;4.0;0
Sancerre;47.33;2.84;26/09/2026;06:00;14.7;0;SOLEIL;1.8;2.2;0
Sancerre;47.33;2.84;26/09/2026;07:00;15.9;0;SOLEIL;0.8;1.8;0
Sancerre;47.33;2.84;26/09/2026;08:00;17.1;0;SOLEIL;1.1;1.8;0
Sancerre;47.33;2.84;26/09/2026;09:00;18.6;0;SOLEIL;2.6;4.3;0
Sancerre;47.33;2.84;26/09/2026;10:00;21.4;0;SOLEIL;4.6;8.6;0
Sancerre;47.33;2.84;26/09/2026;11:00;22.4;0;SOLEIL;5.8;12.6;0
Sancerre;47.33;2.84;26/09/2026;12:00;23.5;0;SOLEIL;8.1;15.1;0
Sancerre;47.33;2.84;26/09/2026;13:00;23.5;0;SOLEIL;6.2;15.1;0
Sancerre;47.33;2.84;26/09/2026;14:00;24.1;0;SOLEIL;2.3;11.5;0
Sancerre;47.33;2.84;26/09/2026;15:00;24.3;0;SOLEIL;3.4;8.3;0
Sancerre;47.33;2.84;26/09/2026;16:00;23.6;0;SOLEIL;7.4;13.7;0
Sancerre;47.33;2.84;26/09/2026;17:00;22.4;0;SOLEIL;8.5;15.1;0
Sancerre;47.33;2.84;26/09/2026;18:00;19.6;0;SOLEIL;8.0;14.8;0
Sancerre;47.33;2.84;26/09/2026;19:00;18.2;0;SOLEIL;5.8;13.3;0
Sancerre;47.33;2.84;26/09/2026;20:00;17.6;0;SOLEIL;3.2;8.3;0
Sancerre;47.33;2.84;26/09/2026;21:00;17.6;0;SOLEIL;3.8;5.0;0
Sancerre;47.33;2.84;26/09/2026;22:00;17.7;0;SOLEIL;3.4;5.0;0
Sancerre;47.33;2.84;26/09/2026;23:00;17.1;0;SOLEIL;5.1;7.6;0
Sancerre;47.33;2.84;27/09/2026;00:00;16.6;0;SOLEIL;6.3;10.1;0
Sancerre;47.33;2.84;27/09/2026;01:00;16.6;0;SOLEIL;8.1;14.4;0
Sancerre;47.33;2.84;27/09/2026;02:00;14.7;0;SOLEIL;6.6;12.2;0
Sancerre;47.33;2.84;27/09/2026;03:00;14.7;0;SOLEIL;4.0;9.7;0
Sancerre;47.33;2.84;27/09/2026;04:00;14.7;0;SOLEIL;4.8;8.3;0
Sancerre;47.33;2.84;27/09/2026;05:00;14;0;SOLEIL;5.9;9.0;0
Sancerre;47.33;2.84;27/09/2026;06:00;14;0;SOLEIL;8.4;13.7;0
Sancerre;47.33;2.84;27/09/2026;07:00;14;0;SOLEIL;10.6;17.6;0
Sancerre;47.33;2.84;27/09/2026;08:00;20.1;0;SOLEIL;11.3;18.7;0
Sancerre;47.33;2.84;27/09/2026;09:00;20.1;0;SOLEIL;12.1;21.2;0
Sancerre;47.33;2.84;27/09/2026;10:00;20.1;0;SOLEIL;11.8;21.2;0
Sancerre;47.33;2.84;27/09/2026;11:00;27.6;5;SOLEIL VOILÉ;11.8;21.6;0
Sancerre;47.33;2.84;27/09/2026;12:00;27.6;5;SOLEIL VOILÉ;10.8;20.9;0
Sancerre;47.33;2.84;27/09/2026;13:00;27.6;5;SOLEIL VOILÉ;11.7;19.4;0
Sancerre;47.33;2.84;27/09/2026;14:00;29.4;5;SOLEIL VOILÉ;6.6;19.4;0
Sancerre;47.33;2.84;27/09/2026;15:00;29.4;5;SOLEIL VOILÉ;9.4;14.8;0
Sancerre;47.33;2.84;27/09/2026;16:00;29.4;5;SOLEIL VOILÉ;8.7;15.1;0
Sancerre;47.33;2.84;27/09/2026;17:00;24.6;5;SOLEIL VOILÉ;6.3;16.6;0
Sancerre;47.33;2.84;27/09/2026;18:00;24.6;5;SOLEIL VOILÉ;3.4;11.2;0
Sancerre;47.33;2.84;27/09/2026;19:00;24.6;5;SOLEIL VOILÉ;6.3;10.1;0
Sancerre;47.33;2.84;27/09/2026;20:00;20.4;5;SOLEIL VOILÉ;3.2;9.4;0
Sancerre;47.33;2.84;27/09/2026;21:00;20.4;5;SOLEIL VOILÉ;4.3;6.5;0
Sancerre;47.33;2.84;27/09/2026;22:00;20.4;5;SOLEIL VOILÉ;5.8;9.0;0
Sancerre;47.33;2.84;27/09/2026;23:00;18.6;5;SOLEIL VOILÉ;3.9;9.0;0
Sancerre;47.33;2.84;28/09/2026;00:00;18.6;5;SOLEIL VOILÉ;3.6;5.8;0
Sancerre;47.33;2.84;28/09/2026;01:00;18.6;5;SOLEIL VOILÉ;2.2;5.4;0
Sancerre;47.33;2.84;28/09/2026;02:00;18.5;5;SOLEIL VOILÉ;0.8;2.5;0
Sancerre;47.33;2.84;28/09/2026;03:00;18.5;5;SOLEIL VOILÉ;1.5;1.8;0
Sancerre;47.33;2.84;28/09/2026;04:00;18.5;5;SOLEIL VOILÉ;2.3;2.5;0
Sancerre;47.33;2.84;28/09/2026;05:00;16.2;5;SOLEIL VOILÉ;2.3;3.2;0
Sancerre;47.33;2.84;28/09/2026;06:00;16.2;5;SOLEIL VOILÉ;1.6;2.5;0
Sancerre;47.33;2.84;28/09/2026;07:00;16.2;5;SOLEIL VOILÉ;0.8;2.2;0
Sancerre;47.33;2.84;28/09/2026;08:00;22.1;5;SOLEIL VOILÉ;1.8;2.2;0
Sancerre;47.33;2.84;28/09/2026;09:00;22.1;5;SOLEIL VOILÉ;3.1;5.2;0
Sancerre;47.33;2.84;28/09/2026;10:00;22.1;5;SOLEIL VOILÉ;6.3;11.5;0
Sancerre;47.33;2.84;28/09/2026;11:00;25.4;5;SOLEIL VOILÉ;11.5;20.3;0
Sancerre;47.33;2.84;28/09/2026;12:00;25.4;5;SOLEIL VOILÉ;14.2;25.2;0
Sancerre;47.33;2.84;28/09/2026;13:00;25.4;5;SOLEIL VOILÉ;16.5;29.2;0
Sancerre;47.33;2.84;28/09/2026;14:00;26.6;5;SOLEIL VOILÉ;16.6;29.9;0
Sancerre;47.33;2.84;28/09/2026;15:00;26.6;5;SOLEIL VOILÉ;15.5;29.5;0
Sancerre;47.33;2.84;28/09/2026;16:00;26.6;5;SOLEIL VOILÉ;12.0;27.7;0
Sancerre;47.33;2.84;28/09/2026;17:00;23.1;5;SOLEIL VOILÉ;9.2;22.0;0
Sancerre;47.33;2.84;28/09/2026;18:00;23.1;5;SOLEIL VOILÉ;5.0;16.6;0
Sancerre;47.33;2.84;28/09/2026;19:00;23.1;5;SOLEIL VOILÉ;2.2;9.0;0
Sancerre;47.33;2.84;28/09/2026;20:00;20.7;5;SOLEIL VOILÉ;4.0;8.3;0
Sancerre;47.33;2.84;28/09/2026;21:00;19.4;5;SOLEIL VOILÉ;4.0;6.5;0
Sancerre;47.33;2.84;28/09/2026;22:00;18.2;5;SOLEIL VOILÉ;3.7;6.5;0
Sancerre;47.33;2.84;28/09/2026;23:00;17.1;2;NUAGEUX;2.8;6.5;0
Sancerre;47.33;2.84;29/09/2026;00:00;17.1;2;NUAGEUX;1.1;5.4;0
Sancerre;47.33;2.84;29/09/2026;01:00;17.1;2;NUAGEUX;1.8;2.9;0
Sancerre;47.33;2.84;29/09/2026;02:00;14.6;2;NUAGEUX;3.2;5.8;0
Sancerre;47.33;2.84;29/09/2026;03:00;14.6;2;NUAGEUX;3.9;6.5;0
Sancerre;47.33;2.84;29/09/2026;04:00;14.6;2;NUAGEUX;5.6;9.7;0
Sancerre;47.33;2.84;29/09/2026;05:00;15.4;2;NUAGEUX;6.0;10.8;0
Sancerre;47.33;2.84;29/09/2026;06:00;15.4;2;NUAGEUX;7.4;13.3;0
Sancerre;47.33;2.84;29/09/2026;07:00;15.4;2;NUAGEUX;5.5;13.0;0
Sancerre;47.33;2.84;29/09/2026;08:00;17.6;2;NUAGEUX;7.1;13.7;0
Sancerre;47.33;2.84;29/09/2026;09:00;19.1;2;NUAGEUX;4.4;12.2;0
Sancerre;47.33;2.84;29/09/2026;10:00;20.6;2;NUAGEUX;5.2;10.1;0
Sancerre;47.33;2.84;29/09/2026;11:00;26.7;2;NUAGEUX;7.9;15.5;0
Sancerre;47.33;2.84;29/09/2026;12:00;26.7;2;NUAGEUX;8.5;17.6;0
Sancerre;47.33;2.84;29/09/2026;13:00;26.7;2;NUAGEUX;5.9;15.5;0
Sancerre;47.33;2.84;29/09/2026;14:00;26.5;2;NUAGEUX;4.5;11.9;0
Sancerre;47.33;2.84;29/09/2026;15:00;28.0;2;NUAGEUX;3.6;13.7;0
Sancerre;47.33;2.84;29/09/2026;16:00;26.5;2;NUAGEUX;7.1;16.2;0
Sancerre;47.33;2.84;29/09/2026;17:00;23.4;2;NUAGEUX;10.1;18.4;0
Sancerre;47.33;2.84;29/09/2026;18:00;23.4;2;NUAGEUX;9.8;19.1;0
Sancerre;47.33;2.84;29/09/2026;19:00;23.4;2;NUAGEUX;8.0;18.7;0
Sancerre;47.33;2.84;29/09/2026;20:00;20.6;2;NUAGEUX;6.5;18.0;0
Sancerre;47.33;2.84;29/09/2026;21:00;19.1;2;NUAGEUX;6.2;15.8;0
Sancerre;47.33;2.84;29/09/2026;22:00;17.6;2;NUAGEUX;6.3;13.3;0
Sancerre;47.33;2.84;29/09/2026;23:00;18.7;2;NUAGEUX;5.4;11.2;0
Sancerre;47.33;2.84;30/09/2026;00:00;18.7;2;NUAGEUX;2.2;10.4;0
Sancerre;47.33;2.84;30/09/2026;01:00;18.7;2;NUAGEUX;2.3;10.1;0
Sancerre;47.33;2.84;30/09/2026;02:00;16.4;2;NUAGEUX;5.5;9.7;0
Sancerre;47.33;2.84;30/09/2026;03:00;16.4;2;NUAGEUX;6.0;9.4;0
Sancerre;47.33;2.84;30/09/2026;04:00;16.4;2;NUAGEUX;4.9;9.0;0
Sancerre;47.33;2.84;30/09/2026;05:00;17.1;2;NUAGEUX;4.4;8.6;0
Sancerre;47.33;2.84;30/09/2026;06:00;17.1;2;NUAGEUX;4.3;8.6;0
Sancerre;47.33;2.84;30/09/2026;07:00;17.1;2;NUAGEUX;4.7;9.0;0
Sancerre;47.33;2.84;30/09/2026;08:00;18.6;2;NUAGEUX;5.0;9.7;0
Sancerre;47.33;2.84;30/09/2026;09:00;19.6;2;NUAGEUX;5.8;11.2;0
Sancerre;47.33;2.84;30/09/2026;10:00;20.7;2;NUAGEUX;6.9;12.6;0
Sancerre;47.33;2.84;30/09/2026;11:00;25;2;NUAGEUX;8.3;15.5;0
Sancerre;47.33;2.84;30/09/2026;12:00;25;2;NUAGEUX;10.8;19.8;0
Sancerre;47.33;2.84;30/09/2026;13:00;25;2;NUAGEUX;14.0;25.2;0
Sancerre;47.33;2.84;30/09/2026;14:00;25.0;2;NUAGEUX;16.2;29.5;0
Sancerre;47.33;2.84;30/09/2026;15:00;26.1;2;NUAGEUX;16.6;31.7;0
Sancerre;47.33;2.84;30/09/2026;16:00;25.0;2;NUAGEUX;16.4;32.8;0
Sancerre;47.33;2.84;30/09/2026;17:00;21.2;7;PLUIE FAIBLE;15.3;32.4;0
Sancerre;47.33;2.84;30/09/2026;18:00;21.2;7;PLUIE FAIBLE;13.1;31.0;0
Sancerre;47.33;2.84;30/09/2026;19:00;21.2;7;PLUIE FAIBLE;9.7;28.1;0
Sancerre;47.33;2.84;30/09/2026;20:00;20.7;2;NUAGEUX;7.2;24.5;0
Sancerre;47.33;2.84;30/09/2026;21:00;19.6;2;NUAGEUX;5.6;18.7;0
Sancerre;47.33;2.84;30/09/2026;22:00;18.6;2;NUAGEUX;4.4;11.5;0
Sancerre;47.33;2.84;30/09/2026;23:00;18.1;6;AVERSES;4.1;6.8;0
Sancerre;47.33;2.84;01/10/2026;00:00;18.1;6;AVERSES;4.1;6.1;0
Sancerre;47.33;2.84;01/10/2026;01:00;18.1;6;AVERSES;4.2;7.6;0
Sancerre;47.33;2.84;01/10/2026;02:00;15.4;6;AVERSES;4.7;9.0;0
Sancerre;47.33;2.84;01/10/2026;03:00;15.4;6;AVERSES;5.5;9.7;0
Sancerre;47.33;2.84;01/10/2026;04:00;15.4;6;AVERSES;6.3;10.8;0
Sancerre;47.33;2.84;01/10/2026;05:00;16.7;6;AVERSES;6.6;11.2;0
Sancerre;47.33;2.84;01/10/2026;06:00;16.7;6;AVERSES;6.7;11.9;0
Sancerre;47.33;2.84;01/10/2026;07:00;16.7;6;AVERSES;6.6;11.9;0
Sancerre;47.33;2.84;01/10/2026;08:00;16.4;6;AVERSES;6.5;11.9;0
Sancerre;47.33;2.84;01/10/2026;09:00;16.9;6;AVERSES;8.7;15.5;0
Sancerre;47.33;2.84;01/10/2026;10:00;17.4;6;AVERSES;12.3;22.3;0
Sancerre;47.33;2.84;01/10/2026;11:00;19.1;6;AVERSES;15.1;27.7;0
Sancerre;47.33;2.84;01/10/2026;12:00;19.1;6;AVERSES;16.2;30.2;0
Sancerre;47.33;2.84;01/10/2026;13:00;19.1;6;AVERSES;16.7;31.3;0
Sancerre;47.33;2.84;01/10/2026;14:00;19.4;6;AVERSES;16.6;31.7;0
Sancerre;47.33;2.84;01/10/2026;15:00;19.9;6;AVERSES;16.6;31.7;0
Sancerre;47.33;2.84;01/10/2026;16:00;19.4;6;AVERSES;16.4;30.6;0
Sancerre;47.33;2.84;01/10/2026;17:00;16.6;7;PLUIE FAIBLE;15.0;28.8;0
Sancerre;47.33;2.84;01/10/2026;18:00;16.6;7;PLUIE FAIBLE;11.7;25.2;0
Sancerre;47.33;2.84;01/10/2026;19:00;16.6;7;PLUIE FAIBLE;7.6;20.2;0
Sancerre;47.33;2.84;01/10/2026;20:00;17.4;6;AVERSES;5.0;15.8;0
Sancerre;47.33;2.84;01/10/2026;21:00;16.9;6;AVERSES;3.9;12.6;0
Sancerre;47.33;2.84;01/10/2026;22:00;16.4;6;AVERSES;4.0;9.7;0
Sancerre;47.33;2.84;01/10/2026;23:00;13.9;0;SOLEIL;4.3;7.9;0
Sancerre;47.33;2.84;02/10/2026;00:00;13.9;0;SOLEIL;4.7;7.9;0
Sancerre;47.33;2.84;02/10/2026;01:00;13.9;0;SOLEIL;5.5;9.0;0
Sancerre;47.33;2.84;02/10/2026;02:00;11;0;SOLEIL;5.9;10.1;0
Sancerre;47.33;2.84;02/10/2026;03:00;11;0;SOLEIL;6.3;10.4;0
Sancerre;47.33;2.84;02/10/2026;04:00;11;0;SOLEIL;6.4;10.8;0
Sancerre;47.33;2.84;02/10/2026;05:00;11.9;0;SOLEIL;6.4;11.2;0
Sancerre;47.33;2.84;02/10/2026;06:00;11.9;0;SOLEIL;6.5;11.2;0
Sancerre;47.33;2.84;02/10/2026;07:00;11.9;0;SOLEIL;6.3;10.8;0
Sancerre;47.33;2.84;02/10/2026;08:00;13.0;0;SOLEIL;6.4;10.8;0
Sancerre;47.33;2.84;02/10/2026;09:00;14.0;0;SOLEIL;6.8;11.9;0
Sancerre;47.33;2.84;02/10/2026;10:00;15.0;0;SOLEIL;7.1;13.0;0
Sancerre;47.33;2.84;02/10/2026;11:00;19.1;0;SOLEIL;6.4;14.4;0
Sancerre;47.33;2.84;02/10/2026;12:00;19.1;0;SOLEIL;5.1;15.5;0
Sancerre;47.33;2.84;02/10/2026;13:00;19.1;0;SOLEIL;5.4;16.6;0
Sancerre;47.33;2.84;02/10/2026;14:00;19.0;0;SOLEIL;5.6;17.6;0
Sancerre;47.33;2.84;02/10/2026;15:00;20.0;0;SOLEIL;3.6;18.7;0
Sancerre;47.33;2.84;02/10/2026;16:00;19.0;0;SOLEIL;8.0;19.8;0
Sancerre;47.33;2.84;02/10/2026;17:00;15.9;0;SOLEIL;11.2;19.4;0
Sancerre;47.33;2.84;02/10/2026;18:00;15.9;0;SOLEIL;7.7;15.8;0
Sancerre;47.33;2.84;02/10/2026;19:00;15.9;0;SOLEIL;1.3;11.2;0
Sancerre;47.33;2.84;02/10/2026;20:00;15.0;0;SOLEIL;5.6;9.4;0
Sancerre;47.33;2.84;02/10/2026;21:00;14.0;0;SOLEIL;8.7;14.4;0
Sancerre;47.33;2.84;02/10/2026;22:00;13.0;0;SOLEIL;12.3;22.3;0
Sancerre;47.33;2.84;02/10/2026;23:00;12.2;0;SOLEIL;15.2;28.1;0
Sancerre;47.33;2.84;03/10/2026;00:00;12.2;0;SOLEIL;15.6;28.8;0
Sancerre;47.33;2.84;03/10/2026;01:00;12.2;0;SOLEIL;14.9;27.0;0
Sancerre;47.33;2.84;03/10/2026;02:00;10.2;0;SOLEIL;14.1;25.9;0
Sancerre;47.33;2.84;03/10/2026;03:00;10.2;0;SOLEIL;14.2;26.6;0
Sancerre;47.33;2.84;03/10/2026;04:00;10.2;0;SOLEIL;15.3;28.1;0
Sancerre;47.33;2.84;03/10/2026;05:00;11.5;0;SOLEIL;16.4;28.4;0
Sancerre;47.33;2.84;03/10/2026;06:00;11.5;0;SOLEIL;15.9;27.0;0
Sancerre;47.33;2.84;03/10/2026;07:00;11.5;0;SOLEIL;14.0;24.5;0
Sancerre;47.33;2.84;03/10/2026;08:00;12.6;0;SOLEIL;12.9;23.4;0
Sancerre;47.33;2.84;03/10/2026;09:00;13.8;0;SOLEIL;13.2;24.1;0
Sancerre;47.33;2.84;03/10/2026;10:00;15.0;0;SOLEIL;14.7;26.3;0
Sancerre;47.33;2.84;03/10/2026;11:00;20.2;0;SOLEIL;15.6;28.1;0
Sancerre;47.33;2.84;03/10/2026;12:00;20.2;0;SOLEIL;13.4;25.9;0
Sancerre;47.33;2.84;03/10/2026;13:00;20.2;0;SOLEIL;11.0;23.8;0
Sancerre;47.33;2.84;03/10/2026;14:00;19.8;0;SOLEIL;8.5;21.2;0
Sancerre;47.33;2.84;03/10/2026;15:00;21.0;0;SOLEIL;5.8;18.4;0
Sancerre;47.33;2.84;03/10/2026;16:00;19.8;0;SOLEIL;6.2;18.7;0
Sancerre;47.33;2.84;03/10/2026;17:00;16.5;0;SOLEIL;6.4;19.1;0
Sancerre;47.33;2.84;03/10/2026;18:00;16.5;0;SOLEIL;6.6;19.1;0
Sancerre;47.33;2.84;03/10/2026;19:00;16.5;0;SOLEIL;6.6;19.1;0
Sancerre;47.33;2.84;03/10/2026;20:00;15.0;0;SOLEIL;6.6;18.7;0
Sancerre;47.33;2.84;03/10/2026;21:00;13.8;0;SOLEIL;6.4;18.0;0
Sancerre;47.33;2.84;03/10/2026;22:00;12.6;0;SOLEIL;6.1;17.3;0
Sancerre;47.33;2.84;03/10/2026;23:00;13;0;SOLEIL;5.8;16.2;0
Chartres;48.44;1.48;26/09/2026;00:00;15;0;SOLEIL;3.1;7.9;0
Chartres;48.44;1.48;26/09/2026;01:00;14.9;2;NUAGEUX;2.9;5.0;0
Chartres;48.44;1.48;26/09/2026;02:00;14.6;2;NUAGEUX;2.9;5.8;0
Chartres;48.44;1.48;26/09/2026;03:00;15.1;3;TRÈS NUAGEUX;2.6;5.0;0
Chartres;48.44;1.48;26/09/2026;04:00;15.6;3;TRÈS NUAGEUX;2.2;4.3;0
Chartres;48.44;1.48;26/09/2026;05:00;14.6;4;COUVERT;2.2;4.3;0
Chartres;48.44;1.48;26/09/2026;06:00;14.6;4;COUVERT;2.0;4.7;0
Chartres;48.44;1.48;26/09/2026;07:00;15.7;4;COUVERT;2.3;4.3;0
Chartres;48.44;1.48;26/09/2026;08:00;17.1;2;NUAGEUX;1.8;4.7;0
Chartres;48.44;1.48;26/09/2026;09:00;18.2;2;NUAGEUX;1.9;4.3;0
Chartres;48.44;1.48;26/09/2026;10:00;19.7;2;NUAGEUX;2.4;5.8;0
Chartres;48.44;1.48;26/09/2026;11:00;21.2;2;NUAGEUX;6.8;13.0;0
Chartres;48.44;1.48;26/09/2026;12:00;22.6;2;NUAGEUX;7.0;16.2;0
Chartres;48.44;1.48;26/09/2026;13:00;23.7;2;NUAGEUX;8.3;18.0;0
Chartres;48.44;1.48;26/09/2026;14:00;24.4;2;NUAGEUX;9.0;19.4;0
Chartres;48.44;1.48;26/09/2026;15:00;24.3;5;SOLEIL VOILÉ;8.6;19.4;0
Chartres;48.44;1.48;26/09/2026;16:00;24.1;5;SOLEIL VOILÉ;8.6;19.1;0
Chartres;48.44;1.48;26/09/2026;17:00;23.8;5;SOLEIL VOILÉ;9.4;19.8;0
Chartres;48.44;1.48;26/09/2026;18:00;22;5;SOLEIL VOILÉ;9.8;20.5;0
Chartres;48.44;1.48;26/09/2026;19:00;20.1;5;SOLEIL VOILÉ;8.3;19.8;0
Chartres;48.44;1.48;26/09/2026;20:00;18.4;5;SOLEIL VOILÉ;4.6;15.1;0
Chartres;48.44;1.48;26/09/2026;21:00;17.1;5;SOLEIL VOILÉ;4.3;7.9;0
Chartres;48.44;1.48;26/09/2026;22:00;16.1;5;SOLEIL VOILÉ;5.9;10.8;0
Chartres;48.44;1.48;26/09/2026;23:00;15.1;5;SOLEIL VOILÉ;12.7;27.0;0
Chartres;48.44;1.48;27/09/2026;00:00;14.5;0;SOLEIL;10.9;24.5;0
Chartres;48.44;1.48;27/09/2026;01:00;14.5;0;SOLEIL;10.5;20.9;0
Chartres;48.44;1.48;27/09/2026;02:00;12.4;0;SOLEIL;15.3;28.8;0
Chartres;48.44;1.48;27/09/2026;03:00;12.4;0;SOLEIL;12.6;31.3;0
Chartres;48.44;1.48;27/09/2026;04:00;12.4;0;SOLEIL;12.6;26.6;0
Chartres;48.44;1.48;27/09/2026;05:00;12.6;5;SOLEIL VOILÉ;10.5;25.9;0
Chartres;48.44;1.48;27/09/2026;06:00;12.6;5;SOLEIL VOILÉ;10.0;22.7;0
Chartres;48.44;1.48;27/09/2026;07:00;12.6;5;SOLEIL VOILÉ;8.9;19.4;0
Chartres;48.44;1.48;27/09/2026;08:00;19.6;5;SOLEIL VOILÉ;10.0;20.2;0
Chartres;48.44;1.48;27/09/2026;09:00;19.6;5;SOLEIL VOILÉ;9.8;24.5;0
Chartres;48.44;1.48;27/09/2026;10:00;19.6;5;SOLEIL VOILÉ;11.6;23.8;0
Chartres;48.44;1.48;27/09/2026;11:00;25;5;SOLEIL VOILÉ;10.4;23.8;0
Chartres;48.44;1.48;27/09/2026;12:00;25;5;SOLEIL VOILÉ;11.4;23.8;0
Chartres;48.44;1.48;27/09/2026;13:00;25;5;SOLEIL VOILÉ;10.1;20.5;0
Chartres;48.44;1.48;27/09/2026;14:00;25.9;5;SOLEIL VOILÉ;6.9;20.2;0
Chartres;48.44;1.48;27/09/2026;15:00;25.9;5;SOLEIL VOILÉ;6.9;15.8;0
Chartres;48.44;1.48;27/09/2026;16:00;25.9;5;SOLEIL VOILÉ;6.2;15.5;0
Chartres;48.44;1.48;27/09/2026;17:00;24.1;5;SOLEIL VOILÉ;7.9;19.8;0
Chartres;48.44;1.48;27/09/2026;18:00;24.1;5;SOLEIL VOILÉ;12.6;25.6;0
Chartres;48.44;1.48;27/09/2026;19:00;24.1;5;SOLEIL VOILÉ;13.0;25.6;0
Chartres;48.44;1.48;27/09/2026;20:00;19.1;5;SOLEIL VOILÉ;10.8;25.9;0
Chartres;48.44;1.48;27/09/2026;21:00;19.1;5;SOLEIL VOILÉ;9.5;21.6;0
Chartres;48.44;1.48;27/09/2026;22:00;19.1;5;SOLEIL VOILÉ;8.6;19.1;0
Chartres;48.44;1.48;27/09/2026;23:00;17.7;5;SOLEIL VOILÉ;7.4;16.6;0
Chartres;48.44;1.48;28/09/2026;00:00;17.7;5;SOLEIL VOILÉ;5.7;14.4;0
Chartres;48.44;1.48;28/09/2026;01:00;17.7;5;SOLEIL VOILÉ;4.8;10.8;0
Chartres;48.44;1.48;28/09/2026;02:00;16.4;2;NUAGEUX;3.5;9.0;0
Chartres;48.44;1.48;28/09/2026;03:00;16.4;2;NUAGEUX;2.9;6.5;0
Chartres;48.44;1.48;28/09/2026;04:00;16.4;2;NUAGEUX;2.9;5.4;0
Chartres;48.44;1.48;28/09/2026;05:00;16.2;2;NUAGEUX;2.7;5.8;0
Chartres;48.44;1.48;28/09/2026;06:00;16.2;2;NUAGEUX;2.3;5.0;0
Chartres;48.44;1.48;28/09/2026;07:00;16.2;2;NUAGEUX;2.0;4.7;0
Chartres;48.44;1.48;28/09/2026;08:00;19.7;6;AVERSES;1.5;4.3;0
Chartres;48.44;1.48;28/09/2026;09:00;19.7;6;AVERSES;2.2;4.6;0
Chartres;48.44;1.48;28/09/2026;10:00;19.7;6;AVERSES;5.6;11.5;0
Chartres;48.44;1.48;28/09/2026;11:00;22.4;5;SOLEIL VOILÉ;7.8;16.0;0
Chartres;48.44;1.48;28/09/2026;12:00;22.4;5;SOLEIL VOILÉ;9.3;19.4;0
Chartres;48.44;1.48;28/09/2026;13:00;22.4;5;SOLEIL VOILÉ;13.7;27.0;0
Chartres;48.44;1.48;28/09/2026;14:00;22.5;6;AVERSES;15.3;29.5;0
Chartres;48.44;1.48;28/09/2026;15:00;22.5;6;AVERSES;16.2;31.3;0
Chartres;48.44;1.48;28/09/2026;16:00;22.5;6;AVERSES;15.5;46.4;0
Chartres;48.44;1.48;28/09/2026;17:00;19.9;5;SOLEIL VOILÉ;14.3;30.6;0
Chartres;48.44;1.48;28/09/2026;18:00;19.9;5;SOLEIL VOILÉ;13.5;43.2;0
Chartres;48.44;1.48;28/09/2026;19:00;19.9;5;SOLEIL VOILÉ;11.1;31.3;0
Chartres;48.44;1.48;28/09/2026;20:00;19.2;6;AVERSES;7.0;20.5;0
Chartres;48.44;1.48;28/09/2026;21:00;18.3;6;AVERSES;4.8;12.6;0
Chartres;48.44;1.48;28/09/2026;22:00;17.4;6;AVERSES;3.9;8.6;0
Chartres;48.44;1.48;28/09/2026;23:00;16.7;2;NUAGEUX;3.3;6.5;0
Chartres;48.44;1.48;29/09/2026;00:00;16.7;2;NUAGEUX;3.0;7.2;0
Chartres;48.44;1.48;29/09/2026;01:00;16.7;2;NUAGEUX;2.6;5.0;0
Chartres;48.44;1.48;29/09/2026;02:00;15;2;NUAGEUX;1.5;4.0;0
Chartres;48.44;1.48;29/09/2026;03:00;15;2;NUAGEUX;1.8;2.9;0
Chartres;48.44;1.48;29/09/2026;04:00;15;2;NUAGEUX;1.5;4.3;0
Chartres;48.44;1.48;29/09/2026;05:00;15.6;7;PLUIE FAIBLE;3.0;5.8;0
Chartres;48.44;1.48;29/09/2026;06:00;15.6;7;PLUIE FAIBLE;1.3;5.0;0
Chartres;48.44;1.48;29/09/2026;07:00;15.6;7;PLUIE FAIBLE;4.0;6.8;0
Chartres;48.44;1.48;29/09/2026;08:00;17.8;2;NUAGEUX;1.9;7.6;0
Chartres;48.44;1.48;29/09/2026;09:00;19.2;2;NUAGEUX;2.5;4.3;0
Chartres;48.44;1.48;29/09/2026;10:00;20.6;2;NUAGEUX;2.2;5.4;0
Chartres;48.44;1.48;29/09/2026;11:00;25.1;2;NUAGEUX;2.4;6.1;0
Chartres;48.44;1.48;29/09/2026;12:00;25.1;2;NUAGEUX;5.2;12.6;0
Chartres;48.44;1.48;29/09/2026;13:00;25.1;2;NUAGEUX;7.2;16.6;0
Chartres;48.44;1.48;29/09/2026;14:00;26.3;2;NUAGEUX;10.9;23.8;0
Chartres;48.44;1.48;29/09/2026;15:00;27.7;2;NUAGEUX;10.4;22.0;0
Chartres;48.44;1.48;29/09/2026;16:00;26.3;2;NUAGEUX;8.4;16.9;0
Chartres;48.44;1.48;29/09/2026;17:00;23.2;2;NUAGEUX;5.6;14.4;0
Chartres;48.44;1.48;29/09/2026;18:00;23.2;2;NUAGEUX;2.2;18.4;0
Chartres;48.44;1.48;29/09/2026;19:00;23.2;2;NUAGEUX;2.6;24.8;0
Chartres;48.44;1.48;29/09/2026;20:00;20.6;2;NUAGEUX;5.6;28.1;0
Chartres;48.44;1.48;29/09/2026;21:00;19.2;2;NUAGEUX;7.1;24.8;0
Chartres;48.44;1.48;29/09/2026;22:00;17.8;2;NUAGEUX;7.5;18.7;0
Chartres;48.44;1.48;29/09/2026;23:00;19.4;2;NUAGEUX;7.6;14.0;0
Chartres;48.44;1.48;30/09/2026;00:00;19.4;2;NUAGEUX;7.1;13.3;0
Chartres;48.44;1.48;30/09/2026;01:00;19.4;2;NUAGEUX;6.6;14.0;0
Chartres;48.44;1.48;30/09/2026;02:00;17.1;2;NUAGEUX;5.6;14.0;0
Chartres;48.44;1.48;30/09/2026;03:00;17.1;2;NUAGEUX;5.2;12.6;0
Chartres;48.44;1.48;30/09/2026;04:00;17.1;2;NUAGEUX;5.1;10.8;0
Chartres;48.44;1.48;30/09/2026;05:00;18;2;NUAGEUX;5.2;9.4;0
Chartres;48.44;1.48;30/09/2026;06:00;18;2;NUAGEUX;4.9;8.6;0
Chartres;48.44;1.48;30/09/2026;07:00;18;2;NUAGEUX;4.6;8.3;0
Chartres;48.44;1.48;30/09/2026;08:00;18.8;2;NUAGEUX;5.5;10.1;0
Chartres;48.44;1.48;30/09/2026;09:00;19.6;2;NUAGEUX;8.2;15.1;0
Chartres;48.44;1.48;30/09/2026;10:00;20.4;2;NUAGEUX;11.4;21.6;0
Chartres;48.44;1.48;30/09/2026;11:00;23.5;2;NUAGEUX;14.0;27.0;0
Chartres;48.44;1.48;30/09/2026;12:00;23.5;2;NUAGEUX;14.7;29.2;0
Chartres;48.44;1.48;30/09/2026;13:00;23.5;2;NUAGEUX;14.8;29.9;0
Chartres;48.44;1.48;30/09/2026;14:00;23.8;2;NUAGEUX;14.7;30.2;0
Chartres;48.44;1.48;30/09/2026;15:00;24.6;2;NUAGEUX;14.5;30.2;0
Chartres;48.44;1.48;30/09/2026;16:00;23.8;2;NUAGEUX;14.4;29.5;0
Chartres;48.44;1.48;30/09/2026;17:00;20.2;7;PLUIE FAIBLE;13.7;28.8;0
Chartres;48.44;1.48;30/09/2026;18:00;20.2;7;PLUIE FAIBLE;12.2;28.1;0
Chartres;48.44;1.48;30/09/2026;19:00;20.2;7;PLUIE FAIBLE;10.1;27.0;0
Chartres;48.44;1.48;30/09/2026;20:00;20.4;2;NUAGEUX;8.4;24.8;0
Chartres;48.44;1.48;30/09/2026;21:00;19.6;2;NUAGEUX;7.2;20.9;0
Chartres;48.44;1.48;30/09/2026;22:00;18.8;2;NUAGEUX;6.1;15.5;0
Chartres;48.44;1.48;30/09/2026;23:00;17.6;6;AVERSES;5.9;12.2;0
Chartres;48.44;1.48;01/10/2026;00:00;17.6;6;AVERSES;6.4;11.9;0
Chartres;48.44;1.48;01/10/2026;01:00;17.6;6;AVERSES;7.4;13.3;0
Chartres;48.44;1.48;01/10/2026;02:00;14.6;6;AVERSES;8.2;14.8;0
Chartres;48.44;1.48;01/10/2026;03:00;14.6;6;AVERSES;8.6;16.2;0
Chartres;48.44;1.48;01/10/2026;04:00;14.6;6;AVERSES;9.5;17.6;0
Chartres;48.44;1.48;01/10/2026;05:00;15.6;6;AVERSES;10.2;18.7;0
Chartres;48.44;1.48;01/10/2026;06:00;15.6;6;AVERSES;11.4;19.9;0
Chartres;48.44;1.48;01/10/2026;07:00;15.6;6;AVERSES;12.2;21.1;0
Chartres;48.44;1.48;01/10/2026;08:00;15.7;6;AVERSES;13.2;22.1;0
Chartres;48.44;1.48;01/10/2026;09:00;16.3;6;AVERSES;14.1;23.4;0
Chartres;48.44;1.48;01/10/2026;10:00;16.8;6;AVERSES;16.8;28.1;0
Chartres;48.44;1.48;01/10/2026;11:00;18.9;6;AVERSES;18.6;31.7;0
Chartres;48.44;1.48;01/10/2026;12:00;18.9;6;AVERSES;19.0;33.1;0
Chartres;48.44;1.48;01/10/2026;13:00;18.9;6;AVERSES;19.1;33.1;0
Chartres;48.44;1.48;01/10/2026;14:00;19.0;6;AVERSES;19.1;33.1;0
Chartres;48.44;1.48;01/10/2026;15:00;19.6;6;AVERSES;19.2;33.5;0
Chartres;48.44;1.48;01/10/2026;16:00;19.0;6;AVERSES;19.0;33.5;0
Chartres;48.44;1.48;01/10/2026;17:00;16.7;7;PLUIE FAIBLE;17.6;31.7;0
Chartres;48.44;1.48;01/10/2026;18:00;16.7;7;PLUIE FAIBLE;13.4;26.3;0
Chartres;48.44;1.48;01/10/2026;19:00;16.7;7;PLUIE FAIBLE;8.0;19.1;0
Chartres;48.44;1.48;01/10/2026;20:00;16.8;6;AVERSES;4.7;13.3;0
Chartres;48.44;1.48;01/10/2026;21:00;16.3;6;AVERSES;4.6;10.4;0
Chartres;48.44;1.48;01/10/2026;22:00;15.7;6;AVERSES;5.4;9.4;0
Chartres;48.44;1.48;01/10/2026;23:00;13;0;SOLEIL;6.1;9.7;0
Chartres;48.44;1.48;02/10/2026;00:00;13;0;SOLEIL;7.1;12.2;0
Chartres;48.44;1.48;02/10/2026;01:00;13;0;SOLEIL;8.7;16.2;0
Chartres;48.44;1.48;02/10/2026;02:00;10.2;0;SOLEIL;10.1;18.7;0
Chartres;48.44;1.48;02/10/2026;03:00;10.2;0;SOLEIL;9.8;18.4;0
Chartres;48.44;1.48;02/10/2026;04:00;10.2;0;SOLEIL;9.0;16.6;0
Chartres;48.44;1.48;02/10/2026;05:00;11.1;0;SOLEIL;8.0;14.8;0
Chartres;48.44;1.48;02/10/2026;06:00;11.1;0;SOLEIL;6.8;13.0;0
Chartres;48.44;1.48;02/10/2026;07:00;11.1;0;SOLEIL;6.1;11.5;0
Chartres;48.44;1.48;02/10/2026;08:00;12.4;0;SOLEIL;7.1;11.5;0
Chartres;48.44;1.48;02/10/2026;09:00;13.4;0;SOLEIL;8.9;15.1;0
Chartres;48.44;1.48;02/10/2026;10:00;14.5;0;SOLEIL;11.0;20.5;0
Chartres;48.44;1.48;02/10/2026;11:00;18.9;0;SOLEIL;12.6;24.8;0
Chartres;48.44;1.48;02/10/2026;12:00;18.9;0;SOLEIL;13.5;25.9;0
Chartres;48.44;1.48;02/10/2026;13:00;18.9;0;SOLEIL;13.8;25.6;0
Chartres;48.44;1.48;02/10/2026;14:00;18.8;0;SOLEIL;14.8;25.9;0
Chartres;48.44;1.48;02/10/2026;15:00;19.9;0;SOLEIL;16.6;27.7;0
Chartres;48.44;1.48;02/10/2026;16:00;18.8;0;SOLEIL;18.4;30.2;0
Chartres;48.44;1.48;02/10/2026;17:00;16.4;0;SOLEIL;19.1;31.7;0
Chartres;48.44;1.48;02/10/2026;18:00;16.4;0;SOLEIL;17.6;31.3;0
Chartres;48.44;1.48;02/10/2026;19:00;16.4;0;SOLEIL;15.6;30.2;0
Chartres;48.44;1.48;02/10/2026;20:00;14.5;0;SOLEIL;14.7;30.2;0
Chartres;48.44;1.48;02/10/2026;21:00;13.4;0;SOLEIL;16.4;32.8;0
Chartres;48.44;1.48;02/10/2026;22:00;12.4;0;SOLEIL;19.5;36.4;0
Chartres;48.44;1.48;02/10/2026;23:00;12;0;SOLEIL;20.2;37.4;0
Chartres;48.44;1.48;03/10/2026;00:00;12;0;SOLEIL;16.3;33.8;0
Chartres;48.44;1.48;03/10/2026;01:00;12;0;SOLEIL;13.0;27.7;0
Chartres;48.44;1.48;03/10/2026;02:00;9.2;0;SOLEIL;13.0;23.8;0
Chartres;48.44;1.48;03/10/2026;03:00;9.2;0;SOLEIL;14.3;24.1;0
Chartres;48.44;1.48;03/10/2026;04:00;9.2;0;SOLEIL;15.6;26.3;0
Chartres;48.44;1.48;03/10/2026;05:00;10.2;0;SOLEIL;16.9;28.1;0
Chartres;48.44;1.48;03/10/2026;06:00;10.2;0;SOLEIL;16.4;28.4;0
Chartres;48.44;1.48;03/10/2026;07:00;10.2;0;SOLEIL;15.4;28.4;0
Chartres;48.44;1.48;03/10/2026;08:00;11.7;0;SOLEIL;15.0;28.8;0
Chartres;48.44;1.48;03/10/2026;09:00;13.0;0;SOLEIL;16.3;29.9;0
Chartres;48.44;1.48;03/10/2026;10:00;14.3;0;SOLEIL;17.8;31.3;0
Chartres;48.44;1.48;03/10/2026;11:00;19.6;0;SOLEIL;19.0;32.4;0
Chartres;48.44;1.48;03/10/2026;12:00;19.6;0;SOLEIL;14.9;28.1;0
Chartres;48.44;1.48;03/10/2026;13:00;19.6;0;SOLEIL;10.8;23.9;0
Chartres;48.44;1.48;03/10/2026;14:00;19.3;0;SOLEIL;6.9;19.6;0
Chartres;48.44;1.48;03/10/2026;15:00;20.6;0;SOLEIL;2.8;15.1;0
Chartres;48.44;1.48;03/10/2026;16:00;19.3;0;SOLEIL;2.7;15.5;0
Chartres;48.44;1.48;03/10/2026;17:00;17.1;0;SOLEIL;2.7;15.5;0
Chartres;48.44;1.48;03/10/2026;18:00;17.1;0;SOLEIL;2.7;15.5;0
Chartres;48.44;1.48;03/10/2026;19:00;17.1;0;SOLEIL;2.8;15.1;0
Chartres;48.44;1.48;03/10/2026;20:00;14.3;0;SOLEIL;2.7;14.4;0
Chartres;48.44;1.48;03/10/2026;21:00;13.0;0;SOLEIL;2.3;13.0;0
Chartres;48.44;1.48;03/10/2026;22:00;11.7;0;SOLEIL;1.8;11.2;0
Chartres;48.44;1.48;03/10/2026;23:00;12.9;0;SOLEIL;1.3;9.0;0
Châteaudun;48.07;1.33;26/09/2026;00:00;16.1;0;SOLEIL;5.2;12.2;0
Châteaudun;48.07;1.33;26/09/2026;01:00;15;0;SOLEIL;3.8;6.5;0
Châteaudun;48.07;1.33;26/09/2026;02:00;14.7;0;SOLEIL;3.4;6.1;0
Châteaudun;48.07;1.33;26/09/2026;03:00;15.5;2;NUAGEUX;2.5;5.4;0
Châteaudun;48.07;1.33;26/09/2026;04:00;14.2;2;NUAGEUX;2.7;4.0;0
Châteaudun;48.07;1.33;26/09/2026;05:00;14.2;2;NUAGEUX;2.7;4.7;0
Châteaudun;48.07;1.33;26/09/2026;06:00;14.9;2;NUAGEUX;2.3;4.3;0
Châteaudun;48.07;1.33;26/09/2026;07:00;15.7;2;NUAGEUX;2.6;3.6;0
Châteaudun;48.07;1.33;26/09/2026;08:00;17.1;2;NUAGEUX;1.8;4.0;0
Châteaudun;48.07;1.33;26/09/2026;09:00;18.2;2;NUAGEUX;2.6;4.0;0
Châteaudun;48.07;1.33;26/09/2026;10:00;20.2;2;NUAGEUX;3.9;6.8;0
Châteaudun;48.07;1.33;26/09/2026;11:00;20.2;2;NUAGEUX;7.4;13.0;0
Châteaudun;48.07;1.33;26/09/2026;12:00;21.2;2;NUAGEUX;8.1;14.8;0
Châteaudun;48.07;1.33;26/09/2026;13:00;22;5;SOLEIL VOILÉ;9.4;16.9;0
Châteaudun;48.07;1.33;26/09/2026;14:00;23.3;5;SOLEIL VOILÉ;9.9;16.9;0
Châteaudun;48.07;1.33;26/09/2026;15:00;24.1;5;SOLEIL VOILÉ;9.7;16.9;0
Châteaudun;48.07;1.33;26/09/2026;16:00;24.1;5;SOLEIL VOILÉ;10.1;17.3;0
Châteaudun;48.07;1.33;26/09/2026;17:00;23.1;5;SOLEIL VOILÉ;10.9;17.6;0
Châteaudun;48.07;1.33;26/09/2026;18:00;21.4;5;SOLEIL VOILÉ;11.5;18.4;0
Châteaudun;48.07;1.33;26/09/2026;19:00;18.6;5;SOLEIL VOILÉ;7.5;17.6;0
Châteaudun;48.07;1.33;26/09/2026;20:00;18.4;5;SOLEIL VOILÉ;3.4;10.1;0
Châteaudun;48.07;1.33;26/09/2026;21:00;17.4;5;SOLEIL VOILÉ;2.6;4.7;0
Châteaudun;48.07;1.33;26/09/2026;22:00;16.5;5;SOLEIL VOILÉ;2.9;4.0;0
Châteaudun;48.07;1.33;26/09/2026;23:00;15.2;5;SOLEIL VOILÉ;1.8;4.0;0
Châteaudun;48.07;1.33;27/09/2026;00:00;14.7;0;SOLEIL;13.0;20.2;0
Châteaudun;48.07;1.33;27/09/2026;01:00;14.7;0;SOLEIL;10.7;19.4;0
Châteaudun;48.07;1.33;27/09/2026;02:00;14.1;5;SOLEIL VOILÉ;10.3;16.2;0
Châteaudun;48.07;1.33;27/09/2026;03:00;14.1;5;SOLEIL VOILÉ;9.7;15.5;0
Châteaudun;48.07;1.33;27/09/2026;04:00;14.1;5;SOLEIL VOILÉ;8.7;14.4;0
Châteaudun;48.07;1.33;27/09/2026;05:00;12.7;5;SOLEIL VOILÉ;8.4;13.3;0
Châteaudun;48.07;1.33;27/09/2026;06:00;12.7;5;SOLEIL VOILÉ;7.7;14.0;0
Châteaudun;48.07;1.33;27/09/2026;07:00;12.7;5;SOLEIL VOILÉ;6.0;11.2;0
Châteaudun;48.07;1.33;27/09/2026;08:00;19.2;5;SOLEIL VOILÉ;6.5;9.7;0
Châteaudun;48.07;1.33;27/09/2026;09:00;19.2;5;SOLEIL VOILÉ;7.1;11.5;0
Châteaudun;48.07;1.33;27/09/2026;10:00;19.2;5;SOLEIL VOILÉ;11.0;19.4;0
Châteaudun;48.07;1.33;27/09/2026;11:00;25.5;5;SOLEIL VOILÉ;10.1;18.4;0
Châteaudun;48.07;1.33;27/09/2026;12:00;25.5;5;SOLEIL VOILÉ;8.2;17.6;0
Châteaudun;48.07;1.33;27/09/2026;13:00;25.5;5;SOLEIL VOILÉ;9.2;16.2;0
Châteaudun;48.07;1.33;27/09/2026;14:00;25.6;5;SOLEIL VOILÉ;7.1;16.2;0
Châteaudun;48.07;1.33;27/09/2026;15:00;25.6;5;SOLEIL VOILÉ;7.7;14.4;0
Châteaudun;48.07;1.33;27/09/2026;16:00;25.6;5;SOLEIL VOILÉ;10.2;13.3;0
Châteaudun;48.07;1.33;27/09/2026;17:00;23.6;5;SOLEIL VOILÉ;7.0;12.6;0
Châteaudun;48.07;1.33;27/09/2026;18:00;23.6;5;SOLEIL VOILÉ;5.5;11.5;0
Châteaudun;48.07;1.33;27/09/2026;19:00;23.6;5;SOLEIL VOILÉ;9.3;15.1;0
Châteaudun;48.07;1.33;27/09/2026;20:00;18.7;5;SOLEIL VOILÉ;10.3;14.4;0
Châteaudun;48.07;1.33;27/09/2026;21:00;18.7;5;SOLEIL VOILÉ;12.7;21.6;0
Châteaudun;48.07;1.33;27/09/2026;22:00;18.7;5;SOLEIL VOILÉ;11.0;19.4;0
Châteaudun;48.07;1.33;27/09/2026;23:00;17.6;5;SOLEIL VOILÉ;10.2;16.9;0
Châteaudun;48.07;1.33;28/09/2026;00:00;17.6;5;SOLEIL VOILÉ;7.1;15.5;0
Châteaudun;48.07;1.33;28/09/2026;01:00;17.6;5;SOLEIL VOILÉ;6.1;10.8;0
Châteaudun;48.07;1.33;28/09/2026;02:00;16.5;2;NUAGEUX;4.6;9.0;0
Châteaudun;48.07;1.33;28/09/2026;03:00;16.5;2;NUAGEUX;4.1;7.2;0
Châteaudun;48.07;1.33;28/09/2026;04:00;16.5;2;NUAGEUX;2.8;5.8;0
Châteaudun;48.07;1.33;28/09/2026;05:00;16.7;6;AVERSES;3.6;5.0;0
Châteaudun;48.07;1.33;28/09/2026;06:00;16.7;6;AVERSES;3.4;5.0;0
Châteaudun;48.07;1.33;28/09/2026;07:00;16.7;6;AVERSES;2.5;5.0;0
Châteaudun;48.07;1.33;28/09/2026;08:00;20.1;6;AVERSES;2.3;3.6;0
Châteaudun;48.07;1.33;28/09/2026;09:00;20.1;6;AVERSES;3.1;5.0;0
Châteaudun;48.07;1.33;28/09/2026;10:00;20.1;6;AVERSES;5.1;8.6;0
Châteaudun;48.07;1.33;28/09/2026;11:00;22.1;6;AVERSES;7.7;13.8;0
Châteaudun;48.07;1.33;28/09/2026;12:00;22.1;6;AVERSES;12.3;20.9;0
Châteaudun;48.07;1.33;28/09/2026;13:00;22.1;6;AVERSES;13.3;23.0;0
Châteaudun;48.07;1.33;28/09/2026;14:00;23.6;6;AVERSES;16.1;28.4;0
Châteaudun;48.07;1.33;28/09/2026;15:00;23.6;6;AVERSES;16.4;39.2;0
Châteaudun;48.07;1.33;28/09/2026;16:00;23.6;6;AVERSES;14.5;46.1;0
Châteaudun;48.07;1.33;28/09/2026;17:00;20.9;5;SOLEIL VOILÉ;15.3;27.0;0
Châteaudun;48.07;1.33;28/09/2026;18:00;20.9;5;SOLEIL VOILÉ;12.9;25.9;0
Châteaudun;48.07;1.33;28/09/2026;19:00;20.9;5;SOLEIL VOILÉ;8.1;22.0;0
Châteaudun;48.07;1.33;28/09/2026;20:00;19.7;6;AVERSES;4.0;13.7;0
Châteaudun;48.07;1.33;28/09/2026;21:00;18.7;6;AVERSES;2.8;6.1;0
Châteaudun;48.07;1.33;28/09/2026;22:00;17.7;6;AVERSES;2.9;5.4;0
Châteaudun;48.07;1.33;28/09/2026;23:00;17.2;2;NUAGEUX;1.1;4.3;0
Châteaudun;48.07;1.33;29/09/2026;00:00;17.2;2;NUAGEUX;1.6;2.2;0
Châteaudun;48.07;1.33;29/09/2026;01:00;17.2;2;NUAGEUX;2.9;2.5;0
Châteaudun;48.07;1.33;29/09/2026;02:00;14.7;2;NUAGEUX;1.3;5.0;0
Châteaudun;48.07;1.33;29/09/2026;03:00;14.7;2;NUAGEUX;2.3;4.3;0
Châteaudun;48.07;1.33;29/09/2026;04:00;14.7;2;NUAGEUX;2.5;6.8;0
Châteaudun;48.07;1.33;29/09/2026;05:00;15.5;7;PLUIE FAIBLE;2.3;5.8;0
Châteaudun;48.07;1.33;29/09/2026;06:00;15.5;7;PLUIE FAIBLE;1.5;3.6;0
Châteaudun;48.07;1.33;29/09/2026;07:00;15.5;7;PLUIE FAIBLE;3.9;8.3;0
Châteaudun;48.07;1.33;29/09/2026;08:00;17.4;2;NUAGEUX;0.7;5.8;0
Châteaudun;48.07;1.33;29/09/2026;09:00;18.8;2;NUAGEUX;3.6;5.8;0
Châteaudun;48.07;1.33;29/09/2026;10:00;20.2;2;NUAGEUX;2.2;5.8;0
Châteaudun;48.07;1.33;29/09/2026;11:00;24.2;2;NUAGEUX;5.6;10.8;0
Châteaudun;48.07;1.33;29/09/2026;12:00;24.2;2;NUAGEUX;5.7;12.2;0
Châteaudun;48.07;1.33;29/09/2026;13:00;24.2;2;NUAGEUX;9.8;18.7;0
Châteaudun;48.07;1.33;29/09/2026;14:00;25.6;2;NUAGEUX;9.8;34.6;0
Châteaudun;48.07;1.33;29/09/2026;15:00;27.0;2;NUAGEUX;8.3;36.4;0
Châteaudun;48.07;1.33;29/09/2026;16:00;25.6;2;NUAGEUX;5.8;34.9;0
Châteaudun;48.07;1.33;29/09/2026;17:00;22.6;2;NUAGEUX;4.1;32.0;0
Châteaudun;48.07;1.33;29/09/2026;18:00;22.6;2;NUAGEUX;3.3;26.3;0
Châteaudun;48.07;1.33;29/09/2026;19:00;22.6;2;NUAGEUX;6.0;19.1;0
Châteaudun;48.07;1.33;29/09/2026;20:00;20.2;2;NUAGEUX;8.7;14.0;0
Châteaudun;48.07;1.33;29/09/2026;21:00;18.8;2;NUAGEUX;9.5;14.4;0
Châteaudun;48.07;1.33;29/09/2026;22:00;17.4;2;NUAGEUX;9.8;16.9;0
Châteaudun;48.07;1.33;29/09/2026;23:00;19;2;NUAGEUX;10.2;18.4;0
Châteaudun;48.07;1.33;30/09/2026;00:00;19;2;NUAGEUX;8.8;16.6;0
Châteaudun;48.07;1.33;30/09/2026;01:00;19;2;NUAGEUX;6.2;13.3;0
Châteaudun;48.07;1.33;30/09/2026;02:00;16.6;2;NUAGEUX;4.2;10.8;0
Châteaudun;48.07;1.33;30/09/2026;03:00;16.6;2;NUAGEUX;3.6;9.4;0
Châteaudun;48.07;1.33;30/09/2026;04:00;16.6;2;NUAGEUX;4.1;8.3;0
Châteaudun;48.07;1.33;30/09/2026;05:00;17.4;2;NUAGEUX;4.5;7.9;0
Châteaudun;48.07;1.33;30/09/2026;06:00;17.4;2;NUAGEUX;4.6;7.2;0
Châteaudun;48.07;1.33;30/09/2026;07:00;17.4;2;NUAGEUX;4.8;7.2;0
Châteaudun;48.07;1.33;30/09/2026;08:00;18.2;2;NUAGEUX;5.8;9.0;0
Châteaudun;48.07;1.33;30/09/2026;09:00;19.1;2;NUAGEUX;8.9;14.4;0
Châteaudun;48.07;1.33;30/09/2026;10:00;19.9;2;NUAGEUX;13.3;22.0;0
Châteaudun;48.07;1.33;30/09/2026;11:00;22.6;2;NUAGEUX;16.1;27.4;0
Châteaudun;48.07;1.33;30/09/2026;12:00;22.6;2;NUAGEUX;16.5;29.2;0
Châteaudun;48.07;1.33;30/09/2026;13:00;22.6;2;NUAGEUX;15.9;28.8;0
Châteaudun;48.07;1.33;30/09/2026;14:00;23.2;2;NUAGEUX;15.5;28.1;0
Châteaudun;48.07;1.33;30/09/2026;15:00;24.0;2;NUAGEUX;15.5;27.7;0
Châteaudun;48.07;1.33;30/09/2026;16:00;23.2;2;NUAGEUX;15.5;27.0;0
Châteaudun;48.07;1.33;30/09/2026;17:00;19.7;6;AVERSES;14.9;25.9;0
Châteaudun;48.07;1.33;30/09/2026;18:00;19.7;6;AVERSES;12.8;25.2;0
Châteaudun;48.07;1.33;30/09/2026;19:00;19.7;6;AVERSES;10.4;24.1;0
Châteaudun;48.07;1.33;30/09/2026;20:00;19.9;2;NUAGEUX;8.1;22.0;0
Châteaudun;48.07;1.33;30/09/2026;21:00;19.1;2;NUAGEUX;6.3;17.3;0
Châteaudun;48.07;1.33;30/09/2026;22:00;18.2;2;NUAGEUX;5.4;11.9;0
Châteaudun;48.07;1.33;30/09/2026;23:00;16.7;7;PLUIE FAIBLE;5.1;8.3;0
Châteaudun;48.07;1.33;01/10/2026;00:00;16.7;7;PLUIE FAIBLE;6.1;9.0;0
Châteaudun;48.07;1.33;01/10/2026;01:00;16.7;7;PLUIE FAIBLE;7.5;12.2;0
Châteaudun;48.07;1.33;01/10/2026;02:00;14.2;7;PLUIE FAIBLE;9.2;14.8;0
Châteaudun;48.07;1.33;01/10/2026;03:00;14.2;7;PLUIE FAIBLE;9.8;16.2;0
Châteaudun;48.07;1.33;01/10/2026;04:00;14.2;7;PLUIE FAIBLE;10.3;16.9;0
Châteaudun;48.07;1.33;01/10/2026;05:00;15.5;7;PLUIE FAIBLE;10.6;17.6;0
Châteaudun;48.07;1.33;01/10/2026;06:00;15.5;7;PLUIE FAIBLE;11.1;18.4;0
Châteaudun;48.07;1.33;01/10/2026;07:00;15.5;7;PLUIE FAIBLE;11.6;19.3;0
Châteaudun;48.07;1.33;01/10/2026;08:00;15.2;7;PLUIE FAIBLE;12.2;20.1;0
Châteaudun;48.07;1.33;01/10/2026;09:00;15.8;7;PLUIE FAIBLE;13.0;21.2;0
Châteaudun;48.07;1.33;01/10/2026;10:00;16.3;7;PLUIE FAIBLE;14.9;24.8;0
Châteaudun;48.07;1.33;01/10/2026;11:00;18.2;7;PLUIE FAIBLE;16.4;27.7;0
Châteaudun;48.07;1.33;01/10/2026;12:00;18.2;7;PLUIE FAIBLE;16.7;29.2;0
Châteaudun;48.07;1.33;01/10/2026;13:00;18.2;7;PLUIE FAIBLE;16.9;29.9;0
Châteaudun;48.07;1.33;01/10/2026;14:00;18.4;7;PLUIE FAIBLE;17.2;29.9;0
Châteaudun;48.07;1.33;01/10/2026;15:00;18.9;7;PLUIE FAIBLE;17.0;29.9;0
Châteaudun;48.07;1.33;01/10/2026;16:00;18.4;7;PLUIE FAIBLE;16.2;29.5;0
Châteaudun;48.07;1.33;01/10/2026;17:00;16.1;6;AVERSES;14.8;27.7;0
Châteaudun;48.07;1.33;01/10/2026;18:00;16.1;6;AVERSES;11.5;23.8;0
Châteaudun;48.07;1.33;01/10/2026;19:00;16.1;6;AVERSES;7.2;18.7;0
Châteaudun;48.07;1.33;01/10/2026;20:00;16.3;7;PLUIE FAIBLE;4.4;14.8;0
Châteaudun;48.07;1.33;01/10/2026;21:00;15.8;7;PLUIE FAIBLE;4.1;11.9;0
Châteaudun;48.07;1.33;01/10/2026;22:00;15.2;7;PLUIE FAIBLE;5.5;10.1;0
Châteaudun;48.07;1.33;01/10/2026;23:00;13.1;0;SOLEIL;6.5;9.7;0
Châteaudun;48.07;1.33;02/10/2026;00:00;13.1;0;SOLEIL;6.8;11.9;0
Châteaudun;48.07;1.33;02/10/2026;01:00;13.1;0;SOLEIL;7.0;15.5;0
Châteaudun;48.07;1.33;02/10/2026;02:00;10.6;0;SOLEIL;7.6;18.0;0
Châteaudun;48.07;1.33;02/10/2026;03:00;10.6;0;SOLEIL;8.3;18.4;0
Châteaudun;48.07;1.33;02/10/2026;04:00;10.6;0;SOLEIL;9.7;18.0;0
Châteaudun;48.07;1.33;02/10/2026;05:00;11.4;0;SOLEIL;10.3;16.9;0
Châteaudun;48.07;1.33;02/10/2026;06:00;11.4;0;SOLEIL;8.9;15.5;0
Châteaudun;48.07;1.33;02/10/2026;07:00;11.4;0;SOLEIL;7.2;13.7;0
Châteaudun;48.07;1.33;02/10/2026;08:00;12.5;0;SOLEIL;6.5;13.0;0
Châteaudun;48.07;1.33;02/10/2026;09:00;13.4;0;SOLEIL;7.3;13.7;0
Châteaudun;48.07;1.33;02/10/2026;10:00;14.4;0;SOLEIL;9.0;15.1;0
Châteaudun;48.07;1.33;02/10/2026;11:00;18.2;0;SOLEIL;10.5;18.0;0
Châteaudun;48.07;1.33;02/10/2026;12:00;18.2;0;SOLEIL;11.9;22.7;0
Châteaudun;48.07;1.33;02/10/2026;13:00;18.2;0;SOLEIL;13.7;28.4;0
Châteaudun;48.07;1.33;02/10/2026;14:00;18.2;0;SOLEIL;15.1;32.8;0
Châteaudun;48.07;1.33;02/10/2026;15:00;19.1;0;SOLEIL;16.3;34.9;0
Châteaudun;48.07;1.33;02/10/2026;16:00;18.2;0;SOLEIL;17.7;36.0;0
Châteaudun;48.07;1.33;02/10/2026;17:00;16.1;0;SOLEIL;17.7;35.6;0
Châteaudun;48.07;1.33;02/10/2026;18:00;16.1;0;SOLEIL;15.5;33.1;0
Châteaudun;48.07;1.33;02/10/2026;19:00;16.1;0;SOLEIL;13.0;29.2;0
Châteaudun;48.07;1.33;02/10/2026;20:00;14.4;0;SOLEIL;11.5;25.9;0
Châteaudun;48.07;1.33;02/10/2026;21:00;13.4;0;SOLEIL;11.0;24.1;0
Châteaudun;48.07;1.33;02/10/2026;22:00;12.5;0;SOLEIL;11.4;23.4;0
Châteaudun;48.07;1.33;02/10/2026;23:00;11.6;0;SOLEIL;12.4;23.8;0
Châteaudun;48.07;1.33;03/10/2026;00:00;11.6;0;SOLEIL;13.8;26.6;0
Châteaudun;48.07;1.33;03/10/2026;01:00;11.6;0;SOLEIL;17.3;30.6;0
Châteaudun;48.07;1.33;03/10/2026;02:00;9.4;0;SOLEIL;20.1;33.1;0
Châteaudun;48.07;1.33;03/10/2026;03:00;9.4;0;SOLEIL;20.0;32.4;0
Châteaudun;48.07;1.33;03/10/2026;04:00;9.4;0;SOLEIL;17.9;29.9;0
Châteaudun;48.07;1.33;03/10/2026;05:00;10.6;0;SOLEIL;16.1;27.7;0
Châteaudun;48.07;1.33;03/10/2026;06:00;10.6;0;SOLEIL;15.0;26.6;0
Châteaudun;48.07;1.33;03/10/2026;07:00;10.6;0;SOLEIL;14.3;26.3;0
Châteaudun;48.07;1.33;03/10/2026;08:00;11.9;0;SOLEIL;14.3;26.3;0
Châteaudun;48.07;1.33;03/10/2026;09:00;13.1;0;SOLEIL;15.5;27.4;0
Châteaudun;48.07;1.33;03/10/2026;10:00;14.3;0;SOLEIL;17.1;29.2;0
Châteaudun;48.07;1.33;03/10/2026;11:00;19.6;0;SOLEIL;18.3;30.6;0
Châteaudun;48.07;1.33;03/10/2026;12:00;19.6;0;SOLEIL;14.1;26.0;0
Châteaudun;48.07;1.33;03/10/2026;13:00;19.6;0;SOLEIL;10.0;21.6;0
Châteaudun;48.07;1.33;03/10/2026;14:00;19.3;0;SOLEIL;5.6;17.0;0
Châteaudun;48.07;1.33;03/10/2026;15:00;20.5;0;SOLEIL;1.5;12.2;0
Châteaudun;48.07;1.33;03/10/2026;16:00;19.3;0;SOLEIL;1.5;12.2;0
Châteaudun;48.07;1.33;03/10/2026;17:00;17.1;0;SOLEIL;1.5;12.2;0
Châteaudun;48.07;1.33;03/10/2026;18:00;17.1;0;SOLEIL;1.3;11.9;0
Châteaudun;48.07;1.33;03/10/2026;19:00;17.1;0;SOLEIL;1.0;11.5;0
Châteaudun;48.07;1.33;03/10/2026;20:00;14.3;0;SOLEIL;0.6;11.2;0
Châteaudun;48.07;1.33;03/10/2026;21:00;13.1;0;SOLEIL;0.6;10.8;0
Châteaudun;48.07;1.33;03/10/2026;22:00;11.9;0;SOLEIL;1.3;10.1;0
Châteaudun;48.07;1.33;03/10/2026;23:00;12.7;0;SOLEIL;2.3;9.4;0
Dreux;48.73;1.36;26/09/2026;00:00;15.4;2;NUAGEUX;4.0;8.6;0
Dreux;48.73;1.36;26/09/2026;01:00;15.1;2;NUAGEUX;3.7;6.5;0
Dreux;48.73;1.36;26/09/2026;02:00;15.1;2;NUAGEUX;3.5;6.5;0
Dreux;48.73;1.36;26/09/2026;03:00;15.2;3;TRÈS NUAGEUX;2.9;6.1;0
Dreux;48.73;1.36;26/09/2026;04:00;14.6;3;TRÈS NUAGEUX;3.2;5.4;0
Dreux;48.73;1.36;26/09/2026;05:00;14.2;4;COUVERT;3.1;5.4;0
Dreux;48.73;1.36;26/09/2026;06:00;14.1;4;COUVERT;3.1;5.8;0
Dreux;48.73;1.36;26/09/2026;07:00;15.1;4;COUVERT;3.6;5.8;0
Dreux;48.73;1.36;26/09/2026;08:00;16.4;2;NUAGEUX;3.1;6.5;0
Dreux;48.73;1.36;26/09/2026;09:00;18.1;2;NUAGEUX;2.6;5.0;0
Dreux;48.73;1.36;26/09/2026;10:00;19.1;2;NUAGEUX;2.6;5.0;0
Dreux;48.73;1.36;26/09/2026;11:00;21;2;NUAGEUX;8.9;16.2;0
Dreux;48.73;1.36;26/09/2026;12:00;22.5;2;NUAGEUX;9.7;19.8;0
Dreux;48.73;1.36;26/09/2026;13:00;23;2;NUAGEUX;11.4;22.0;0
Dreux;48.73;1.36;26/09/2026;14:00;23.9;2;NUAGEUX;12.3;24.1;0
Dreux;48.73;1.36;26/09/2026;15:00;23.8;2;NUAGEUX;11.9;24.1;0
Dreux;48.73;1.36;26/09/2026;16:00;24.1;2;NUAGEUX;12.3;23.8;0
Dreux;48.73;1.36;26/09/2026;17:00;23.4;2;NUAGEUX;11.9;23.8;0
Dreux;48.73;1.36;26/09/2026;18:00;21.6;5;SOLEIL VOILÉ;12.0;23.0;0
Dreux;48.73;1.36;26/09/2026;19:00;19.6;5;SOLEIL VOILÉ;9.2;22.0;0
Dreux;48.73;1.36;26/09/2026;20:00;18.2;5;SOLEIL VOILÉ;5.8;14.8;0
Dreux;48.73;1.36;26/09/2026;21:00;17.4;5;SOLEIL VOILÉ;5.4;10.8;0
Dreux;48.73;1.36;26/09/2026;22:00;16.6;5;SOLEIL VOILÉ;10.6;28.8;0
Dreux;48.73;1.36;26/09/2026;23:00;15.6;5;SOLEIL VOILÉ;9.7;18.7;0
Dreux;48.73;1.36;27/09/2026;00:00;14.5;5;SOLEIL VOILÉ;9.7;17.3;0
Dreux;48.73;1.36;27/09/2026;01:00;14.5;5;SOLEIL VOILÉ;15.3;27.7;0
Dreux;48.73;1.36;27/09/2026;02:00;12.9;0;SOLEIL;12.8;29.5;0
Dreux;48.73;1.36;27/09/2026;03:00;12.9;0;SOLEIL;13.3;23.8;0
Dreux;48.73;1.36;27/09/2026;04:00;12.9;0;SOLEIL;12.3;24.5;0
Dreux;48.73;1.36;27/09/2026;05:00;12.1;5;SOLEIL VOILÉ;10.9;23.0;0
Dreux;48.73;1.36;27/09/2026;06:00;12.1;5;SOLEIL VOILÉ;8.5;18.7;0
Dreux;48.73;1.36;27/09/2026;07:00;12.1;5;SOLEIL VOILÉ;9.0;16.2;0
Dreux;48.73;1.36;27/09/2026;08:00;19.4;5;SOLEIL VOILÉ;10.9;20.2;0
Dreux;48.73;1.36;27/09/2026;09:00;19.4;5;SOLEIL VOILÉ;13.3;26.3;0
Dreux;48.73;1.36;27/09/2026;10:00;19.4;5;SOLEIL VOILÉ;12.6;25.6;0
Dreux;48.73;1.36;27/09/2026;11:00;26;5;SOLEIL VOILÉ;12.9;24.1;0
Dreux;48.73;1.36;27/09/2026;12:00;26;5;SOLEIL VOILÉ;9.8;23.8;0
Dreux;48.73;1.36;27/09/2026;13:00;26;5;SOLEIL VOILÉ;10.1;20.5;0
Dreux;48.73;1.36;27/09/2026;14:00;27.1;5;SOLEIL VOILÉ;12.0;18.0;0
Dreux;48.73;1.36;27/09/2026;15:00;27.1;5;SOLEIL VOILÉ;10.9;22.3;0
Dreux;48.73;1.36;27/09/2026;16:00;27.1;5;SOLEIL VOILÉ;13.8;23.0;0
Dreux;48.73;1.36;27/09/2026;17:00;24.9;5;SOLEIL VOILÉ;13.9;22.3;0
Dreux;48.73;1.36;27/09/2026;18:00;24.9;5;SOLEIL VOILÉ;14.0;24.1;0
Dreux;48.73;1.36;27/09/2026;19:00;24.9;5;SOLEIL VOILÉ;12.2;25.9;0
Dreux;48.73;1.36;27/09/2026;20:00;19.5;5;SOLEIL VOILÉ;10.4;22.3;0
Dreux;48.73;1.36;27/09/2026;21:00;19.5;5;SOLEIL VOILÉ;8.6;18.7;0
Dreux;48.73;1.36;27/09/2026;22:00;19.5;5;SOLEIL VOILÉ;5.9;15.1;0
Dreux;48.73;1.36;27/09/2026;23:00;17.6;2;NUAGEUX;4.4;10.4;0
Dreux;48.73;1.36;28/09/2026;00:00;17.6;2;NUAGEUX;4.0;7.9;0
Dreux;48.73;1.36;28/09/2026;01:00;17.6;2;NUAGEUX;3.2;6.8;0
Dreux;48.73;1.36;28/09/2026;02:00;16;2;NUAGEUX;2.6;5.0;0
Dreux;48.73;1.36;28/09/2026;03:00;16;2;NUAGEUX;2.1;4.3;0
Dreux;48.73;1.36;28/09/2026;04:00;16;2;NUAGEUX;1.6;3.6;0
Dreux;48.73;1.36;28/09/2026;05:00;16;6;AVERSES;1.1;2.2;0
Dreux;48.73;1.36;28/09/2026;06:00;16;6;AVERSES;1.4;2.9;0
Dreux;48.73;1.36;28/09/2026;07:00;16;6;AVERSES;1.0;2.9;0
Dreux;48.73;1.36;28/09/2026;08:00;19.5;6;AVERSES;1.8;4.0;0
Dreux;48.73;1.36;28/09/2026;09:00;19.5;6;AVERSES;3.5;7.4;0
Dreux;48.73;1.36;28/09/2026;10:00;19.5;6;AVERSES;4.3;9.2;0
Dreux;48.73;1.36;28/09/2026;11:00;23;5;SOLEIL VOILÉ;10.1;20.4;0
Dreux;48.73;1.36;28/09/2026;12:00;23;5;SOLEIL VOILÉ;12.8;25.9;0
Dreux;48.73;1.36;28/09/2026;13:00;23;5;SOLEIL VOILÉ;14.8;29.9;0
Dreux;48.73;1.36;28/09/2026;14:00;21.5;6;AVERSES;16.6;33.5;0
Dreux;48.73;1.36;28/09/2026;15:00;21.5;6;AVERSES;16.9;34.2;0
Dreux;48.73;1.36;28/09/2026;16:00;21.5;6;AVERSES;17.7;47.5;0
Dreux;48.73;1.36;28/09/2026;17:00;20.6;5;SOLEIL VOILÉ;14.3;49.3;0
Dreux;48.73;1.36;28/09/2026;18:00;20.6;5;SOLEIL VOILÉ;12.2;27.4;0
Dreux;48.73;1.36;28/09/2026;19:00;20.6;5;SOLEIL VOILÉ;12.2;24.1;0
Dreux;48.73;1.36;28/09/2026;20:00;18.8;6;AVERSES;8.4;23.0;0
Dreux;48.73;1.36;28/09/2026;21:00;17.9;6;AVERSES;5.9;15.8;0
Dreux;48.73;1.36;28/09/2026;22:00;16.9;6;AVERSES;5.4;10.4;0
Dreux;48.73;1.36;28/09/2026;23:00;16;2;NUAGEUX;4.4;9.7;0
Dreux;48.73;1.36;29/09/2026;00:00;16;2;NUAGEUX;3.5;16.6;0
Dreux;48.73;1.36;29/09/2026;01:00;16;2;NUAGEUX;2.8;6.5;0
Dreux;48.73;1.36;29/09/2026;02:00;15.1;2;NUAGEUX;2.6;4.7;0
Dreux;48.73;1.36;29/09/2026;03:00;15.1;2;NUAGEUX;2.3;4.3;0
Dreux;48.73;1.36;29/09/2026;04:00;15.1;2;NUAGEUX;2.9;5.0;0
Dreux;48.73;1.36;29/09/2026;05:00;16.1;2;NUAGEUX;2.8;5.0;0
Dreux;48.73;1.36;29/09/2026;06:00;16.1;2;NUAGEUX;1.3;4.7;0
Dreux;48.73;1.36;29/09/2026;07:00;16.1;2;NUAGEUX;2.6;5.0;0
Dreux;48.73;1.36;29/09/2026;08:00;17.9;2;NUAGEUX;3.3;7.2;0
Dreux;48.73;1.36;29/09/2026;09:00;19.3;2;NUAGEUX;3.6;6.8;0
Dreux;48.73;1.36;29/09/2026;10:00;20.7;2;NUAGEUX;1.9;7.2;0
Dreux;48.73;1.36;29/09/2026;11:00;25.7;2;NUAGEUX;1.8;6.8;0
Dreux;48.73;1.36;29/09/2026;12:00;25.7;2;NUAGEUX;4.5;11.2;0
Dreux;48.73;1.36;29/09/2026;13:00;25.7;2;NUAGEUX;6.2;14.0;0
Dreux;48.73;1.36;29/09/2026;14:00;26.3;2;NUAGEUX;7.8;16.9;0
Dreux;48.73;1.36;29/09/2026;15:00;27.7;2;NUAGEUX;7.7;17.3;0
Dreux;48.73;1.36;29/09/2026;16:00;26.3;2;NUAGEUX;6.7;16.6;0
Dreux;48.73;1.36;29/09/2026;17:00;23.4;2;NUAGEUX;5.1;17.6;0
Dreux;48.73;1.36;29/09/2026;18:00;23.4;2;NUAGEUX;3.2;22.7;0
Dreux;48.73;1.36;29/09/2026;19:00;23.4;2;NUAGEUX;5.0;29.5;0
Dreux;48.73;1.36;29/09/2026;20:00;20.7;2;NUAGEUX;6.9;32.8;0
Dreux;48.73;1.36;29/09/2026;21:00;19.3;2;NUAGEUX;6.9;29.5;0
Dreux;48.73;1.36;29/09/2026;22:00;17.9;2;NUAGEUX;6.3;23.0;0
Dreux;48.73;1.36;29/09/2026;23:00;19.1;2;NUAGEUX;6.4;17.6;0
Dreux;48.73;1.36;30/09/2026;00:00;19.1;2;NUAGEUX;6.1;14.4;0
Dreux;48.73;1.36;30/09/2026;01:00;19.1;2;NUAGEUX;5.4;11.9;0
Dreux;48.73;1.36;30/09/2026;02:00;17.1;6;AVERSES;4.7;10.4;0
Dreux;48.73;1.36;30/09/2026;03:00;17.1;6;AVERSES;5.0;10.4;0
Dreux;48.73;1.36;30/09/2026;04:00;17.1;6;AVERSES;5.4;11.5;0
Dreux;48.73;1.36;30/09/2026;05:00;18.1;2;NUAGEUX;5.9;11.9;0
Dreux;48.73;1.36;30/09/2026;06:00;18.1;2;NUAGEUX;5.6;10.4;0
Dreux;48.73;1.36;30/09/2026;07:00;18.1;2;NUAGEUX;4.9;8.3;0
Dreux;48.73;1.36;30/09/2026;08:00;18.9;6;AVERSES;4.7;8.3;0
Dreux;48.73;1.36;30/09/2026;09:00;19.9;6;AVERSES;6.5;12.6;0
Dreux;48.73;1.36;30/09/2026;10:00;20.8;6;AVERSES;9.7;19.1;0
Dreux;48.73;1.36;30/09/2026;11:00;24.4;2;NUAGEUX;12.8;24.5;0
Dreux;48.73;1.36;30/09/2026;12:00;24.4;2;NUAGEUX;14.8;28.1;0
Dreux;48.73;1.36;30/09/2026;13:00;24.4;2;NUAGEUX;16.1;31.3;0
Dreux;48.73;1.36;30/09/2026;14:00;24.5;6;AVERSES;16.8;33.1;0
Dreux;48.73;1.36;30/09/2026;15:00;25.4;6;AVERSES;16.7;34.2;0
Dreux;48.73;1.36;30/09/2026;16:00;24.5;6;AVERSES;15.9;34.6;0
Dreux;48.73;1.36;30/09/2026;17:00;20.9;6;AVERSES;14.8;33.1;0
Dreux;48.73;1.36;30/09/2026;18:00;20.9;6;AVERSES;12.6;29.5;0
Dreux;48.73;1.36;30/09/2026;19:00;20.9;6;AVERSES;9.6;24.1;0
Dreux;48.73;1.36;30/09/2026;20:00;20.8;6;AVERSES;7.9;19.8;0
Dreux;48.73;1.36;30/09/2026;21:00;19.9;6;AVERSES;6.9;16.6;0
Dreux;48.73;1.36;30/09/2026;22:00;18.9;6;AVERSES;6.6;14.4;0
Dreux;48.73;1.36;30/09/2026;23:00;17.9;6;AVERSES;6.3;13.0;0
Dreux;48.73;1.36;01/10/2026;00:00;17.9;6;AVERSES;6.7;13.0;0
Dreux;48.73;1.36;01/10/2026;01:00;17.9;6;AVERSES;7.4;13.7;0
Dreux;48.73;1.36;01/10/2026;02:00;14.7;7;PLUIE FAIBLE;8.1;15.1;0
Dreux;48.73;1.36;01/10/2026;03:00;14.7;7;PLUIE FAIBLE;8.9;17.3;0
Dreux;48.73;1.36;01/10/2026;04:00;14.7;7;PLUIE FAIBLE;9.7;19.8;0
Dreux;48.73;1.36;01/10/2026;05:00;15.6;6;AVERSES;10.5;21.6;0
Dreux;48.73;1.36;01/10/2026;06:00;15.6;6;AVERSES;11.5;22.1;0
Dreux;48.73;1.36;01/10/2026;07:00;15.6;6;AVERSES;12.6;22.5;0
Dreux;48.73;1.36;01/10/2026;08:00;16.0;7;PLUIE FAIBLE;13.4;23.4;0
Dreux;48.73;1.36;01/10/2026;09:00;16.6;7;PLUIE FAIBLE;14.1;24.5;0
Dreux;48.73;1.36;01/10/2026;10:00;17.2;7;PLUIE FAIBLE;16.7;29.5;0
Dreux;48.73;1.36;01/10/2026;11:00;19.6;7;PLUIE FAIBLE;18.8;33.5;0
Dreux;48.73;1.36;01/10/2026;12:00;19.6;7;PLUIE FAIBLE;19.2;34.9;0
Dreux;48.73;1.36;01/10/2026;13:00;19.6;7;PLUIE FAIBLE;19.1;34.9;0
Dreux;48.73;1.36;01/10/2026;14:00;19.8;7;PLUIE FAIBLE;18.8;34.6;0
Dreux;48.73;1.36;01/10/2026;15:00;20.4;7;PLUIE FAIBLE;18.8;33.8;0
Dreux;48.73;1.36;01/10/2026;16:00;19.8;7;PLUIE FAIBLE;18.5;32.4;0
Dreux;48.73;1.36;01/10/2026;17:00;17.6;7;PLUIE FAIBLE;17.1;30.2;0
Dreux;48.73;1.36;01/10/2026;18:00;17.6;7;PLUIE FAIBLE;13.4;26.3;0
Dreux;48.73;1.36;01/10/2026;19:00;17.6;7;PLUIE FAIBLE;8.7;21.6;0
Dreux;48.73;1.36;01/10/2026;20:00;17.2;7;PLUIE FAIBLE;5.6;17.3;0
Dreux;48.73;1.36;01/10/2026;21:00;16.6;7;PLUIE FAIBLE;5.1;14.0;0
Dreux;48.73;1.36;01/10/2026;22:00;16.0;7;PLUIE FAIBLE;5.6;11.2;0
Dreux;48.73;1.36;01/10/2026;23:00;13.5;0;SOLEIL;6.0;10.1;0
Dreux;48.73;1.36;02/10/2026;00:00;13.5;0;SOLEIL;7.0;11.5;0
Dreux;48.73;1.36;02/10/2026;01:00;13.5;0;SOLEIL;8.0;14.8;0
Dreux;48.73;1.36;02/10/2026;02:00;10.2;0;SOLEIL;9.0;17.3;0
Dreux;48.73;1.36;02/10/2026;03:00;10.2;0;SOLEIL;9.4;18.7;0
Dreux;48.73;1.36;02/10/2026;04:00;10.2;0;SOLEIL;10.2;19.4;0
Dreux;48.73;1.36;02/10/2026;05:00;11.1;0;SOLEIL;10.5;19.1;0
Dreux;48.73;1.36;02/10/2026;06:00;11.1;0;SOLEIL;7.9;15.5;0
Dreux;48.73;1.36;02/10/2026;07:00;11.1;0;SOLEIL;4.6;10.8;0
Dreux;48.73;1.36;02/10/2026;08:00;12.4;0;SOLEIL;5.0;9.0;0
Dreux;48.73;1.36;02/10/2026;09:00;13.5;0;SOLEIL;7.9;13.0;0
Dreux;48.73;1.36;02/10/2026;10:00;14.6;0;SOLEIL;11.4;20.2;0
Dreux;48.73;1.36;02/10/2026;11:00;19.2;0;SOLEIL;13.7;24.8;0
Dreux;48.73;1.36;02/10/2026;12:00;19.2;0;SOLEIL;13.2;24.5;0
Dreux;48.73;1.36;02/10/2026;13:00;19.2;0;SOLEIL;11.2;22.0;0
Dreux;48.73;1.36;02/10/2026;14:00;19.1;0;SOLEIL;10.1;20.9;0
Dreux;48.73;1.36;02/10/2026;15:00;20.2;0;SOLEIL;11.6;22.7;0
Dreux;48.73;1.36;02/10/2026;16:00;19.1;0;SOLEIL;13.9;25.9;0
Dreux;48.73;1.36;02/10/2026;17:00;17;0;SOLEIL;15.5;28.1;0
Dreux;48.73;1.36;02/10/2026;18:00;17;0;SOLEIL;14.8;28.4;0
Dreux;48.73;1.36;02/10/2026;19:00;17;0;SOLEIL;12.7;27.7;0
Dreux;48.73;1.36;02/10/2026;20:00;14.6;0;SOLEIL;11.6;27.0;0
Dreux;48.73;1.36;02/10/2026;21:00;13.5;0;SOLEIL;12.2;26.3;0
Dreux;48.73;1.36;02/10/2026;22:00;12.4;0;SOLEIL;14.0;25.9;0
Dreux;48.73;1.36;02/10/2026;23:00;12.7;0;SOLEIL;14.2;24.8;0
Dreux;48.73;1.36;03/10/2026;00:00;12.7;0;SOLEIL;12.0;23.0;0
Dreux;48.73;1.36;03/10/2026;01:00;12.7;0;SOLEIL;9.8;21.2;0
Dreux;48.73;1.36;03/10/2026;02:00;9.5;0;SOLEIL;9.6;20.2;0
Dreux;48.73;1.36;03/10/2026;03:00;9.5;0;SOLEIL;10.2;20.5;0
Dreux;48.73;1.36;03/10/2026;04:00;9.5;0;SOLEIL;11.7;22.0;0
Dreux;48.73;1.36;03/10/2026;05:00;10.5;0;SOLEIL;13.3;23.0;0
Dreux;48.73;1.36;03/10/2026;06:00;10.5;0;SOLEIL;13.8;23.8;0
Dreux;48.73;1.36;03/10/2026;07:00;10.5;0;SOLEIL;14.1;24.5;0
Dreux;48.73;1.36;03/10/2026;08:00;12.2;0;SOLEIL;14.6;25.6;0
Dreux;48.73;1.36;03/10/2026;09:00;13.5;0;SOLEIL;15.6;27.7;0
Dreux;48.73;1.36;03/10/2026;10:00;14.9;0;SOLEIL;17.1;29.9;0
Dreux;48.73;1.36;03/10/2026;11:00;20.6;0;SOLEIL;18.1;32.0;0
Dreux;48.73;1.36;03/10/2026;12:00;20.6;0;SOLEIL;14.4;27.9;0
Dreux;48.73;1.36;03/10/2026;13:00;20.6;0;SOLEIL;10.4;23.6;0
Dreux;48.73;1.36;03/10/2026;14:00;20.3;0;SOLEIL;6.4;19.1;0
Dreux;48.73;1.36;03/10/2026;15:00;21.6;0;SOLEIL;2.2;14.4;0
Dreux;48.73;1.36;03/10/2026;16:00;20.3;0;SOLEIL;2.3;14.4;0
Dreux;48.73;1.36;03/10/2026;17:00;17.2;0;SOLEIL;2.7;14.0;0
Dreux;48.73;1.36;03/10/2026;18:00;17.2;0;SOLEIL;3.0;13.7;0
Dreux;48.73;1.36;03/10/2026;19:00;17.2;0;SOLEIL;3.5;13.3;0
Dreux;48.73;1.36;03/10/2026;20:00;14.9;0;SOLEIL;3.6;12.6;0
Dreux;48.73;1.36;03/10/2026;21:00;13.5;0;SOLEIL;3.2;11.5;0
Dreux;48.73;1.36;03/10/2026;22:00;12.2;0;SOLEIL;2.7;10.4;0
Dreux;48.73;1.36;03/10/2026;23:00;13.2;0;SOLEIL;1.9;9.0;0
Nogent-le-Rotrou;48.32;0.82;26/09/2026;00:00;14.6;0;SOLEIL;5.2;10.1;0
Nogent-le-Rotrou;48.32;0.82;26/09/2026;01:00;14.4;0;SOLEIL;3.3;7.9;0
Nogent-le-Rotrou;48.32;0.82;26/09/2026;02:00;14.4;2;NUAGEUX;2.9;5.0;0
Nogent-le-Rotrou;48.32;0.82;26/09/2026;03:00;14.1;2;NUAGEUX;2.3;4.3;0
Nogent-le-Rotrou;48.32;0.82;26/09/2026;04:00;13.7;2;NUAGEUX;2.7;4.7;0
Nogent-le-Rotrou;48.32;0.82;26/09/2026;05:00;13.7;2;NUAGEUX;2.7;5.8;0
Nogent-le-Rotrou;48.32;0.82;26/09/2026;06:00;13.9;2;NUAGEUX;2.9;5.4;0
Nogent-le-Rotrou;48.32;0.82;26/09/2026;07:00;15.5;2;NUAGEUX;3.3;5.8;0
Nogent-le-Rotrou;48.32;0.82;26/09/2026;08:00;17.1;2;NUAGEUX;3.2;5.8;0
Nogent-le-Rotrou;48.32;0.82;26/09/2026;09:00;18.2;5;SOLEIL VOILÉ;2.5;5.8;0
Nogent-le-Rotrou;48.32;0.82;26/09/2026;10:00;20.4;2;NUAGEUX;2.3;5.0;0
Nogent-le-Rotrou;48.32;0.82;26/09/2026;11:00;21;2;NUAGEUX;9.1;17.3;0
Nogent-le-Rotrou;48.32;0.82;26/09/2026;12:00;22.2;2;NUAGEUX;10.0;19.4;0
Nogent-le-Rotrou;48.32;0.82;26/09/2026;13:00;23.3;2;NUAGEUX;12.4;23.4;0
Nogent-le-Rotrou;48.32;0.82;26/09/2026;14:00;24;2;NUAGEUX;13.0;24.8;0
Nogent-le-Rotrou;48.32;0.82;26/09/2026;15:00;24.2;2;NUAGEUX;13.0;25.2;0
Nogent-le-Rotrou;48.32;0.82;26/09/2026;16:00;24.1;5;SOLEIL VOILÉ;12.8;24.5;0
Nogent-le-Rotrou;48.32;0.82;26/09/2026;17:00;22.6;5;SOLEIL VOILÉ;14.1;25.9;0
Nogent-le-Rotrou;48.32;0.82;26/09/2026;18:00;21.7;5;SOLEIL VOILÉ;13.5;25.6;0
Nogent-le-Rotrou;48.32;0.82;26/09/2026;19:00;19.1;5;SOLEIL VOILÉ;8.9;25.2;0
Nogent-le-Rotrou;48.32;0.82;26/09/2026;20:00;18.6;5;SOLEIL VOILÉ;5.5;15.5;0
Nogent-le-Rotrou;48.32;0.82;26/09/2026;21:00;17.1;5;SOLEIL VOILÉ;4.2;8.6;0
Nogent-le-Rotrou;48.32;0.82;26/09/2026;22:00;16;5;SOLEIL VOILÉ;14.7;26.3;0
Nogent-le-Rotrou;48.32;0.82;26/09/2026;23:00;15.1;0;SOLEIL;7.9;22.7;0
Nogent-le-Rotrou;48.32;0.82;27/09/2026;00:00;14.5;5;SOLEIL VOILÉ;6.3;13.7;0
Nogent-le-Rotrou;48.32;0.82;27/09/2026;01:00;14.5;5;SOLEIL VOILÉ;8.7;14.8;0
Nogent-le-Rotrou;48.32;0.82;27/09/2026;02:00;12.1;5;SOLEIL VOILÉ;8.3;22.3;0
Nogent-le-Rotrou;48.32;0.82;27/09/2026;03:00;12.1;5;SOLEIL VOILÉ;5.6;14.4;0
Nogent-le-Rotrou;48.32;0.82;27/09/2026;04:00;12.1;5;SOLEIL VOILÉ;6.4;10.8;0
Nogent-le-Rotrou;48.32;0.82;27/09/2026;05:00;13.6;5;SOLEIL VOILÉ;6.6;12.6;0
Nogent-le-Rotrou;48.32;0.82;27/09/2026;06:00;13.6;5;SOLEIL VOILÉ;5.6;11.2;0
Nogent-le-Rotrou;48.32;0.82;27/09/2026;07:00;13.6;5;SOLEIL VOILÉ;7.4;12.6;0
Nogent-le-Rotrou;48.32;0.82;27/09/2026;08:00;20.1;5;SOLEIL VOILÉ;5.6;12.2;0
Nogent-le-Rotrou;48.32;0.82;27/09/2026;09:00;20.1;5;SOLEIL VOILÉ;11.8;20.5;0
Nogent-le-Rotrou;48.32;0.82;27/09/2026;10:00;20.1;5;SOLEIL VOILÉ;12.1;22.3;0
Nogent-le-Rotrou;48.32;0.82;27/09/2026;11:00;25.4;5;SOLEIL VOILÉ;11.0;23.0;0
Nogent-le-Rotrou;48.32;0.82;27/09/2026;12:00;25.4;5;SOLEIL VOILÉ;9.5;20.9;0
Nogent-le-Rotrou;48.32;0.82;27/09/2026;13:00;25.4;5;SOLEIL VOILÉ;7.8;17.3;0
Nogent-le-Rotrou;48.32;0.82;27/09/2026;14:00;25.9;5;SOLEIL VOILÉ;7.9;10.8;0
Nogent-le-Rotrou;48.32;0.82;27/09/2026;15:00;25.9;5;SOLEIL VOILÉ;7.9;15.5;0
Nogent-le-Rotrou;48.32;0.82;27/09/2026;16:00;25.9;5;SOLEIL VOILÉ;9.6;13.3;0
Nogent-le-Rotrou;48.32;0.82;27/09/2026;17:00;23.4;5;SOLEIL VOILÉ;8.3;12.6;0
Nogent-le-Rotrou;48.32;0.82;27/09/2026;18:00;23.4;5;SOLEIL VOILÉ;10.5;15.8;0
Nogent-le-Rotrou;48.32;0.82;27/09/2026;19:00;23.4;5;SOLEIL VOILÉ;10.5;19.4;0
Nogent-le-Rotrou;48.32;0.82;27/09/2026;20:00;18.9;5;SOLEIL VOILÉ;11.2;23.0;0
Nogent-le-Rotrou;48.32;0.82;27/09/2026;21:00;18.9;5;SOLEIL VOILÉ;9.1;19.1;0
Nogent-le-Rotrou;48.32;0.82;27/09/2026;22:00;18.9;5;SOLEIL VOILÉ;8.1;16.6;0
Nogent-le-Rotrou;48.32;0.82;27/09/2026;23:00;15.9;2;NUAGEUX;6.9;14.4;0
Nogent-le-Rotrou;48.32;0.82;28/09/2026;00:00;15.9;2;NUAGEUX;4.8;11.9;0
Nogent-le-Rotrou;48.32;0.82;28/09/2026;01:00;15.9;2;NUAGEUX;3.8;7.9;0
Nogent-le-Rotrou;48.32;0.82;28/09/2026;02:00;16;2;NUAGEUX;3.6;6.5;0
Nogent-le-Rotrou;48.32;0.82;28/09/2026;03:00;16;2;NUAGEUX;2.8;6.5;0
Nogent-le-Rotrou;48.32;0.82;28/09/2026;04:00;16;2;NUAGEUX;2.8;5.0;0
Nogent-le-Rotrou;48.32;0.82;28/09/2026;05:00;14.7;6;AVERSES;3.2;5.4;0
Nogent-le-Rotrou;48.32;0.82;28/09/2026;06:00;14.7;6;AVERSES;2.9;5.0;0
Nogent-le-Rotrou;48.32;0.82;28/09/2026;07:00;14.7;6;AVERSES;2.6;5.4;0
Nogent-le-Rotrou;48.32;0.82;28/09/2026;08:00;19.2;6;AVERSES;3.0;5.0;0
Nogent-le-Rotrou;48.32;0.82;28/09/2026;09:00;19.2;6;AVERSES;3.5;5.6;0
Nogent-le-Rotrou;48.32;0.82;28/09/2026;10:00;19.2;6;AVERSES;8.5;13.5;0
Nogent-le-Rotrou;48.32;0.82;28/09/2026;11:00;22.5;5;SOLEIL VOILÉ;11.5;20.3;0
Nogent-le-Rotrou;48.32;0.82;28/09/2026;12:00;22.5;5;SOLEIL VOILÉ;15.1;26.6;0
Nogent-le-Rotrou;48.32;0.82;28/09/2026;13:00;22.5;5;SOLEIL VOILÉ;17.3;30.2;0
Nogent-le-Rotrou;48.32;0.82;28/09/2026;14:00;22.7;6;AVERSES;18.4;32.0;0
Nogent-le-Rotrou;48.32;0.82;28/09/2026;15:00;22.7;6;AVERSES;20.6;44.3;0
Nogent-le-Rotrou;48.32;0.82;28/09/2026;16:00;22.7;6;AVERSES;19.4;41.8;0
Nogent-le-Rotrou;48.32;0.82;28/09/2026;17:00;19.2;5;SOLEIL VOILÉ;17.4;33.1;0
Nogent-le-Rotrou;48.32;0.82;28/09/2026;18:00;19.2;5;SOLEIL VOILÉ;17.1;42.5;0
Nogent-le-Rotrou;48.32;0.82;28/09/2026;19:00;19.2;5;SOLEIL VOILÉ;14.3;29.2;0
Nogent-le-Rotrou;48.32;0.82;28/09/2026;20:00;18.4;6;AVERSES;7.8;24.5;0
Nogent-le-Rotrou;48.32;0.82;28/09/2026;21:00;17.4;6;AVERSES;6.1;13.3;0
Nogent-le-Rotrou;48.32;0.82;28/09/2026;22:00;16.4;6;AVERSES;5.4;9.4;0
Nogent-le-Rotrou;48.32;0.82;28/09/2026;23:00;16;2;NUAGEUX;4.0;11.5;0
Nogent-le-Rotrou;48.32;0.82;29/09/2026;00:00;16;2;NUAGEUX;3.9;7.2;0
Nogent-le-Rotrou;48.32;0.82;29/09/2026;01:00;16;2;NUAGEUX;2.9;5.4;0
Nogent-le-Rotrou;48.32;0.82;29/09/2026;02:00;13.9;2;NUAGEUX;2.6;5.0;0
Nogent-le-Rotrou;48.32;0.82;29/09/2026;03:00;13.9;2;NUAGEUX;3.3;5.8;0
Nogent-le-Rotrou;48.32;0.82;29/09/2026;04:00;13.9;2;NUAGEUX;3.2;5.0;0
Nogent-le-Rotrou;48.32;0.82;29/09/2026;05:00;15.9;2;NUAGEUX;2.5;5.8;0
Nogent-le-Rotrou;48.32;0.82;29/09/2026;06:00;15.9;2;NUAGEUX;2.3;3.2;0
Nogent-le-Rotrou;48.32;0.82;29/09/2026;07:00;15.9;2;NUAGEUX;3.9;4.7;0
Nogent-le-Rotrou;48.32;0.82;29/09/2026;08:00;16.7;2;NUAGEUX;1.5;8.3;0
Nogent-le-Rotrou;48.32;0.82;29/09/2026;09:00;18.1;2;NUAGEUX;1.5;5.4;0
Nogent-le-Rotrou;48.32;0.82;29/09/2026;10:00;19.5;2;NUAGEUX;1.1;4.7;0
Nogent-le-Rotrou;48.32;0.82;29/09/2026;11:00;23.6;2;NUAGEUX;5.8;10.8;0
Nogent-le-Rotrou;48.32;0.82;29/09/2026;12:00;23.6;2;NUAGEUX;4.5;13.3;0
Nogent-le-Rotrou;48.32;0.82;29/09/2026;13:00;23.6;2;NUAGEUX;6.2;11.5;0
Nogent-le-Rotrou;48.32;0.82;29/09/2026;14:00;25.1;2;NUAGEUX;12.1;20.5;0
Nogent-le-Rotrou;48.32;0.82;29/09/2026;15:00;26.5;2;NUAGEUX;11.2;19.4;0
Nogent-le-Rotrou;48.32;0.82;29/09/2026;16:00;25.1;2;NUAGEUX;8.5;16.6;0
Nogent-le-Rotrou;48.32;0.82;29/09/2026;17:00;22.1;2;NUAGEUX;5.4;16.6;0
Nogent-le-Rotrou;48.32;0.82;29/09/2026;18:00;22.1;2;NUAGEUX;1.1;23.4;0
Nogent-le-Rotrou;48.32;0.82;29/09/2026;19:00;22.1;2;NUAGEUX;3.7;33.5;0
Nogent-le-Rotrou;48.32;0.82;29/09/2026;20:00;19.5;2;NUAGEUX;7.2;38.2;0
Nogent-le-Rotrou;48.32;0.82;29/09/2026;21:00;18.1;2;NUAGEUX;7.9;32.4;0
Nogent-le-Rotrou;48.32;0.82;29/09/2026;22:00;16.7;2;NUAGEUX;8.0;21.6;0
Nogent-le-Rotrou;48.32;0.82;29/09/2026;23:00;19.5;2;NUAGEUX;8.5;14.0;0
Nogent-le-Rotrou;48.32;0.82;30/09/2026;00:00;19.5;2;NUAGEUX;9.7;13.0;0
Nogent-le-Rotrou;48.32;0.82;30/09/2026;01:00;19.5;2;NUAGEUX;11.6;15.1;0
Nogent-le-Rotrou;48.32;0.82;30/09/2026;02:00;17.1;7;PLUIE FAIBLE;12.5;16.9;0
Nogent-le-Rotrou;48.32;0.82;30/09/2026;03:00;17.1;7;PLUIE FAIBLE;12.2;17.3;0
Nogent-le-Rotrou;48.32;0.82;30/09/2026;04:00;17.1;7;PLUIE FAIBLE;11.3;17.6;0
Nogent-le-Rotrou;48.32;0.82;30/09/2026;05:00;18.2;2;NUAGEUX;10.1;16.9;0
Nogent-le-Rotrou;48.32;0.82;30/09/2026;06:00;18.2;2;NUAGEUX;8.2;13.7;0
Nogent-le-Rotrou;48.32;0.82;30/09/2026;07:00;18.2;2;NUAGEUX;5.9;9.4;0
Nogent-le-Rotrou;48.32;0.82;30/09/2026;08:00;18.5;7;PLUIE FAIBLE;5.3;8.3;0
Nogent-le-Rotrou;48.32;0.82;30/09/2026;09:00;19.3;7;PLUIE FAIBLE;8.1;13.0;0
Nogent-le-Rotrou;48.32;0.82;30/09/2026;10:00;20.0;7;PLUIE FAIBLE;12.2;20.9;0
Nogent-le-Rotrou;48.32;0.82;30/09/2026;11:00;22.6;7;PLUIE FAIBLE;15.7;27.4;0
Nogent-le-Rotrou;48.32;0.82;30/09/2026;12:00;22.6;7;PLUIE FAIBLE;17.9;31.3;0
Nogent-le-Rotrou;48.32;0.82;30/09/2026;13:00;22.6;7;PLUIE FAIBLE;19.5;34.2;0
Nogent-le-Rotrou;48.32;0.82;30/09/2026;14:00;22.9;7;PLUIE FAIBLE;20.5;35.6;0
Nogent-le-Rotrou;48.32;0.82;30/09/2026;15:00;23.6;7;PLUIE FAIBLE;20.2;34.9;0
Nogent-le-Rotrou;48.32;0.82;30/09/2026;16:00;22.9;7;PLUIE FAIBLE;18.8;32.4;0
Nogent-le-Rotrou;48.32;0.82;30/09/2026;17:00;19.2;6;AVERSES;17.4;29.9;0
Nogent-le-Rotrou;48.32;0.82;30/09/2026;18:00;19.2;6;AVERSES;14.9;28.1;0
Nogent-le-Rotrou;48.32;0.82;30/09/2026;19:00;19.2;6;AVERSES;11.7;25.9;0
Nogent-le-Rotrou;48.32;0.82;30/09/2026;20:00;20.0;7;PLUIE FAIBLE;9.4;23.8;0
Nogent-le-Rotrou;48.32;0.82;30/09/2026;21:00;19.3;7;PLUIE FAIBLE;8.7;20.9;0
Nogent-le-Rotrou;48.32;0.82;30/09/2026;22:00;18.5;7;PLUIE FAIBLE;9.1;18.0;0
Nogent-le-Rotrou;48.32;0.82;30/09/2026;23:00;16;7;PLUIE FAIBLE;9.4;15.8;0
Nogent-le-Rotrou;48.32;0.82;01/10/2026;00:00;16;7;PLUIE FAIBLE;9.7;14.8;0
Nogent-le-Rotrou;48.32;0.82;01/10/2026;01:00;16;7;PLUIE FAIBLE;9.7;14.8;0
Nogent-le-Rotrou;48.32;0.82;01/10/2026;02:00;13.9;7;PLUIE FAIBLE;9.9;16.2;0
Nogent-le-Rotrou;48.32;0.82;01/10/2026;03:00;13.9;7;PLUIE FAIBLE;11.4;19.8;0
Nogent-le-Rotrou;48.32;0.82;01/10/2026;04:00;13.9;7;PLUIE FAIBLE;14.5;24.8;0
Nogent-le-Rotrou;48.32;0.82;01/10/2026;05:00;15;6;AVERSES;16.4;28.1;0
Nogent-le-Rotrou;48.32;0.82;01/10/2026;06:00;15;6;AVERSES;14.9;27.0;0
Nogent-le-Rotrou;48.32;0.82;01/10/2026;07:00;15;6;AVERSES;12.3;24.3;0
Nogent-le-Rotrou;48.32;0.82;01/10/2026;08:00;15.1;7;PLUIE FAIBLE;10.6;22.1;0
Nogent-le-Rotrou;48.32;0.82;01/10/2026;09:00;15.6;7;PLUIE FAIBLE;12.9;22.0;0
Nogent-le-Rotrou;48.32;0.82;01/10/2026;10:00;16.2;7;PLUIE FAIBLE;16.9;28.8;0
Nogent-le-Rotrou;48.32;0.82;01/10/2026;11:00;18.5;7;PLUIE FAIBLE;19.4;33.8;0
Nogent-le-Rotrou;48.32;0.82;01/10/2026;12:00;18.5;7;PLUIE FAIBLE;20.2;35.6;0
Nogent-le-Rotrou;48.32;0.82;01/10/2026;13:00;18.5;7;PLUIE FAIBLE;20.0;35.6;0
Nogent-le-Rotrou;48.32;0.82;01/10/2026;14:00;18.5;7;PLUIE FAIBLE;20.0;35.3;0
Nogent-le-Rotrou;48.32;0.82;01/10/2026;15:00;19.1;7;PLUIE FAIBLE;20.0;34.9;0
Nogent-le-Rotrou;48.32;0.82;01/10/2026;16:00;18.5;7;PLUIE FAIBLE;19.4;33.8;0
Nogent-le-Rotrou;48.32;0.82;01/10/2026;17:00;16.1;7;PLUIE FAIBLE;17.8;31.7;0
Nogent-le-Rotrou;48.32;0.82;01/10/2026;18:00;16.1;7;PLUIE FAIBLE;14.1;28.1;0
Nogent-le-Rotrou;48.32;0.82;01/10/2026;19:00;16.1;7;PLUIE FAIBLE;9.0;23.8;0
Nogent-le-Rotrou;48.32;0.82;01/10/2026;20:00;16.2;7;PLUIE FAIBLE;5.1;19.4;0
Nogent-le-Rotrou;48.32;0.82;01/10/2026;21:00;15.6;7;PLUIE FAIBLE;3.4;15.1;0
Nogent-le-Rotrou;48.32;0.82;01/10/2026;22:00;15.1;7;PLUIE FAIBLE;2.8;10.8;0
Nogent-le-Rotrou;48.32;0.82;01/10/2026;23:00;11.9;0;SOLEIL;3.1;7.9;0
Nogent-le-Rotrou;48.32;0.82;02/10/2026;00:00;11.9;0;SOLEIL;3.9;7.6;0
Nogent-le-Rotrou;48.32;0.82;02/10/2026;01:00;11.9;0;SOLEIL;5.2;9.0;0
Nogent-le-Rotrou;48.32;0.82;02/10/2026;02:00;9;0;SOLEIL;6.5;10.8;0
Nogent-le-Rotrou;48.32;0.82;02/10/2026;03:00;9;0;SOLEIL;7.5;14.0;0
Nogent-le-Rotrou;48.32;0.82;02/10/2026;04:00;9;0;SOLEIL;9.4;18.0;0
Nogent-le-Rotrou;48.32;0.82;02/10/2026;05:00;9.7;0;SOLEIL;10.2;20.2;0
Nogent-le-Rotrou;48.32;0.82;02/10/2026;06:00;9.7;0;SOLEIL;9.0;18.0;0
Nogent-le-Rotrou;48.32;0.82;02/10/2026;07:00;9.7;0;SOLEIL;6.9;14.0;0
Nogent-le-Rotrou;48.32;0.82;02/10/2026;08:00;11.2;0;SOLEIL;5.5;11.2;0
Nogent-le-Rotrou;48.32;0.82;02/10/2026;09:00;12.4;0;SOLEIL;5.8;11.2;0
Nogent-le-Rotrou;48.32;0.82;02/10/2026;10:00;13.5;0;SOLEIL;6.5;12.2;0
Nogent-le-Rotrou;48.32;0.82;02/10/2026;11:00;18.1;0;SOLEIL;7.3;13.7;0
Nogent-le-Rotrou;48.32;0.82;02/10/2026;12:00;18.1;0;SOLEIL;7.9;15.1;0
Nogent-le-Rotrou;48.32;0.82;02/10/2026;13:00;18.1;0;SOLEIL;8.0;16.9;0
Nogent-le-Rotrou;48.32;0.82;02/10/2026;14:00;18.0;0;SOLEIL;8.6;19.1;0
Nogent-le-Rotrou;48.32;0.82;02/10/2026;15:00;19.1;0;SOLEIL;10.1;21.6;0
Nogent-le-Rotrou;48.32;0.82;02/10/2026;16:00;18.0;0;SOLEIL;12.1;24.5;0
Nogent-le-Rotrou;48.32;0.82;02/10/2026;17:00;15.6;0;SOLEIL;13.2;26.3;0
Nogent-le-Rotrou;48.32;0.82;02/10/2026;18:00;15.6;0;SOLEIL;10.9;25.9;0
Nogent-le-Rotrou;48.32;0.82;02/10/2026;19:00;15.6;0;SOLEIL;7.3;24.1;0
Nogent-le-Rotrou;48.32;0.82;02/10/2026;20:00;13.5;0;SOLEIL;3.7;22.3;0
Nogent-le-Rotrou;48.32;0.82;02/10/2026;21:00;12.4;0;SOLEIL;2.2;20.5;0
Nogent-le-Rotrou;48.32;0.82;02/10/2026;22:00;11.2;0;SOLEIL;6.1;18.7;0
Nogent-le-Rotrou;48.32;0.82;02/10/2026;23:00;11;0;SOLEIL;8.9;17.6;0
Nogent-le-Rotrou;48.32;0.82;03/10/2026;00:00;11;0;SOLEIL;9.0;18.0;0
Nogent-le-Rotrou;48.32;0.82;03/10/2026;01:00;11;0;SOLEIL;10.2;19.4;0
Nogent-le-Rotrou;48.32;0.82;03/10/2026;02:00;8.2;0;SOLEIL;12.2;20.9;0
Nogent-le-Rotrou;48.32;0.82;03/10/2026;03:00;8.2;0;SOLEIL;13.0;21.6;0
Nogent-le-Rotrou;48.32;0.82;03/10/2026;04:00;8.2;0;SOLEIL;13.0;22.7;0
Nogent-le-Rotrou;48.32;0.82;03/10/2026;05:00;9.5;0;SOLEIL;13.2;23.4;0
Nogent-le-Rotrou;48.32;0.82;03/10/2026;06:00;9.5;0;SOLEIL;13.7;24.1;0
Nogent-le-Rotrou;48.32;0.82;03/10/2026;07:00;9.5;0;SOLEIL;14.1;25.2;0
Nogent-le-Rotrou;48.32;0.82;03/10/2026;08:00;10.8;0;SOLEIL;14.5;25.9;0
Nogent-le-Rotrou;48.32;0.82;03/10/2026;09:00;12.1;0;SOLEIL;15.3;27.0;0
Nogent-le-Rotrou;48.32;0.82;03/10/2026;10:00;13.4;0;SOLEIL;16.1;28.4;0
Nogent-le-Rotrou;48.32;0.82;03/10/2026;11:00;18.7;0;SOLEIL;16.6;29.2;0
Nogent-le-Rotrou;48.32;0.82;03/10/2026;12:00;18.7;0;SOLEIL;13.5;25.0;0
Nogent-le-Rotrou;48.32;0.82;03/10/2026;13:00;18.7;0;SOLEIL;10.6;21.8;0
Nogent-le-Rotrou;48.32;0.82;03/10/2026;14:00;18.6;0;SOLEIL;7.7;19.0;0
Nogent-le-Rotrou;48.32;0.82;03/10/2026;15:00;19.9;0;SOLEIL;4.4;16.2;0
Nogent-le-Rotrou;48.32;0.82;03/10/2026;16:00;18.6;0;SOLEIL;4.0;16.6;0
Nogent-le-Rotrou;48.32;0.82;03/10/2026;17:00;16.5;0;SOLEIL;3.2;16.9;0
Nogent-le-Rotrou;48.32;0.82;03/10/2026;18:00;16.5;0;SOLEIL;2.3;16.6;0
Nogent-le-Rotrou;48.32;0.82;03/10/2026;19:00;16.5;0;SOLEIL;1.3;16.2;0
Nogent-le-Rotrou;48.32;0.82;03/10/2026;20:00;13.4;0;SOLEIL;0.5;15.5;0
Nogent-le-Rotrou;48.32;0.82;03/10/2026;21:00;12.1;0;SOLEIL;0.4;14.4;0
Nogent-le-Rotrou;48.32;0.82;03/10/2026;22:00;10.8;0;SOLEIL;1.2;13.0;0
Nogent-le-Rotrou;48.32;0.82;03/10/2026;23:00;12.2;2;NUAGEUX;2.1;11.5;0
Châteauroux;46.81;1.69;26/09/2026;00:00;18.4;0;SOLEIL;4.0;7.2;0
Châteauroux;46.81;1.69;26/09/2026;01:00;16.6;0;SOLEIL;5.5;8.6;0
Châteauroux;46.81;1.69;26/09/2026;02:00;15.7;0;SOLEIL;5.4;9.4;0
Châteauroux;46.81;1.69;26/09/2026;03:00;15.6;0;SOLEIL;4.7;8.6;0
Châteauroux;46.81;1.69;26/09/2026;04:00;14.9;0;SOLEIL;4.7;8.3;0
Châteauroux;46.81;1.69;26/09/2026;05:00;14.6;2;NUAGEUX;4.3;7.6;0
Châteauroux;46.81;1.69;26/09/2026;06:00;14.9;2;NUAGEUX;5.4;9.0;0
Châteauroux;46.81;1.69;26/09/2026;07:00;15.1;2;NUAGEUX;5.9;9.7;0
Châteauroux;46.81;1.69;26/09/2026;08:00;15.4;2;NUAGEUX;5.2;9.7;0
Châteauroux;46.81;1.69;26/09/2026;09:00;17.1;2;NUAGEUX;5.2;9.4;0
Châteauroux;46.81;1.69;26/09/2026;10:00;19.1;2;NUAGEUX;7.1;13.7;0
Châteauroux;46.81;1.69;26/09/2026;11:00;20.6;2;NUAGEUX;7.9;15.8;0
Châteauroux;46.81;1.69;26/09/2026;12:00;22.1;2;NUAGEUX;7.7;15.5;0
Châteauroux;46.81;1.69;26/09/2026;13:00;23.2;0;SOLEIL;5.8;15.5;0
Châteauroux;46.81;1.69;26/09/2026;14:00;24;0;SOLEIL;2.9;12.6;0
Châteauroux;46.81;1.69;26/09/2026;15:00;24.7;0;SOLEIL;0.7;7.6;0
Châteauroux;46.81;1.69;26/09/2026;16:00;24.6;0;SOLEIL;4.5;10.4;0
Châteauroux;46.81;1.69;26/09/2026;17:00;23.8;0;SOLEIL;8.4;16.6;0
Châteauroux;46.81;1.69;26/09/2026;18:00;22;0;SOLEIL;4.1;13.3;0
Châteauroux;46.81;1.69;26/09/2026;19:00;19.9;0;SOLEIL;9.6;22.0;0
Châteauroux;46.81;1.69;26/09/2026;20:00;18.7;0;SOLEIL;5.4;14.0;0
Châteauroux;46.81;1.69;26/09/2026;21:00;18.1;0;SOLEIL;8.8;14.4;0
Châteauroux;46.81;1.69;26/09/2026;22:00;17;0;SOLEIL;13.0;21.2;0
Châteauroux;46.81;1.69;26/09/2026;23:00;16.4;0;SOLEIL;14.1;25.9;0
Châteauroux;46.81;1.69;27/09/2026;00:00;15.7;0;SOLEIL;13.3;23.8;0
Châteauroux;46.81;1.69;27/09/2026;01:00;15.7;0;SOLEIL;12.9;22.3;0
Châteauroux;46.81;1.69;27/09/2026;02:00;15.5;0;SOLEIL;12.7;22.3;0
Châteauroux;46.81;1.69;27/09/2026;03:00;15.5;0;SOLEIL;12.7;22.0;0
Châteauroux;46.81;1.69;27/09/2026;04:00;15.5;0;SOLEIL;15.3;26.6;0
Châteauroux;46.81;1.69;27/09/2026;05:00;16.2;5;SOLEIL VOILÉ;18.2;31.3;0
Châteauroux;46.81;1.69;27/09/2026;06:00;16.2;5;SOLEIL VOILÉ;15.1;31.3;0
Châteauroux;46.81;1.69;27/09/2026;07:00;16.2;5;SOLEIL VOILÉ;12.6;25.2;0
Châteauroux;46.81;1.69;27/09/2026;08:00;23.4;0;SOLEIL;10.7;20.9;0
Châteauroux;46.81;1.69;27/09/2026;09:00;23.4;0;SOLEIL;11.5;19.4;0
Châteauroux;46.81;1.69;27/09/2026;10:00;23.4;0;SOLEIL;12.1;22.3;0
Châteauroux;46.81;1.69;27/09/2026;11:00;29.1;5;SOLEIL VOILÉ;13.0;24.5;0
Châteauroux;46.81;1.69;27/09/2026;12:00;29.1;5;SOLEIL VOILÉ;11.2;23.4;0
Châteauroux;46.81;1.69;27/09/2026;13:00;29.1;5;SOLEIL VOILÉ;10.1;19.8;0
Châteauroux;46.81;1.69;27/09/2026;14:00;31.6;5;SOLEIL VOILÉ;9.6;18.0;0
Châteauroux;46.81;1.69;27/09/2026;15:00;31.6;5;SOLEIL VOILÉ;9.9;14.8;0
Châteauroux;46.81;1.69;27/09/2026;16:00;31.6;5;SOLEIL VOILÉ;3.2;14.4;0
Châteauroux;46.81;1.69;27/09/2026;17:00;28.6;5;SOLEIL VOILÉ;0.7;6.5;0
Châteauroux;46.81;1.69;27/09/2026;18:00;28.6;5;SOLEIL VOILÉ;1.8;4.7;0
Châteauroux;46.81;1.69;27/09/2026;19:00;28.6;5;SOLEIL VOILÉ;3.4;5.8;0
Châteauroux;46.81;1.69;27/09/2026;20:00;22.5;5;SOLEIL VOILÉ;4.7;10.1;0
Châteauroux;46.81;1.69;27/09/2026;21:00;22.5;5;SOLEIL VOILÉ;4.5;7.6;0
Châteauroux;46.81;1.69;27/09/2026;22:00;22.5;5;SOLEIL VOILÉ;3.1;7.2;0
Châteauroux;46.81;1.69;27/09/2026;23:00;18.6;5;SOLEIL VOILÉ;3.7;5.8;0
Châteauroux;46.81;1.69;28/09/2026;00:00;18.6;5;SOLEIL VOILÉ;3.9;6.5;0
Châteauroux;46.81;1.69;28/09/2026;01:00;18.6;5;SOLEIL VOILÉ;3.7;6.1;0
Châteauroux;46.81;1.69;28/09/2026;02:00;18.1;2;NUAGEUX;3.7;6.1;0
Châteauroux;46.81;1.69;28/09/2026;03:00;18.1;2;NUAGEUX;4.8;7.9;0
Châteauroux;46.81;1.69;28/09/2026;04:00;18.1;2;NUAGEUX;4.4;7.9;0
Châteauroux;46.81;1.69;28/09/2026;05:00;17.9;2;NUAGEUX;4.7;7.9;0
Châteauroux;46.81;1.69;28/09/2026;06:00;17.9;2;NUAGEUX;4.7;8.6;0
Châteauroux;46.81;1.69;28/09/2026;07:00;17.9;2;NUAGEUX;4.0;7.9;0
Châteauroux;46.81;1.69;28/09/2026;08:00;21.9;10;ORAGEUX;3.7;6.5;0
Châteauroux;46.81;1.69;28/09/2026;09:00;21.9;10;ORAGEUX;3.6;6.5;0
Châteauroux;46.81;1.69;28/09/2026;10:00;21.9;10;ORAGEUX;4.6;9.7;0
Châteauroux;46.81;1.69;28/09/2026;11:00;24.5;5;SOLEIL VOILÉ;5.8;12.8;0
Châteauroux;46.81;1.69;28/09/2026;12:00;24.5;5;SOLEIL VOILÉ;7.8;17.3;0
Châteauroux;46.81;1.69;28/09/2026;13:00;24.5;5;SOLEIL VOILÉ;12.2;24.1;0
Châteauroux;46.81;1.69;28/09/2026;14:00;26.6;5;SOLEIL VOILÉ;13.4;26.3;0
Châteauroux;46.81;1.69;28/09/2026;15:00;26.6;5;SOLEIL VOILÉ;11.9;25.9;0
Châteauroux;46.81;1.69;28/09/2026;16:00;26.6;5;SOLEIL VOILÉ;8.4;22.7;0
Châteauroux;46.81;1.69;28/09/2026;17:00;24.7;5;SOLEIL VOILÉ;10.4;20.2;0
Châteauroux;46.81;1.69;28/09/2026;18:00;24.7;5;SOLEIL VOILÉ;6.6;20.2;0
Châteauroux;46.81;1.69;28/09/2026;19:00;24.7;5;SOLEIL VOILÉ;3.6;13.3;0
Châteauroux;46.81;1.69;28/09/2026;20:00;21.5;10;ORAGEUX;2.1;6.1;0
Châteauroux;46.81;1.69;28/09/2026;21:00;20.4;10;ORAGEUX;3.8;5.0;0
Châteauroux;46.81;1.69;28/09/2026;22:00;19.2;10;ORAGEUX;2.5;5.8;0
Châteauroux;46.81;1.69;28/09/2026;23:00;18.1;2;NUAGEUX;1.8;3.2;0
Châteauroux;46.81;1.69;29/09/2026;00:00;18.1;2;NUAGEUX;3.8;5.8;0
Châteauroux;46.81;1.69;29/09/2026;01:00;18.1;2;NUAGEUX;4.0;7.2;0
Châteauroux;46.81;1.69;29/09/2026;02:00;16.4;2;NUAGEUX;5.4;9.4;0
Châteauroux;46.81;1.69;29/09/2026;03:00;16.4;2;NUAGEUX;7.8;13.7;0
Châteauroux;46.81;1.69;29/09/2026;04:00;16.4;2;NUAGEUX;8.6;15.5;0
Châteauroux;46.81;1.69;29/09/2026;05:00;17.4;2;NUAGEUX;6.6;15.5;0
Châteauroux;46.81;1.69;29/09/2026;06:00;17.4;2;NUAGEUX;5.6;12.6;0
Châteauroux;46.81;1.69;29/09/2026;07:00;17.4;2;NUAGEUX;7.2;13.7;0
Châteauroux;46.81;1.69;29/09/2026;08:00;19.5;2;NUAGEUX;4.2;13.0;0
Châteauroux;46.81;1.69;29/09/2026;09:00;21.1;2;NUAGEUX;3.7;8.3;0
Châteauroux;46.81;1.69;29/09/2026;10:00;22.6;2;NUAGEUX;5.9;11.5;0
Châteauroux;46.81;1.69;29/09/2026;11:00;29.1;0;SOLEIL;4.9;10.1;0
Châteauroux;46.81;1.69;29/09/2026;12:00;29.1;0;SOLEIL;8.0;21.2;0
Châteauroux;46.81;1.69;29/09/2026;13:00;29.1;0;SOLEIL;3.8;16.9;0
Châteauroux;46.81;1.69;29/09/2026;14:00;28.8;2;NUAGEUX;3.1;13.0;0
Châteauroux;46.81;1.69;29/09/2026;15:00;30.4;2;NUAGEUX;0.7;11.9;0
Châteauroux;46.81;1.69;29/09/2026;16:00;28.8;2;NUAGEUX;3.4;10.1;0
Châteauroux;46.81;1.69;29/09/2026;17:00;25.6;2;NUAGEUX;6.2;9.0;0
Châteauroux;46.81;1.69;29/09/2026;18:00;25.6;2;NUAGEUX;7.5;10.4;0
Châteauroux;46.81;1.69;29/09/2026;19:00;25.6;2;NUAGEUX;8.0;12.6;0
Châteauroux;46.81;1.69;29/09/2026;20:00;22.6;2;NUAGEUX;7.9;14.0;0
Châteauroux;46.81;1.69;29/09/2026;21:00;21.1;2;NUAGEUX;6.6;13.7;0
Châteauroux;46.81;1.69;29/09/2026;22:00;19.5;2;NUAGEUX;5.4;13.0;0
Châteauroux;46.81;1.69;29/09/2026;23:00;21.6;2;NUAGEUX;4.9;11.9;0
Châteauroux;46.81;1.69;30/09/2026;00:00;21.6;2;NUAGEUX;3.1;11.2;0
Châteauroux;46.81;1.69;30/09/2026;01:00;21.6;2;NUAGEUX;3.6;10.4;0
Châteauroux;46.81;1.69;30/09/2026;02:00;18.6;2;NUAGEUX;5.4;9.7;0
Châteauroux;46.81;1.69;30/09/2026;03:00;18.6;2;NUAGEUX;4.8;8.6;0
Châteauroux;46.81;1.69;30/09/2026;04:00;18.6;2;NUAGEUX;3.6;7.6;0
Châteauroux;46.81;1.69;30/09/2026;05:00;20;2;NUAGEUX;3.3;6.8;0
Châteauroux;46.81;1.69;30/09/2026;06:00;20;2;NUAGEUX;4.0;7.2;0
Châteauroux;46.81;1.69;30/09/2026;07:00;20;2;NUAGEUX;4.9;8.6;0
Châteauroux;46.81;1.69;30/09/2026;08:00;20.6;2;NUAGEUX;5.6;9.7;0
Châteauroux;46.81;1.69;30/09/2026;09:00;21.6;2;NUAGEUX;5.8;10.1;0
Châteauroux;46.81;1.69;30/09/2026;10:00;22.6;2;NUAGEUX;6.0;10.4;0
Châteauroux;46.81;1.69;30/09/2026;11:00;26;2;NUAGEUX;6.7;13.0;0
Châteauroux;46.81;1.69;30/09/2026;12:00;26;2;NUAGEUX;9.8;19.8;0
Châteauroux;46.81;1.69;30/09/2026;13:00;26;2;NUAGEUX;14.9;29.2;0
Châteauroux;46.81;1.69;30/09/2026;14:00;26.5;2;NUAGEUX;18.9;35.6;0
Châteauroux;46.81;1.69;30/09/2026;15:00;27.5;2;NUAGEUX;19.9;38.2;0
Châteauroux;46.81;1.69;30/09/2026;16:00;26.5;2;NUAGEUX;19.1;38.5;0
Châteauroux;46.81;1.69;30/09/2026;17:00;22.6;7;PLUIE FAIBLE;17.1;36.4;0
Châteauroux;46.81;1.69;30/09/2026;18:00;22.6;7;PLUIE FAIBLE;12.6;31.3;0
Châteauroux;46.81;1.69;30/09/2026;19:00;22.6;7;PLUIE FAIBLE;7.3;23.8;0
Châteauroux;46.81;1.69;30/09/2026;20:00;22.6;2;NUAGEUX;4.1;17.6;0
Châteauroux;46.81;1.69;30/09/2026;21:00;21.6;2;NUAGEUX;4.1;13.7;0
Châteauroux;46.81;1.69;30/09/2026;22:00;20.6;2;NUAGEUX;4.8;11.2;0
Châteauroux;46.81;1.69;30/09/2026;23:00;19.1;6;AVERSES;5.7;10.1;0
Châteauroux;46.81;1.69;01/10/2026;00:00;19.1;6;AVERSES;7.1;12.2;0
Châteauroux;46.81;1.69;01/10/2026;01:00;19.1;6;AVERSES;8.4;15.8;0
Châteauroux;46.81;1.69;01/10/2026;02:00;16.1;6;AVERSES;9.0;18.0;0
Châteauroux;46.81;1.69;01/10/2026;03:00;16.1;6;AVERSES;7.9;16.6;0
Châteauroux;46.81;1.69;01/10/2026;04:00;16.1;6;AVERSES;6.1;13.7;0
Châteauroux;46.81;1.69;01/10/2026;05:00;17.6;6;AVERSES;4.6;11.2;0
Châteauroux;46.81;1.69;01/10/2026;06:00;17.6;6;AVERSES;4.6;10.3;0
Châteauroux;46.81;1.69;01/10/2026;07:00;17.6;6;AVERSES;4.8;10.1;0
Châteauroux;46.81;1.69;01/10/2026;08:00;17.1;6;AVERSES;5.2;9.7;0
Châteauroux;46.81;1.69;01/10/2026;09:00;17.6;6;AVERSES;6.9;13.7;0
Châteauroux;46.81;1.69;01/10/2026;10:00;18.1;6;AVERSES;10.0;19.4;0
Châteauroux;46.81;1.69;01/10/2026;11:00;20;6;AVERSES;12.4;24.5;0
Châteauroux;46.81;1.69;01/10/2026;12:00;20;6;AVERSES;13.0;28.1;0
Châteauroux;46.81;1.69;01/10/2026;13:00;20;6;AVERSES;13.7;31.3;0
Châteauroux;46.81;1.69;01/10/2026;14:00;20.2;6;AVERSES;15.5;33.1;0
Châteauroux;46.81;1.69;01/10/2026;15:00;20.7;6;AVERSES;16.6;33.5;0
Châteauroux;46.81;1.69;01/10/2026;16:00;20.2;6;AVERSES;17.2;33.1;0
Châteauroux;46.81;1.69;01/10/2026;17:00;18.5;6;AVERSES;16.5;31.7;0
Châteauroux;46.81;1.69;01/10/2026;18:00;18.5;6;AVERSES;13.6;29.2;0
Châteauroux;46.81;1.69;01/10/2026;19:00;18.5;6;AVERSES;9.5;26.3;0
Châteauroux;46.81;1.69;01/10/2026;20:00;18.1;6;AVERSES;7.0;23.4;0
Châteauroux;46.81;1.69;01/10/2026;21:00;17.6;6;AVERSES;6.8;21.2;0
Châteauroux;46.81;1.69;01/10/2026;22:00;17.1;6;AVERSES;7.6;19.8;0
Châteauroux;46.81;1.69;01/10/2026;23:00;14.9;0;SOLEIL;8.3;18.0;0
Châteauroux;46.81;1.69;02/10/2026;00:00;14.9;0;SOLEIL;8.0;15.8;0
Châteauroux;46.81;1.69;02/10/2026;01:00;14.9;0;SOLEIL;7.7;14.0;0
Châteauroux;46.81;1.69;02/10/2026;02:00;11.6;0;SOLEIL;6.9;12.6;0
Châteauroux;46.81;1.69;02/10/2026;03:00;11.6;0;SOLEIL;6.2;12.6;0
Châteauroux;46.81;1.69;02/10/2026;04:00;11.6;0;SOLEIL;6.4;13.3;0
Châteauroux;46.81;1.69;02/10/2026;05:00;12.7;0;SOLEIL;6.9;13.3;0
Châteauroux;46.81;1.69;02/10/2026;06:00;12.7;0;SOLEIL;5.6;11.2;0
Châteauroux;46.81;1.69;02/10/2026;07:00;12.7;0;SOLEIL;3.8;8.6;0
Châteauroux;46.81;1.69;02/10/2026;08:00;13.7;0;SOLEIL;3.9;7.2;0
Châteauroux;46.81;1.69;02/10/2026;09:00;14.8;0;SOLEIL;5.1;8.6;0
Châteauroux;46.81;1.69;02/10/2026;10:00;15.8;0;SOLEIL;6.6;11.5;0
Châteauroux;46.81;1.69;02/10/2026;11:00;20.2;7;PLUIE FAIBLE;7.8;14.8;0
Châteauroux;46.81;1.69;02/10/2026;12:00;20.2;7;PLUIE FAIBLE;7.1;17.6;0
Châteauroux;46.81;1.69;02/10/2026;13:00;20.2;7;PLUIE FAIBLE;5.8;20.9;0
Châteauroux;46.81;1.69;02/10/2026;14:00;20.0;0;SOLEIL;5.4;24.5;0
Châteauroux;46.81;1.69;02/10/2026;15:00;21.1;0;SOLEIL;6.8;29.2;0
Châteauroux;46.81;1.69;02/10/2026;16:00;20.0;0;SOLEIL;8.7;33.8;0
Châteauroux;46.81;1.69;02/10/2026;17:00;17.9;0;SOLEIL;9.1;36.7;0
Châteauroux;46.81;1.69;02/10/2026;18:00;17.9;0;SOLEIL;7.5;36.7;0
Châteauroux;46.81;1.69;02/10/2026;19:00;17.9;0;SOLEIL;9.9;34.9;0
Châteauroux;46.81;1.69;02/10/2026;20:00;15.8;0;SOLEIL;13.8;32.4;0
Châteauroux;46.81;1.69;02/10/2026;21:00;14.8;0;SOLEIL;13.9;29.2;0
Châteauroux;46.81;1.69;02/10/2026;22:00;13.7;0;SOLEIL;11.5;25.2;0
Châteauroux;46.81;1.69;02/10/2026;23:00;13.1;0;SOLEIL;10.3;24.1;0
Châteauroux;46.81;1.69;03/10/2026;00:00;13.1;0;SOLEIL;12.8;28.1;0
Châteauroux;46.81;1.69;03/10/2026;01:00;13.1;0;SOLEIL;16.8;34.9;0
Châteauroux;46.81;1.69;03/10/2026;02:00;10.1;0;SOLEIL;19.3;38.5;0
Châteauroux;46.81;1.69;03/10/2026;03:00;10.1;0;SOLEIL;18.8;36.4;0
Châteauroux;46.81;1.69;03/10/2026;04:00;10.1;0;SOLEIL;16.3;31.7;0
Châteauroux;46.81;1.69;03/10/2026;05:00;11.6;0;SOLEIL;14.2;27.4;0
Châteauroux;46.81;1.69;03/10/2026;06:00;11.6;0;SOLEIL;11.9;24.5;0
Châteauroux;46.81;1.69;03/10/2026;07:00;11.6;0;SOLEIL;10.2;22.0;0
Châteauroux;46.81;1.69;03/10/2026;08:00;12.9;0;SOLEIL;9.4;21.6;0
Châteauroux;46.81;1.69;03/10/2026;09:00;14.2;0;SOLEIL;11.0;24.5;0
Châteauroux;46.81;1.69;03/10/2026;10:00;15.6;0;SOLEIL;14.3;28.8;0
Châteauroux;46.81;1.69;03/10/2026;11:00;21.5;0;SOLEIL;16.6;32.0;0
Châteauroux;46.81;1.69;03/10/2026;12:00;21.5;0;SOLEIL;13.9;28.1;0
Châteauroux;46.81;1.69;03/10/2026;13:00;21.5;0;SOLEIL;10.8;24.8;0
Châteauroux;46.81;1.69;03/10/2026;14:00;21.1;0;SOLEIL;8.6;22.7;0
Châteauroux;46.81;1.69;03/10/2026;15:00;22.5;0;SOLEIL;6.8;21.2;0
Châteauroux;46.81;1.69;03/10/2026;16:00;21.1;0;SOLEIL;6.8;21.6;0
Châteauroux;46.81;1.69;03/10/2026;17:00;18.6;0;SOLEIL;6.9;21.6;0
Châteauroux;46.81;1.69;03/10/2026;18:00;18.6;0;SOLEIL;6.9;21.6;0
Châteauroux;46.81;1.69;03/10/2026;19:00;18.6;0;SOLEIL;6.8;20.9;0
Châteauroux;46.81;1.69;03/10/2026;20:00;15.6;0;SOLEIL;6.8;20.5;0
Châteauroux;46.81;1.69;03/10/2026;21:00;14.2;0;SOLEIL;6.5;19.8;0
Châteauroux;46.81;1.69;03/10/2026;22:00;12.9;0;SOLEIL;6.3;18.4;0
Châteauroux;46.81;1.69;03/10/2026;23:00;14;0;SOLEIL;6.1;17.3;0
Écueillé;47.08;1.34;26/09/2026;00:00;16;0;SOLEIL;6.0;9.0;0
Écueillé;47.08;1.34;26/09/2026;01:00;14.4;0;SOLEIL;5.8;9.4;0
Écueillé;47.08;1.34;26/09/2026;02:00;13.6;0;SOLEIL;5.5;8.6;0
Écueillé;47.08;1.34;26/09/2026;03:00;12.6;0;SOLEIL;5.4;9.4;0
Écueillé;47.08;1.34;26/09/2026;04:00;11.6;0;SOLEIL;4.3;8.3;0
Écueillé;47.08;1.34;26/09/2026;05:00;12.4;2;NUAGEUX;5.1;7.9;0
Écueillé;47.08;1.34;26/09/2026;06:00;13.1;2;NUAGEUX;5.4;9.4;0
Écueillé;47.08;1.34;26/09/2026;07:00;13.6;4;COUVERT;5.5;9.0;0
Écueillé;47.08;1.34;26/09/2026;08:00;14.9;2;NUAGEUX;5.4;8.6;0
Écueillé;47.08;1.34;26/09/2026;09:00;16.5;2;NUAGEUX;6.1;10.1;0
Écueillé;47.08;1.34;26/09/2026;10:00;18.1;2;NUAGEUX;8.7;14.4;0
Écueillé;47.08;1.34;26/09/2026;11:00;20.4;2;NUAGEUX;11.0;17.3;0
Écueillé;47.08;1.34;26/09/2026;12:00;21.9;2;NUAGEUX;10.0;18.0;0
Écueillé;47.08;1.34;26/09/2026;13:00;22.4;0;SOLEIL;9.5;18.0;0
Écueillé;47.08;1.34;26/09/2026;14:00;23.5;0;SOLEIL;7.2;16.6;0
Écueillé;47.08;1.34;26/09/2026;15:00;23.7;0;SOLEIL;5.4;13.3;0
Écueillé;47.08;1.34;26/09/2026;16:00;23.6;0;SOLEIL;7.0;13.3;0
Écueillé;47.08;1.34;26/09/2026;17:00;22.6;0;SOLEIL;9.7;16.2;0
Écueillé;47.08;1.34;26/09/2026;18:00;20.9;0;SOLEIL;12.0;18.4;0
Écueillé;47.08;1.34;26/09/2026;19:00;19;0;SOLEIL;8.2;20.2;0
Écueillé;47.08;1.34;26/09/2026;20:00;17.5;0;SOLEIL;6.2;10.8;0
Écueillé;47.08;1.34;26/09/2026;21:00;16.2;0;SOLEIL;7.4;11.2;0
Écueillé;47.08;1.34;26/09/2026;22:00;14.9;0;SOLEIL;11.8;18.0;0
Écueillé;47.08;1.34;26/09/2026;23:00;14.5;0;SOLEIL;13.6;22.0;0
Écueillé;47.08;1.34;27/09/2026;00:00;14.5;0;SOLEIL;14.5;22.7;0
Écueillé;47.08;1.34;27/09/2026;01:00;14.5;0;SOLEIL;14.1;22.7;0
Écueillé;47.08;1.34;27/09/2026;02:00;14.1;0;SOLEIL;13.9;22.3;0
Écueillé;47.08;1.34;27/09/2026;03:00;14.1;0;SOLEIL;13.0;22.0;0
Écueillé;47.08;1.34;27/09/2026;04:00;14.1;0;SOLEIL;12.8;20.9;0
Écueillé;47.08;1.34;27/09/2026;05:00;14.5;5;SOLEIL VOILÉ;13.7;22.3;0
Écueillé;47.08;1.34;27/09/2026;06:00;14.5;5;SOLEIL VOILÉ;12.1;22.7;0
Écueillé;47.08;1.34;27/09/2026;07:00;14.5;5;SOLEIL VOILÉ;9.5;19.1;0
Écueillé;47.08;1.34;27/09/2026;08:00;23.1;5;SOLEIL VOILÉ;10.0;17.3;0
Écueillé;47.08;1.34;27/09/2026;09:00;23.1;5;SOLEIL VOILÉ;8.0;16.6;0
Écueillé;47.08;1.34;27/09/2026;10:00;23.1;5;SOLEIL VOILÉ;9.4;15.5;0
Écueillé;47.08;1.34;27/09/2026;11:00;27.6;5;SOLEIL VOILÉ;9.8;18.4;0
Écueillé;47.08;1.34;27/09/2026;12:00;27.6;5;SOLEIL VOILÉ;9.0;15.8;0
Écueillé;47.08;1.34;27/09/2026;13:00;27.6;5;SOLEIL VOILÉ;7.9;14.8;0
Écueillé;47.08;1.34;27/09/2026;14:00;29.6;5;SOLEIL VOILÉ;6.2;14.0;0
Écueillé;47.08;1.34;27/09/2026;15:00;29.6;5;SOLEIL VOILÉ;3.6;11.5;0
Écueillé;47.08;1.34;27/09/2026;16:00;29.6;5;SOLEIL VOILÉ;3.7;9.0;0
Écueillé;47.08;1.34;27/09/2026;17:00;26;5;SOLEIL VOILÉ;3.6;8.6;0
Écueillé;47.08;1.34;27/09/2026;18:00;26;5;SOLEIL VOILÉ;7.3;11.9;0
Écueillé;47.08;1.34;27/09/2026;19:00;26;5;SOLEIL VOILÉ;5.1;11.9;0
Écueillé;47.08;1.34;27/09/2026;20:00;20.1;5;SOLEIL VOILÉ;3.8;7.9;0
Écueillé;47.08;1.34;27/09/2026;21:00;20.1;5;SOLEIL VOILÉ;4.7;6.5;0
Écueillé;47.08;1.34;27/09/2026;22:00;20.1;5;SOLEIL VOILÉ;4.3;7.6;0
Écueillé;47.08;1.34;27/09/2026;23:00;18;5;SOLEIL VOILÉ;5.2;7.6;0
Écueillé;47.08;1.34;28/09/2026;00:00;18;5;SOLEIL VOILÉ;4.1;7.9;0
Écueillé;47.08;1.34;28/09/2026;01:00;18;5;SOLEIL VOILÉ;4.9;7.6;0
Écueillé;47.08;1.34;28/09/2026;02:00;15.9;2;NUAGEUX;2.9;7.6;0
Écueillé;47.08;1.34;28/09/2026;03:00;15.9;2;NUAGEUX;4.0;6.1;0
Écueillé;47.08;1.34;28/09/2026;04:00;15.9;2;NUAGEUX;4.0;6.1;0
Écueillé;47.08;1.34;28/09/2026;05:00;16.1;2;NUAGEUX;4.3;6.8;0
Écueillé;47.08;1.34;28/09/2026;06:00;16.1;2;NUAGEUX;5.1;7.2;0
Écueillé;47.08;1.34;28/09/2026;07:00;16.1;2;NUAGEUX;6.1;9.4;0
Écueillé;47.08;1.34;28/09/2026;08:00;20.5;10;ORAGEUX;5.6;9.0;0
Écueillé;47.08;1.34;28/09/2026;09:00;20.5;10;ORAGEUX;6.0;9.4;0
Écueillé;47.08;1.34;28/09/2026;10:00;20.5;10;ORAGEUX;7.7;13.0;0
Écueillé;47.08;1.34;28/09/2026;11:00;23.6;10;ORAGEUX;9.0;16.1;0
Écueillé;47.08;1.34;28/09/2026;12:00;23.6;10;ORAGEUX;12.2;21.2;0
Écueillé;47.08;1.34;28/09/2026;13:00;23.6;10;ORAGEUX;13.2;22.7;0
Écueillé;47.08;1.34;28/09/2026;14:00;25.5;5;SOLEIL VOILÉ;13.0;24.8;0
Écueillé;47.08;1.34;28/09/2026;15:00;25.5;5;SOLEIL VOILÉ;13.0;24.8;0
Écueillé;47.08;1.34;28/09/2026;16:00;25.5;5;SOLEIL VOILÉ;9.4;22.3;0
Écueillé;47.08;1.34;28/09/2026;17:00;22.2;5;SOLEIL VOILÉ;8.0;20.9;0
Écueillé;47.08;1.34;28/09/2026;18:00;22.2;5;SOLEIL VOILÉ;6.4;14.4;0
Écueillé;47.08;1.34;28/09/2026;19:00;22.2;5;SOLEIL VOILÉ;1.8;11.2;0
Écueillé;47.08;1.34;28/09/2026;20:00;20.1;10;ORAGEUX;1.3;3.2;0
Écueillé;47.08;1.34;28/09/2026;21:00;18.9;10;ORAGEUX;1.8;3.2;0
Écueillé;47.08;1.34;28/09/2026;22:00;17.6;10;ORAGEUX;2.5;3.2;0
Écueillé;47.08;1.34;28/09/2026;23:00;17.4;2;NUAGEUX;3.7;5.8;0
Écueillé;47.08;1.34;29/09/2026;00:00;17.4;2;NUAGEUX;4.2;6.5;0
Écueillé;47.08;1.34;29/09/2026;01:00;17.4;2;NUAGEUX;4.8;7.9;0
Écueillé;47.08;1.34;29/09/2026;02:00;16.2;2;NUAGEUX;4.3;7.9;0
Écueillé;47.08;1.34;29/09/2026;03:00;16.2;2;NUAGEUX;6.2;10.4;0
Écueillé;47.08;1.34;29/09/2026;04:00;16.2;2;NUAGEUX;6.4;10.4;0
Écueillé;47.08;1.34;29/09/2026;05:00;17;2;NUAGEUX;6.4;10.8;0
Écueillé;47.08;1.34;29/09/2026;06:00;17;2;NUAGEUX;5.1;11.9;0
Écueillé;47.08;1.34;29/09/2026;07:00;17;2;NUAGEUX;5.8;16.9;0
Écueillé;47.08;1.34;29/09/2026;08:00;19.1;2;NUAGEUX;2.8;9.7;0
Écueillé;47.08;1.34;29/09/2026;09:00;20.6;2;NUAGEUX;3.5;10.1;0
Écueillé;47.08;1.34;29/09/2026;10:00;22.1;2;NUAGEUX;5.6;10.1;0
Écueillé;47.08;1.34;29/09/2026;11:00;27.6;2;NUAGEUX;7.6;15.8;0
Écueillé;47.08;1.34;29/09/2026;12:00;27.6;2;NUAGEUX;7.1;13.7;0
Écueillé;47.08;1.34;29/09/2026;13:00;27.6;2;NUAGEUX;5.4;13.7;0
Écueillé;47.08;1.34;29/09/2026;14:00;27.9;2;NUAGEUX;3.5;10.8;0
Écueillé;47.08;1.34;29/09/2026;15:00;29.4;2;NUAGEUX;1.6;11.9;0
Écueillé;47.08;1.34;29/09/2026;16:00;27.9;2;NUAGEUX;5.4;14.0;0
Écueillé;47.08;1.34;29/09/2026;17:00;23.6;2;NUAGEUX;8.9;16.2;0
Écueillé;47.08;1.34;29/09/2026;18:00;23.6;2;NUAGEUX;10.0;17.6;0
Écueillé;47.08;1.34;29/09/2026;19:00;23.6;2;NUAGEUX;9.5;18.7;0
Écueillé;47.08;1.34;29/09/2026;20:00;22.1;2;NUAGEUX;9.4;19.8;0
Écueillé;47.08;1.34;29/09/2026;21:00;20.6;2;NUAGEUX;10.9;21.2;0
Écueillé;47.08;1.34;29/09/2026;22:00;19.1;2;NUAGEUX;13.2;22.3;0
Écueillé;47.08;1.34;29/09/2026;23:00;20.6;2;NUAGEUX;13.2;22.0;0
Écueillé;47.08;1.34;30/09/2026;00:00;20.6;2;NUAGEUX;9.8;18.7;0
Écueillé;47.08;1.34;30/09/2026;01:00;20.6;2;NUAGEUX;5.8;13.7;0
Écueillé;47.08;1.34;30/09/2026;02:00;17.9;7;PLUIE FAIBLE;6.0;10.4;0
Écueillé;47.08;1.34;30/09/2026;03:00;17.9;7;PLUIE FAIBLE;6.9;10.1;0
Écueillé;47.08;1.34;30/09/2026;04:00;17.9;7;PLUIE FAIBLE;7.6;11.2;0
Écueillé;47.08;1.34;30/09/2026;05:00;18.9;2;NUAGEUX;7.7;12.6;0
Écueillé;47.08;1.34;30/09/2026;06:00;18.9;2;NUAGEUX;8.1;13.3;0
Écueillé;47.08;1.34;30/09/2026;07:00;18.9;2;NUAGEUX;8.6;14.0;0
Écueillé;47.08;1.34;30/09/2026;08:00;19.8;7;PLUIE FAIBLE;9.5;15.5;0
Écueillé;47.08;1.34;30/09/2026;09:00;20.7;7;PLUIE FAIBLE;10.6;17.3;0
Écueillé;47.08;1.34;30/09/2026;10:00;21.7;7;PLUIE FAIBLE;11.8;19.8;0
Écueillé;47.08;1.34;30/09/2026;11:00;24.4;7;PLUIE FAIBLE;13.0;22.3;0
Écueillé;47.08;1.34;30/09/2026;12:00;24.4;7;PLUIE FAIBLE;14.1;25.9;0
Écueillé;47.08;1.34;30/09/2026;13:00;24.4;7;PLUIE FAIBLE;15.9;29.5;0
Écueillé;47.08;1.34;30/09/2026;14:00;25.5;7;PLUIE FAIBLE;17.0;31.7;0
Écueillé;47.08;1.34;30/09/2026;15:00;26.4;7;PLUIE FAIBLE;16.8;31.3;0
Écueillé;47.08;1.34;30/09/2026;16:00;25.5;7;PLUIE FAIBLE;15.5;29.5;0
Écueillé;47.08;1.34;30/09/2026;17:00;21.5;6;AVERSES;13.8;26.6;0
Écueillé;47.08;1.34;30/09/2026;18:00;21.5;6;AVERSES;10.0;22.0;0
Écueillé;47.08;1.34;30/09/2026;19:00;21.5;6;AVERSES;5.6;16.6;0
Écueillé;47.08;1.34;30/09/2026;20:00;21.7;7;PLUIE FAIBLE;3.6;13.0;0
Écueillé;47.08;1.34;30/09/2026;21:00;20.7;7;PLUIE FAIBLE;5.0;12.6;0
Écueillé;47.08;1.34;30/09/2026;22:00;19.8;7;PLUIE FAIBLE;7.4;14.0;0
Écueillé;47.08;1.34;30/09/2026;23:00;17.7;7;PLUIE FAIBLE;9.7;15.8;0
Écueillé;47.08;1.34;01/10/2026;00:00;17.7;7;PLUIE FAIBLE;11.2;18.7;0
Écueillé;47.08;1.34;01/10/2026;01:00;17.7;7;PLUIE FAIBLE;12.9;22.0;0
Écueillé;47.08;1.34;01/10/2026;02:00;14.7;6;AVERSES;14.2;23.8;0
Écueillé;47.08;1.34;01/10/2026;03:00;14.7;6;AVERSES;14.1;23.0;0
Écueillé;47.08;1.34;01/10/2026;04:00;14.7;6;AVERSES;13.1;21.2;0
Écueillé;47.08;1.34;01/10/2026;05:00;15.9;6;AVERSES;12.2;19.8;0
Écueillé;47.08;1.34;01/10/2026;06:00;15.9;6;AVERSES;11.3;18.9;0
Écueillé;47.08;1.34;01/10/2026;07:00;15.9;6;AVERSES;10.4;17.8;0
Écueillé;47.08;1.34;01/10/2026;08:00;15.9;6;AVERSES;9.4;16.1;0
Écueillé;47.08;1.34;01/10/2026;09:00;16.5;6;AVERSES;9.8;17.3;0
Écueillé;47.08;1.34;01/10/2026;10:00;17.1;6;AVERSES;13.9;24.5;0
Écueillé;47.08;1.34;01/10/2026;11:00;19.6;6;AVERSES;16.3;29.9;0
Écueillé;47.08;1.34;01/10/2026;12:00;19.6;6;AVERSES;16.7;31.7;0
Écueillé;47.08;1.34;01/10/2026;13:00;19.6;6;AVERSES;16.8;31.7;0
Écueillé;47.08;1.34;01/10/2026;14:00;19.6;6;AVERSES;17.3;32.0;0
Écueillé;47.08;1.34;01/10/2026;15:00;20.2;6;AVERSES;18.2;33.5;0
Écueillé;47.08;1.34;01/10/2026;16:00;19.6;6;AVERSES;18.7;35.3;0
Écueillé;47.08;1.34;01/10/2026;17:00;17.1;7;PLUIE FAIBLE;17.6;34.9;0
Écueillé;47.08;1.34;01/10/2026;18:00;17.1;7;PLUIE FAIBLE;13.5;30.6;0
Écueillé;47.08;1.34;01/10/2026;19:00;17.1;7;PLUIE FAIBLE;8.3;24.5;0
Écueillé;47.08;1.34;01/10/2026;20:00;17.1;6;AVERSES;6.6;20.5;0
Écueillé;47.08;1.34;01/10/2026;21:00;16.5;6;AVERSES;7.0;20.5;0
Écueillé;47.08;1.34;01/10/2026;22:00;15.9;6;AVERSES;9.1;22.3;0
Écueillé;47.08;1.34;01/10/2026;23:00;13.6;0;SOLEIL;11.3;23.8;0
Écueillé;47.08;1.34;02/10/2026;00:00;13.6;0;SOLEIL;11.9;23.0;0
Écueillé;47.08;1.34;02/10/2026;01:00;13.6;0;SOLEIL;12.0;21.6;0
Écueillé;47.08;1.34;02/10/2026;02:00;10.9;0;SOLEIL;12.3;21.2;0
Écueillé;47.08;1.34;02/10/2026;03:00;10.9;0;SOLEIL;13.2;23.8;0
Écueillé;47.08;1.34;02/10/2026;04:00;10.9;0;SOLEIL;14.5;27.0;0
Écueillé;47.08;1.34;02/10/2026;05:00;11.7;0;SOLEIL;14.9;28.8;0
Écueillé;47.08;1.34;02/10/2026;06:00;11.7;0;SOLEIL;12.4;26.6;0
Écueillé;47.08;1.34;02/10/2026;07:00;11.7;0;SOLEIL;8.2;22.7;0
Écueillé;47.08;1.34;02/10/2026;08:00;13.1;0;SOLEIL;6.5;19.8;0
Écueillé;47.08;1.34;02/10/2026;09:00;14.1;0;SOLEIL;7.8;20.2;0
Écueillé;47.08;1.34;02/10/2026;10:00;15.2;0;SOLEIL;10.1;21.6;0
Écueillé;47.08;1.34;02/10/2026;11:00;19.9;7;PLUIE FAIBLE;11.8;23.0;0
Écueillé;47.08;1.34;02/10/2026;12:00;19.9;7;PLUIE FAIBLE;12.0;23.0;0
Écueillé;47.08;1.34;02/10/2026;13:00;19.9;7;PLUIE FAIBLE;11.1;23.0;0
Écueillé;47.08;1.34;02/10/2026;14:00;19.5;0;SOLEIL;10.3;23.8;0
Écueillé;47.08;1.34;02/10/2026;15:00;20.6;0;SOLEIL;9.2;25.9;0
Écueillé;47.08;1.34;02/10/2026;16:00;19.5;0;SOLEIL;8.7;28.8;0
Écueillé;47.08;1.34;02/10/2026;17:00;16.6;0;SOLEIL;9.2;31.3;0
Écueillé;47.08;1.34;02/10/2026;18:00;16.6;0;SOLEIL;11.2;32.4;0
Écueillé;47.08;1.34;02/10/2026;19:00;16.6;0;SOLEIL;15.5;32.8;0
Écueillé;47.08;1.34;02/10/2026;20:00;15.2;0;SOLEIL;17.9;33.1;0
Écueillé;47.08;1.34;02/10/2026;21:00;14.1;0;SOLEIL;17.0;34.2;0
Écueillé;47.08;1.34;02/10/2026;22:00;13.1;0;SOLEIL;16.3;35.3;0
Écueillé;47.08;1.34;02/10/2026;23:00;12.6;0;SOLEIL;16.7;35.6;0
Écueillé;47.08;1.34;03/10/2026;00:00;12.6;0;SOLEIL;16.9;34.9;0
Écueillé;47.08;1.34;03/10/2026;01:00;12.6;0;SOLEIL;16.3;33.8;0
Écueillé;47.08;1.34;03/10/2026;02:00;9.5;0;SOLEIL;16.2;32.4;0
Écueillé;47.08;1.34;03/10/2026;03:00;9.5;0;SOLEIL;15.8;30.6;0
Écueillé;47.08;1.34;03/10/2026;04:00;9.5;0;SOLEIL;15.5;28.8;0
Écueillé;47.08;1.34;03/10/2026;05:00;10.6;0;SOLEIL;14.8;26.6;0
Écueillé;47.08;1.34;03/10/2026;06:00;10.6;0;SOLEIL;13.3;24.1;0
Écueillé;47.08;1.34;03/10/2026;07:00;10.6;0;SOLEIL;11.8;21.2;0
Écueillé;47.08;1.34;03/10/2026;08:00;12.3;0;SOLEIL;11.4;20.2;0
Écueillé;47.08;1.34;03/10/2026;09:00;13.7;0;SOLEIL;12.3;22.3;0
Écueillé;47.08;1.34;03/10/2026;10:00;15.1;0;SOLEIL;14.5;26.3;0
Écueillé;47.08;1.34;03/10/2026;11:00;21.2;0;SOLEIL;16.1;29.5;0
Écueillé;47.08;1.34;03/10/2026;12:00;21.2;0;SOLEIL;13.5;26.6;0
Écueillé;47.08;1.34;03/10/2026;13:00;21.2;0;SOLEIL;10.4;23.6;0
Écueillé;47.08;1.34;03/10/2026;14:00;20.7;0;SOLEIL;7.4;20.4;0
Écueillé;47.08;1.34;03/10/2026;15:00;22.1;0;SOLEIL;4.6;17.3;0
Écueillé;47.08;1.34;03/10/2026;16:00;20.7;0;SOLEIL;4.8;18.0;0
Écueillé;47.08;1.34;03/10/2026;17:00;17.6;0;SOLEIL;4.7;18.4;0
Écueillé;47.08;1.34;03/10/2026;18:00;17.6;0;SOLEIL;4.8;18.4;0
Écueillé;47.08;1.34;03/10/2026;19:00;17.6;0;SOLEIL;5.0;18.7;0
Écueillé;47.08;1.34;03/10/2026;20:00;15.1;0;SOLEIL;5.2;18.7;0
Écueillé;47.08;1.34;03/10/2026;21:00;13.7;0;SOLEIL;5.6;18.7;0
Écueillé;47.08;1.34;03/10/2026;22:00;12.3;0;SOLEIL;6.3;18.7;0
Écueillé;47.08;1.34;03/10/2026;23:00;14.1;2;NUAGEUX;6.8;18.4;0
Éguzon-Chantôme;46.44;1.58;26/09/2026;00:00;14.9;0;SOLEIL;5.1;8.3;0
Éguzon-Chantôme;46.44;1.58;26/09/2026;01:00;14.2;0;SOLEIL;5.8;9.0;0
Éguzon-Chantôme;46.44;1.58;26/09/2026;02:00;14.1;0;SOLEIL;5.8;9.0;0
Éguzon-Chantôme;46.44;1.58;26/09/2026;03:00;14.1;0;SOLEIL;6.1;9.4;0
Éguzon-Chantôme;46.44;1.58;26/09/2026;04:00;14.1;0;SOLEIL;6.5;9.7;0
Éguzon-Chantôme;46.44;1.58;26/09/2026;05:00;13.5;2;NUAGEUX;6.1;9.7;0
Éguzon-Chantôme;46.44;1.58;26/09/2026;06:00;13.5;2;NUAGEUX;6.5;9.7;0
Éguzon-Chantôme;46.44;1.58;26/09/2026;07:00;14.9;2;NUAGEUX;7.2;10.8;0
Éguzon-Chantôme;46.44;1.58;26/09/2026;08:00;16.1;0;SOLEIL;7.6;11.5;0
Éguzon-Chantôme;46.44;1.58;26/09/2026;09:00;17.9;2;NUAGEUX;8.0;12.2;0
Éguzon-Chantôme;46.44;1.58;26/09/2026;10:00;19.9;0;SOLEIL;8.2;13.7;0
Éguzon-Chantôme;46.44;1.58;26/09/2026;11:00;22.2;0;SOLEIL;11.6;18.7;0
Éguzon-Chantôme;46.44;1.58;26/09/2026;12:00;23.6;0;SOLEIL;10.2;19.8;0
Éguzon-Chantôme;46.44;1.58;26/09/2026;13:00;24.7;0;SOLEIL;6.0;18.0;0
Éguzon-Chantôme;46.44;1.58;26/09/2026;14:00;25.4;0;SOLEIL;1.0;11.2;0
Éguzon-Chantôme;46.44;1.58;26/09/2026;15:00;25.1;0;SOLEIL;8.0;11.9;0
Éguzon-Chantôme;46.44;1.58;26/09/2026;16:00;24.9;0;SOLEIL;7.6;14.4;0
Éguzon-Chantôme;46.44;1.58;26/09/2026;17:00;23.8;0;SOLEIL;5.7;22.3;0
Éguzon-Chantôme;46.44;1.58;26/09/2026;18:00;21;0;SOLEIL;7.9;23.8;0
Éguzon-Chantôme;46.44;1.58;26/09/2026;19:00;18.1;0;SOLEIL;5.1;23.0;0
Éguzon-Chantôme;46.44;1.58;26/09/2026;20:00;16.6;0;SOLEIL;8.7;13.0;0
Éguzon-Chantôme;46.44;1.58;26/09/2026;21:00;15.9;0;SOLEIL;10.0;15.5;0
Éguzon-Chantôme;46.44;1.58;26/09/2026;22:00;14.6;0;SOLEIL;16.5;26.3;0
Éguzon-Chantôme;46.44;1.58;26/09/2026;23:00;13.6;0;SOLEIL;14.8;25.6;0
Éguzon-Chantôme;46.44;1.58;27/09/2026;00:00;13.6;0;SOLEIL;12.6;22.7;0
Éguzon-Chantôme;46.44;1.58;27/09/2026;01:00;13.6;0;SOLEIL;10.8;19.4;0
Éguzon-Chantôme;46.44;1.58;27/09/2026;02:00;12.9;0;SOLEIL;10.9;16.9;0
Éguzon-Chantôme;46.44;1.58;27/09/2026;03:00;12.9;0;SOLEIL;11.5;18.4;0
Éguzon-Chantôme;46.44;1.58;27/09/2026;04:00;12.9;0;SOLEIL;12.5;19.8;0
Éguzon-Chantôme;46.44;1.58;27/09/2026;05:00;13.5;5;SOLEIL VOILÉ;12.3;22.3;0
Éguzon-Chantôme;46.44;1.58;27/09/2026;06:00;13.5;5;SOLEIL VOILÉ;11.7;19.8;0
Éguzon-Chantôme;46.44;1.58;27/09/2026;07:00;13.5;5;SOLEIL VOILÉ;11.8;19.1;0
Éguzon-Chantôme;46.44;1.58;27/09/2026;08:00;23.4;0;SOLEIL;12.8;20.5;0
Éguzon-Chantôme;46.44;1.58;27/09/2026;09:00;23.4;0;SOLEIL;11.7;19.1;0
Éguzon-Chantôme;46.44;1.58;27/09/2026;10:00;23.4;0;SOLEIL;12.6;20.2;0
Éguzon-Chantôme;46.44;1.58;27/09/2026;11:00;30.2;5;SOLEIL VOILÉ;10.8;22.3;0
Éguzon-Chantôme;46.44;1.58;27/09/2026;12:00;30.2;5;SOLEIL VOILÉ;11.9;19.1;0
Éguzon-Chantôme;46.44;1.58;27/09/2026;13:00;30.2;5;SOLEIL VOILÉ;12.0;18.7;0
Éguzon-Chantôme;46.44;1.58;27/09/2026;14:00;31;5;SOLEIL VOILÉ;9.1;18.0;0
Éguzon-Chantôme;46.44;1.58;27/09/2026;15:00;31;5;SOLEIL VOILÉ;7.3;13.7;0
Éguzon-Chantôme;46.44;1.58;27/09/2026;16:00;31;5;SOLEIL VOILÉ;7.0;13.7;0
Éguzon-Chantôme;46.44;1.58;27/09/2026;17:00;25.1;5;SOLEIL VOILÉ;10.5;18.4;0
Éguzon-Chantôme;46.44;1.58;27/09/2026;18:00;25.1;5;SOLEIL VOILÉ;7.4;16.9;0
Éguzon-Chantôme;46.44;1.58;27/09/2026;19:00;25.1;5;SOLEIL VOILÉ;6.7;12.6;0
Éguzon-Chantôme;46.44;1.58;27/09/2026;20:00;18.7;5;SOLEIL VOILÉ;3.6;10.4;0
Éguzon-Chantôme;46.44;1.58;27/09/2026;21:00;18.7;5;SOLEIL VOILÉ;2.2;4.7;0
Éguzon-Chantôme;46.44;1.58;27/09/2026;22:00;18.7;5;SOLEIL VOILÉ;3.6;5.0;0
Éguzon-Chantôme;46.44;1.58;27/09/2026;23:00;16.7;5;SOLEIL VOILÉ;4.0;6.5;0
Éguzon-Chantôme;46.44;1.58;28/09/2026;00:00;16.7;5;SOLEIL VOILÉ;3.6;5.8;0
Éguzon-Chantôme;46.44;1.58;28/09/2026;01:00;16.7;5;SOLEIL VOILÉ;4.3;6.5;0
Éguzon-Chantôme;46.44;1.58;28/09/2026;02:00;16.6;2;NUAGEUX;4.7;7.2;0
Éguzon-Chantôme;46.44;1.58;28/09/2026;03:00;16.6;2;NUAGEUX;5.1;7.6;0
Éguzon-Chantôme;46.44;1.58;28/09/2026;04:00;16.6;2;NUAGEUX;6.2;9.0;0
Éguzon-Chantôme;46.44;1.58;28/09/2026;05:00;16.1;5;SOLEIL VOILÉ;6.9;10.4;0
Éguzon-Chantôme;46.44;1.58;28/09/2026;06:00;16.1;5;SOLEIL VOILÉ;6.1;10.1;0
Éguzon-Chantôme;46.44;1.58;28/09/2026;07:00;16.1;5;SOLEIL VOILÉ;6.5;10.1;0
Éguzon-Chantôme;46.44;1.58;28/09/2026;08:00;22;5;SOLEIL VOILÉ;5.8;10.1;0
Éguzon-Chantôme;46.44;1.58;28/09/2026;09:00;22;5;SOLEIL VOILÉ;5.8;9.5;0
Éguzon-Chantôme;46.44;1.58;28/09/2026;10:00;22;5;SOLEIL VOILÉ;7.3;12.2;0
Éguzon-Chantôme;46.44;1.58;28/09/2026;11:00;24.7;5;SOLEIL VOILÉ;10.4;18.3;0
Éguzon-Chantôme;46.44;1.58;28/09/2026;12:00;24.7;5;SOLEIL VOILÉ;15.8;28.1;0
Éguzon-Chantôme;46.44;1.58;28/09/2026;13:00;24.7;5;SOLEIL VOILÉ;18.5;33.5;0
Éguzon-Chantôme;46.44;1.58;28/09/2026;14:00;26.9;5;SOLEIL VOILÉ;15.6;33.5;0
Éguzon-Chantôme;46.44;1.58;28/09/2026;15:00;26.9;5;SOLEIL VOILÉ;14.8;28.1;0
Éguzon-Chantôme;46.44;1.58;28/09/2026;16:00;26.9;5;SOLEIL VOILÉ;14.0;27.0;0
Éguzon-Chantôme;46.44;1.58;28/09/2026;17:00;22.5;5;SOLEIL VOILÉ;14.6;27.4;0
Éguzon-Chantôme;46.44;1.58;28/09/2026;18:00;22.5;5;SOLEIL VOILÉ;13.3;25.6;0
Éguzon-Chantôme;46.44;1.58;28/09/2026;19:00;22.5;5;SOLEIL VOILÉ;7.6;23.4;0
Éguzon-Chantôme;46.44;1.58;28/09/2026;20:00;20.8;5;SOLEIL VOILÉ;4.0;13.0;0
Éguzon-Chantôme;46.44;1.58;28/09/2026;21:00;19.4;5;SOLEIL VOILÉ;4.0;6.8;0
Éguzon-Chantôme;46.44;1.58;28/09/2026;22:00;18.1;5;SOLEIL VOILÉ;4.7;7.2;0
Éguzon-Chantôme;46.44;1.58;28/09/2026;23:00;17.4;2;NUAGEUX;5.4;9.0;0
Éguzon-Chantôme;46.44;1.58;29/09/2026;00:00;17.4;2;NUAGEUX;7.3;12.2;0
Éguzon-Chantôme;46.44;1.58;29/09/2026;01:00;17.4;2;NUAGEUX;10.1;17.3;0
Éguzon-Chantôme;46.44;1.58;29/09/2026;02:00;15.6;2;NUAGEUX;12.1;20.9;0
Éguzon-Chantôme;46.44;1.58;29/09/2026;03:00;15.6;2;NUAGEUX;11.8;21.2;0
Éguzon-Chantôme;46.44;1.58;29/09/2026;04:00;15.6;2;NUAGEUX;9.9;20.2;0
Éguzon-Chantôme;46.44;1.58;29/09/2026;05:00;16.5;2;NUAGEUX;8.4;17.3;0
Éguzon-Chantôme;46.44;1.58;29/09/2026;06:00;16.5;2;NUAGEUX;7.8;14.8;0
Éguzon-Chantôme;46.44;1.58;29/09/2026;07:00;16.5;2;NUAGEUX;4.9;15.1;0
Éguzon-Chantôme;46.44;1.58;29/09/2026;08:00;18.7;2;NUAGEUX;5.2;8.6;0
Éguzon-Chantôme;46.44;1.58;29/09/2026;09:00;20.2;2;NUAGEUX;3.9;8.6;0
Éguzon-Chantôme;46.44;1.58;29/09/2026;10:00;21.7;2;NUAGEUX;4.9;8.6;0
Éguzon-Chantôme;46.44;1.58;29/09/2026;11:00;28;0;SOLEIL;9.7;20.5;0
Éguzon-Chantôme;46.44;1.58;29/09/2026;12:00;28;0;SOLEIL;11.7;21.2;0
Éguzon-Chantôme;46.44;1.58;29/09/2026;13:00;28;0;SOLEIL;12.1;23.0;0
Éguzon-Chantôme;46.44;1.58;29/09/2026;14:00;27.9;2;NUAGEUX;7.1;22.0;0
Éguzon-Chantôme;46.44;1.58;29/09/2026;15:00;29.4;2;NUAGEUX;6.6;19.4;0
Éguzon-Chantôme;46.44;1.58;29/09/2026;16:00;27.9;2;NUAGEUX;6.6;15.5;0
Éguzon-Chantôme;46.44;1.58;29/09/2026;17:00;23.7;2;NUAGEUX;6.7;12.6;0
Éguzon-Chantôme;46.44;1.58;29/09/2026;18:00;23.7;2;NUAGEUX;5.8;11.5;0
Éguzon-Chantôme;46.44;1.58;29/09/2026;19:00;23.7;2;NUAGEUX;4.0;10.8;0
Éguzon-Chantôme;46.44;1.58;29/09/2026;20:00;21.7;2;NUAGEUX;2.5;10.8;0
Éguzon-Chantôme;46.44;1.58;29/09/2026;21:00;20.2;2;NUAGEUX;2.8;10.8;0
Éguzon-Chantôme;46.44;1.58;29/09/2026;22:00;18.7;2;NUAGEUX;4.8;10.8;0
Éguzon-Chantôme;46.44;1.58;29/09/2026;23:00;19.7;2;NUAGEUX;6.8;11.5;0
Éguzon-Chantôme;46.44;1.58;30/09/2026;00:00;19.7;2;NUAGEUX;8.2;13.3;0
Éguzon-Chantôme;46.44;1.58;30/09/2026;01:00;19.7;2;NUAGEUX;9.2;15.8;0
Éguzon-Chantôme;46.44;1.58;30/09/2026;02:00;18.1;6;AVERSES;9.5;17.3;0
Éguzon-Chantôme;46.44;1.58;30/09/2026;03:00;18.1;6;AVERSES;9.2;16.6;0
Éguzon-Chantôme;46.44;1.58;30/09/2026;04:00;18.1;6;AVERSES;8.8;15.1;0
Éguzon-Chantôme;46.44;1.58;30/09/2026;05:00;19.4;2;NUAGEUX;8.5;14.8;0
Éguzon-Chantôme;46.44;1.58;30/09/2026;06:00;19.4;2;NUAGEUX;9.0;15.8;0
Éguzon-Chantôme;46.44;1.58;30/09/2026;07:00;19.4;2;NUAGEUX;10.4;17.6;0
Éguzon-Chantôme;46.44;1.58;30/09/2026;08:00;20.0;6;AVERSES;11.7;20.9;0
Éguzon-Chantôme;46.44;1.58;30/09/2026;09:00;20.9;6;AVERSES;14.2;25.6;0
Éguzon-Chantôme;46.44;1.58;30/09/2026;10:00;21.9;6;AVERSES;18.0;31.7;0
Éguzon-Chantôme;46.44;1.58;30/09/2026;11:00;24.6;7;PLUIE FAIBLE;21.0;36.7;0
Éguzon-Chantôme;46.44;1.58;30/09/2026;12:00;24.6;7;PLUIE FAIBLE;23.0;40.7;0
Éguzon-Chantôme;46.44;1.58;30/09/2026;13:00;24.6;7;PLUIE FAIBLE;24.6;43.9;0
Éguzon-Chantôme;46.44;1.58;30/09/2026;14:00;25.7;6;AVERSES;24.6;45.4;0
Éguzon-Chantôme;46.44;1.58;30/09/2026;15:00;26.6;6;AVERSES;23.4;44.3;0
Éguzon-Chantôme;46.44;1.58;30/09/2026;16:00;25.7;6;AVERSES;21.0;41.0;0
Éguzon-Chantôme;46.44;1.58;30/09/2026;17:00;21;6;AVERSES;17.6;36.7;0
Éguzon-Chantôme;46.44;1.58;30/09/2026;18:00;21;6;AVERSES;13.0;29.5;0
Éguzon-Chantôme;46.44;1.58;30/09/2026;19:00;21;6;AVERSES;7.4;21.2;0
Éguzon-Chantôme;46.44;1.58;30/09/2026;20:00;21.9;6;AVERSES;4.4;15.1;0
Éguzon-Chantôme;46.44;1.58;30/09/2026;21:00;20.9;6;AVERSES;4.9;13.7;0
Éguzon-Chantôme;46.44;1.58;30/09/2026;22:00;20.0;6;AVERSES;7.2;14.8;0
Éguzon-Chantôme;46.44;1.58;30/09/2026;23:00;17.9;6;AVERSES;9.6;16.9;0
Éguzon-Chantôme;46.44;1.58;01/10/2026;00:00;17.9;6;AVERSES;11.7;20.2;0
Éguzon-Chantôme;46.44;1.58;01/10/2026;01:00;17.9;6;AVERSES;13.5;24.5;0
Éguzon-Chantôme;46.44;1.58;01/10/2026;02:00;14.9;6;AVERSES;14.8;27.4;0
Éguzon-Chantôme;46.44;1.58;01/10/2026;03:00;14.9;6;AVERSES;14.8;27.0;0
Éguzon-Chantôme;46.44;1.58;01/10/2026;04:00;14.9;6;AVERSES;14.4;25.6;0
Éguzon-Chantôme;46.44;1.58;01/10/2026;05:00;16.1;6;AVERSES;14.0;24.5;0
Éguzon-Chantôme;46.44;1.58;01/10/2026;06:00;16.1;6;AVERSES;15.1;26.7;0
Éguzon-Chantôme;46.44;1.58;01/10/2026;07:00;16.1;6;AVERSES;16.2;30.1;0
Éguzon-Chantôme;46.44;1.58;01/10/2026;08:00;16.1;6;AVERSES;17.3;32.7;0
Éguzon-Chantôme;46.44;1.58;01/10/2026;09:00;16.7;6;AVERSES;13.4;27.7;0
Éguzon-Chantôme;46.44;1.58;01/10/2026;10:00;17.3;6;AVERSES;19.9;38.9;0
Éguzon-Chantôme;46.44;1.58;01/10/2026;11:00;19.6;6;AVERSES;24.6;46.4;0
Éguzon-Chantôme;46.44;1.58;01/10/2026;12:00;19.6;6;AVERSES;24.5;46.8;0
Éguzon-Chantôme;46.44;1.58;01/10/2026;13:00;19.6;6;AVERSES;21.9;43.9;0
Éguzon-Chantôme;46.44;1.58;01/10/2026;14:00;19.6;6;AVERSES;20.1;41.0;0
Éguzon-Chantôme;46.44;1.58;01/10/2026;15:00;20.2;6;AVERSES;20.4;40.3;0
Éguzon-Chantôme;46.44;1.58;01/10/2026;16:00;19.6;6;AVERSES;20.6;39.6;0
Éguzon-Chantôme;46.44;1.58;01/10/2026;17:00;16.2;7;PLUIE FAIBLE;19.9;37.8;0
Éguzon-Chantôme;46.44;1.58;01/10/2026;18:00;16.2;7;PLUIE FAIBLE;16.3;32.8;0
Éguzon-Chantôme;46.44;1.58;01/10/2026;19:00;16.2;7;PLUIE FAIBLE;12.0;26.3;0
Éguzon-Chantôme;46.44;1.58;01/10/2026;20:00;17.3;6;AVERSES;10.2;21.6;0
Éguzon-Chantôme;46.44;1.58;01/10/2026;21:00;16.7;6;AVERSES;9.9;20.2;0
Éguzon-Chantôme;46.44;1.58;01/10/2026;22:00;16.1;6;AVERSES;10.2;20.9;0
Éguzon-Chantôme;46.44;1.58;01/10/2026;23:00;13.1;0;SOLEIL;10.8;22.0;0
Éguzon-Chantôme;46.44;1.58;02/10/2026;00:00;13.1;0;SOLEIL;12.1;23.8;0
Éguzon-Chantôme;46.44;1.58;02/10/2026;01:00;13.1;0;SOLEIL;14.2;26.3;0
Éguzon-Chantôme;46.44;1.58;02/10/2026;02:00;10.4;0;SOLEIL;14.8;27.7;0
Éguzon-Chantôme;46.44;1.58;02/10/2026;03:00;10.4;0;SOLEIL;13.6;27.4;0
Éguzon-Chantôme;46.44;1.58;02/10/2026;04:00;10.4;0;SOLEIL;12.3;25.6;0
Éguzon-Chantôme;46.44;1.58;02/10/2026;05:00;11.1;0;SOLEIL;11.7;23.8;0
Éguzon-Chantôme;46.44;1.58;02/10/2026;06:00;11.1;0;SOLEIL;10.7;21.6;0
Éguzon-Chantôme;46.44;1.58;02/10/2026;07:00;11.1;0;SOLEIL;9.7;19.4;0
Éguzon-Chantôme;46.44;1.58;02/10/2026;08:00;12.6;0;SOLEIL;8.8;17.6;0
Éguzon-Chantôme;46.44;1.58;02/10/2026;09:00;13.8;0;SOLEIL;7.6;15.8;0
Éguzon-Chantôme;46.44;1.58;02/10/2026;10:00;14.9;0;SOLEIL;6.8;14.0;0
Éguzon-Chantôme;46.44;1.58;02/10/2026;11:00;19.7;7;PLUIE FAIBLE;6.7;14.8;0
Éguzon-Chantôme;46.44;1.58;02/10/2026;12:00;19.7;7;PLUIE FAIBLE;6.3;20.2;0
Éguzon-Chantôme;46.44;1.58;02/10/2026;13:00;19.7;7;PLUIE FAIBLE;6.3;27.4;0
Éguzon-Chantôme;46.44;1.58;02/10/2026;14:00;19.4;0;SOLEIL;7.2;31.7;0
Éguzon-Chantôme;46.44;1.58;02/10/2026;15:00;20.5;0;SOLEIL;8.4;28.8;0
Éguzon-Chantôme;46.44;1.58;02/10/2026;16:00;19.4;0;SOLEIL;10.4;22.7;0
Éguzon-Chantôme;46.44;1.58;02/10/2026;17:00;16;0;SOLEIL;11.4;20.2;0
Éguzon-Chantôme;46.44;1.58;02/10/2026;18:00;16;0;SOLEIL;11.9;25.9;0
Éguzon-Chantôme;46.44;1.58;02/10/2026;19:00;16;0;SOLEIL;13.9;34.9;0
Éguzon-Chantôme;46.44;1.58;02/10/2026;20:00;14.9;0;SOLEIL;16.0;40.0;0
Éguzon-Chantôme;46.44;1.58;02/10/2026;21:00;13.8;0;SOLEIL;14.9;35.3;0
Éguzon-Chantôme;46.44;1.58;02/10/2026;22:00;12.6;0;SOLEIL;12.7;26.6;0
Éguzon-Chantôme;46.44;1.58;02/10/2026;23:00;11.6;0;SOLEIL;11.1;22.0;0
Éguzon-Chantôme;46.44;1.58;03/10/2026;00:00;11.6;0;SOLEIL;12.2;26.3;0
Éguzon-Chantôme;46.44;1.58;03/10/2026;01:00;11.6;0;SOLEIL;14.9;34.2;0
Éguzon-Chantôme;46.44;1.58;03/10/2026;02:00;8.7;0;SOLEIL;17.1;39.2;0
Éguzon-Chantôme;46.44;1.58;03/10/2026;03:00;8.7;0;SOLEIL;17.4;37.8;0
Éguzon-Chantôme;46.44;1.58;03/10/2026;04:00;8.7;0;SOLEIL;16.6;33.1;0
Éguzon-Chantôme;46.44;1.58;03/10/2026;05:00;10.1;0;SOLEIL;15.4;29.2;0
Éguzon-Chantôme;46.44;1.58;03/10/2026;06:00;10.1;0;SOLEIL;13.3;25.9;0
Éguzon-Chantôme;46.44;1.58;03/10/2026;07:00;10.1;0;SOLEIL;11.0;23.0;0
Éguzon-Chantôme;46.44;1.58;03/10/2026;08:00;11.7;0;SOLEIL;10.4;22.3;0
Éguzon-Chantôme;46.44;1.58;03/10/2026;09:00;13.1;0;SOLEIL;12.0;25.2;0
Éguzon-Chantôme;46.44;1.58;03/10/2026;10:00;14.6;0;SOLEIL;15.5;29.9;0
Éguzon-Chantôme;46.44;1.58;03/10/2026;11:00;21.2;0;SOLEIL;17.7;33.1;0
Éguzon-Chantôme;46.44;1.58;03/10/2026;12:00;21.2;0;SOLEIL;14.8;29.3;0
Éguzon-Chantôme;46.44;1.58;03/10/2026;13:00;21.2;0;SOLEIL;12.2;25.9;0
Éguzon-Chantôme;46.44;1.58;03/10/2026;14:00;20.5;0;SOLEIL;10.5;24.3;0
Éguzon-Chantôme;46.44;1.58;03/10/2026;15:00;22.0;0;SOLEIL;9.2;23.4;0
Éguzon-Chantôme;46.44;1.58;03/10/2026;16:00;20.5;0;SOLEIL;9.3;23.8;0
Éguzon-Chantôme;46.44;1.58;03/10/2026;17:00;16.4;0;SOLEIL;9.2;24.1;0
Éguzon-Chantôme;46.44;1.58;03/10/2026;18:00;16.4;0;SOLEIL;9.2;24.1;0
Éguzon-Chantôme;46.44;1.58;03/10/2026;19:00;16.4;0;SOLEIL;9.0;23.4;0
Éguzon-Chantôme;46.44;1.58;03/10/2026;20:00;14.6;0;SOLEIL;9.1;23.0;0
Éguzon-Chantôme;46.44;1.58;03/10/2026;21:00;13.1;0;SOLEIL;8.8;22.3;0
Éguzon-Chantôme;46.44;1.58;03/10/2026;22:00;11.7;0;SOLEIL;8.5;20.9;0
Éguzon-Chantôme;46.44;1.58;03/10/2026;23:00;13.5;2;NUAGEUX;8.0;19.1;0
Le Blanc;46.63;1.06;26/09/2026;00:00;15.6;0;SOLEIL;2.6;4.0;0
Le Blanc;46.63;1.06;26/09/2026;01:00;14.6;0;SOLEIL;2.2;3.2;0
Le Blanc;46.63;1.06;26/09/2026;02:00;14.4;0;SOLEIL;4.3;4.7;0
Le Blanc;46.63;1.06;26/09/2026;03:00;14.2;0;SOLEIL;2.8;6.5;0
Le Blanc;46.63;1.06;26/09/2026;04:00;14.2;2;NUAGEUX;3.4;5.0;0
Le Blanc;46.63;1.06;26/09/2026;05:00;14;2;NUAGEUX;3.3;5.0;0
Le Blanc;46.63;1.06;26/09/2026;06:00;13.6;2;NUAGEUX;3.3;5.8;0
Le Blanc;46.63;1.06;26/09/2026;07:00;14;2;NUAGEUX;2.6;4.7;0
Le Blanc;46.63;1.06;26/09/2026;08:00;15.6;2;NUAGEUX;2.3;4.0;0
Le Blanc;46.63;1.06;26/09/2026;09:00;17.6;2;NUAGEUX;2.5;4.7;0
Le Blanc;46.63;1.06;26/09/2026;10:00;20.1;2;NUAGEUX;1.9;5.8;0
Le Blanc;46.63;1.06;26/09/2026;11:00;22;2;NUAGEUX;3.1;6.8;0
Le Blanc;46.63;1.06;26/09/2026;12:00;24;2;NUAGEUX;4.1;9.4;0
Le Blanc;46.63;1.06;26/09/2026;13:00;24.9;0;SOLEIL;5.6;12.6;0
Le Blanc;46.63;1.06;26/09/2026;14:00;25.9;0;SOLEIL;5.0;12.2;0
Le Blanc;46.63;1.06;26/09/2026;15:00;25.9;0;SOLEIL;9.3;16.6;0
Le Blanc;46.63;1.06;26/09/2026;16:00;25.6;0;SOLEIL;11.9;20.2;0
Le Blanc;46.63;1.06;26/09/2026;17:00;24.3;0;SOLEIL;13.0;22.0;0
Le Blanc;46.63;1.06;26/09/2026;18:00;22.9;0;SOLEIL;13.3;23.4;0
Le Blanc;46.63;1.06;26/09/2026;19:00;20.9;0;SOLEIL;12.4;22.3;0
Le Blanc;46.63;1.06;26/09/2026;20:00;19.1;0;SOLEIL;9.4;20.2;0
Le Blanc;46.63;1.06;26/09/2026;21:00;18.5;0;SOLEIL;15.7;26.3;0
Le Blanc;46.63;1.06;26/09/2026;22:00;17.1;5;SOLEIL VOILÉ;15.6;25.6;0
Le Blanc;46.63;1.06;26/09/2026;23:00;15.6;0;SOLEIL;14.5;25.6;0
Le Blanc;46.63;1.06;27/09/2026;00:00;15.4;0;SOLEIL;12.5;23.4;0
Le Blanc;46.63;1.06;27/09/2026;01:00;15.4;0;SOLEIL;10.4;19.4;0
Le Blanc;46.63;1.06;27/09/2026;02:00;13.6;0;SOLEIL;10.4;16.9;0
Le Blanc;46.63;1.06;27/09/2026;03:00;13.6;0;SOLEIL;11.2;18.0;0
Le Blanc;46.63;1.06;27/09/2026;04:00;13.6;0;SOLEIL;13.4;21.6;0
Le Blanc;46.63;1.06;27/09/2026;05:00;12.7;5;SOLEIL VOILÉ;10.2;22.0;0
Le Blanc;46.63;1.06;27/09/2026;06:00;12.7;5;SOLEIL VOILÉ;9.7;17.6;0
Le Blanc;46.63;1.06;27/09/2026;07:00;12.7;5;SOLEIL VOILÉ;8.4;15.8;0
Le Blanc;46.63;1.06;27/09/2026;08:00;23.2;5;SOLEIL VOILÉ;10.9;17.3;0
Le Blanc;46.63;1.06;27/09/2026;09:00;23.2;5;SOLEIL VOILÉ;9.1;18.4;0
Le Blanc;46.63;1.06;27/09/2026;10:00;23.2;5;SOLEIL VOILÉ;11.6;19.1;0
Le Blanc;46.63;1.06;27/09/2026;11:00;30.2;5;SOLEIL VOILÉ;10.8;19.8;0
Le Blanc;46.63;1.06;27/09/2026;12:00;30.2;5;SOLEIL VOILÉ;9.7;18.0;0
Le Blanc;46.63;1.06;27/09/2026;13:00;30.2;5;SOLEIL VOILÉ;7.6;16.2;0
Le Blanc;46.63;1.06;27/09/2026;14:00;32.1;5;SOLEIL VOILÉ;6.2;14.0;0
Le Blanc;46.63;1.06;27/09/2026;15:00;32.1;5;SOLEIL VOILÉ;4.0;12.6;0
Le Blanc;46.63;1.06;27/09/2026;16:00;32.1;5;SOLEIL VOILÉ;3.7;7.9;0
Le Blanc;46.63;1.06;27/09/2026;17:00;26.6;5;SOLEIL VOILÉ;3.0;8.6;0
Le Blanc;46.63;1.06;27/09/2026;18:00;26.6;5;SOLEIL VOILÉ;5.9;8.3;0
Le Blanc;46.63;1.06;27/09/2026;19:00;26.6;5;SOLEIL VOILÉ;7.4;10.8;0
Le Blanc;46.63;1.06;27/09/2026;20:00;20.1;5;SOLEIL VOILÉ;3.7;11.2;0
Le Blanc;46.63;1.06;27/09/2026;21:00;20.1;5;SOLEIL VOILÉ;4.1;6.1;0
Le Blanc;46.63;1.06;27/09/2026;22:00;20.1;5;SOLEIL VOILÉ;2.9;6.5;0
Le Blanc;46.63;1.06;27/09/2026;23:00;18.4;5;SOLEIL VOILÉ;1.8;3.6;0
Le Blanc;46.63;1.06;28/09/2026;00:00;18.4;5;SOLEIL VOILÉ;3.0;4.0;0
Le Blanc;46.63;1.06;28/09/2026;01:00;18.4;5;SOLEIL VOILÉ;2.2;3.6;0
Le Blanc;46.63;1.06;28/09/2026;02:00;17.9;2;NUAGEUX;2.9;3.6;0
Le Blanc;46.63;1.06;28/09/2026;03:00;17.9;2;NUAGEUX;2.4;3.6;0
Le Blanc;46.63;1.06;28/09/2026;04:00;17.9;2;NUAGEUX;3.1;4.0;0
Le Blanc;46.63;1.06;28/09/2026;05:00;16.2;10;ORAGEUX;1.9;4.0;0
Le Blanc;46.63;1.06;28/09/2026;06:00;16.2;10;ORAGEUX;1.8;2.5;0
Le Blanc;46.63;1.06;28/09/2026;07:00;16.2;10;ORAGEUX;1.6;2.5;0
Le Blanc;46.63;1.06;28/09/2026;08:00;22.2;10;ORAGEUX;1.9;2.2;0
Le Blanc;46.63;1.06;28/09/2026;09:00;22.2;10;ORAGEUX;2.6;4.5;0
Le Blanc;46.63;1.06;28/09/2026;10:00;22.2;10;ORAGEUX;3.0;6.3;0
Le Blanc;46.63;1.06;28/09/2026;11:00;25.1;5;SOLEIL VOILÉ;6.0;12.2;0
Le Blanc;46.63;1.06;28/09/2026;12:00;25.1;5;SOLEIL VOILÉ;9.0;16.9;0
Le Blanc;46.63;1.06;28/09/2026;13:00;25.1;5;SOLEIL VOILÉ;13.9;26.3;0
Le Blanc;46.63;1.06;28/09/2026;14:00;25.6;5;SOLEIL VOILÉ;13.6;31.7;0
Le Blanc;46.63;1.06;28/09/2026;15:00;25.6;5;SOLEIL VOILÉ;11.9;24.5;0
Le Blanc;46.63;1.06;28/09/2026;16:00;25.6;5;SOLEIL VOILÉ;12.7;23.0;0
Le Blanc;46.63;1.06;28/09/2026;17:00;24;5;SOLEIL VOILÉ;10.0;23.0;0
Le Blanc;46.63;1.06;28/09/2026;18:00;24;5;SOLEIL VOILÉ;9.9;19.8;0
Le Blanc;46.63;1.06;28/09/2026;19:00;24;5;SOLEIL VOILÉ;5.9;17.3;0
Le Blanc;46.63;1.06;28/09/2026;20:00;20.6;10;ORAGEUX;3.7;10.1;0
Le Blanc;46.63;1.06;28/09/2026;21:00;19.4;10;ORAGEUX;3.6;5.8;0
Le Blanc;46.63;1.06;28/09/2026;22:00;18.1;10;ORAGEUX;1.8;5.4;0
Le Blanc;46.63;1.06;28/09/2026;23:00;18.2;2;NUAGEUX;1.8;2.2;0
Le Blanc;46.63;1.06;29/09/2026;00:00;18.2;2;NUAGEUX;4.7;8.3;0
Le Blanc;46.63;1.06;29/09/2026;01:00;18.2;2;NUAGEUX;3.2;7.6;0
Le Blanc;46.63;1.06;29/09/2026;02:00;15.9;2;NUAGEUX;4.4;7.2;0
Le Blanc;46.63;1.06;29/09/2026;03:00;15.9;2;NUAGEUX;7.0;11.5;0
Le Blanc;46.63;1.06;29/09/2026;04:00;15.9;2;NUAGEUX;8.7;15.8;0
Le Blanc;46.63;1.06;29/09/2026;05:00;17.1;0;SOLEIL;8.2;21.6;0
Le Blanc;46.63;1.06;29/09/2026;06:00;17.1;0;SOLEIL;8.2;14.0;0
Le Blanc;46.63;1.06;29/09/2026;07:00;17.1;0;SOLEIL;5.1;18.4;0
Le Blanc;46.63;1.06;29/09/2026;08:00;19.1;2;NUAGEUX;4.3;8.3;0
Le Blanc;46.63;1.06;29/09/2026;09:00;20.7;2;NUAGEUX;4.1;15.8;0
Le Blanc;46.63;1.06;29/09/2026;10:00;22.3;2;NUAGEUX;7.1;19.1;0
Le Blanc;46.63;1.06;29/09/2026;11:00;28.6;2;NUAGEUX;9.4;14.0;0
Le Blanc;46.63;1.06;29/09/2026;12:00;28.6;2;NUAGEUX;10.9;22.0;0
Le Blanc;46.63;1.06;29/09/2026;13:00;28.6;2;NUAGEUX;6.3;19.8;0
Le Blanc;46.63;1.06;29/09/2026;14:00;28.6;2;NUAGEUX;0.7;13.0;0
Le Blanc;46.63;1.06;29/09/2026;15:00;30.2;2;NUAGEUX;3.3;17.6;0
Le Blanc;46.63;1.06;29/09/2026;16:00;28.6;2;NUAGEUX;5.2;24.1;0
Le Blanc;46.63;1.06;29/09/2026;17:00;24.1;2;NUAGEUX;6.3;27.7;0
Le Blanc;46.63;1.06;29/09/2026;18:00;24.1;2;NUAGEUX;6.5;25.6;0
Le Blanc;46.63;1.06;29/09/2026;19:00;24.1;2;NUAGEUX;6.6;20.2;0
Le Blanc;46.63;1.06;29/09/2026;20:00;22.3;2;NUAGEUX;7.1;15.5;0
Le Blanc;46.63;1.06;29/09/2026;21:00;20.7;2;NUAGEUX;6.5;12.2;0
Le Blanc;46.63;1.06;29/09/2026;22:00;19.1;2;NUAGEUX;5.8;10.1;0
Le Blanc;46.63;1.06;29/09/2026;23:00;21.1;2;NUAGEUX;4.7;8.6;0
Le Blanc;46.63;1.06;30/09/2026;00:00;21.1;2;NUAGEUX;4.7;9.4;0
Le Blanc;46.63;1.06;30/09/2026;01:00;21.1;2;NUAGEUX;6.0;10.8;0
Le Blanc;46.63;1.06;30/09/2026;02:00;18.5;7;PLUIE FAIBLE;7.4;12.2;0
Le Blanc;46.63;1.06;30/09/2026;03:00;18.5;7;PLUIE FAIBLE;8.0;12.6;0
Le Blanc;46.63;1.06;30/09/2026;04:00;18.5;7;PLUIE FAIBLE;7.7;12.6;0
Le Blanc;46.63;1.06;30/09/2026;05:00;19.9;2;NUAGEUX;7.7;12.6;0
Le Blanc;46.63;1.06;30/09/2026;06:00;19.9;2;NUAGEUX;7.7;13.0;0
Le Blanc;46.63;1.06;30/09/2026;07:00;19.9;2;NUAGEUX;8.0;13.3;0
Le Blanc;46.63;1.06;30/09/2026;08:00;20.4;7;PLUIE FAIBLE;8.7;15.1;0
Le Blanc;46.63;1.06;30/09/2026;09:00;21.4;7;PLUIE FAIBLE;10.4;19.1;0
Le Blanc;46.63;1.06;30/09/2026;10:00;22.3;7;PLUIE FAIBLE;13.0;24.1;0
Le Blanc;46.63;1.06;30/09/2026;11:00;25.1;2;NUAGEUX;15.2;28.4;0
Le Blanc;46.63;1.06;30/09/2026;12:00;25.1;2;NUAGEUX;17.3;32.0;0
Le Blanc;46.63;1.06;30/09/2026;13:00;25.1;2;NUAGEUX;19.1;34.6;0
Le Blanc;46.63;1.06;30/09/2026;14:00;26.1;7;PLUIE FAIBLE;19.5;36.0;0
Le Blanc;46.63;1.06;30/09/2026;15:00;27.1;7;PLUIE FAIBLE;18.0;35.3;0
Le Blanc;46.63;1.06;30/09/2026;16:00;26.1;7;PLUIE FAIBLE;15.5;33.5;0
Le Blanc;46.63;1.06;30/09/2026;17:00;21.9;7;PLUIE FAIBLE;13.2;29.9;0
Le Blanc;46.63;1.06;30/09/2026;18:00;21.9;7;PLUIE FAIBLE;10.1;23.8;0
Le Blanc;46.63;1.06;30/09/2026;19:00;21.9;7;PLUIE FAIBLE;6.5;16.2;0
Le Blanc;46.63;1.06;30/09/2026;20:00;22.3;7;PLUIE FAIBLE;4.6;11.2;0
Le Blanc;46.63;1.06;30/09/2026;21:00;21.4;7;PLUIE FAIBLE;5.4;10.8;0
Le Blanc;46.63;1.06;30/09/2026;22:00;20.4;7;PLUIE FAIBLE;7.5;13.0;0
Le Blanc;46.63;1.06;30/09/2026;23:00;18.1;7;PLUIE FAIBLE;9.8;16.2;0
Le Blanc;46.63;1.06;01/10/2026;00:00;18.1;7;PLUIE FAIBLE;11.8;20.5;0
Le Blanc;46.63;1.06;01/10/2026;01:00;18.1;7;PLUIE FAIBLE;14.3;25.6;0
Le Blanc;46.63;1.06;01/10/2026;02:00;15.4;6;AVERSES;16.0;28.4;0
Le Blanc;46.63;1.06;01/10/2026;03:00;15.4;6;AVERSES;15.2;27.0;0
Le Blanc;46.63;1.06;01/10/2026;04:00;15.4;6;AVERSES;13.4;23.8;0
Le Blanc;46.63;1.06;01/10/2026;05:00;16.5;6;AVERSES;12.3;21.6;0
Le Blanc;46.63;1.06;01/10/2026;06:00;16.5;6;AVERSES;13.1;23.0;0
Le Blanc;46.63;1.06;01/10/2026;07:00;16.5;6;AVERSES;14.8;25.6;0
Le Blanc;46.63;1.06;01/10/2026;08:00;16.7;6;AVERSES;15.7;26.8;0
Le Blanc;46.63;1.06;01/10/2026;09:00;17.3;6;AVERSES;11.2;19.8;0
Le Blanc;46.63;1.06;01/10/2026;10:00;18.0;6;AVERSES;16.6;29.2;0
Le Blanc;46.63;1.06;01/10/2026;11:00;20.6;6;AVERSES;20.6;36.0;0
Le Blanc;46.63;1.06;01/10/2026;12:00;20.6;6;AVERSES;21.8;38.2;0
Le Blanc;46.63;1.06;01/10/2026;13:00;20.6;6;AVERSES;21.3;38.2;0
Le Blanc;46.63;1.06;01/10/2026;14:00;20.6;6;AVERSES;21.0;37.8;0
Le Blanc;46.63;1.06;01/10/2026;15:00;21.2;6;AVERSES;21.0;37.8;0
Le Blanc;46.63;1.06;01/10/2026;16:00;20.6;6;AVERSES;21.1;37.1;0
Le Blanc;46.63;1.06;01/10/2026;17:00;17.6;6;AVERSES;20.1;35.6;0
Le Blanc;46.63;1.06;01/10/2026;18:00;17.6;6;AVERSES;17.1;32.4;0
Le Blanc;46.63;1.06;01/10/2026;19:00;17.6;6;AVERSES;14.8;28.1;0
Le Blanc;46.63;1.06;01/10/2026;20:00;18.0;6;AVERSES;14.0;23.8;0
Le Blanc;46.63;1.06;01/10/2026;21:00;17.3;6;AVERSES;11.1;19.1;0
Le Blanc;46.63;1.06;01/10/2026;22:00;16.7;6;AVERSES;7.2;14.8;0
Le Blanc;46.63;1.06;01/10/2026;23:00;13.7;0;SOLEIL;5.5;13.7;0
Le Blanc;46.63;1.06;02/10/2026;00:00;13.7;0;SOLEIL;9.4;19.1;0
Le Blanc;46.63;1.06;02/10/2026;01:00;13.7;0;SOLEIL;15.5;27.4;0
Le Blanc;46.63;1.06;02/10/2026;02:00;10.6;0;SOLEIL;19.5;33.5;0
Le Blanc;46.63;1.06;02/10/2026;03:00;10.6;0;SOLEIL;18.9;33.8;0
Le Blanc;46.63;1.06;02/10/2026;04:00;10.6;0;SOLEIL;16.2;31.7;0
Le Blanc;46.63;1.06;02/10/2026;05:00;11.5;0;SOLEIL;14.4;29.5;0
Le Blanc;46.63;1.06;02/10/2026;06:00;11.5;0;SOLEIL;13.8;28.4;0
Le Blanc;46.63;1.06;02/10/2026;07:00;11.5;0;SOLEIL;14.4;27.4;0
Le Blanc;46.63;1.06;02/10/2026;08:00;13.0;0;SOLEIL;15.3;26.3;0
Le Blanc;46.63;1.06;02/10/2026;09:00;14.3;0;SOLEIL;15.3;25.2;0
Le Blanc;46.63;1.06;02/10/2026;10:00;15.5;0;SOLEIL;14.9;24.1;0
Le Blanc;46.63;1.06;02/10/2026;11:00;20.6;7;PLUIE FAIBLE;14.1;24.5;0
Le Blanc;46.63;1.06;02/10/2026;12:00;20.6;7;PLUIE FAIBLE;12.7;27.7;0
Le Blanc;46.63;1.06;02/10/2026;13:00;20.6;7;PLUIE FAIBLE;11.4;32.4;0
Le Blanc;46.63;1.06;02/10/2026;14:00;20.4;0;SOLEIL;9.8;34.2;0
Le Blanc;46.63;1.06;02/10/2026;15:00;21.6;0;SOLEIL;6.2;28.4;0
Le Blanc;46.63;1.06;02/10/2026;16:00;20.4;0;SOLEIL;7.8;19.4;0
Le Blanc;46.63;1.06;02/10/2026;17:00;17.1;0;SOLEIL;10.0;17.3;0
Le Blanc;46.63;1.06;02/10/2026;18:00;17.1;0;SOLEIL;7.2;29.5;0
Le Blanc;46.63;1.06;02/10/2026;19:00;17.1;0;SOLEIL;15.5;47.9;0
Le Blanc;46.63;1.06;02/10/2026;20:00;15.5;0;SOLEIL;23.1;58.3;0
Le Blanc;46.63;1.06;02/10/2026;21:00;14.3;0;SOLEIL;22.3;51.1;0
Le Blanc;46.63;1.06;02/10/2026;22:00;13.0;0;SOLEIL;17.2;35.6;0
Le Blanc;46.63;1.06;02/10/2026;23:00;12.2;0;SOLEIL;13.2;24.5;0
Le Blanc;46.63;1.06;03/10/2026;00:00;12.2;0;SOLEIL;11.4;23.0;0
Le Blanc;46.63;1.06;03/10/2026;01:00;12.2;0;SOLEIL;10.8;25.9;0
Le Blanc;46.63;1.06;03/10/2026;02:00;9;0;SOLEIL;10.5;27.7;0
Le Blanc;46.63;1.06;03/10/2026;03:00;9;0;SOLEIL;10.7;26.6;0
Le Blanc;46.63;1.06;03/10/2026;04:00;9;0;SOLEIL;11.7;24.5;0
Le Blanc;46.63;1.06;03/10/2026;05:00;10.1;0;SOLEIL;12.0;22.3;0
Le Blanc;46.63;1.06;03/10/2026;06:00;10.1;0;SOLEIL;11.2;19.8;0
Le Blanc;46.63;1.06;03/10/2026;07:00;10.1;0;SOLEIL;10.1;17.6;0
Le Blanc;46.63;1.06;03/10/2026;08:00;12.1;0;SOLEIL;10.2;17.3;0
Le Blanc;46.63;1.06;03/10/2026;09:00;13.7;0;SOLEIL;11.8;20.5;0
Le Blanc;46.63;1.06;03/10/2026;10:00;15.3;0;SOLEIL;14.6;25.9;0
Le Blanc;46.63;1.06;03/10/2026;11:00;22;0;SOLEIL;16.8;29.5;0
Le Blanc;46.63;1.06;03/10/2026;12:00;22;0;SOLEIL;14.1;26.6;0
Le Blanc;46.63;1.06;03/10/2026;13:00;22;0;SOLEIL;10.8;23.2;0
Le Blanc;46.63;1.06;03/10/2026;14:00;21.5;0;SOLEIL;8.1;20.7;0
Le Blanc;46.63;1.06;03/10/2026;15:00;23.1;0;SOLEIL;5.7;18.7;0
Le Blanc;46.63;1.06;03/10/2026;16:00;21.5;0;SOLEIL;6.0;19.1;0
Le Blanc;46.63;1.06;03/10/2026;17:00;18.1;0;SOLEIL;6.4;19.4;0
Le Blanc;46.63;1.06;03/10/2026;18:00;18.1;0;SOLEIL;6.8;19.8;0
Le Blanc;46.63;1.06;03/10/2026;19:00;18.1;0;SOLEIL;7.1;19.4;0
Le Blanc;46.63;1.06;03/10/2026;20:00;15.3;0;SOLEIL;7.2;19.4;0
Le Blanc;46.63;1.06;03/10/2026;21:00;13.7;0;SOLEIL;7.1;19.1;0
Le Blanc;46.63;1.06;03/10/2026;22:00;12.1;0;SOLEIL;6.7;18.4;0
Le Blanc;46.63;1.06;03/10/2026;23:00;13.2;2;NUAGEUX;6.4;17.6;0
Chinon;47.16;0.24;26/09/2026;00:00;15.6;0;SOLEIL;5.1;9.0;0
Chinon;47.16;0.24;26/09/2026;01:00;15;0;SOLEIL;4.5;7.9;0
Chinon;47.16;0.24;26/09/2026;02:00;14;0;SOLEIL;4.7;7.6;0
Chinon;47.16;0.24;26/09/2026;03:00;13.2;0;SOLEIL;4.4;8.3;0
Chinon;47.16;0.24;26/09/2026;04:00;12.4;0;SOLEIL;4.5;7.9;0
Chinon;47.16;0.24;26/09/2026;05:00;12.1;2;NUAGEUX;4.5;7.2;0
Chinon;47.16;0.24;26/09/2026;06:00;12.1;2;NUAGEUX;5.2;8.6;0
Chinon;47.16;0.24;26/09/2026;07:00;13.6;2;NUAGEUX;5.8;9.7;0
Chinon;47.16;0.24;26/09/2026;08:00;15.7;2;NUAGEUX;5.6;9.7;0
Chinon;47.16;0.24;26/09/2026;09:00;17.4;2;NUAGEUX;5.7;9.7;0
Chinon;47.16;0.24;26/09/2026;10:00;19.2;2;NUAGEUX;6.9;13.0;0
Chinon;47.16;0.24;26/09/2026;11:00;20.4;2;NUAGEUX;10.7;18.4;0
Chinon;47.16;0.24;26/09/2026;12:00;20.6;2;NUAGEUX;10.2;19.8;0
Chinon;47.16;0.24;26/09/2026;13:00;22.2;2;NUAGEUX;10.5;19.4;0
Chinon;47.16;0.24;26/09/2026;14:00;23.3;0;SOLEIL;12.0;22.3;0
Chinon;47.16;0.24;26/09/2026;15:00;23.9;0;SOLEIL;12.5;23.0;0
Chinon;47.16;0.24;26/09/2026;16:00;24.5;0;SOLEIL;13.2;24.1;0
Chinon;47.16;0.24;26/09/2026;17:00;24.5;5;SOLEIL VOILÉ;14.8;27.4;0
Chinon;47.16;0.24;26/09/2026;18:00;22.9;5;SOLEIL VOILÉ;13.3;24.8;0
Chinon;47.16;0.24;26/09/2026;19:00;19.7;5;SOLEIL VOILÉ;10.4;23.0;0
Chinon;47.16;0.24;26/09/2026;20:00;17.7;5;SOLEIL VOILÉ;9.0;17.3;0
Chinon;47.16;0.24;26/09/2026;21:00;16.1;2;NUAGEUX;13.4;23.8;0
Chinon;47.16;0.24;26/09/2026;22:00;14.7;2;NUAGEUX;12.7;22.3;0
Chinon;47.16;0.24;26/09/2026;23:00;14.4;0;SOLEIL;10.5;22.3;0
Chinon;47.16;0.24;27/09/2026;00:00;13.6;0;SOLEIL;8.6;17.3;0
Chinon;47.16;0.24;27/09/2026;01:00;13.6;0;SOLEIL;7.6;15.1;0
Chinon;47.16;0.24;27/09/2026;02:00;12.1;5;SOLEIL VOILÉ;6.8;12.6;0
Chinon;47.16;0.24;27/09/2026;03:00;12.1;5;SOLEIL VOILÉ;6.2;11.5;0
Chinon;47.16;0.24;27/09/2026;04:00;12.1;5;SOLEIL VOILÉ;8.0;14.0;0
Chinon;47.16;0.24;27/09/2026;05:00;13.1;5;SOLEIL VOILÉ;10.7;18.7;0
Chinon;47.16;0.24;27/09/2026;06:00;13.1;5;SOLEIL VOILÉ;9.4;19.4;0
Chinon;47.16;0.24;27/09/2026;07:00;13.1;5;SOLEIL VOILÉ;6.9;16.9;0
Chinon;47.16;0.24;27/09/2026;08:00;20.4;5;SOLEIL VOILÉ;7.1;13.7;0
Chinon;47.16;0.24;27/09/2026;09:00;20.4;5;SOLEIL VOILÉ;9.8;18.4;0
Chinon;47.16;0.24;27/09/2026;10:00;20.4;5;SOLEIL VOILÉ;8.9;18.0;0
Chinon;47.16;0.24;27/09/2026;11:00;27.1;5;SOLEIL VOILÉ;8.5;16.6;0
Chinon;47.16;0.24;27/09/2026;12:00;27.1;5;SOLEIL VOILÉ;3.8;14.4;0
Chinon;47.16;0.24;27/09/2026;13:00;27.1;5;SOLEIL VOILÉ;5.5;12.2;0
Chinon;47.16;0.24;27/09/2026;14:00;29.4;5;SOLEIL VOILÉ;4.9;11.9;0
Chinon;47.16;0.24;27/09/2026;15:00;29.4;5;SOLEIL VOILÉ;5.5;11.9;0
Chinon;47.16;0.24;27/09/2026;16:00;29.4;5;SOLEIL VOILÉ;4.0;11.2;0
Chinon;47.16;0.24;27/09/2026;17:00;25.6;5;SOLEIL VOILÉ;4.3;9.4;0
Chinon;47.16;0.24;27/09/2026;18:00;25.6;5;SOLEIL VOILÉ;0.5;9.0;0
Chinon;47.16;0.24;27/09/2026;19:00;25.6;5;SOLEIL VOILÉ;1.3;3.6;0
Chinon;47.16;0.24;27/09/2026;20:00;19.6;5;SOLEIL VOILÉ;2.9;4.0;0
Chinon;47.16;0.24;27/09/2026;21:00;19.6;5;SOLEIL VOILÉ;0.7;4.7;0
Chinon;47.16;0.24;27/09/2026;22:00;19.6;5;SOLEIL VOILÉ;2.5;3.6;0
Chinon;47.16;0.24;27/09/2026;23:00;17.6;2;NUAGEUX;1.8;3.2;0
Chinon;47.16;0.24;28/09/2026;00:00;17.6;2;NUAGEUX;2.6;3.6;0
Chinon;47.16;0.24;28/09/2026;01:00;17.6;2;NUAGEUX;4.0;6.5;0
Chinon;47.16;0.24;28/09/2026;02:00;16.7;6;AVERSES;3.6;7.6;0
Chinon;47.16;0.24;28/09/2026;03:00;16.7;6;AVERSES;3.6;5.8;0
Chinon;47.16;0.24;28/09/2026;04:00;16.7;6;AVERSES;4.0;6.5;0
Chinon;47.16;0.24;28/09/2026;05:00;16.6;6;AVERSES;4.2;7.6;0
Chinon;47.16;0.24;28/09/2026;06:00;16.6;6;AVERSES;3.9;7.2;0
Chinon;47.16;0.24;28/09/2026;07:00;16.6;6;AVERSES;5.2;8.6;0
Chinon;47.16;0.24;28/09/2026;08:00;20.2;6;AVERSES;5.2;9.0;0
Chinon;47.16;0.24;28/09/2026;09:00;20.2;6;AVERSES;5.9;10.1;0
Chinon;47.16;0.24;28/09/2026;10:00;20.2;6;AVERSES;6.7;12.4;0
Chinon;47.16;0.24;28/09/2026;11:00;22.9;5;SOLEIL VOILÉ;9.4;18.3;0
Chinon;47.16;0.24;28/09/2026;12:00;22.9;5;SOLEIL VOILÉ;10.1;19.8;0
Chinon;47.16;0.24;28/09/2026;13:00;22.9;5;SOLEIL VOILÉ;10.1;27.0;0
Chinon;47.16;0.24;28/09/2026;14:00;23.4;5;SOLEIL VOILÉ;10.7;23.4;0
Chinon;47.16;0.24;28/09/2026;15:00;23.4;5;SOLEIL VOILÉ;11.3;22.0;0
Chinon;47.16;0.24;28/09/2026;16:00;23.4;5;SOLEIL VOILÉ;12.5;26.6;0
Chinon;47.16;0.24;28/09/2026;17:00;21.5;5;SOLEIL VOILÉ;11.3;23.0;0
Chinon;47.16;0.24;28/09/2026;18:00;21.5;5;SOLEIL VOILÉ;9.3;21.6;0
Chinon;47.16;0.24;28/09/2026;19:00;21.5;5;SOLEIL VOILÉ;6.2;17.3;0
Chinon;47.16;0.24;28/09/2026;20:00;19.9;6;AVERSES;4.9;11.2;0
Chinon;47.16;0.24;28/09/2026;21:00;19.0;6;AVERSES;3.3;8.3;0
Chinon;47.16;0.24;28/09/2026;22:00;18.0;6;AVERSES;1.1;6.5;0
Chinon;47.16;0.24;28/09/2026;23:00;17;2;NUAGEUX;1.3;2.2;0
Chinon;47.16;0.24;29/09/2026;00:00;17;2;NUAGEUX;3.4;5.4;0
Chinon;47.16;0.24;29/09/2026;01:00;17;2;NUAGEUX;1.8;5.8;0
Chinon;47.16;0.24;29/09/2026;02:00;15.6;2;NUAGEUX;1.3;5.0;0
Chinon;47.16;0.24;29/09/2026;03:00;15.6;2;NUAGEUX;0.8;11.2;0
Chinon;47.16;0.24;29/09/2026;04:00;15.6;2;NUAGEUX;4.9;7.9;0
Chinon;47.16;0.24;29/09/2026;05:00;16.6;2;NUAGEUX;2.3;7.9;0
Chinon;47.16;0.24;29/09/2026;06:00;16.6;2;NUAGEUX;1.1;6.1;0
Chinon;47.16;0.24;29/09/2026;07:00;16.6;2;NUAGEUX;3.4;10.4;0
Chinon;47.16;0.24;29/09/2026;08:00;18.6;2;NUAGEUX;2.2;6.8;0
Chinon;47.16;0.24;29/09/2026;09:00;20.1;2;NUAGEUX;3.0;7.6;0
Chinon;47.16;0.24;29/09/2026;10:00;21.6;2;NUAGEUX;3.1;6.5;0
Chinon;47.16;0.24;29/09/2026;11:00;26.6;2;NUAGEUX;5.8;23.8;0
Chinon;47.16;0.24;29/09/2026;12:00;26.6;2;NUAGEUX;7.5;25.2;0
Chinon;47.16;0.24;29/09/2026;13:00;26.6;2;NUAGEUX;8.7;20.2;0
Chinon;47.16;0.24;29/09/2026;14:00;27.6;2;NUAGEUX;6.5;32.8;0
Chinon;47.16;0.24;29/09/2026;15:00;29.1;2;NUAGEUX;3.3;28.4;0
Chinon;47.16;0.24;29/09/2026;16:00;27.6;2;NUAGEUX;4.3;20.9;0
Chinon;47.16;0.24;29/09/2026;17:00;24.2;2;NUAGEUX;8.3;15.1;0
Chinon;47.16;0.24;29/09/2026;18:00;24.2;2;NUAGEUX;8.5;12.6;0
Chinon;47.16;0.24;29/09/2026;19:00;24.2;2;NUAGEUX;6.9;11.5;0
Chinon;47.16;0.24;29/09/2026;20:00;21.6;2;NUAGEUX;6.4;12.2;0
Chinon;47.16;0.24;29/09/2026;21:00;20.1;2;NUAGEUX;7.6;15.5;0
Chinon;47.16;0.24;29/09/2026;22:00;18.6;2;NUAGEUX;11.2;19.8;0
Chinon;47.16;0.24;29/09/2026;23:00;20.1;2;NUAGEUX;13.0;23.0;0
Chinon;47.16;0.24;30/09/2026;00:00;20.1;2;NUAGEUX;10.8;23.4;0
Chinon;47.16;0.24;30/09/2026;01:00;20.1;2;NUAGEUX;7.7;22.3;0
Chinon;47.16;0.24;30/09/2026;02:00;17.6;7;PLUIE FAIBLE;6.6;20.9;0
Chinon;47.16;0.24;30/09/2026;03:00;17.6;7;PLUIE FAIBLE;7.0;18.7;0
Chinon;47.16;0.24;30/09/2026;04:00;17.6;7;PLUIE FAIBLE;6.8;15.5;0
Chinon;47.16;0.24;30/09/2026;05:00;19.1;2;NUAGEUX;7.2;13.7;0
Chinon;47.16;0.24;30/09/2026;06:00;19.1;2;NUAGEUX;7.4;13.0;0
Chinon;47.16;0.24;30/09/2026;07:00;19.1;2;NUAGEUX;7.6;13.3;0
Chinon;47.16;0.24;30/09/2026;08:00;19.4;7;PLUIE FAIBLE;8.2;14.8;0
Chinon;47.16;0.24;30/09/2026;09:00;20.3;7;PLUIE FAIBLE;8.8;18.7;0
Chinon;47.16;0.24;30/09/2026;10:00;21.2;7;PLUIE FAIBLE;9.8;24.1;0
Chinon;47.16;0.24;30/09/2026;11:00;24.4;7;PLUIE FAIBLE;10.8;28.1;0
Chinon;47.16;0.24;30/09/2026;12:00;24.4;7;PLUIE FAIBLE;12.4;28.8;0
Chinon;47.16;0.24;30/09/2026;13:00;24.4;7;PLUIE FAIBLE;14.2;28.1;0
Chinon;47.16;0.24;30/09/2026;14:00;24.7;7;PLUIE FAIBLE;15.3;27.7;0
Chinon;47.16;0.24;30/09/2026;15:00;25.6;7;PLUIE FAIBLE;15.7;29.5;0
Chinon;47.16;0.24;30/09/2026;16:00;24.7;7;PLUIE FAIBLE;16.2;31.3;0
Chinon;47.16;0.24;30/09/2026;17:00;20.9;6;AVERSES;16.4;32.0;0
Chinon;47.16;0.24;30/09/2026;18:00;20.9;6;AVERSES;14.9;29.9;0
Chinon;47.16;0.24;30/09/2026;19:00;20.9;6;AVERSES;12.2;25.9;0
Chinon;47.16;0.24;30/09/2026;20:00;21.2;7;PLUIE FAIBLE;10.0;22.0;0
Chinon;47.16;0.24;30/09/2026;21:00;20.3;7;PLUIE FAIBLE;7.9;18.0;0
Chinon;47.16;0.24;30/09/2026;22:00;19.4;7;PLUIE FAIBLE;6.6;13.7;0
Chinon;47.16;0.24;30/09/2026;23:00;16.9;7;PLUIE FAIBLE;6.6;12.2;0
Chinon;47.16;0.24;01/10/2026;00:00;16.9;7;PLUIE FAIBLE;8.4;15.1;0
Chinon;47.16;0.24;01/10/2026;01:00;16.9;7;PLUIE FAIBLE;11.3;20.5;0
Chinon;47.16;0.24;01/10/2026;02:00;14.4;6;AVERSES;13.7;24.8;0
Chinon;47.16;0.24;01/10/2026;03:00;14.4;6;AVERSES;14.5;26.3;0
Chinon;47.16;0.24;01/10/2026;04:00;14.4;6;AVERSES;14.5;26.6;0
Chinon;47.16;0.24;01/10/2026;05:00;15.2;6;AVERSES;14.2;26.6;0
Chinon;47.16;0.24;01/10/2026;06:00;15.2;6;AVERSES;14.9;27.1;0
Chinon;47.16;0.24;01/10/2026;07:00;15.2;6;AVERSES;15.7;27.4;0
Chinon;47.16;0.24;01/10/2026;08:00;15.9;6;AVERSES;16.4;27.9;0
Chinon;47.16;0.24;01/10/2026;09:00;16.6;6;AVERSES;16.8;28.1;0
Chinon;47.16;0.24;01/10/2026;10:00;17.4;6;AVERSES;18.3;31.3;0
Chinon;47.16;0.24;01/10/2026;11:00;20.2;6;AVERSES;19.5;34.2;0
Chinon;47.16;0.24;01/10/2026;12:00;20.2;6;AVERSES;20.5;36.7;0
Chinon;47.16;0.24;01/10/2026;13:00;20.2;6;AVERSES;21.3;38.5;0
Chinon;47.16;0.24;01/10/2026;14:00;20.4;6;AVERSES;22.3;40.0;0
Chinon;47.16;0.24;01/10/2026;15:00;21.1;6;AVERSES;23.0;40.7;0
Chinon;47.16;0.24;01/10/2026;16:00;20.4;6;AVERSES;23.1;40.3;0
Chinon;47.16;0.24;01/10/2026;17:00;17.9;7;PLUIE FAIBLE;21.8;38.5;0
Chinon;47.16;0.24;01/10/2026;18:00;17.9;7;PLUIE FAIBLE;17.7;33.8;0
Chinon;47.16;0.24;01/10/2026;19:00;17.9;7;PLUIE FAIBLE;12.5;27.4;0
Chinon;47.16;0.24;01/10/2026;20:00;17.4;6;AVERSES;8.7;21.6;0
Chinon;47.16;0.24;01/10/2026;21:00;16.6;6;AVERSES;4.8;16.9;0
Chinon;47.16;0.24;01/10/2026;22:00;15.9;6;AVERSES;4.2;13.0;0
Chinon;47.16;0.24;01/10/2026;23:00;13.1;0;SOLEIL;6.4;10.1;0
Chinon;47.16;0.24;02/10/2026;00:00;13.1;0;SOLEIL;6.0;9.0;0
Chinon;47.16;0.24;02/10/2026;01:00;13.1;0;SOLEIL;5.4;9.0;0
Chinon;47.16;0.24;02/10/2026;02:00;10.5;0;SOLEIL;5.8;9.4;0
Chinon;47.16;0.24;02/10/2026;03:00;10.5;0;SOLEIL;4.4;10.4;0
Chinon;47.16;0.24;02/10/2026;04:00;10.5;0;SOLEIL;3.4;12.6;0
Chinon;47.16;0.24;02/10/2026;05:00;11.6;0;SOLEIL;4.2;13.7;0
Chinon;47.16;0.24;02/10/2026;06:00;11.6;0;SOLEIL;4.8;13.7;0
Chinon;47.16;0.24;02/10/2026;07:00;11.6;0;SOLEIL;5.6;13.0;0
Chinon;47.16;0.24;02/10/2026;08:00;13.0;0;SOLEIL;6.7;13.0;0
Chinon;47.16;0.24;02/10/2026;09:00;14.2;0;SOLEIL;7.4;13.0;0
Chinon;47.16;0.24;02/10/2026;10:00;15.4;0;SOLEIL;7.3;13.7;0
Chinon;47.16;0.24;02/10/2026;11:00;20.7;7;PLUIE FAIBLE;8.4;15.8;0
Chinon;47.16;0.24;02/10/2026;12:00;20.7;7;PLUIE FAIBLE;10.8;21.6;0
Chinon;47.16;0.24;02/10/2026;13:00;20.7;7;PLUIE FAIBLE;14.3;28.8;0
Chinon;47.16;0.24;02/10/2026;14:00;20.4;0;SOLEIL;16.0;33.8;0
Chinon;47.16;0.24;02/10/2026;15:00;21.6;0;SOLEIL;14.5;34.6;0
Chinon;47.16;0.24;02/10/2026;16:00;20.4;0;SOLEIL;12.1;32.8;0
Chinon;47.16;0.24;02/10/2026;17:00;17.2;0;SOLEIL;10.0;29.9;0
Chinon;47.16;0.24;02/10/2026;18:00;17.2;0;SOLEIL;7.2;25.6;0
Chinon;47.16;0.24;02/10/2026;19:00;17.2;0;SOLEIL;7.4;20.2;0
Chinon;47.16;0.24;02/10/2026;20:00;15.4;0;SOLEIL;10.4;17.3;0
Chinon;47.16;0.24;02/10/2026;21:00;14.2;0;SOLEIL;12.4;18.7;0
Chinon;47.16;0.24;02/10/2026;22:00;13.0;0;SOLEIL;14.0;22.0;0
Chinon;47.16;0.24;02/10/2026;23:00;12.4;0;SOLEIL;14.4;24.5;0
Chinon;47.16;0.24;03/10/2026;00:00;12.4;0;SOLEIL;13.6;24.5;0
Chinon;47.16;0.24;03/10/2026;01:00;12.4;0;SOLEIL;13.1;23.4;0
Chinon;47.16;0.24;03/10/2026;02:00;9.1;0;SOLEIL;13.2;22.0;0
Chinon;47.16;0.24;03/10/2026;03:00;9.1;0;SOLEIL;12.3;20.9;0
Chinon;47.16;0.24;03/10/2026;04:00;9.1;0;SOLEIL;10.3;19.4;0
Chinon;47.16;0.24;03/10/2026;05:00;10.1;0;SOLEIL;8.6;18.0;0
Chinon;47.16;0.24;03/10/2026;06:00;10.1;0;SOLEIL;7.9;16.2;0
Chinon;47.16;0.24;03/10/2026;07:00;10.1;0;SOLEIL;7.8;14.4;0
Chinon;47.16;0.24;03/10/2026;08:00;12.1;0;SOLEIL;8.5;14.4;0
Chinon;47.16;0.24;03/10/2026;09:00;13.6;0;SOLEIL;10.4;18.0;0
Chinon;47.16;0.24;03/10/2026;10:00;15.1;0;SOLEIL;13.5;23.4;0
Chinon;47.16;0.24;03/10/2026;11:00;21.5;0;SOLEIL;16.4;28.1;0
Chinon;47.16;0.24;03/10/2026;12:00;21.5;0;SOLEIL;14.1;26.2;0
Chinon;47.16;0.24;03/10/2026;13:00;21.5;0;SOLEIL;10.4;23.6;0
Chinon;47.16;0.24;03/10/2026;14:00;21.0;0;SOLEIL;6.3;19.8;0
Chinon;47.16;0.24;03/10/2026;15:00;22.5;0;SOLEIL;2.0;15.1;0
Chinon;47.16;0.24;03/10/2026;16:00;21.0;0;SOLEIL;2.7;14.8;0
Chinon;47.16;0.24;03/10/2026;17:00;18.1;0;SOLEIL;3.7;14.4;0
Chinon;47.16;0.24;03/10/2026;18:00;18.1;0;SOLEIL;5.0;13.7;0
Chinon;47.16;0.24;03/10/2026;19:00;18.1;0;SOLEIL;6.0;13.3;0
Chinon;47.16;0.24;03/10/2026;20:00;15.1;0;SOLEIL;6.6;13.0;0
Chinon;47.16;0.24;03/10/2026;21:00;13.6;0;SOLEIL;6.8;13.0;0
Chinon;47.16;0.24;03/10/2026;22:00;12.1;0;SOLEIL;6.7;13.3;0
Chinon;47.16;0.24;03/10/2026;23:00;13.4;2;NUAGEUX;6.5;13.7;0
Le Grand-Pressigny;46.92;0.8;26/09/2026;00:00;13.5;0;SOLEIL;3.8;5.8;0
Le Grand-Pressigny;46.92;0.8;26/09/2026;01:00;12.7;0;SOLEIL;4.3;6.5;0
Le Grand-Pressigny;46.92;0.8;26/09/2026;02:00;12.7;0;SOLEIL;4.1;6.8;0
Le Grand-Pressigny;46.92;0.8;26/09/2026;03:00;12.1;0;SOLEIL;4.1;6.5;0
Le Grand-Pressigny;46.92;0.8;26/09/2026;04:00;11.9;0;SOLEIL;4.3;6.5;0
Le Grand-Pressigny;46.92;0.8;26/09/2026;05:00;12.1;0;SOLEIL;4.3;6.8;0
Le Grand-Pressigny;46.92;0.8;26/09/2026;06:00;13.2;2;NUAGEUX;4.6;7.2;0
Le Grand-Pressigny;46.92;0.8;26/09/2026;07:00;14.7;2;NUAGEUX;5.4;8.3;0
Le Grand-Pressigny;46.92;0.8;26/09/2026;08:00;16.2;2;NUAGEUX;5.9;9.4;0
Le Grand-Pressigny;46.92;0.8;26/09/2026;09:00;17.9;2;NUAGEUX;5.6;9.4;0
Le Grand-Pressigny;46.92;0.8;26/09/2026;10:00;19.7;2;NUAGEUX;6.4;9.7;0
Le Grand-Pressigny;46.92;0.8;26/09/2026;11:00;21.6;2;NUAGEUX;8.7;16.6;0
Le Grand-Pressigny;46.92;0.8;26/09/2026;12:00;22.4;0;SOLEIL;8.7;16.2;0
Le Grand-Pressigny;46.92;0.8;26/09/2026;13:00;22.9;0;SOLEIL;10.6;18.7;0
Le Grand-Pressigny;46.92;0.8;26/09/2026;14:00;23.4;0;SOLEIL;9.0;18.4;0
Le Grand-Pressigny;46.92;0.8;26/09/2026;15:00;23.6;0;SOLEIL;9.1;16.2;0
Le Grand-Pressigny;46.92;0.8;26/09/2026;16:00;25.6;0;SOLEIL;10.6;18.4;0
Le Grand-Pressigny;46.92;0.8;26/09/2026;17:00;25.3;0;SOLEIL;12.8;22.0;0
Le Grand-Pressigny;46.92;0.8;26/09/2026;18:00;22;0;SOLEIL;9.9;20.9;0
Le Grand-Pressigny;46.92;0.8;26/09/2026;19:00;19.1;5;SOLEIL VOILÉ;10.1;20.5;0
Le Grand-Pressigny;46.92;0.8;26/09/2026;20:00;16.6;5;SOLEIL VOILÉ;7.2;15.1;0
Le Grand-Pressigny;46.92;0.8;26/09/2026;21:00;15.5;2;NUAGEUX;16.2;25.9;0
Le Grand-Pressigny;46.92;0.8;26/09/2026;22:00;13.7;0;SOLEIL;13.7;27.0;0
Le Grand-Pressigny;46.92;0.8;26/09/2026;23:00;13;0;SOLEIL;12.3;22.0;0
Le Grand-Pressigny;46.92;0.8;27/09/2026;00:00;12.9;0;SOLEIL;10.4;19.8;0
Le Grand-Pressigny;46.92;0.8;27/09/2026;01:00;12.9;0;SOLEIL;8.9;18.7;0
Le Grand-Pressigny;46.92;0.8;27/09/2026;02:00;10.9;5;SOLEIL VOILÉ;8.5;13.7;0
Le Grand-Pressigny;46.92;0.8;27/09/2026;03:00;10.9;5;SOLEIL VOILÉ;9.5;15.5;0
Le Grand-Pressigny;46.92;0.8;27/09/2026;04:00;10.9;5;SOLEIL VOILÉ;10.2;16.9;0
Le Grand-Pressigny;46.92;0.8;27/09/2026;05:00;12;5;SOLEIL VOILÉ;7.5;16.2;0
Le Grand-Pressigny;46.92;0.8;27/09/2026;06:00;12;5;SOLEIL VOILÉ;6.9;12.2;0
Le Grand-Pressigny;46.92;0.8;27/09/2026;07:00;12;5;SOLEIL VOILÉ;8.0;13.7;0
Le Grand-Pressigny;46.92;0.8;27/09/2026;08:00;22.2;5;SOLEIL VOILÉ;8.0;13.7;0
Le Grand-Pressigny;46.92;0.8;27/09/2026;09:00;22.2;5;SOLEIL VOILÉ;7.9;14.0;0
Le Grand-Pressigny;46.92;0.8;27/09/2026;10:00;22.2;5;SOLEIL VOILÉ;9.1;15.5;0
Le Grand-Pressigny;46.92;0.8;27/09/2026;11:00;28.2;5;SOLEIL VOILÉ;8.2;15.5;0
Le Grand-Pressigny;46.92;0.8;27/09/2026;12:00;28.2;5;SOLEIL VOILÉ;6.3;14.0;0
Le Grand-Pressigny;46.92;0.8;27/09/2026;13:00;28.2;5;SOLEIL VOILÉ;2.5;11.2;0
Le Grand-Pressigny;46.92;0.8;27/09/2026;14:00;29.1;5;SOLEIL VOILÉ;4.8;10.8;0
Le Grand-Pressigny;46.92;0.8;27/09/2026;15:00;29.1;5;SOLEIL VOILÉ;7.6;12.6;0
Le Grand-Pressigny;46.92;0.8;27/09/2026;16:00;29.1;5;SOLEIL VOILÉ;4.4;10.8;0
Le Grand-Pressigny;46.92;0.8;27/09/2026;17:00;22.9;5;SOLEIL VOILÉ;3.7;9.4;0
Le Grand-Pressigny;46.92;0.8;27/09/2026;18:00;22.9;5;SOLEIL VOILÉ;4.2;9.4;0
Le Grand-Pressigny;46.92;0.8;27/09/2026;19:00;22.9;5;SOLEIL VOILÉ;2.4;7.6;0
Le Grand-Pressigny;46.92;0.8;27/09/2026;20:00;19.6;5;SOLEIL VOILÉ;3.6;5.0;0
Le Grand-Pressigny;46.92;0.8;27/09/2026;21:00;19.6;5;SOLEIL VOILÉ;2.9;5.4;0
Le Grand-Pressigny;46.92;0.8;27/09/2026;22:00;19.6;5;SOLEIL VOILÉ;3.1;4.0;0
Le Grand-Pressigny;46.92;0.8;27/09/2026;23:00;17.4;5;SOLEIL VOILÉ;3.9;5.4;0
Le Grand-Pressigny;46.92;0.8;28/09/2026;00:00;17.4;5;SOLEIL VOILÉ;2.8;5.0;0
Le Grand-Pressigny;46.92;0.8;28/09/2026;01:00;17.4;5;SOLEIL VOILÉ;3.3;4.7;0
Le Grand-Pressigny;46.92;0.8;28/09/2026;02:00;15.4;2;NUAGEUX;4.1;6.1;0
Le Grand-Pressigny;46.92;0.8;28/09/2026;03:00;15.4;2;NUAGEUX;3.8;6.5;0
Le Grand-Pressigny;46.92;0.8;28/09/2026;04:00;15.4;2;NUAGEUX;2.8;5.8;0
Le Grand-Pressigny;46.92;0.8;28/09/2026;05:00;16.6;10;ORAGEUX;3.4;5.4;0
Le Grand-Pressigny;46.92;0.8;28/09/2026;06:00;16.6;10;ORAGEUX;3.8;5.8;0
Le Grand-Pressigny;46.92;0.8;28/09/2026;07:00;16.6;10;ORAGEUX;4.4;6.5;0
Le Grand-Pressigny;46.92;0.8;28/09/2026;08:00;20.5;10;ORAGEUX;5.1;7.9;0
Le Grand-Pressigny;46.92;0.8;28/09/2026;09:00;20.5;10;ORAGEUX;4.3;7.9;0
Le Grand-Pressigny;46.92;0.8;28/09/2026;10:00;20.5;10;ORAGEUX;5.0;9.4;0
Le Grand-Pressigny;46.92;0.8;28/09/2026;11:00;23.1;5;SOLEIL VOILÉ;7.8;14.9;0
Le Grand-Pressigny;46.92;0.8;28/09/2026;12:00;23.1;5;SOLEIL VOILÉ;9.4;19.1;0
Le Grand-Pressigny;46.92;0.8;28/09/2026;13:00;23.1;5;SOLEIL VOILÉ;11.2;22.0;0
Le Grand-Pressigny;46.92;0.8;28/09/2026;14:00;24.6;5;SOLEIL VOILÉ;13.0;24.1;0
Le Grand-Pressigny;46.92;0.8;28/09/2026;15:00;24.6;5;SOLEIL VOILÉ;10.9;24.5;0
Le Grand-Pressigny;46.92;0.8;28/09/2026;16:00;24.6;5;SOLEIL VOILÉ;11.0;22.7;0
Le Grand-Pressigny;46.92;0.8;28/09/2026;17:00;20.4;5;SOLEIL VOILÉ;8.8;20.5;0
Le Grand-Pressigny;46.92;0.8;28/09/2026;18:00;20.4;5;SOLEIL VOILÉ;8.9;18.0;0
Le Grand-Pressigny;46.92;0.8;28/09/2026;19:00;20.4;5;SOLEIL VOILÉ;5.6;16.6;0
Le Grand-Pressigny;46.92;0.8;28/09/2026;20:00;19.8;10;ORAGEUX;1.8;9.7;0
Le Grand-Pressigny;46.92;0.8;28/09/2026;21:00;18.6;10;ORAGEUX;2.3;6.1;0
Le Grand-Pressigny;46.92;0.8;28/09/2026;22:00;17.4;10;ORAGEUX;1.5;2.9;0
Le Grand-Pressigny;46.92;0.8;28/09/2026;23:00;16.6;2;NUAGEUX;2.1;2.5;0
Le Grand-Pressigny;46.92;0.8;29/09/2026;00:00;16.6;2;NUAGEUX;0.8;2.5;0
Le Grand-Pressigny;46.92;0.8;29/09/2026;01:00;16.6;2;NUAGEUX;2.7;4.7;0
Le Grand-Pressigny;46.92;0.8;29/09/2026;02:00;14.6;2;NUAGEUX;2.0;4.7;0
Le Grand-Pressigny;46.92;0.8;29/09/2026;03:00;14.6;2;NUAGEUX;1.1;6.1;0
Le Grand-Pressigny;46.92;0.8;29/09/2026;04:00;14.6;2;NUAGEUX;4.7;15.5;0
Le Grand-Pressigny;46.92;0.8;29/09/2026;05:00;15.7;0;SOLEIL;1.6;10.4;0
Le Grand-Pressigny;46.92;0.8;29/09/2026;06:00;15.7;0;SOLEIL;1.9;3.2;0
Le Grand-Pressigny;46.92;0.8;29/09/2026;07:00;15.7;0;SOLEIL;3.3;7.6;0
Le Grand-Pressigny;46.92;0.8;29/09/2026;08:00;17.8;2;NUAGEUX;4.0;8.3;0
Le Grand-Pressigny;46.92;0.8;29/09/2026;09:00;19.4;2;NUAGEUX;1.8;12.6;0
Le Grand-Pressigny;46.92;0.8;29/09/2026;10:00;21.0;2;NUAGEUX;4.7;9.4;0
Le Grand-Pressigny;46.92;0.8;29/09/2026;11:00;26.4;2;NUAGEUX;8.0;16.2;0
Le Grand-Pressigny;46.92;0.8;29/09/2026;12:00;26.4;2;NUAGEUX;7.5;19.1;0
Le Grand-Pressigny;46.92;0.8;29/09/2026;13:00;26.4;2;NUAGEUX;8.8;19.8;0
Le Grand-Pressigny;46.92;0.8;29/09/2026;14:00;27.4;2;NUAGEUX;3.7;16.6;0
Le Grand-Pressigny;46.92;0.8;29/09/2026;15:00;29.0;2;NUAGEUX;0.8;18.0;0
Le Grand-Pressigny;46.92;0.8;29/09/2026;16:00;27.4;2;NUAGEUX;6.9;19.4;0
Le Grand-Pressigny;46.92;0.8;29/09/2026;17:00;23.1;2;NUAGEUX;10.5;19.8;0
Le Grand-Pressigny;46.92;0.8;29/09/2026;18:00;23.1;2;NUAGEUX;9.0;17.6;0
Le Grand-Pressigny;46.92;0.8;29/09/2026;19:00;23.1;2;NUAGEUX;5.9;14.4;0
Le Grand-Pressigny;46.92;0.8;29/09/2026;20:00;21.0;2;NUAGEUX;5.5;12.2;0
Le Grand-Pressigny;46.92;0.8;29/09/2026;21:00;19.4;2;NUAGEUX;5.4;11.9;0
Le Grand-Pressigny;46.92;0.8;29/09/2026;22:00;17.8;2;NUAGEUX;6.5;12.6;0
Le Grand-Pressigny;46.92;0.8;29/09/2026;23:00;18.6;2;NUAGEUX;7.6;13.0;0
Le Grand-Pressigny;46.92;0.8;30/09/2026;00:00;18.6;2;NUAGEUX;6.6;12.2;0
Le Grand-Pressigny;46.92;0.8;30/09/2026;01:00;18.6;2;NUAGEUX;5.5;11.2;0
Le Grand-Pressigny;46.92;0.8;30/09/2026;02:00;16.6;7;PLUIE FAIBLE;5.4;10.8;0
Le Grand-Pressigny;46.92;0.8;30/09/2026;03:00;16.6;7;PLUIE FAIBLE;6.0;11.2;0
Le Grand-Pressigny;46.92;0.8;30/09/2026;04:00;16.6;7;PLUIE FAIBLE;6.5;11.5;0
Le Grand-Pressigny;46.92;0.8;30/09/2026;05:00;18.1;2;NUAGEUX;7.3;12.6;0
Le Grand-Pressigny;46.92;0.8;30/09/2026;06:00;18.1;2;NUAGEUX;7.7;14.0;0
Le Grand-Pressigny;46.92;0.8;30/09/2026;07:00;18.1;2;NUAGEUX;8.6;15.8;0
Le Grand-Pressigny;46.92;0.8;30/09/2026;08:00;18.7;7;PLUIE FAIBLE;9.4;17.6;0
Le Grand-Pressigny;46.92;0.8;30/09/2026;09:00;19.7;7;PLUIE FAIBLE;10.9;19.8;0
Le Grand-Pressigny;46.92;0.8;30/09/2026;10:00;20.8;7;PLUIE FAIBLE;12.1;22.3;0
Le Grand-Pressigny;46.92;0.8;30/09/2026;11:00;24.4;2;NUAGEUX;13.5;24.8;0
Le Grand-Pressigny;46.92;0.8;30/09/2026;12:00;24.4;2;NUAGEUX;14.3;27.4;0
Le Grand-Pressigny;46.92;0.8;30/09/2026;13:00;24.4;2;NUAGEUX;15.1;29.5;0
Le Grand-Pressigny;46.92;0.8;30/09/2026;14:00;25.0;7;PLUIE FAIBLE;15.8;31.3;0
Le Grand-Pressigny;46.92;0.8;30/09/2026;15:00;26.0;7;PLUIE FAIBLE;15.9;32.8;0
Le Grand-Pressigny;46.92;0.8;30/09/2026;16:00;25.0;7;PLUIE FAIBLE;15.5;33.8;0
Le Grand-Pressigny;46.92;0.8;30/09/2026;17:00;21.1;7;PLUIE FAIBLE;13.7;32.4;0
Le Grand-Pressigny;46.92;0.8;30/09/2026;18:00;21.1;7;PLUIE FAIBLE;9.8;26.6;0
Le Grand-Pressigny;46.92;0.8;30/09/2026;19:00;21.1;7;PLUIE FAIBLE;5.7;18.7;0
Le Grand-Pressigny;46.92;0.8;30/09/2026;20:00;20.8;7;PLUIE FAIBLE;4.5;13.0;0
Le Grand-Pressigny;46.92;0.8;30/09/2026;21:00;19.7;7;PLUIE FAIBLE;5.1;10.4;0
Le Grand-Pressigny;46.92;0.8;30/09/2026;22:00;18.7;7;PLUIE FAIBLE;5.9;10.1;0
Le Grand-Pressigny;46.92;0.8;30/09/2026;23:00;16.1;7;PLUIE FAIBLE;6.4;11.2;0
Le Grand-Pressigny;46.92;0.8;01/10/2026;00:00;16.1;7;PLUIE FAIBLE;7.9;15.5;0
Le Grand-Pressigny;46.92;0.8;01/10/2026;01:00;16.1;7;PLUIE FAIBLE;10.8;21.6;0
Le Grand-Pressigny;46.92;0.8;01/10/2026;02:00;14.1;6;AVERSES;13.3;25.6;0
Le Grand-Pressigny;46.92;0.8;01/10/2026;03:00;14.1;6;AVERSES;13.6;25.9;0
Le Grand-Pressigny;46.92;0.8;01/10/2026;04:00;14.1;6;AVERSES;12.9;24.1;0
Le Grand-Pressigny;46.92;0.8;01/10/2026;05:00;15.5;6;AVERSES;12.2;22.7;0
Le Grand-Pressigny;46.92;0.8;01/10/2026;06:00;15.5;6;AVERSES;12.2;22.9;0
Le Grand-Pressigny;46.92;0.8;01/10/2026;07:00;15.5;6;AVERSES;12.4;23.0;0
Le Grand-Pressigny;46.92;0.8;01/10/2026;08:00;15.6;6;AVERSES;12.6;23.6;0
Le Grand-Pressigny;46.92;0.8;01/10/2026;09:00;16.3;6;AVERSES;13.2;25.6;0
Le Grand-Pressigny;46.92;0.8;01/10/2026;10:00;17.0;6;AVERSES;15.7;30.6;0
Le Grand-Pressigny;46.92;0.8;01/10/2026;11:00;20.1;6;AVERSES;17.7;34.9;0
Le Grand-Pressigny;46.92;0.8;01/10/2026;12:00;20.1;6;AVERSES;18.8;37.8;0
Le Grand-Pressigny;46.92;0.8;01/10/2026;13:00;20.1;6;AVERSES;20.2;39.6;0
Le Grand-Pressigny;46.92;0.8;01/10/2026;14:00;20.0;6;AVERSES;21.3;40.7;0
Le Grand-Pressigny;46.92;0.8;01/10/2026;15:00;20.7;6;AVERSES;21.6;41.0;0
Le Grand-Pressigny;46.92;0.8;01/10/2026;16:00;20.0;6;AVERSES;20.8;40.7;0
Le Grand-Pressigny;46.92;0.8;01/10/2026;17:00;16.9;7;PLUIE FAIBLE;18.9;37.8;0
Le Grand-Pressigny;46.92;0.8;01/10/2026;18:00;16.9;7;PLUIE FAIBLE;14.8;31.3;0
Le Grand-Pressigny;46.92;0.8;01/10/2026;19:00;16.9;7;PLUIE FAIBLE;10.2;22.3;0
Le Grand-Pressigny;46.92;0.8;01/10/2026;20:00;17.0;6;AVERSES;6.8;15.1;0
Le Grand-Pressigny;46.92;0.8;01/10/2026;21:00;16.3;6;AVERSES;3.6;10.8;0
Le Grand-Pressigny;46.92;0.8;01/10/2026;22:00;15.6;6;AVERSES;2.3;8.3;0
Le Grand-Pressigny;46.92;0.8;01/10/2026;23:00;12.6;0;SOLEIL;4.3;7.6;0
Le Grand-Pressigny;46.92;0.8;02/10/2026;00:00;12.6;0;SOLEIL;6.4;10.1;0
Le Grand-Pressigny;46.92;0.8;02/10/2026;01:00;12.6;0;SOLEIL;8.9;14.4;0
Le Grand-Pressigny;46.92;0.8;02/10/2026;02:00;10;0;SOLEIL;10.5;18.7;0
Le Grand-Pressigny;46.92;0.8;02/10/2026;03:00;10;0;SOLEIL;10.0;22.3;0
Le Grand-Pressigny;46.92;0.8;02/10/2026;04:00;10;0;SOLEIL;8.9;25.6;0
Le Grand-Pressigny;46.92;0.8;02/10/2026;05:00;11.1;0;SOLEIL;7.4;26.3;0
Le Grand-Pressigny;46.92;0.8;02/10/2026;06:00;11.1;0;SOLEIL;6.4;22.3;0
Le Grand-Pressigny;46.92;0.8;02/10/2026;07:00;11.1;0;SOLEIL;5.5;16.2;0
Le Grand-Pressigny;46.92;0.8;02/10/2026;08:00;12.5;0;SOLEIL;5.6;12.2;0
Le Grand-Pressigny;46.92;0.8;02/10/2026;09:00;13.7;0;SOLEIL;7.0;13.3;0
Le Grand-Pressigny;46.92;0.8;02/10/2026;10:00;14.9;0;SOLEIL;8.9;16.9;0
Le Grand-Pressigny;46.92;0.8;02/10/2026;11:00;20.4;0;SOLEIL;10.9;20.9;0
Le Grand-Pressigny;46.92;0.8;02/10/2026;12:00;20.4;0;SOLEIL;12.6;25.6;0
Le Grand-Pressigny;46.92;0.8;02/10/2026;13:00;20.4;0;SOLEIL;14.1;30.2;0
Le Grand-Pressigny;46.92;0.8;02/10/2026;14:00;19.9;0;SOLEIL;14.2;32.8;0
Le Grand-Pressigny;46.92;0.8;02/10/2026;15:00;21.1;0;SOLEIL;11.9;30.6;0
Le Grand-Pressigny;46.92;0.8;02/10/2026;16:00;19.9;0;SOLEIL;9.0;26.3;0
Le Grand-Pressigny;46.92;0.8;02/10/2026;17:00;16.2;0;SOLEIL;6.8;22.7;0
Le Grand-Pressigny;46.92;0.8;02/10/2026;18:00;16.2;0;SOLEIL;4.5;21.6;0
Le Grand-Pressigny;46.92;0.8;02/10/2026;19:00;16.2;0;SOLEIL;8.0;21.2;0
Le Grand-Pressigny;46.92;0.8;02/10/2026;20:00;14.9;0;SOLEIL;12.0;21.6;0
Le Grand-Pressigny;46.92;0.8;02/10/2026;21:00;13.7;0;SOLEIL;13.4;22.7;0
Le Grand-Pressigny;46.92;0.8;02/10/2026;22:00;12.5;0;SOLEIL;13.7;24.5;0
Le Grand-Pressigny;46.92;0.8;02/10/2026;23:00;10.5;0;SOLEIL;13.6;25.2;0
Le Grand-Pressigny;46.92;0.8;03/10/2026;00:00;10.5;0;SOLEIL;12.2;24.5;0
Le Grand-Pressigny;46.92;0.8;03/10/2026;01:00;10.5;0;SOLEIL;9.7;23.0;0
Le Grand-Pressigny;46.92;0.8;03/10/2026;02:00;7.6;0;SOLEIL;8.4;21.6;0
Le Grand-Pressigny;46.92;0.8;03/10/2026;03:00;7.6;0;SOLEIL;8.0;20.9;0
Le Grand-Pressigny;46.92;0.8;03/10/2026;04:00;7.6;0;SOLEIL;7.7;20.5;0
Le Grand-Pressigny;46.92;0.8;03/10/2026;05:00;9.2;0;SOLEIL;8.0;19.8;0
Le Grand-Pressigny;46.92;0.8;03/10/2026;06:00;9.2;0;SOLEIL;8.1;18.4;0
Le Grand-Pressigny;46.92;0.8;03/10/2026;07:00;9.2;0;SOLEIL;8.9;16.9;0
Le Grand-Pressigny;46.92;0.8;03/10/2026;08:00;10.8;0;SOLEIL;9.7;17.3;0
Le Grand-Pressigny;46.92;0.8;03/10/2026;09:00;12.5;0;SOLEIL;11.3;20.5;0
Le Grand-Pressigny;46.92;0.8;03/10/2026;10:00;14.1;0;SOLEIL;13.6;25.6;0
Le Grand-Pressigny;46.92;0.8;03/10/2026;11:00;21.1;0;SOLEIL;15.7;29.5;0
Le Grand-Pressigny;46.92;0.8;03/10/2026;12:00;21.1;0;SOLEIL;12.9;26.8;0
Le Grand-Pressigny;46.92;0.8;03/10/2026;13:00;21.1;0;SOLEIL;9.3;23.4;0
Le Grand-Pressigny;46.92;0.8;03/10/2026;14:00;20.6;0;SOLEIL;5.8;20.3;0
Le Grand-Pressigny;46.92;0.8;03/10/2026;15:00;22.2;0;SOLEIL;2.7;17.3;0
Le Grand-Pressigny;46.92;0.8;03/10/2026;16:00;20.6;0;SOLEIL;3.5;18.0;0
Le Grand-Pressigny;46.92;0.8;03/10/2026;17:00;17.6;0;SOLEIL;4.5;18.7;0
Le Grand-Pressigny;46.92;0.8;03/10/2026;18:00;17.6;0;SOLEIL;5.6;19.4;0
Le Grand-Pressigny;46.92;0.8;03/10/2026;19:00;17.6;0;SOLEIL;6.1;19.8;0
Le Grand-Pressigny;46.92;0.8;03/10/2026;20:00;14.1;0;SOLEIL;6.5;20.2;0
Le Grand-Pressigny;46.92;0.8;03/10/2026;21:00;12.5;0;SOLEIL;6.3;20.2;0
Le Grand-Pressigny;46.92;0.8;03/10/2026;22:00;10.8;0;SOLEIL;6.0;20.2;0
Le Grand-Pressigny;46.92;0.8;03/10/2026;23:00;12;2;NUAGEUX;5.8;19.8;0
Tours;47.39;0.68;26/09/2026;00:00;16.9;0;SOLEIL;4.7;8.6;0
Tours;47.39;0.68;26/09/2026;01:00;16.1;0;SOLEIL;5.1;9.4;0
Tours;47.39;0.68;26/09/2026;02:00;15.6;0;SOLEIL;4.3;9.4;0
Tours;47.39;0.68;26/09/2026;03:00;15.4;0;SOLEIL;3.6;7.9;0
Tours;47.39;0.68;26/09/2026;04:00;15.1;0;SOLEIL;3.6;7.2;0
Tours;47.39;0.68;26/09/2026;05:00;14.7;2;NUAGEUX;3.7;6.8;0
Tours;47.39;0.68;26/09/2026;06:00;14.7;2;NUAGEUX;4.3;7.9;0
Tours;47.39;0.68;26/09/2026;07:00;15;2;NUAGEUX;4.7;8.6;0
Tours;47.39;0.68;26/09/2026;08:00;16.6;2;NUAGEUX;4.7;9.0;0
Tours;47.39;0.68;26/09/2026;09:00;17.9;2;NUAGEUX;4.7;10.4;0
Tours;47.39;0.68;26/09/2026;10:00;19.5;2;NUAGEUX;4.0;10.1;0
Tours;47.39;0.68;26/09/2026;11:00;20.6;2;NUAGEUX;5.4;11.5;0
Tours;47.39;0.68;26/09/2026;12:00;21.7;2;NUAGEUX;5.7;13.0;0
Tours;47.39;0.68;26/09/2026;13:00;22.9;2;NUAGEUX;7.4;16.2;0
Tours;47.39;0.68;26/09/2026;14:00;23.3;0;SOLEIL;8.0;17.6;0
Tours;47.39;0.68;26/09/2026;15:00;24.1;0;SOLEIL;8.8;18.7;0
Tours;47.39;0.68;26/09/2026;16:00;24.6;0;SOLEIL;9.8;20.5;0
Tours;47.39;0.68;26/09/2026;17:00;24.8;5;SOLEIL VOILÉ;10.7;22.3;0
Tours;47.39;0.68;26/09/2026;18:00;23.1;5;SOLEIL VOILÉ;8.1;23.4;0
Tours;47.39;0.68;26/09/2026;19:00;20.5;5;SOLEIL VOILÉ;11.1;24.8;0
Tours;47.39;0.68;26/09/2026;20:00;19.1;5;SOLEIL VOILÉ;8.0;22.0;0
Tours;47.39;0.68;26/09/2026;21:00;18.1;2;NUAGEUX;7.4;14.4;0
Tours;47.39;0.68;26/09/2026;22:00;17.6;2;NUAGEUX;13.3;25.9;0
Tours;47.39;0.68;26/09/2026;23:00;16.2;0;SOLEIL;13.6;27.4;0
Tours;47.39;0.68;27/09/2026;00:00;16;0;SOLEIL;12.7;27.0;0
Tours;47.39;0.68;27/09/2026;01:00;16;0;SOLEIL;11.7;24.8;0
Tours;47.39;0.68;27/09/2026;02:00;14.1;0;SOLEIL;9.2;22.3;0
Tours;47.39;0.68;27/09/2026;03:00;14.1;0;SOLEIL;8.0;17.6;0
Tours;47.39;0.68;27/09/2026;04:00;14.1;0;SOLEIL;6.1;15.5;0
Tours;47.39;0.68;27/09/2026;05:00;14.1;5;SOLEIL VOILÉ;4.6;11.9;0
Tours;47.39;0.68;27/09/2026;06:00;14.1;5;SOLEIL VOILÉ;7.7;16.2;0
Tours;47.39;0.68;27/09/2026;07:00;14.1;5;SOLEIL VOILÉ;7.7;15.8;0
Tours;47.39;0.68;27/09/2026;08:00;20.6;5;SOLEIL VOILÉ;5.8;14.4;0
Tours;47.39;0.68;27/09/2026;09:00;20.6;5;SOLEIL VOILÉ;7.4;15.1;0
Tours;47.39;0.68;27/09/2026;10:00;20.6;5;SOLEIL VOILÉ;5.9;15.1;0
Tours;47.39;0.68;27/09/2026;11:00;27.4;5;SOLEIL VOILÉ;6.2;13.3;0
Tours;47.39;0.68;27/09/2026;12:00;27.4;5;SOLEIL VOILÉ;5.8;15.5;0
Tours;47.39;0.68;27/09/2026;13:00;27.4;5;SOLEIL VOILÉ;6.2;14.0;0
Tours;47.39;0.68;27/09/2026;14:00;29;5;SOLEIL VOILÉ;3.7;14.4;0
Tours;47.39;0.68;27/09/2026;15:00;29;5;SOLEIL VOILÉ;1.9;9.4;0
Tours;47.39;0.68;27/09/2026;16:00;29;5;SOLEIL VOILÉ;1.8;6.8;0
Tours;47.39;0.68;27/09/2026;17:00;26.7;5;SOLEIL VOILÉ;5.0;11.5;0
Tours;47.39;0.68;27/09/2026;18:00;26.7;5;SOLEIL VOILÉ;4.4;11.2;0
Tours;47.39;0.68;27/09/2026;19:00;26.7;5;SOLEIL VOILÉ;2.4;9.7;0
Tours;47.39;0.68;27/09/2026;20:00;21.2;5;SOLEIL VOILÉ;1.5;5.4;0
Tours;47.39;0.68;27/09/2026;21:00;21.2;5;SOLEIL VOILÉ;3.1;5.0;0
Tours;47.39;0.68;27/09/2026;22:00;21.2;5;SOLEIL VOILÉ;2.6;6.1;0
Tours;47.39;0.68;27/09/2026;23:00;18.9;5;SOLEIL VOILÉ;2.2;4.7;0
Tours;47.39;0.68;28/09/2026;00:00;18.9;5;SOLEIL VOILÉ;2.9;6.5;0
Tours;47.39;0.68;28/09/2026;01:00;18.9;5;SOLEIL VOILÉ;6.2;11.9;0
Tours;47.39;0.68;28/09/2026;02:00;18;2;NUAGEUX;6.2;12.2;0
Tours;47.39;0.68;28/09/2026;03:00;18;2;NUAGEUX;5.9;12.2;0
Tours;47.39;0.68;28/09/2026;04:00;18;2;NUAGEUX;4.5;11.5;0
Tours;47.39;0.68;28/09/2026;05:00;17.2;10;ORAGEUX;3.6;7.9;0
Tours;47.39;0.68;28/09/2026;06:00;17.2;10;ORAGEUX;4.0;7.9;0
Tours;47.39;0.68;28/09/2026;07:00;17.2;10;ORAGEUX;4.0;7.9;0
Tours;47.39;0.68;28/09/2026;08:00;20.4;10;ORAGEUX;4.3;9.0;0
Tours;47.39;0.68;28/09/2026;09:00;20.4;10;ORAGEUX;4.7;9.5;0
Tours;47.39;0.68;28/09/2026;10:00;20.4;10;ORAGEUX;3.8;10.6;0
Tours;47.39;0.68;28/09/2026;11:00;23.4;5;SOLEIL VOILÉ;6.8;15.4;0
Tours;47.39;0.68;28/09/2026;12:00;23.4;5;SOLEIL VOILÉ;6.4;17.3;0
Tours;47.39;0.68;28/09/2026;13:00;23.4;5;SOLEIL VOILÉ;9.3;21.6;0
Tours;47.39;0.68;28/09/2026;14:00;23.5;6;AVERSES;10.8;33.1;0
Tours;47.39;0.68;28/09/2026;15:00;23.5;6;AVERSES;10.1;29.2;0
Tours;47.39;0.68;28/09/2026;16:00;23.5;6;AVERSES;11.2;25.6;0
Tours;47.39;0.68;28/09/2026;17:00;21.7;5;SOLEIL VOILÉ;9.7;25.9;0
Tours;47.39;0.68;28/09/2026;18:00;21.7;5;SOLEIL VOILÉ;8.2;22.0;0
Tours;47.39;0.68;28/09/2026;19:00;21.7;5;SOLEIL VOILÉ;5.2;18.7;0
Tours;47.39;0.68;28/09/2026;20:00;20.0;10;ORAGEUX;3.9;11.2;0
Tours;47.39;0.68;28/09/2026;21:00;19.1;10;ORAGEUX;2.8;8.3;0
Tours;47.39;0.68;28/09/2026;22:00;18.3;10;ORAGEUX;2.5;5.4;0
Tours;47.39;0.68;28/09/2026;23:00;17.9;2;NUAGEUX;1.4;4.0;0
Tours;47.39;0.68;29/09/2026;00:00;17.9;2;NUAGEUX;1.3;3.2;0
Tours;47.39;0.68;29/09/2026;01:00;17.9;2;NUAGEUX;3.2;6.5;0
Tours;47.39;0.68;29/09/2026;02:00;15.6;2;NUAGEUX;2.9;5.8;0
Tours;47.39;0.68;29/09/2026;03:00;15.6;2;NUAGEUX;4.7;12.2;0
Tours;47.39;0.68;29/09/2026;04:00;15.6;2;NUAGEUX;2.5;9.7;0
Tours;47.39;0.68;29/09/2026;05:00;16.5;2;NUAGEUX;2.1;6.8;0
Tours;47.39;0.68;29/09/2026;06:00;16.5;2;NUAGEUX;3.3;6.8;0
Tours;47.39;0.68;29/09/2026;07:00;16.5;2;NUAGEUX;1.1;6.5;0
Tours;47.39;0.68;29/09/2026;08:00;18.4;2;NUAGEUX;0.4;6.1;0
Tours;47.39;0.68;29/09/2026;09:00;19.8;2;NUAGEUX;0.8;5.4;0
Tours;47.39;0.68;29/09/2026;10:00;21.2;2;NUAGEUX;4.3;10.1;0
Tours;47.39;0.68;29/09/2026;11:00;25.7;2;NUAGEUX;4.4;10.8;0
Tours;47.39;0.68;29/09/2026;12:00;25.7;2;NUAGEUX;8.0;18.7;0
Tours;47.39;0.68;29/09/2026;13:00;25.7;2;NUAGEUX;11.6;26.6;0
Tours;47.39;0.68;29/09/2026;14:00;26.7;2;NUAGEUX;9.2;29.2;0
Tours;47.39;0.68;29/09/2026;15:00;28.1;2;NUAGEUX;4.9;27.4;0
Tours;47.39;0.68;29/09/2026;16:00;26.7;2;NUAGEUX;2.4;22.0;0
Tours;47.39;0.68;29/09/2026;17:00;24.1;2;NUAGEUX;7.8;18.0;0
Tours;47.39;0.68;29/09/2026;18:00;24.1;2;NUAGEUX;8.4;16.6;0
Tours;47.39;0.68;29/09/2026;19:00;24.1;2;NUAGEUX;7.2;16.2;0
Tours;47.39;0.68;29/09/2026;20:00;21.2;2;NUAGEUX;6.3;16.2;0
Tours;47.39;0.68;29/09/2026;21:00;19.8;2;NUAGEUX;6.4;16.2;0
Tours;47.39;0.68;29/09/2026;22:00;18.4;2;NUAGEUX;7.4;16.6;0
Tours;47.39;0.68;29/09/2026;23:00;20.6;2;NUAGEUX;8.4;16.9;0
Tours;47.39;0.68;30/09/2026;00:00;20.6;2;NUAGEUX;7.9;16.9;0
Tours;47.39;0.68;30/09/2026;01:00;20.6;2;NUAGEUX;7.3;16.9;0
Tours;47.39;0.68;30/09/2026;02:00;17.7;2;NUAGEUX;6.5;16.2;0
Tours;47.39;0.68;30/09/2026;03:00;17.7;2;NUAGEUX;6.3;14.0;0
Tours;47.39;0.68;30/09/2026;04:00;17.7;2;NUAGEUX;5.8;11.2;0
Tours;47.39;0.68;30/09/2026;05:00;18.7;2;NUAGEUX;5.2;9.7;0
Tours;47.39;0.68;30/09/2026;06:00;18.7;2;NUAGEUX;3.8;10.1;0
Tours;47.39;0.68;30/09/2026;07:00;18.7;2;NUAGEUX;2.6;11.5;0
Tours;47.39;0.68;30/09/2026;08:00;19.4;2;NUAGEUX;3.3;13.7;0
Tours;47.39;0.68;30/09/2026;09:00;20.2;2;NUAGEUX;5.9;17.3;0
Tours;47.39;0.68;30/09/2026;10:00;21.0;2;NUAGEUX;9.1;21.6;0
Tours;47.39;0.68;30/09/2026;11:00;24;2;NUAGEUX;11.5;24.8;0
Tours;47.39;0.68;30/09/2026;12:00;24;2;NUAGEUX;11.9;25.9;0
Tours;47.39;0.68;30/09/2026;13:00;24;2;NUAGEUX;11.2;25.9;0
Tours;47.39;0.68;30/09/2026;14:00;24.4;2;NUAGEUX;10.9;26.6;0
Tours;47.39;0.68;30/09/2026;15:00;25.2;2;NUAGEUX;11.9;30.2;0
Tours;47.39;0.68;30/09/2026;16:00;24.4;2;NUAGEUX;13.3;34.9;0
Tours;47.39;0.68;30/09/2026;17:00;21;6;AVERSES;13.3;36.4;0
Tours;47.39;0.68;30/09/2026;18:00;21;6;AVERSES;11.2;31.3;0
Tours;47.39;0.68;30/09/2026;19:00;21;6;AVERSES;7.7;23.0;0
Tours;47.39;0.68;30/09/2026;20:00;21.0;2;NUAGEUX;5.2;16.6;0
Tours;47.39;0.68;30/09/2026;21:00;20.2;2;NUAGEUX;4.6;13.3;0
Tours;47.39;0.68;30/09/2026;22:00;19.4;2;NUAGEUX;5.2;11.5;0
Tours;47.39;0.68;30/09/2026;23:00;17.7;7;PLUIE FAIBLE;6.0;11.5;0
Tours;47.39;0.68;01/10/2026;00:00;17.7;7;PLUIE FAIBLE;6.9;14.0;0
Tours;47.39;0.68;01/10/2026;01:00;17.7;7;PLUIE FAIBLE;8.7;18.4;0
Tours;47.39;0.68;01/10/2026;02:00;15.4;7;PLUIE FAIBLE;10.4;22.0;0
Tours;47.39;0.68;01/10/2026;03:00;15.4;7;PLUIE FAIBLE;11.3;23.8;0
Tours;47.39;0.68;01/10/2026;04:00;15.4;7;PLUIE FAIBLE;11.6;24.8;0
Tours;47.39;0.68;01/10/2026;05:00;16.4;6;AVERSES;11.3;24.8;0
Tours;47.39;0.68;01/10/2026;06:00;16.4;6;AVERSES;11.0;23.7;0
Tours;47.39;0.68;01/10/2026;07:00;16.4;6;AVERSES;10.7;22.0;0
Tours;47.39;0.68;01/10/2026;08:00;16.6;7;PLUIE FAIBLE;10.9;21.2;0
Tours;47.39;0.68;01/10/2026;09:00;17.2;7;PLUIE FAIBLE;12.6;24.1;0
Tours;47.39;0.68;01/10/2026;10:00;17.8;7;PLUIE FAIBLE;14.8;28.8;0
Tours;47.39;0.68;01/10/2026;11:00;20.2;7;PLUIE FAIBLE;16.3;32.4;0
Tours;47.39;0.68;01/10/2026;12:00;20.2;7;PLUIE FAIBLE;17.0;34.9;0
Tours;47.39;0.68;01/10/2026;13:00;20.2;7;PLUIE FAIBLE;18.0;36.7;0
Tours;47.39;0.68;01/10/2026;14:00;20.3;7;PLUIE FAIBLE;18.9;37.4;0
Tours;47.39;0.68;01/10/2026;15:00;20.9;7;PLUIE FAIBLE;19.5;37.4;0
Tours;47.39;0.68;01/10/2026;16:00;20.3;7;PLUIE FAIBLE;19.4;36.7;0
Tours;47.39;0.68;01/10/2026;17:00;17.6;7;PLUIE FAIBLE;18.0;34.9;0
Tours;47.39;0.68;01/10/2026;18:00;17.6;7;PLUIE FAIBLE;13.8;31.0;0
Tours;47.39;0.68;01/10/2026;19:00;17.6;7;PLUIE FAIBLE;8.3;25.9;0
Tours;47.39;0.68;01/10/2026;20:00;17.8;7;PLUIE FAIBLE;5.0;21.2;0
Tours;47.39;0.68;01/10/2026;21:00;17.2;7;PLUIE FAIBLE;3.7;16.9;0
Tours;47.39;0.68;01/10/2026;22:00;16.6;7;PLUIE FAIBLE;3.5;13.3;0
Tours;47.39;0.68;01/10/2026;23:00;13.9;0;SOLEIL;4.3;10.4;0
Tours;47.39;0.68;02/10/2026;00:00;13.9;0;SOLEIL;4.5;9.0;0
Tours;47.39;0.68;02/10/2026;01:00;13.9;0;SOLEIL;4.7;8.3;0
Tours;47.39;0.68;02/10/2026;02:00;11.1;0;SOLEIL;4.8;8.6;0
Tours;47.39;0.68;02/10/2026;03:00;11.1;0;SOLEIL;4.5;9.7;0
Tours;47.39;0.68;02/10/2026;04:00;11.1;0;SOLEIL;4.4;11.5;0
Tours;47.39;0.68;02/10/2026;05:00;12.2;0;SOLEIL;5.0;13.0;0
Tours;47.39;0.68;02/10/2026;06:00;12.2;0;SOLEIL;5.5;13.3;0
Tours;47.39;0.68;02/10/2026;07:00;12.2;0;SOLEIL;6.1;13.0;0
Tours;47.39;0.68;02/10/2026;08:00;13.3;0;SOLEIL;7.0;13.0;0
Tours;47.39;0.68;02/10/2026;09:00;14.4;0;SOLEIL;7.1;13.3;0
Tours;47.39;0.68;02/10/2026;10:00;15.5;0;SOLEIL;7.2;14.4;0
Tours;47.39;0.68;02/10/2026;11:00;20.2;0;SOLEIL;7.8;16.2;0
Tours;47.39;0.68;02/10/2026;12:00;20.2;0;SOLEIL;9.7;19.8;0
Tours;47.39;0.68;02/10/2026;13:00;20.2;0;SOLEIL;12.4;24.8;0
Tours;47.39;0.68;02/10/2026;14:00;20.0;0;SOLEIL;14.3;28.8;0
Tours;47.39;0.68;02/10/2026;15:00;21.1;0;SOLEIL;14.2;32.4;0
Tours;47.39;0.68;02/10/2026;16:00;20.0;0;SOLEIL;13.0;34.9;0
Tours;47.39;0.68;02/10/2026;17:00;17.4;0;SOLEIL;11.6;35.6;0
Tours;47.39;0.68;02/10/2026;18:00;17.4;0;SOLEIL;9.7;32.0;0
Tours;47.39;0.68;02/10/2026;19:00;17.4;0;SOLEIL;8.0;26.3;0
Tours;47.39;0.68;02/10/2026;20:00;15.5;0;SOLEIL;6.9;22.3;0
Tours;47.39;0.68;02/10/2026;21:00;14.4;0;SOLEIL;8.2;21.6;0
Tours;47.39;0.68;02/10/2026;22:00;13.3;0;SOLEIL;11.0;23.0;0
Tours;47.39;0.68;02/10/2026;23:00;13.1;0;SOLEIL;12.8;23.8;0
Tours;47.39;0.68;03/10/2026;00:00;13.1;0;SOLEIL;11.3;23.8;0
Tours;47.39;0.68;03/10/2026;01:00;13.1;0;SOLEIL;8.1;23.8;0
Tours;47.39;0.68;03/10/2026;02:00;10.4;0;SOLEIL;6.3;23.4;0
Tours;47.39;0.68;03/10/2026;03:00;10.4;0;SOLEIL;6.9;22.3;0
Tours;47.39;0.68;03/10/2026;04:00;10.4;0;SOLEIL;8.4;20.9;0
Tours;47.39;0.68;03/10/2026;05:00;11.6;0;SOLEIL;9.8;19.4;0
Tours;47.39;0.68;03/10/2026;06:00;11.6;0;SOLEIL;9.4;17.6;0
Tours;47.39;0.68;03/10/2026;07:00;11.6;0;SOLEIL;8.2;16.2;0
Tours;47.39;0.68;03/10/2026;08:00;13.0;0;SOLEIL;8.2;16.6;0
Tours;47.39;0.68;03/10/2026;09:00;14.2;0;SOLEIL;9.9;20.2;0
Tours;47.39;0.68;03/10/2026;10:00;15.5;0;SOLEIL;13.1;25.2;0
Tours;47.39;0.68;03/10/2026;11:00;21;0;SOLEIL;15.3;29.5;0
Tours;47.39;0.68;03/10/2026;12:00;21;0;SOLEIL;12.8;26.4;0
Tours;47.39;0.68;03/10/2026;13:00;21;0;SOLEIL;9.3;22.3;0
Tours;47.39;0.68;03/10/2026;14:00;20.6;0;SOLEIL;5.4;17.9;0
Tours;47.39;0.68;03/10/2026;15:00;21.9;0;SOLEIL;1.6;13.0;0
Tours;47.39;0.68;03/10/2026;16:00;20.6;0;SOLEIL;2.5;12.6;0
Tours;47.39;0.68;03/10/2026;17:00;18.1;0;SOLEIL;3.7;12.2;0
Tours;47.39;0.68;03/10/2026;18:00;18.1;0;SOLEIL;5.0;11.5;0
Tours;47.39;0.68;03/10/2026;19:00;18.1;0;SOLEIL;6.2;11.2;0
Tours;47.39;0.68;03/10/2026;20:00;15.5;0;SOLEIL;6.8;11.5;0
Tours;47.39;0.68;03/10/2026;21:00;14.2;0;SOLEIL;6.9;12.2;0
Tours;47.39;0.68;03/10/2026;22:00;13.0;0;SOLEIL;6.6;13.7;0
Tours;47.39;0.68;03/10/2026;23:00;14.4;2;NUAGEUX;6.1;15.5;0
Blois;47.58;1.33;26/09/2026;00:00;15.9;0;SOLEIL;4.8;7.9;0
Blois;47.58;1.33;26/09/2026;01:00;15.4;0;SOLEIL;4.0;7.2;0
Blois;47.58;1.33;26/09/2026;02:00;14.5;0;SOLEIL;4.2;6.8;0
Blois;47.58;1.33;26/09/2026;03:00;14.1;0;SOLEIL;3.6;6.8;0
Blois;47.58;1.33;26/09/2026;04:00;13.6;2;NUAGEUX;3.3;5.4;0
Blois;47.58;1.33;26/09/2026;05:00;13.1;2;NUAGEUX;3.6;6.1;0
Blois;47.58;1.33;26/09/2026;06:00;13.6;2;NUAGEUX;2.9;6.1;0
Blois;47.58;1.33;26/09/2026;07:00;15.2;2;NUAGEUX;2.6;4.7;0
Blois;47.58;1.33;26/09/2026;08:00;16;2;NUAGEUX;2.6;4.0;0
Blois;47.58;1.33;26/09/2026;09:00;17.6;2;NUAGEUX;1.8;4.7;0
Blois;47.58;1.33;26/09/2026;10:00;19;2;NUAGEUX;2.9;6.5;0
Blois;47.58;1.33;26/09/2026;11:00;21;2;NUAGEUX;5.9;12.2;0
Blois;47.58;1.33;26/09/2026;12:00;21.5;2;NUAGEUX;7.4;14.8;0
Blois;47.58;1.33;26/09/2026;13:00;23.2;2;NUAGEUX;9.4;18.0;0
Blois;47.58;1.33;26/09/2026;14:00;24.3;0;SOLEIL;8.4;18.0;0
Blois;47.58;1.33;26/09/2026;15:00;24.6;0;SOLEIL;7.2;15.8;0
Blois;47.58;1.33;26/09/2026;16:00;24.4;0;SOLEIL;8.0;15.8;0
Blois;47.58;1.33;26/09/2026;17:00;23.4;0;SOLEIL;8.1;15.5;0
Blois;47.58;1.33;26/09/2026;18:00;21.4;0;SOLEIL;8.4;19.1;0
Blois;47.58;1.33;26/09/2026;19:00;18.1;5;SOLEIL VOILÉ;6.6;20.2;0
Blois;47.58;1.33;26/09/2026;20:00;17;5;SOLEIL VOILÉ;4.1;11.2;0
Blois;47.58;1.33;26/09/2026;21:00;16.1;5;SOLEIL VOILÉ;4.3;6.5;0
Blois;47.58;1.33;26/09/2026;22:00;14.6;2;NUAGEUX;5.2;9.4;0
Blois;47.58;1.33;26/09/2026;23:00;14.6;0;SOLEIL;11.8;19.1;0
Blois;47.58;1.33;27/09/2026;00:00;14.6;0;SOLEIL;12.2;21.6;0
Blois;47.58;1.33;27/09/2026;01:00;14.6;0;SOLEIL;11.1;20.5;0
Blois;47.58;1.33;27/09/2026;02:00;13.7;0;SOLEIL;6.2;17.6;0
Blois;47.58;1.33;27/09/2026;03:00;13.7;0;SOLEIL;3.3;9.4;0
Blois;47.58;1.33;27/09/2026;04:00;13.7;0;SOLEIL;4.3;6.8;0
Blois;47.58;1.33;27/09/2026;05:00;12.9;5;SOLEIL VOILÉ;5.9;11.2;0
Blois;47.58;1.33;27/09/2026;06:00;12.9;5;SOLEIL VOILÉ;7.3;13.0;0
Blois;47.58;1.33;27/09/2026;07:00;12.9;5;SOLEIL VOILÉ;6.6;13.3;0
Blois;47.58;1.33;27/09/2026;08:00;20.2;5;SOLEIL VOILÉ;5.9;11.9;0
Blois;47.58;1.33;27/09/2026;09:00;20.2;5;SOLEIL VOILÉ;7.9;14.4;0
Blois;47.58;1.33;27/09/2026;10:00;20.2;5;SOLEIL VOILÉ;7.8;14.0;0
Blois;47.58;1.33;27/09/2026;11:00;27.7;5;SOLEIL VOILÉ;7.7;14.8;0
Blois;47.58;1.33;27/09/2026;12:00;27.7;5;SOLEIL VOILÉ;5.4;16.2;0
Blois;47.58;1.33;27/09/2026;13:00;27.7;5;SOLEIL VOILÉ;2.2;10.4;0
Blois;47.58;1.33;27/09/2026;14:00;29.1;5;SOLEIL VOILÉ;7.2;13.0;0
Blois;47.58;1.33;27/09/2026;15:00;29.1;5;SOLEIL VOILÉ;6.8;9.4;0
Blois;47.58;1.33;27/09/2026;16:00;29.1;5;SOLEIL VOILÉ;3.3;9.7;0
Blois;47.58;1.33;27/09/2026;17:00;25.6;5;SOLEIL VOILÉ;5.4;11.5;0
Blois;47.58;1.33;27/09/2026;18:00;25.6;5;SOLEIL VOILÉ;7.0;13.0;0
Blois;47.58;1.33;27/09/2026;19:00;25.6;5;SOLEIL VOILÉ;3.9;11.5;0
Blois;47.58;1.33;27/09/2026;20:00;19.7;5;SOLEIL VOILÉ;3.8;7.6;0
Blois;47.58;1.33;27/09/2026;21:00;19.7;5;SOLEIL VOILÉ;3.1;5.8;0
Blois;47.58;1.33;27/09/2026;22:00;19.7;5;SOLEIL VOILÉ;2.8;6.1;0
Blois;47.58;1.33;27/09/2026;23:00;17.1;5;SOLEIL VOILÉ;7.6;12.6;0
Blois;47.58;1.33;28/09/2026;00:00;17.1;5;SOLEIL VOILÉ;4.3;11.9;0
Blois;47.58;1.33;28/09/2026;01:00;17.1;5;SOLEIL VOILÉ;5.6;9.0;0
Blois;47.58;1.33;28/09/2026;02:00;15.6;2;NUAGEUX;4.9;9.4;0
Blois;47.58;1.33;28/09/2026;03:00;15.6;2;NUAGEUX;4.1;7.6;0
Blois;47.58;1.33;28/09/2026;04:00;15.6;2;NUAGEUX;2.8;6.1;0
Blois;47.58;1.33;28/09/2026;05:00;17;6;AVERSES;2.9;5.0;0
Blois;47.58;1.33;28/09/2026;06:00;17;6;AVERSES;2.9;5.0;0
Blois;47.58;1.33;28/09/2026;07:00;17;6;AVERSES;2.5;5.0;0
Blois;47.58;1.33;28/09/2026;08:00;20.2;6;AVERSES;1.5;4.0;0
Blois;47.58;1.33;28/09/2026;09:00;20.2;6;AVERSES;1.8;4.0;0
Blois;47.58;1.33;28/09/2026;10:00;20.2;6;AVERSES;4.0;7.9;0
Blois;47.58;1.33;28/09/2026;11:00;24.1;6;AVERSES;7.9;15.8;0
Blois;47.58;1.33;28/09/2026;12:00;24.1;6;AVERSES;8.3;18.0;0
Blois;47.58;1.33;28/09/2026;13:00;24.1;6;AVERSES;9.6;20.5;0
Blois;47.58;1.33;28/09/2026;14:00;24.5;5;SOLEIL VOILÉ;14.3;42.8;0
Blois;47.58;1.33;28/09/2026;15:00;24.5;5;SOLEIL VOILÉ;13.0;42.1;0
Blois;47.58;1.33;28/09/2026;16:00;24.5;5;SOLEIL VOILÉ;11.2;35.6;0
Blois;47.58;1.33;28/09/2026;17:00;21.6;5;SOLEIL VOILÉ;11.5;22.7;0
Blois;47.58;1.33;28/09/2026;18:00;21.6;5;SOLEIL VOILÉ;9.3;22.7;0
Blois;47.58;1.33;28/09/2026;19:00;21.6;5;SOLEIL VOILÉ;5.9;18.4;0
Blois;47.58;1.33;28/09/2026;20:00;19.6;6;AVERSES;2.3;10.1;0
Blois;47.58;1.33;28/09/2026;21:00;18.5;6;AVERSES;0.7;3.2;0
Blois;47.58;1.33;28/09/2026;22:00;17.4;6;AVERSES;0.4;1.1;0
Blois;47.58;1.33;28/09/2026;23:00;17.5;2;NUAGEUX;2.0;2.2;0
Blois;47.58;1.33;29/09/2026;00:00;17.5;2;NUAGEUX;1.8;2.9;0
Blois;47.58;1.33;29/09/2026;01:00;17.5;2;NUAGEUX;1.4;2.5;0
Blois;47.58;1.33;29/09/2026;02:00;14.9;2;NUAGEUX;3.4;5.8;0
Blois;47.58;1.33;29/09/2026;03:00;14.9;2;NUAGEUX;0.8;5.0;0
Blois;47.58;1.33;29/09/2026;04:00;14.9;2;NUAGEUX;5.1;8.3;0
Blois;47.58;1.33;29/09/2026;05:00;15.5;2;NUAGEUX;2.6;8.6;0
Blois;47.58;1.33;29/09/2026;06:00;15.5;2;NUAGEUX;1.1;6.8;0
Blois;47.58;1.33;29/09/2026;07:00;15.5;2;NUAGEUX;3.5;6.1;0
Blois;47.58;1.33;29/09/2026;08:00;18.2;2;NUAGEUX;4.0;6.1;0
Blois;47.58;1.33;29/09/2026;09:00;19.8;2;NUAGEUX;2.5;7.2;0
Blois;47.58;1.33;29/09/2026;10:00;21.4;2;NUAGEUX;1.5;8.3;0
Blois;47.58;1.33;29/09/2026;11:00;27.2;2;NUAGEUX;4.3;9.7;0
Blois;47.58;1.33;29/09/2026;12:00;27.2;2;NUAGEUX;8.3;16.9;0
Blois;47.58;1.33;29/09/2026;13:00;27.2;2;NUAGEUX;9.6;19.8;0
Blois;47.58;1.33;29/09/2026;14:00;28.0;2;NUAGEUX;9.9;23.0;0
Blois;47.58;1.33;29/09/2026;15:00;29.6;2;NUAGEUX;6.4;25.2;0
Blois;47.58;1.33;29/09/2026;16:00;28.0;2;NUAGEUX;0.8;26.3;0
Blois;47.58;1.33;29/09/2026;17:00;23.7;2;NUAGEUX;4.6;25.9;0
Blois;47.58;1.33;29/09/2026;18:00;23.7;2;NUAGEUX;6.6;23.4;0
Blois;47.58;1.33;29/09/2026;19:00;23.7;2;NUAGEUX;7.4;19.1;0
Blois;47.58;1.33;29/09/2026;20:00;21.4;2;NUAGEUX;7.6;16.2;0
Blois;47.58;1.33;29/09/2026;21:00;19.8;2;NUAGEUX;7.7;15.5;0
Blois;47.58;1.33;29/09/2026;22:00;18.2;2;NUAGEUX;7.4;15.5;0
Blois;47.58;1.33;29/09/2026;23:00;20.2;2;NUAGEUX;7.3;15.5;0
Blois;47.58;1.33;30/09/2026;00:00;20.2;2;NUAGEUX;6.7;14.8;0
Blois;47.58;1.33;30/09/2026;01:00;20.2;2;NUAGEUX;5.9;14.0;0
Blois;47.58;1.33;30/09/2026;02:00;17;6;AVERSES;5.1;13.0;0
Blois;47.58;1.33;30/09/2026;03:00;17;6;AVERSES;4.0;10.8;0
Blois;47.58;1.33;30/09/2026;04:00;17;6;AVERSES;3.5;8.3;0
Blois;47.58;1.33;30/09/2026;05:00;17.9;2;NUAGEUX;3.3;6.5;0
Blois;47.58;1.33;30/09/2026;06:00;17.9;2;NUAGEUX;3.6;6.1;0
Blois;47.58;1.33;30/09/2026;07:00;17.9;2;NUAGEUX;4.2;6.8;0
Blois;47.58;1.33;30/09/2026;08:00;19.0;6;AVERSES;5.2;8.6;0
Blois;47.58;1.33;30/09/2026;09:00;20.0;6;AVERSES;7.1;12.6;0
Blois;47.58;1.33;30/09/2026;10:00;21.0;6;AVERSES;9.3;18.0;0
Blois;47.58;1.33;30/09/2026;11:00;24.7;2;NUAGEUX;11.3;22.7;0
Blois;47.58;1.33;30/09/2026;12:00;24.7;2;NUAGEUX;12.5;26.6;0
Blois;47.58;1.33;30/09/2026;13:00;24.7;2;NUAGEUX;13.7;30.2;0
Blois;47.58;1.33;30/09/2026;14:00;25.0;6;AVERSES;15.0;32.8;0
Blois;47.58;1.33;30/09/2026;15:00;26.0;6;AVERSES;14.9;33.8;0
Blois;47.58;1.33;30/09/2026;16:00;25.0;6;AVERSES;14.0;33.8;0
Blois;47.58;1.33;30/09/2026;17:00;21.2;6;AVERSES;12.6;31.7;0
Blois;47.58;1.33;30/09/2026;18:00;21.2;6;AVERSES;10.2;26.6;0
Blois;47.58;1.33;30/09/2026;19:00;21.2;6;AVERSES;6.7;19.4;0
Blois;47.58;1.33;30/09/2026;20:00;21.0;6;AVERSES;4.5;13.7;0
Blois;47.58;1.33;30/09/2026;21:00;20.0;6;AVERSES;4.1;10.1;0
Blois;47.58;1.33;30/09/2026;22:00;19.0;6;AVERSES;4.5;7.9;0
Blois;47.58;1.33;30/09/2026;23:00;17.1;6;AVERSES;5.0;7.2;0
Blois;47.58;1.33;01/10/2026;00:00;17.1;6;AVERSES;5.6;9.0;0
Blois;47.58;1.33;01/10/2026;01:00;17.1;6;AVERSES;6.8;12.6;0
Blois;47.58;1.33;01/10/2026;02:00;14.9;7;PLUIE FAIBLE;7.9;14.8;0
Blois;47.58;1.33;01/10/2026;03:00;14.9;7;PLUIE FAIBLE;7.3;14.0;0
Blois;47.58;1.33;01/10/2026;04:00;14.9;7;PLUIE FAIBLE;6.1;11.9;0
Blois;47.58;1.33;01/10/2026;05:00;16.1;7;PLUIE FAIBLE;5.6;10.4;0
Blois;47.58;1.33;01/10/2026;06:00;16.1;7;PLUIE FAIBLE;6.4;11.7;0
Blois;47.58;1.33;01/10/2026;07:00;16.1;7;PLUIE FAIBLE;7.7;13.9;0
Blois;47.58;1.33;01/10/2026;08:00;16.2;7;PLUIE FAIBLE;8.8;15.6;0
Blois;47.58;1.33;01/10/2026;09:00;16.9;7;PLUIE FAIBLE;10.5;18.4;0
Blois;47.58;1.33;01/10/2026;10:00;17.6;7;PLUIE FAIBLE;13.4;23.8;0
Blois;47.58;1.33;01/10/2026;11:00;20.2;6;AVERSES;15.5;28.1;0
Blois;47.58;1.33;01/10/2026;12:00;20.2;6;AVERSES;15.7;29.9;0
Blois;47.58;1.33;01/10/2026;13:00;20.2;6;AVERSES;15.5;30.2;0
Blois;47.58;1.33;01/10/2026;14:00;20.2;7;PLUIE FAIBLE;15.6;30.6;0
Blois;47.58;1.33;01/10/2026;15:00;20.9;7;PLUIE FAIBLE;16.6;32.0;0
Blois;47.58;1.33;01/10/2026;16:00;20.2;7;PLUIE FAIBLE;17.9;33.8;0
Blois;47.58;1.33;01/10/2026;17:00;17.4;7;PLUIE FAIBLE;17.8;33.1;0
Blois;47.58;1.33;01/10/2026;18:00;17.4;7;PLUIE FAIBLE;13.8;28.4;0
Blois;47.58;1.33;01/10/2026;19:00;17.4;7;PLUIE FAIBLE;8.5;21.6;0
Blois;47.58;1.33;01/10/2026;20:00;17.6;7;PLUIE FAIBLE;5.9;16.9;0
Blois;47.58;1.33;01/10/2026;21:00;16.9;7;PLUIE FAIBLE;7.0;16.6;0
Blois;47.58;1.33;01/10/2026;22:00;16.2;7;PLUIE FAIBLE;9.4;18.4;0
Blois;47.58;1.33;01/10/2026;23:00;13.1;0;SOLEIL;10.8;19.1;0
Blois;47.58;1.33;02/10/2026;00:00;13.1;0;SOLEIL;9.7;16.6;0
Blois;47.58;1.33;02/10/2026;01:00;13.1;0;SOLEIL;7.6;12.6;0
Blois;47.58;1.33;02/10/2026;02:00;10.1;0;SOLEIL;6.6;11.2;0
Blois;47.58;1.33;02/10/2026;03:00;10.1;0;SOLEIL;7.5;14.8;0
Blois;47.58;1.33;02/10/2026;04:00;10.1;0;SOLEIL;11.3;20.9;0
Blois;47.58;1.33;02/10/2026;05:00;11;0;SOLEIL;13.2;24.8;0
Blois;47.58;1.33;02/10/2026;06:00;11;0;SOLEIL;11.1;24.1;0
Blois;47.58;1.33;02/10/2026;07:00;11;0;SOLEIL;7.3;20.9;0
Blois;47.58;1.33;02/10/2026;08:00;12.5;0;SOLEIL;7.0;19.1;0
Blois;47.58;1.33;02/10/2026;09:00;13.7;0;SOLEIL;8.2;19.4;0
Blois;47.58;1.33;02/10/2026;10:00;14.9;0;SOLEIL;9.7;21.2;0
Blois;47.58;1.33;02/10/2026;11:00;20;7;PLUIE FAIBLE;11.3;23.0;0
Blois;47.58;1.33;02/10/2026;12:00;20;7;PLUIE FAIBLE;13.0;25.6;0
Blois;47.58;1.33;02/10/2026;13:00;20;7;PLUIE FAIBLE;14.7;28.4;0
Blois;47.58;1.33;02/10/2026;14:00;19.8;0;SOLEIL;15.7;30.2;0
Blois;47.58;1.33;02/10/2026;15:00;21.0;0;SOLEIL;15.3;31.0;0
Blois;47.58;1.33;02/10/2026;16:00;19.8;0;SOLEIL;14.5;30.6;0
Blois;47.58;1.33;02/10/2026;17:00;17.1;0;SOLEIL;12.8;29.9;0
Blois;47.58;1.33;02/10/2026;18:00;17.1;0;SOLEIL;10.8;28.4;0
Blois;47.58;1.33;02/10/2026;19:00;17.1;0;SOLEIL;9.3;26.6;0
Blois;47.58;1.33;02/10/2026;20:00;14.9;0;SOLEIL;8.4;24.8;0
Blois;47.58;1.33;02/10/2026;21:00;13.7;0;SOLEIL;6.0;23.4;0
Blois;47.58;1.33;02/10/2026;22:00;12.5;0;SOLEIL;8.8;22.3;0
Blois;47.58;1.33;02/10/2026;23:00;11.9;0;SOLEIL;13.0;22.7;0
Blois;47.58;1.33;03/10/2026;00:00;11.9;0;SOLEIL;14.4;25.6;0
Blois;47.58;1.33;03/10/2026;01:00;11.9;0;SOLEIL;15.0;30.2;0
Blois;47.58;1.33;03/10/2026;02:00;8.7;0;SOLEIL;15.5;32.8;0
Blois;47.58;1.33;03/10/2026;03:00;8.7;0;SOLEIL;14.7;32.0;0
Blois;47.58;1.33;03/10/2026;04:00;8.7;0;SOLEIL;13.8;29.9;0
Blois;47.58;1.33;03/10/2026;05:00;10.1;0;SOLEIL;13.0;27.4;0
Blois;47.58;1.33;03/10/2026;06:00;10.1;0;SOLEIL;12.2;24.8;0
Blois;47.58;1.33;03/10/2026;07:00;10.1;0;SOLEIL;11.2;22.7;0
Blois;47.58;1.33;03/10/2026;08:00;11.7;0;SOLEIL;11.2;21.6;0
Blois;47.58;1.33;03/10/2026;09:00;13.2;0;SOLEIL;12.2;23.0;0
Blois;47.58;1.33;03/10/2026;10:00;14.7;0;SOLEIL;14.3;26.3;0
Blois;47.58;1.33;03/10/2026;11:00;21.4;0;SOLEIL;15.8;28.8;0
Blois;47.58;1.33;03/10/2026;12:00;21.4;0;SOLEIL;12.7;25.3;0
Blois;47.58;1.33;03/10/2026;13:00;21.4;0;SOLEIL;9.1;21.1;0
Blois;47.58;1.33;03/10/2026;14:00;20.7;0;SOLEIL;5.6;16.8;0
Blois;47.58;1.33;03/10/2026;15:00;22.2;0;SOLEIL;2.5;12.6;0
Blois;47.58;1.33;03/10/2026;16:00;20.7;0;SOLEIL;3.8;13.0;0
Blois;47.58;1.33;03/10/2026;17:00;17.6;0;SOLEIL;5.2;13.7;0
Blois;47.58;1.33;03/10/2026;18:00;17.6;0;SOLEIL;6.3;14.0;0
Blois;47.58;1.33;03/10/2026;19:00;17.6;0;SOLEIL;7.5;14.4;0
Blois;47.58;1.33;03/10/2026;20:00;14.7;0;SOLEIL;8.1;14.8;0
Blois;47.58;1.33;03/10/2026;21:00;13.2;0;SOLEIL;8.3;14.8;0
Blois;47.58;1.33;03/10/2026;22:00;11.7;0;SOLEIL;8.1;14.8;0
Blois;47.58;1.33;03/10/2026;23:00;13.2;2;NUAGEUX;7.9;14.4;0
Romorantin-Lanthenay;47.35;1.74;26/09/2026;00:00;13.1;0;SOLEIL;7.2;13.3;0
Romorantin-Lanthenay;47.35;1.74;26/09/2026;01:00;13;0;SOLEIL;6.6;12.6;0
Romorantin-Lanthenay;47.35;1.74;26/09/2026;02:00;12.5;0;SOLEIL;5.5;11.2;0
Romorantin-Lanthenay;47.35;1.74;26/09/2026;03:00;12.6;0;SOLEIL;4.7;9.4;0
Romorantin-Lanthenay;47.35;1.74;26/09/2026;04:00;11.1;0;SOLEIL;4.0;8.3;0
Romorantin-Lanthenay;47.35;1.74;26/09/2026;05:00;11.5;0;SOLEIL;4.5;8.6;0
Romorantin-Lanthenay;47.35;1.74;26/09/2026;06:00;11.2;2;NUAGEUX;4.7;9.0;0
Romorantin-Lanthenay;47.35;1.74;26/09/2026;07:00;12.6;2;NUAGEUX;4.1;8.6;0
Romorantin-Lanthenay;47.35;1.74;26/09/2026;08:00;14.6;2;NUAGEUX;4.0;7.6;0
Romorantin-Lanthenay;47.35;1.74;26/09/2026;09:00;17.4;2;NUAGEUX;3.4;7.2;0
Romorantin-Lanthenay;47.35;1.74;26/09/2026;10:00;19.4;2;NUAGEUX;8.2;15.5;0
Romorantin-Lanthenay;47.35;1.74;26/09/2026;11:00;21.1;2;NUAGEUX;7.6;19.1;0
Romorantin-Lanthenay;47.35;1.74;26/09/2026;12:00;22.5;2;NUAGEUX;8.4;17.3;0
Romorantin-Lanthenay;47.35;1.74;26/09/2026;13:00;23.4;2;NUAGEUX;8.4;18.7;0
Romorantin-Lanthenay;47.35;1.74;26/09/2026;14:00;24.8;0;SOLEIL;6.6;17.3;0
Romorantin-Lanthenay;47.35;1.74;26/09/2026;15:00;24.9;0;SOLEIL;5.4;14.4;0
Romorantin-Lanthenay;47.35;1.74;26/09/2026;16:00;25.6;0;SOLEIL;4.9;12.6;0
Romorantin-Lanthenay;47.35;1.74;26/09/2026;17:00;24;0;SOLEIL;5.3;11.9;0
Romorantin-Lanthenay;47.35;1.74;26/09/2026;18:00;20.6;0;SOLEIL;7.4;15.1;0
Romorantin-Lanthenay;47.35;1.74;26/09/2026;19:00;17.1;0;SOLEIL;3.6;14.0;0
Romorantin-Lanthenay;47.35;1.74;26/09/2026;20:00;14.9;0;SOLEIL;4.9;8.3;0
Romorantin-Lanthenay;47.35;1.74;26/09/2026;21:00;14.6;0;SOLEIL;6.3;10.8;0
Romorantin-Lanthenay;47.35;1.74;26/09/2026;22:00;13;0;SOLEIL;5.7;10.8;0
Romorantin-Lanthenay;47.35;1.74;26/09/2026;23:00;11.7;0;SOLEIL;8.2;14.0;0
Romorantin-Lanthenay;47.35;1.74;27/09/2026;00:00;11.5;0;SOLEIL;6.9;14.8;0
Romorantin-Lanthenay;47.35;1.74;27/09/2026;01:00;11.5;0;SOLEIL;8.2;14.4;0
Romorantin-Lanthenay;47.35;1.74;27/09/2026;02:00;9.9;0;SOLEIL;9.7;17.3;0
Romorantin-Lanthenay;47.35;1.74;27/09/2026;03:00;9.9;0;SOLEIL;10.2;18.4;0
Romorantin-Lanthenay;47.35;1.74;27/09/2026;04:00;9.9;0;SOLEIL;11.0;20.2;0
Romorantin-Lanthenay;47.35;1.74;27/09/2026;05:00;11;5;SOLEIL VOILÉ;11.6;21.6;0
Romorantin-Lanthenay;47.35;1.74;27/09/2026;06:00;11;5;SOLEIL VOILÉ;9.7;21.2;0
Romorantin-Lanthenay;47.35;1.74;27/09/2026;07:00;11;5;SOLEIL VOILÉ;7.4;17.3;0
Romorantin-Lanthenay;47.35;1.74;27/09/2026;08:00;21.5;5;SOLEIL VOILÉ;5.2;13.3;0
Romorantin-Lanthenay;47.35;1.74;27/09/2026;09:00;21.5;5;SOLEIL VOILÉ;7.2;13.3;0
Romorantin-Lanthenay;47.35;1.74;27/09/2026;10:00;21.5;5;SOLEIL VOILÉ;8.0;15.5;0
Romorantin-Lanthenay;47.35;1.74;27/09/2026;11:00;28.1;5;SOLEIL VOILÉ;7.8;15.8;0
Romorantin-Lanthenay;47.35;1.74;27/09/2026;12:00;28.1;5;SOLEIL VOILÉ;4.6;15.1;0
Romorantin-Lanthenay;47.35;1.74;27/09/2026;13:00;28.1;5;SOLEIL VOILÉ;6.6;14.8;0
Romorantin-Lanthenay;47.35;1.74;27/09/2026;14:00;29.5;5;SOLEIL VOILÉ;6.1;13.7;0
Romorantin-Lanthenay;47.35;1.74;27/09/2026;15:00;29.5;5;SOLEIL VOILÉ;3.9;10.8;0
Romorantin-Lanthenay;47.35;1.74;27/09/2026;16:00;29.5;5;SOLEIL VOILÉ;3.1;10.8;0
Romorantin-Lanthenay;47.35;1.74;27/09/2026;17:00;24.9;5;SOLEIL VOILÉ;0.5;7.6;0
Romorantin-Lanthenay;47.35;1.74;27/09/2026;18:00;24.9;5;SOLEIL VOILÉ;6.1;10.8;0
Romorantin-Lanthenay;47.35;1.74;27/09/2026;19:00;24.9;5;SOLEIL VOILÉ;1.0;10.8;0
Romorantin-Lanthenay;47.35;1.74;27/09/2026;20:00;16.6;5;SOLEIL VOILÉ;4.6;8.3;0
Romorantin-Lanthenay;47.35;1.74;27/09/2026;21:00;16.6;5;SOLEIL VOILÉ;3.4;8.3;0
Romorantin-Lanthenay;47.35;1.74;27/09/2026;22:00;16.6;5;SOLEIL VOILÉ;4.0;6.8;0
Romorantin-Lanthenay;47.35;1.74;27/09/2026;23:00;15.9;5;SOLEIL VOILÉ;3.4;7.2;0
Romorantin-Lanthenay;47.35;1.74;28/09/2026;00:00;15.9;5;SOLEIL VOILÉ;2.5;7.6;0
Romorantin-Lanthenay;47.35;1.74;28/09/2026;01:00;15.9;5;SOLEIL VOILÉ;2.2;4.7;0
Romorantin-Lanthenay;47.35;1.74;28/09/2026;02:00;15.1;2;NUAGEUX;1.3;4.0;0
Romorantin-Lanthenay;47.35;1.74;28/09/2026;03:00;15.1;2;NUAGEUX;4.0;8.3;0
Romorantin-Lanthenay;47.35;1.74;28/09/2026;04:00;15.1;2;NUAGEUX;4.0;7.6;0
Romorantin-Lanthenay;47.35;1.74;28/09/2026;05:00;14.6;2;NUAGEUX;4.4;7.9;0
Romorantin-Lanthenay;47.35;1.74;28/09/2026;06:00;14.6;2;NUAGEUX;4.0;7.9;0
Romorantin-Lanthenay;47.35;1.74;28/09/2026;07:00;14.6;2;NUAGEUX;4.4;7.9;0
Romorantin-Lanthenay;47.35;1.74;28/09/2026;08:00;21.1;10;ORAGEUX;4.0;7.9;0
Romorantin-Lanthenay;47.35;1.74;28/09/2026;09:00;21.1;10;ORAGEUX;3.8;6.8;0
Romorantin-Lanthenay;47.35;1.74;28/09/2026;10:00;21.1;10;ORAGEUX;7.3;14.9;0
Romorantin-Lanthenay;47.35;1.74;28/09/2026;11:00;26.1;5;SOLEIL VOILÉ;8.0;17.4;0
Romorantin-Lanthenay;47.35;1.74;28/09/2026;12:00;26.1;5;SOLEIL VOILÉ;8.0;19.1;0
Romorantin-Lanthenay;47.35;1.74;28/09/2026;13:00;26.1;5;SOLEIL VOILÉ;9.7;22.0;0
Romorantin-Lanthenay;47.35;1.74;28/09/2026;14:00;26.1;5;SOLEIL VOILÉ;10.9;33.5;0
Romorantin-Lanthenay;47.35;1.74;28/09/2026;15:00;26.1;5;SOLEIL VOILÉ;10.3;36.0;0
Romorantin-Lanthenay;47.35;1.74;28/09/2026;16:00;26.1;5;SOLEIL VOILÉ;9.7;23.0;0
Romorantin-Lanthenay;47.35;1.74;28/09/2026;17:00;22.6;5;SOLEIL VOILÉ;7.9;20.9;0
Romorantin-Lanthenay;47.35;1.74;28/09/2026;18:00;22.6;5;SOLEIL VOILÉ;4.9;18.0;0
Romorantin-Lanthenay;47.35;1.74;28/09/2026;19:00;22.6;5;SOLEIL VOILÉ;2.1;10.1;0
Romorantin-Lanthenay;47.35;1.74;28/09/2026;20:00;19.8;10;ORAGEUX;2.9;3.6;0
Romorantin-Lanthenay;47.35;1.74;28/09/2026;21:00;18.4;10;ORAGEUX;1.8;3.6;0
Romorantin-Lanthenay;47.35;1.74;28/09/2026;22:00;16.9;10;ORAGEUX;2.2;3.6;0
Romorantin-Lanthenay;47.35;1.74;28/09/2026;23:00;15.2;2;NUAGEUX;2.9;4.3;0
Romorantin-Lanthenay;47.35;1.74;29/09/2026;00:00;15.2;2;NUAGEUX;2.5;4.3;0
Romorantin-Lanthenay;47.35;1.74;29/09/2026;01:00;15.2;2;NUAGEUX;4.3;6.1;0
Romorantin-Lanthenay;47.35;1.74;29/09/2026;02:00;13.9;2;NUAGEUX;2.6;6.1;0
Romorantin-Lanthenay;47.35;1.74;29/09/2026;03:00;13.9;2;NUAGEUX;3.6;4.7;0
Romorantin-Lanthenay;47.35;1.74;29/09/2026;04:00;13.9;2;NUAGEUX;3.8;7.2;0
Romorantin-Lanthenay;47.35;1.74;29/09/2026;05:00;15.2;2;NUAGEUX;3.7;8.3;0
Romorantin-Lanthenay;47.35;1.74;29/09/2026;06:00;15.2;2;NUAGEUX;4.0;9.7;0
Romorantin-Lanthenay;47.35;1.74;29/09/2026;07:00;15.2;2;NUAGEUX;3.8;8.6;0
Romorantin-Lanthenay;47.35;1.74;29/09/2026;08:00;17.4;2;NUAGEUX;3.8;8.3;0
Romorantin-Lanthenay;47.35;1.74;29/09/2026;09:00;19.1;2;NUAGEUX;3.3;9.4;0
Romorantin-Lanthenay;47.35;1.74;29/09/2026;10:00;20.9;2;NUAGEUX;5.1;12.6;0
Romorantin-Lanthenay;47.35;1.74;29/09/2026;11:00;27.7;0;SOLEIL;7.9;25.6;0
Romorantin-Lanthenay;47.35;1.74;29/09/2026;12:00;27.7;0;SOLEIL;4.8;18.0;0
Romorantin-Lanthenay;47.35;1.74;29/09/2026;13:00;27.7;0;SOLEIL;5.9;23.0;0
Romorantin-Lanthenay;47.35;1.74;29/09/2026;14:00;27.9;2;NUAGEUX;4.9;18.7;0
Romorantin-Lanthenay;47.35;1.74;29/09/2026;15:00;29.6;2;NUAGEUX;1.3;17.3;0
Romorantin-Lanthenay;47.35;1.74;29/09/2026;16:00;27.9;2;NUAGEUX;3.3;15.8;0
Romorantin-Lanthenay;47.35;1.74;29/09/2026;17:00;24.5;2;NUAGEUX;6.6;15.1;0
Romorantin-Lanthenay;47.35;1.74;29/09/2026;18:00;24.5;2;NUAGEUX;7.8;14.8;0
Romorantin-Lanthenay;47.35;1.74;29/09/2026;19:00;24.5;2;NUAGEUX;7.7;15.1;0
Romorantin-Lanthenay;47.35;1.74;29/09/2026;20:00;20.9;2;NUAGEUX;8.2;15.5;0
Romorantin-Lanthenay;47.35;1.74;29/09/2026;21:00;19.1;2;NUAGEUX;8.2;16.2;0
Romorantin-Lanthenay;47.35;1.74;29/09/2026;22:00;17.4;2;NUAGEUX;7.8;16.9;0
Romorantin-Lanthenay;47.35;1.74;29/09/2026;23:00;19;2;NUAGEUX;6.9;16.9;0
Romorantin-Lanthenay;47.35;1.74;30/09/2026;00:00;19;2;NUAGEUX;5.2;15.1;0
Romorantin-Lanthenay;47.35;1.74;30/09/2026;01:00;19;2;NUAGEUX;4.0;12.2;0
Romorantin-Lanthenay;47.35;1.74;30/09/2026;02:00;16.2;2;NUAGEUX;3.6;10.1;0
Romorantin-Lanthenay;47.35;1.74;30/09/2026;03:00;16.2;2;NUAGEUX;4.3;8.6;0
Romorantin-Lanthenay;47.35;1.74;30/09/2026;04:00;16.2;2;NUAGEUX;4.8;7.9;0
Romorantin-Lanthenay;47.35;1.74;30/09/2026;05:00;17.2;2;NUAGEUX;5.4;7.6;0
Romorantin-Lanthenay;47.35;1.74;30/09/2026;06:00;17.2;2;NUAGEUX;5.4;7.9;0
Romorantin-Lanthenay;47.35;1.74;30/09/2026;07:00;17.2;2;NUAGEUX;5.4;8.6;0
Romorantin-Lanthenay;47.35;1.74;30/09/2026;08:00;18.4;2;NUAGEUX;5.4;10.1;0
Romorantin-Lanthenay;47.35;1.74;30/09/2026;09:00;19.5;2;NUAGEUX;6.4;12.6;0
Romorantin-Lanthenay;47.35;1.74;30/09/2026;10:00;20.6;2;NUAGEUX;7.9;16.2;0
Romorantin-Lanthenay;47.35;1.74;30/09/2026;11:00;24.4;2;NUAGEUX;9.4;19.8;0
Romorantin-Lanthenay;47.35;1.74;30/09/2026;12:00;24.4;2;NUAGEUX;10.8;23.4;0
Romorantin-Lanthenay;47.35;1.74;30/09/2026;13:00;24.4;2;NUAGEUX;12.8;27.4;0
Romorantin-Lanthenay;47.35;1.74;30/09/2026;14:00;25.0;2;NUAGEUX;14.1;30.2;0
Romorantin-Lanthenay;47.35;1.74;30/09/2026;15:00;26.1;2;NUAGEUX;14.1;32.8;0
Romorantin-Lanthenay;47.35;1.74;30/09/2026;16:00;25.0;2;NUAGEUX;13.5;34.2;0
Romorantin-Lanthenay;47.35;1.74;30/09/2026;17:00;21.9;6;AVERSES;12.4;32.8;0
Romorantin-Lanthenay;47.35;1.74;30/09/2026;18:00;21.9;6;AVERSES;10.0;25.9;0
Romorantin-Lanthenay;47.35;1.74;30/09/2026;19:00;21.9;6;AVERSES;6.4;15.8;0
Romorantin-Lanthenay;47.35;1.74;30/09/2026;20:00;20.6;2;NUAGEUX;3.8;8.6;0
Romorantin-Lanthenay;47.35;1.74;30/09/2026;21:00;19.5;2;NUAGEUX;3.0;6.8;0
Romorantin-Lanthenay;47.35;1.74;30/09/2026;22:00;18.4;2;NUAGEUX;3.8;7.6;0
Romorantin-Lanthenay;47.35;1.74;30/09/2026;23:00;16.7;7;PLUIE FAIBLE;5.1;8.6;0
Romorantin-Lanthenay;47.35;1.74;01/10/2026;00:00;16.7;7;PLUIE FAIBLE;5.9;10.1;0
Romorantin-Lanthenay;47.35;1.74;01/10/2026;01:00;16.7;7;PLUIE FAIBLE;6.6;11.9;0
Romorantin-Lanthenay;47.35;1.74;01/10/2026;02:00;14.2;6;AVERSES;7.1;13.3;0
Romorantin-Lanthenay;47.35;1.74;01/10/2026;03:00;14.2;6;AVERSES;6.6;13.0;0
Romorantin-Lanthenay;47.35;1.74;01/10/2026;04:00;14.2;6;AVERSES;6.1;12.2;0
Romorantin-Lanthenay;47.35;1.74;01/10/2026;05:00;15.6;6;AVERSES;6.1;11.9;0
Romorantin-Lanthenay;47.35;1.74;01/10/2026;06:00;15.6;6;AVERSES;7.0;13.7;0
Romorantin-Lanthenay;47.35;1.74;01/10/2026;07:00;15.6;6;AVERSES;8.1;16.2;0
Romorantin-Lanthenay;47.35;1.74;01/10/2026;08:00;15.6;6;AVERSES;9.0;18.0;0
Romorantin-Lanthenay;47.35;1.74;01/10/2026;09:00;16.3;6;AVERSES;10.1;20.9;0
Romorantin-Lanthenay;47.35;1.74;01/10/2026;10:00;17.0;6;AVERSES;12.2;26.6;0
Romorantin-Lanthenay;47.35;1.74;01/10/2026;11:00;19.9;6;AVERSES;13.7;30.6;0
Romorantin-Lanthenay;47.35;1.74;01/10/2026;12:00;19.9;6;AVERSES;13.6;31.7;0
Romorantin-Lanthenay;47.35;1.74;01/10/2026;13:00;19.9;6;AVERSES;12.4;31.0;0
Romorantin-Lanthenay;47.35;1.74;01/10/2026;14:00;19.9;6;AVERSES;11.9;30.2;0
Romorantin-Lanthenay;47.35;1.74;01/10/2026;15:00;20.6;6;AVERSES;12.5;31.0;0
Romorantin-Lanthenay;47.35;1.74;01/10/2026;16:00;19.9;6;AVERSES;13.6;31.7;0
Romorantin-Lanthenay;47.35;1.74;01/10/2026;17:00;16.7;6;AVERSES;13.8;30.6;0
Romorantin-Lanthenay;47.35;1.74;01/10/2026;18:00;16.7;6;AVERSES;11.3;26.6;0
Romorantin-Lanthenay;47.35;1.74;01/10/2026;19:00;16.7;6;AVERSES;7.4;20.9;0
Romorantin-Lanthenay;47.35;1.74;01/10/2026;20:00;17.0;6;AVERSES;4.8;16.6;0
Romorantin-Lanthenay;47.35;1.74;01/10/2026;21:00;16.3;6;AVERSES;5.0;15.1;0
Romorantin-Lanthenay;47.35;1.74;01/10/2026;22:00;15.6;6;AVERSES;6.5;15.1;0
Romorantin-Lanthenay;47.35;1.74;01/10/2026;23:00;12.5;0;SOLEIL;7.5;15.1;0
Romorantin-Lanthenay;47.35;1.74;02/10/2026;00:00;12.5;0;SOLEIL;7.7;14.8;0
Romorantin-Lanthenay;47.35;1.74;02/10/2026;01:00;12.5;0;SOLEIL;7.6;14.8;0
Romorantin-Lanthenay;47.35;1.74;02/10/2026;02:00;9.5;0;SOLEIL;7.6;15.1;0
Romorantin-Lanthenay;47.35;1.74;02/10/2026;03:00;9.5;0;SOLEIL;7.9;15.5;0
Romorantin-Lanthenay;47.35;1.74;02/10/2026;04:00;9.5;0;SOLEIL;8.4;16.2;0
Romorantin-Lanthenay;47.35;1.74;02/10/2026;05:00;10.6;0;SOLEIL;8.6;17.3;0
Romorantin-Lanthenay;47.35;1.74;02/10/2026;06:00;10.6;0;SOLEIL;7.2;18.4;0
Romorantin-Lanthenay;47.35;1.74;02/10/2026;07:00;10.6;0;SOLEIL;5.4;19.4;0
Romorantin-Lanthenay;47.35;1.74;02/10/2026;08:00;12.0;0;SOLEIL;4.5;20.9;0
Romorantin-Lanthenay;47.35;1.74;02/10/2026;09:00;13.3;0;SOLEIL;5.5;22.3;0
Romorantin-Lanthenay;47.35;1.74;02/10/2026;10:00;14.6;0;SOLEIL;8.4;23.8;0
Romorantin-Lanthenay;47.35;1.74;02/10/2026;11:00;19.9;0;SOLEIL;10.5;25.2;0
Romorantin-Lanthenay;47.35;1.74;02/10/2026;12:00;19.9;0;SOLEIL;11.0;26.3;0
Romorantin-Lanthenay;47.35;1.74;02/10/2026;13:00;19.9;0;SOLEIL;11.0;27.4;0
Romorantin-Lanthenay;47.35;1.74;02/10/2026;14:00;19.6;0;SOLEIL;10.5;27.0;0
Romorantin-Lanthenay;47.35;1.74;02/10/2026;15:00;20.9;0;SOLEIL;9.3;23.8;0
Romorantin-Lanthenay;47.35;1.74;02/10/2026;16:00;19.6;0;SOLEIL;8.1;19.1;0
Romorantin-Lanthenay;47.35;1.74;02/10/2026;17:00;16.2;0;SOLEIL;7.4;16.6;0
Romorantin-Lanthenay;47.35;1.74;02/10/2026;18:00;16.2;0;SOLEIL;8.0;17.6;0
Romorantin-Lanthenay;47.35;1.74;02/10/2026;19:00;16.2;0;SOLEIL;8.8;21.2;0
Romorantin-Lanthenay;47.35;1.74;02/10/2026;20:00;14.6;0;SOLEIL;8.9;24.5;0
Romorantin-Lanthenay;47.35;1.74;02/10/2026;21:00;13.3;0;SOLEIL;9.2;27.7;0
Romorantin-Lanthenay;47.35;1.74;02/10/2026;22:00;12.0;0;SOLEIL;12.0;31.3;0
Romorantin-Lanthenay;47.35;1.74;02/10/2026;23:00;10.6;0;SOLEIL;14.4;33.1;0
Romorantin-Lanthenay;47.35;1.74;03/10/2026;00:00;10.6;0;SOLEIL;14.5;32.4;0
Romorantin-Lanthenay;47.35;1.74;03/10/2026;01:00;10.6;0;SOLEIL;13.8;30.2;0
Romorantin-Lanthenay;47.35;1.74;03/10/2026;02:00;7.2;0;SOLEIL;13.4;28.1;0
Romorantin-Lanthenay;47.35;1.74;03/10/2026;03:00;7.2;0;SOLEIL;13.0;26.6;0
Romorantin-Lanthenay;47.35;1.74;03/10/2026;04:00;7.2;0;SOLEIL;11.9;25.6;0
Romorantin-Lanthenay;47.35;1.74;03/10/2026;05:00;8.9;0;SOLEIL;10.7;24.8;0
Romorantin-Lanthenay;47.35;1.74;03/10/2026;06:00;8.9;0;SOLEIL;9.2;24.1;0
Romorantin-Lanthenay;47.35;1.74;03/10/2026;07:00;8.9;0;SOLEIL;7.6;23.8;0
Romorantin-Lanthenay;47.35;1.74;03/10/2026;08:00;10.5;0;SOLEIL;7.4;24.1;0
Romorantin-Lanthenay;47.35;1.74;03/10/2026;09:00;12.2;0;SOLEIL;8.9;25.6;0
Romorantin-Lanthenay;47.35;1.74;03/10/2026;10:00;13.9;0;SOLEIL;11.5;27.7;0
Romorantin-Lanthenay;47.35;1.74;03/10/2026;11:00;21.2;0;SOLEIL;13.3;29.5;0
Romorantin-Lanthenay;47.35;1.74;03/10/2026;12:00;21.2;0;SOLEIL;10.7;25.8;0
Romorantin-Lanthenay;47.35;1.74;03/10/2026;13:00;21.2;0;SOLEIL;8.1;22.0;0
Romorantin-Lanthenay;47.35;1.74;03/10/2026;14:00;20.5;0;SOLEIL;5.6;18.4;0
Romorantin-Lanthenay;47.35;1.74;03/10/2026;15:00;22.2;0;SOLEIL;4.0;14.8;0
Romorantin-Lanthenay;47.35;1.74;03/10/2026;16:00;20.5;0;SOLEIL;5.1;15.5;0
Romorantin-Lanthenay;47.35;1.74;03/10/2026;17:00;17;0;SOLEIL;6.5;15.8;0
Romorantin-Lanthenay;47.35;1.74;03/10/2026;18:00;17;0;SOLEIL;7.6;16.2;0
Romorantin-Lanthenay;47.35;1.74;03/10/2026;19:00;17;0;SOLEIL;8.5;16.6;0
Romorantin-Lanthenay;47.35;1.74;03/10/2026;20:00;13.9;0;SOLEIL;8.9;16.9;0
Romorantin-Lanthenay;47.35;1.74;03/10/2026;21:00;12.2;0;SOLEIL;8.5;16.9;0
Romorantin-Lanthenay;47.35;1.74;03/10/2026;22:00;10.5;0;SOLEIL;7.6;16.9;0
Romorantin-Lanthenay;47.35;1.74;03/10/2026;23:00;12.1;0;SOLEIL;6.8;16.9;0
Vendôme;47.79;1.06;26/09/2026;00:00;16.4;0;SOLEIL;5.6;11.5;0
Vendôme;47.79;1.06;26/09/2026;01:00;15.4;0;SOLEIL;5.2;9.0;0
Vendôme;47.79;1.06;26/09/2026;02:00;15;0;SOLEIL;4.8;8.6;0
Vendôme;47.79;1.06;26/09/2026;03:00;14.9;0;SOLEIL;4.2;8.3;0
Vendôme;47.79;1.06;26/09/2026;04:00;14.6;2;NUAGEUX;3.8;6.8;0
Vendôme;47.79;1.06;26/09/2026;05:00;14.1;2;NUAGEUX;4.1;6.8;0
Vendôme;47.79;1.06;26/09/2026;06:00;14.7;2;NUAGEUX;3.1;6.8;0
Vendôme;47.79;1.06;26/09/2026;07:00;16;2;NUAGEUX;3.1;5.8;0
Vendôme;47.79;1.06;26/09/2026;08:00;17.5;2;NUAGEUX;3.6;6.1;0
Vendôme;47.79;1.06;26/09/2026;09:00;19;2;NUAGEUX;3.1;6.5;0
Vendôme;47.79;1.06;26/09/2026;10:00;20.4;2;NUAGEUX;3.7;7.6;0
Vendôme;47.79;1.06;26/09/2026;11:00;21.6;2;NUAGEUX;7.7;14.8;0
Vendôme;47.79;1.06;26/09/2026;12:00;22.7;2;NUAGEUX;8.2;15.8;0
Vendôme;47.79;1.06;26/09/2026;13:00;23.5;2;NUAGEUX;10.6;20.2;0
Vendôme;47.79;1.06;26/09/2026;14:00;24.8;0;SOLEIL;10.7;20.5;0
Vendôme;47.79;1.06;26/09/2026;15:00;25.2;0;SOLEIL;10.1;19.8;0
Vendôme;47.79;1.06;26/09/2026;16:00;25.4;0;SOLEIL;10.5;20.2;0
Vendôme;47.79;1.06;26/09/2026;17:00;24.6;5;SOLEIL VOILÉ;11.9;21.6;0
Vendôme;47.79;1.06;26/09/2026;18:00;23;5;SOLEIL VOILÉ;11.9;22.7;0
Vendôme;47.79;1.06;26/09/2026;19:00;20.1;5;SOLEIL VOILÉ;8.7;22.7;0
Vendôme;47.79;1.06;26/09/2026;20:00;18.6;5;SOLEIL VOILÉ;4.6;13.0;0
Vendôme;47.79;1.06;26/09/2026;21:00;18;5;SOLEIL VOILÉ;4.6;7.2;0
Vendôme;47.79;1.06;26/09/2026;22:00;16.9;2;NUAGEUX;4.5;8.3;0
Vendôme;47.79;1.06;26/09/2026;23:00;15.9;5;SOLEIL VOILÉ;8.0;13.0;0
Vendôme;47.79;1.06;27/09/2026;00:00;15.9;0;SOLEIL;6.3;13.7;0
Vendôme;47.79;1.06;27/09/2026;01:00;15.9;0;SOLEIL;4.7;9.7;0
Vendôme;47.79;1.06;27/09/2026;02:00;13.7;0;SOLEIL;4.8;8.6;0
Vendôme;47.79;1.06;27/09/2026;03:00;13.7;0;SOLEIL;6.2;9.7;0
Vendôme;47.79;1.06;27/09/2026;04:00;13.7;0;SOLEIL;6.5;12.6;0
Vendôme;47.79;1.06;27/09/2026;05:00;12.6;5;SOLEIL VOILÉ;5.8;13.3;0
Vendôme;47.79;1.06;27/09/2026;06:00;12.6;5;SOLEIL VOILÉ;7.9;13.7;0
Vendôme;47.79;1.06;27/09/2026;07:00;12.6;5;SOLEIL VOILÉ;4.7;13.0;0
Vendôme;47.79;1.06;27/09/2026;08:00;20.5;5;SOLEIL VOILÉ;5.6;9.4;0
Vendôme;47.79;1.06;27/09/2026;09:00;20.5;5;SOLEIL VOILÉ;8.2;14.0;0
Vendôme;47.79;1.06;27/09/2026;10:00;20.5;5;SOLEIL VOILÉ;8.2;15.8;0
Vendôme;47.79;1.06;27/09/2026;11:00;26.1;5;SOLEIL VOILÉ;8.7;17.6;0
Vendôme;47.79;1.06;27/09/2026;12:00;26.1;5;SOLEIL VOILÉ;7.0;15.8;0
Vendôme;47.79;1.06;27/09/2026;13:00;26.1;5;SOLEIL VOILÉ;5.4;13.3;0
Vendôme;47.79;1.06;27/09/2026;14:00;28.7;5;SOLEIL VOILÉ;5.9;13.0;0
Vendôme;47.79;1.06;27/09/2026;15:00;28.7;5;SOLEIL VOILÉ;5.2;13.0;0
Vendôme;47.79;1.06;27/09/2026;16:00;28.7;5;SOLEIL VOILÉ;5.7;12.2;0
Vendôme;47.79;1.06;27/09/2026;17:00;26.6;5;SOLEIL VOILÉ;6.1;13.3;0
Vendôme;47.79;1.06;27/09/2026;18:00;26.6;5;SOLEIL VOILÉ;5.8;11.5;0
Vendôme;47.79;1.06;27/09/2026;19:00;26.6;5;SOLEIL VOILÉ;5.9;10.8;0
Vendôme;47.79;1.06;27/09/2026;20:00;20.9;5;SOLEIL VOILÉ;3.4;9.0;0
Vendôme;47.79;1.06;27/09/2026;21:00;20.9;5;SOLEIL VOILÉ;3.0;5.4;0
Vendôme;47.79;1.06;27/09/2026;22:00;20.9;5;SOLEIL VOILÉ;9.7;16.6;0
Vendôme;47.79;1.06;27/09/2026;23:00;18.5;5;SOLEIL VOILÉ;10.2;17.6;0
Vendôme;47.79;1.06;28/09/2026;00:00;18.5;5;SOLEIL VOILÉ;8.0;16.9;0
Vendôme;47.79;1.06;28/09/2026;01:00;18.5;5;SOLEIL VOILÉ;6.3;13.3;0
Vendôme;47.79;1.06;28/09/2026;02:00;17.2;2;NUAGEUX;6.1;10.8;0
Vendôme;47.79;1.06;28/09/2026;03:00;17.2;2;NUAGEUX;6.1;10.8;0
Vendôme;47.79;1.06;28/09/2026;04:00;17.2;2;NUAGEUX;4.4;9.7;0
Vendôme;47.79;1.06;28/09/2026;05:00;15.9;6;AVERSES;4.6;7.6;0
Vendôme;47.79;1.06;28/09/2026;06:00;15.9;6;AVERSES;4.3;7.6;0
Vendôme;47.79;1.06;28/09/2026;07:00;15.9;6;AVERSES;3.1;6.8;0
Vendôme;47.79;1.06;28/09/2026;08:00;20.1;6;AVERSES;3.5;5.4;0
Vendôme;47.79;1.06;28/09/2026;09:00;20.1;6;AVERSES;3.2;6.3;0
Vendôme;47.79;1.06;28/09/2026;10:00;20.1;6;AVERSES;4.0;8.1;0
Vendôme;47.79;1.06;28/09/2026;11:00;23.4;5;SOLEIL VOILÉ;8.3;15.5;0
Vendôme;47.79;1.06;28/09/2026;12:00;23.4;5;SOLEIL VOILÉ;10.2;19.4;0
Vendôme;47.79;1.06;28/09/2026;13:00;23.4;5;SOLEIL VOILÉ;11.7;22.0;0
Vendôme;47.79;1.06;28/09/2026;14:00;23.7;6;AVERSES;15.5;40.0;0
Vendôme;47.79;1.06;28/09/2026;15:00;23.7;6;AVERSES;14.8;30.6;0
Vendôme;47.79;1.06;28/09/2026;16:00;23.7;6;AVERSES;12.7;24.8;0
Vendôme;47.79;1.06;28/09/2026;17:00;21.5;5;SOLEIL VOILÉ;13.0;24.8;0
Vendôme;47.79;1.06;28/09/2026;18:00;21.5;5;SOLEIL VOILÉ;11.1;24.5;0
Vendôme;47.79;1.06;28/09/2026;19:00;21.5;5;SOLEIL VOILÉ;7.4;20.2;0
Vendôme;47.79;1.06;28/09/2026;20:00;19.5;6;AVERSES;2.5;12.6;0
Vendôme;47.79;1.06;28/09/2026;21:00;18.5;6;AVERSES;2.6;4.0;0
Vendôme;47.79;1.06;28/09/2026;22:00;17.4;6;AVERSES;1.6;4.0;0
Vendôme;47.79;1.06;28/09/2026;23:00;17.5;2;NUAGEUX;1.4;2.2;0
Vendôme;47.79;1.06;29/09/2026;00:00;17.5;2;NUAGEUX;1.5;3.6;0
Vendôme;47.79;1.06;29/09/2026;01:00;17.5;2;NUAGEUX;2.6;4.0;0
Vendôme;47.79;1.06;29/09/2026;02:00;14.2;2;NUAGEUX;0.8;3.2;0
Vendôme;47.79;1.06;29/09/2026;03:00;14.2;2;NUAGEUX;2.5;3.2;0
Vendôme;47.79;1.06;29/09/2026;04:00;14.2;2;NUAGEUX;1.5;7.6;0
Vendôme;47.79;1.06;29/09/2026;05:00;15.1;2;NUAGEUX;0.4;5.4;0
Vendôme;47.79;1.06;29/09/2026;06:00;15.1;2;NUAGEUX;1.8;4.0;0
Vendôme;47.79;1.06;29/09/2026;07:00;15.1;2;NUAGEUX;0.7;7.2;0
Vendôme;47.79;1.06;29/09/2026;08:00;17.5;2;NUAGEUX;1.8;4.0;0
Vendôme;47.79;1.06;29/09/2026;09:00;19.1;2;NUAGEUX;2.9;4.3;0
Vendôme;47.79;1.06;29/09/2026;10:00;20.8;2;NUAGEUX;2.6;5.8;0
Vendôme;47.79;1.06;29/09/2026;11:00;26.6;2;NUAGEUX;4.1;9.4;0
Vendôme;47.79;1.06;29/09/2026;12:00;26.6;2;NUAGEUX;6.3;13.7;0
Vendôme;47.79;1.06;29/09/2026;13:00;26.6;2;NUAGEUX;9.4;18.7;0
Vendôme;47.79;1.06;29/09/2026;14:00;27.4;2;NUAGEUX;11.3;21.6;0
Vendôme;47.79;1.06;29/09/2026;15:00;29.0;2;NUAGEUX;8.9;26.6;0
Vendôme;47.79;1.06;29/09/2026;16:00;27.4;2;NUAGEUX;4.7;31.7;0
Vendôme;47.79;1.06;29/09/2026;17:00;23.6;2;NUAGEUX;2.9;33.1;0
Vendôme;47.79;1.06;29/09/2026;18:00;23.6;2;NUAGEUX;3.7;28.1;0
Vendôme;47.79;1.06;29/09/2026;19:00;23.6;2;NUAGEUX;5.7;19.4;0
Vendôme;47.79;1.06;29/09/2026;20:00;20.8;2;NUAGEUX;7.4;13.7;0
Vendôme;47.79;1.06;29/09/2026;21:00;19.1;2;NUAGEUX;8.4;13.7;0
Vendôme;47.79;1.06;29/09/2026;22:00;17.5;2;NUAGEUX;9.3;16.6;0
Vendôme;47.79;1.06;29/09/2026;23:00;19.1;2;NUAGEUX;10.5;18.4;0
Vendôme;47.79;1.06;30/09/2026;00:00;19.1;2;NUAGEUX;10.0;18.0;0
Vendôme;47.79;1.06;30/09/2026;01:00;19.1;2;NUAGEUX;8.4;16.9;0
Vendôme;47.79;1.06;30/09/2026;02:00;16.5;6;AVERSES;6.9;15.1;0
Vendôme;47.79;1.06;30/09/2026;03:00;16.5;6;AVERSES;5.4;13.0;0
Vendôme;47.79;1.06;30/09/2026;04:00;16.5;6;AVERSES;4.0;10.1;0
Vendôme;47.79;1.06;30/09/2026;05:00;17.6;2;NUAGEUX;3.2;8.3;0
Vendôme;47.79;1.06;30/09/2026;06:00;17.6;2;NUAGEUX;3.4;7.6;0
Vendôme;47.79;1.06;30/09/2026;07:00;17.6;2;NUAGEUX;3.8;7.6;0
Vendôme;47.79;1.06;30/09/2026;08:00;18.5;6;AVERSES;5.4;9.7;0
Vendôme;47.79;1.06;30/09/2026;09:00;19.6;6;AVERSES;8.6;15.1;0
Vendôme;47.79;1.06;30/09/2026;10:00;20.6;6;AVERSES;12.7;22.3;0
Vendôme;47.79;1.06;30/09/2026;11:00;24.4;2;NUAGEUX;15.6;28.1;0
Vendôme;47.79;1.06;30/09/2026;12:00;24.4;2;NUAGEUX;16.2;30.6;0
Vendôme;47.79;1.06;30/09/2026;13:00;24.4;2;NUAGEUX;16.6;31.3;0
Vendôme;47.79;1.06;30/09/2026;14:00;24.7;6;AVERSES;17.2;32.0;0
Vendôme;47.79;1.06;30/09/2026;15:00;25.7;6;AVERSES;17.0;33.5;0
Vendôme;47.79;1.06;30/09/2026;16:00;24.7;6;AVERSES;16.2;34.6;0
Vendôme;47.79;1.06;30/09/2026;17:00;20.6;6;AVERSES;15.0;34.2;0
Vendôme;47.79;1.06;30/09/2026;18:00;20.6;6;AVERSES;12.9;30.6;0
Vendôme;47.79;1.06;30/09/2026;19:00;20.6;6;AVERSES;10.0;25.2;0
Vendôme;47.79;1.06;30/09/2026;20:00;20.6;6;AVERSES;7.7;20.5;0
Vendôme;47.79;1.06;30/09/2026;21:00;19.6;6;AVERSES;6.6;16.6;0
Vendôme;47.79;1.06;30/09/2026;22:00;18.5;6;AVERSES;6.0;13.0;0
Vendôme;47.79;1.06;30/09/2026;23:00;16.6;6;AVERSES;5.8;11.2;0
Vendôme;47.79;1.06;01/10/2026;00:00;16.6;6;AVERSES;6.4;11.5;0
Vendôme;47.79;1.06;01/10/2026;01:00;16.6;6;AVERSES;7.4;13.7;0
Vendôme;47.79;1.06;01/10/2026;02:00;14.2;6;AVERSES;8.9;15.8;0
Vendôme;47.79;1.06;01/10/2026;03:00;14.2;6;AVERSES;9.7;17.6;0
Vendôme;47.79;1.06;01/10/2026;04:00;14.2;6;AVERSES;10.0;19.1;0
Vendôme;47.79;1.06;01/10/2026;05:00;15.6;6;AVERSES;10.3;20.2;0
Vendôme;47.79;1.06;01/10/2026;06:00;15.6;6;AVERSES;10.9;20.7;0
Vendôme;47.79;1.06;01/10/2026;07:00;15.6;6;AVERSES;11.5;20.5;0
Vendôme;47.79;1.06;01/10/2026;08:00;15.6;6;AVERSES;12.1;20.3;0
Vendôme;47.79;1.06;01/10/2026;09:00;16.3;6;AVERSES;13.8;23.8;0
Vendôme;47.79;1.06;01/10/2026;10:00;17.0;6;AVERSES;17.2;29.2;0
Vendôme;47.79;1.06;01/10/2026;11:00;20.1;6;AVERSES;19.5;33.1;0
Vendôme;47.79;1.06;01/10/2026;12:00;20.1;6;AVERSES;19.5;34.6;0
Vendôme;47.79;1.06;01/10/2026;13:00;20.1;6;AVERSES;19.4;34.2;0
Vendôme;47.79;1.06;01/10/2026;14:00;19.9;6;AVERSES;19.4;33.8;0
Vendôme;47.79;1.06;01/10/2026;15:00;20.6;6;AVERSES;19.7;33.8;0
Vendôme;47.79;1.06;01/10/2026;16:00;19.9;6;AVERSES;19.3;33.5;0
Vendôme;47.79;1.06;01/10/2026;17:00;16.9;7;PLUIE FAIBLE;18.0;32.0;0
Vendôme;47.79;1.06;01/10/2026;18:00;16.9;7;PLUIE FAIBLE;14.0;28.1;0
Vendôme;47.79;1.06;01/10/2026;19:00;16.9;7;PLUIE FAIBLE;8.8;23.0;0
Vendôme;47.79;1.06;01/10/2026;20:00;17.0;6;AVERSES;5.4;18.4;0
Vendôme;47.79;1.06;01/10/2026;21:00;16.3;6;AVERSES;4.7;15.1;0
Vendôme;47.79;1.06;01/10/2026;22:00;15.6;6;AVERSES;5.6;12.2;0
Vendôme;47.79;1.06;01/10/2026;23:00;13;0;SOLEIL;6.0;10.1;0
Vendôme;47.79;1.06;02/10/2026;00:00;13;0;SOLEIL;5.4;8.6;0
Vendôme;47.79;1.06;02/10/2026;01:00;13;0;SOLEIL;5.2;8.3;0
Vendôme;47.79;1.06;02/10/2026;02:00;10.1;0;SOLEIL;5.2;8.6;0
Vendôme;47.79;1.06;02/10/2026;03:00;10.1;0;SOLEIL;5.2;11.2;0
Vendôme;47.79;1.06;02/10/2026;04:00;10.1;0;SOLEIL;7.1;14.8;0
Vendôme;47.79;1.06;02/10/2026;05:00;11.1;0;SOLEIL;8.7;17.3;0
Vendôme;47.79;1.06;02/10/2026;06:00;11.1;0;SOLEIL;8.2;16.9;0
Vendôme;47.79;1.06;02/10/2026;07:00;11.1;0;SOLEIL;7.0;15.1;0
Vendôme;47.79;1.06;02/10/2026;08:00;12.5;0;SOLEIL;7.6;14.0;0
Vendôme;47.79;1.06;02/10/2026;09:00;13.6;0;SOLEIL;8.2;14.0;0
Vendôme;47.79;1.06;02/10/2026;10:00;14.8;0;SOLEIL;8.4;14.4;0
Vendôme;47.79;1.06;02/10/2026;11:00;20;0;SOLEIL;9.1;15.8;0
Vendôme;47.79;1.06;02/10/2026;12:00;20;0;SOLEIL;10.3;19.1;0
Vendôme;47.79;1.06;02/10/2026;13:00;20;0;SOLEIL;12.3;23.8;0
Vendôme;47.79;1.06;02/10/2026;14:00;19.5;0;SOLEIL;14.0;28.1;0
Vendôme;47.79;1.06;02/10/2026;15:00;20.7;0;SOLEIL;15.5;32.8;0
Vendôme;47.79;1.06;02/10/2026;16:00;19.5;0;SOLEIL;17.0;37.4;0
Vendôme;47.79;1.06;02/10/2026;17:00;16.7;0;SOLEIL;17.4;39.6;0
Vendôme;47.79;1.06;02/10/2026;18:00;16.7;0;SOLEIL;16.6;38.2;0
Vendôme;47.79;1.06;02/10/2026;19:00;16.7;0;SOLEIL;15.3;34.6;0
Vendôme;47.79;1.06;02/10/2026;20:00;14.8;0;SOLEIL;13.6;30.6;0
Vendôme;47.79;1.06;02/10/2026;21:00;13.6;0;SOLEIL;10.8;26.6;0
Vendôme;47.79;1.06;02/10/2026;22:00;12.5;0;SOLEIL;10.2;22.3;0
Vendôme;47.79;1.06;02/10/2026;23:00;11.6;0;SOLEIL;12.2;20.2;0
Vendôme;47.79;1.06;03/10/2026;00:00;11.6;0;SOLEIL;13.7;22.3;0
Vendôme;47.79;1.06;03/10/2026;01:00;11.6;0;SOLEIL;14.2;27.0;0
Vendôme;47.79;1.06;03/10/2026;02:00;8.7;0;SOLEIL;14.2;29.9;0
Vendôme;47.79;1.06;03/10/2026;03:00;8.7;0;SOLEIL;13.7;29.5;0
Vendôme;47.79;1.06;03/10/2026;04:00;8.7;0;SOLEIL;13.4;27.4;0
Vendôme;47.79;1.06;03/10/2026;05:00;10.2;0;SOLEIL;13.5;25.6;0
Vendôme;47.79;1.06;03/10/2026;06:00;10.2;0;SOLEIL;13.0;24.1;0
Vendôme;47.79;1.06;03/10/2026;07:00;10.2;0;SOLEIL;12.3;23.0;0
Vendôme;47.79;1.06;03/10/2026;08:00;11.7;0;SOLEIL;12.0;22.7;0
Vendôme;47.79;1.06;03/10/2026;09:00;13.2;0;SOLEIL;12.5;23.0;0
Vendôme;47.79;1.06;03/10/2026;10:00;14.7;0;SOLEIL;13.5;23.8;0
Vendôme;47.79;1.06;03/10/2026;11:00;21.1;0;SOLEIL;14.5;25.2;0
Vendôme;47.79;1.06;03/10/2026;12:00;21.1;0;SOLEIL;12.0;23.0;0
Vendôme;47.79;1.06;03/10/2026;13:00;21.1;0;SOLEIL;8.8;20.7;0
Vendôme;47.79;1.06;03/10/2026;14:00;20.6;0;SOLEIL;4.9;16.9;0
Vendôme;47.79;1.06;03/10/2026;15:00;22.1;0;SOLEIL;0.5;12.6;0
Vendôme;47.79;1.06;03/10/2026;16:00;20.6;0;SOLEIL;0.6;13.3;0
Vendôme;47.79;1.06;03/10/2026;17:00;17.7;0;SOLEIL;0.5;13.7;0
Vendôme;47.79;1.06;03/10/2026;18:00;17.7;0;SOLEIL;0.5;14.0;0
Vendôme;47.79;1.06;03/10/2026;19:00;17.7;0;SOLEIL;0.4;14.0;0
Vendôme;47.79;1.06;03/10/2026;20:00;14.7;0;SOLEIL;0.6;14.0;0
Vendôme;47.79;1.06;03/10/2026;21:00;13.2;0;SOLEIL;1.2;13.3;0
Vendôme;47.79;1.06;03/10/2026;22:00;11.7;0;SOLEIL;2.0;12.6;0
Vendôme;47.79;1.06;03/10/2026;23:00;12.6;0;SOLEIL;3.1;11.5;0
Montargis;47.99;2.73;26/09/2026;00:00;14;0;SOLEIL;5.2;13.0;0
Montargis;47.99;2.73;26/09/2026;01:00;13.6;0;SOLEIL;3.8;10.1;0
Montargis;47.99;2.73;26/09/2026;02:00;12.6;0;SOLEIL;4.6;7.9;0
Montargis;47.99;2.73;26/09/2026;03:00;12.6;0;SOLEIL;3.7;9.0;0
Montargis;47.99;2.73;26/09/2026;04:00;12.1;0;SOLEIL;3.1;6.8;0
Montargis;47.99;2.73;26/09/2026;05:00;12.6;0;SOLEIL;2.9;6.1;0
Montargis;47.99;2.73;26/09/2026;06:00;13.6;2;NUAGEUX;2.3;5.8;0
Montargis;47.99;2.73;26/09/2026;07:00;15;2;NUAGEUX;2.7;5.8;0
Montargis;47.99;2.73;26/09/2026;08:00;16;2;NUAGEUX;2.9;5.8;0
Montargis;47.99;2.73;26/09/2026;09:00;18.2;2;NUAGEUX;3.4;7.6;0
Montargis;47.99;2.73;26/09/2026;10:00;20.1;2;NUAGEUX;4.3;10.8;0
Montargis;47.99;2.73;26/09/2026;11:00;21.4;2;NUAGEUX;4.9;13.0;0
Montargis;47.99;2.73;26/09/2026;12:00;22.1;2;NUAGEUX;4.3;12.6;0
Montargis;47.99;2.73;26/09/2026;13:00;22.9;2;NUAGEUX;1.8;11.5;0
Montargis;47.99;2.73;26/09/2026;14:00;24.2;0;SOLEIL;1.3;6.1;0
Montargis;47.99;2.73;26/09/2026;15:00;25.5;0;SOLEIL;1.5;6.5;0
Montargis;47.99;2.73;26/09/2026;16:00;25.6;0;SOLEIL;1.3;6.1;0
Montargis;47.99;2.73;26/09/2026;17:00;24.2;0;SOLEIL;2.5;8.3;0
Montargis;47.99;2.73;26/09/2026;18:00;22.6;0;SOLEIL;7.7;17.6;0
Montargis;47.99;2.73;26/09/2026;19:00;19.7;5;SOLEIL VOILÉ;6.8;17.3;0
Montargis;47.99;2.73;26/09/2026;20:00;18.5;5;SOLEIL VOILÉ;6.4;14.0;0
Montargis;47.99;2.73;26/09/2026;21:00;17.5;5;SOLEIL VOILÉ;7.4;14.8;0
Montargis;47.99;2.73;26/09/2026;22:00;16;5;SOLEIL VOILÉ;7.6;15.5;0
Montargis;47.99;2.73;26/09/2026;23:00;15.4;5;SOLEIL VOILÉ;6.9;14.8;0
Montargis;47.99;2.73;27/09/2026;00:00;14.2;0;SOLEIL;7.1;14.4;0
Montargis;47.99;2.73;27/09/2026;01:00;14.2;0;SOLEIL;7.4;14.4;0
Montargis;47.99;2.73;27/09/2026;02:00;12.6;0;SOLEIL;8.1;15.8;0
Montargis;47.99;2.73;27/09/2026;03:00;12.6;0;SOLEIL;7.0;16.9;0
Montargis;47.99;2.73;27/09/2026;04:00;12.6;0;SOLEIL;7.4;14.4;0
Montargis;47.99;2.73;27/09/2026;05:00;13.1;0;SOLEIL;7.4;15.1;0
Montargis;47.99;2.73;27/09/2026;06:00;13.1;0;SOLEIL;7.4;14.8;0
Montargis;47.99;2.73;27/09/2026;07:00;13.1;0;SOLEIL;7.1;15.1;0
Montargis;47.99;2.73;27/09/2026;08:00;21;0;SOLEIL;6.9;14.8;0
Montargis;47.99;2.73;27/09/2026;09:00;21;0;SOLEIL;10.5;21.2;0
Montargis;47.99;2.73;27/09/2026;10:00;21;0;SOLEIL;10.5;20.9;0
Montargis;47.99;2.73;27/09/2026;11:00;28;5;SOLEIL VOILÉ;10.0;21.6;0
Montargis;47.99;2.73;27/09/2026;12:00;28;5;SOLEIL VOILÉ;9.0;20.9;0
Montargis;47.99;2.73;27/09/2026;13:00;28;5;SOLEIL VOILÉ;8.9;22.7;0
Montargis;47.99;2.73;27/09/2026;14:00;30.1;5;SOLEIL VOILÉ;6.7;18.4;0
Montargis;47.99;2.73;27/09/2026;15:00;30.1;5;SOLEIL VOILÉ;4.1;18.0;0
Montargis;47.99;2.73;27/09/2026;16:00;30.1;5;SOLEIL VOILÉ;5.6;14.0;0
Montargis;47.99;2.73;27/09/2026;17:00;25.9;5;SOLEIL VOILÉ;5.4;13.3;0
Montargis;47.99;2.73;27/09/2026;18:00;25.9;5;SOLEIL VOILÉ;3.3;12.2;0
Montargis;47.99;2.73;27/09/2026;19:00;25.9;5;SOLEIL VOILÉ;10.4;20.5;0
Montargis;47.99;2.73;27/09/2026;20:00;20.4;5;SOLEIL VOILÉ;6.8;19.8;0
Montargis;47.99;2.73;27/09/2026;21:00;20.4;5;SOLEIL VOILÉ;3.6;12.2;0
Montargis;47.99;2.73;27/09/2026;22:00;20.4;5;SOLEIL VOILÉ;1.1;6.5;0
Montargis;47.99;2.73;27/09/2026;23:00;15.5;5;SOLEIL VOILÉ;4.0;10.4;0
Montargis;47.99;2.73;28/09/2026;00:00;15.5;5;SOLEIL VOILÉ;2.8;9.4;0
Montargis;47.99;2.73;28/09/2026;01:00;15.5;5;SOLEIL VOILÉ;2.4;6.1;0
Montargis;47.99;2.73;28/09/2026;02:00;16.1;5;SOLEIL VOILÉ;2.8;6.1;0
Montargis;47.99;2.73;28/09/2026;03:00;16.1;5;SOLEIL VOILÉ;3.3;6.5;0
Montargis;47.99;2.73;28/09/2026;04:00;16.1;5;SOLEIL VOILÉ;3.9;7.6;0
Montargis;47.99;2.73;28/09/2026;05:00;15.5;2;NUAGEUX;3.6;7.6;0
Montargis;47.99;2.73;28/09/2026;06:00;15.5;2;NUAGEUX;2.8;6.8;0
Montargis;47.99;2.73;28/09/2026;07:00;15.5;2;NUAGEUX;3.4;6.8;0
Montargis;47.99;2.73;28/09/2026;08:00;21.4;5;SOLEIL VOILÉ;3.6;7.2;0
Montargis;47.99;2.73;28/09/2026;09:00;21.4;5;SOLEIL VOILÉ;2.9;7.1;0
Montargis;47.99;2.73;28/09/2026;10:00;21.4;5;SOLEIL VOILÉ;3.5;8.8;0
Montargis;47.99;2.73;28/09/2026;11:00;26.7;5;SOLEIL VOILÉ;8.5;18.1;0
Montargis;47.99;2.73;28/09/2026;12:00;26.7;5;SOLEIL VOILÉ;11.3;23.0;0
Montargis;47.99;2.73;28/09/2026;13:00;26.7;5;SOLEIL VOILÉ;11.2;24.1;0
Montargis;47.99;2.73;28/09/2026;14:00;27.4;5;SOLEIL VOILÉ;12.0;24.5;0
Montargis;47.99;2.73;28/09/2026;15:00;27.4;5;SOLEIL VOILÉ;12.2;24.8;0
Montargis;47.99;2.73;28/09/2026;16:00;27.4;5;SOLEIL VOILÉ;12.3;37.8;0
Montargis;47.99;2.73;28/09/2026;17:00;24.5;5;SOLEIL VOILÉ;8.4;35.3;0
Montargis;47.99;2.73;28/09/2026;18:00;24.5;5;SOLEIL VOILÉ;7.4;19.1;0
Montargis;47.99;2.73;28/09/2026;19:00;24.5;5;SOLEIL VOILÉ;3.2;14.8;0
Montargis;47.99;2.73;28/09/2026;20:00;20.8;5;SOLEIL VOILÉ;2.6;5.4;0
Montargis;47.99;2.73;28/09/2026;21:00;19.2;5;SOLEIL VOILÉ;4.0;5.8;0
Montargis;47.99;2.73;28/09/2026;22:00;17.7;5;SOLEIL VOILÉ;3.6;5.8;0
Montargis;47.99;2.73;28/09/2026;23:00;16;2;NUAGEUX;3.1;6.8;0
Montargis;47.99;2.73;29/09/2026;00:00;16;2;NUAGEUX;3.2;4.7;0
Montargis;47.99;2.73;29/09/2026;01:00;16;2;NUAGEUX;4.0;6.5;0
Montargis;47.99;2.73;29/09/2026;02:00;15.4;2;NUAGEUX;4.0;7.6;0
Montargis;47.99;2.73;29/09/2026;03:00;15.4;2;NUAGEUX;4.9;8.3;0
Montargis;47.99;2.73;29/09/2026;04:00;15.4;2;NUAGEUX;3.9;8.3;0
Montargis;47.99;2.73;29/09/2026;05:00;16.6;2;NUAGEUX;4.4;7.6;0
Montargis;47.99;2.73;29/09/2026;06:00;16.6;2;NUAGEUX;4.2;7.6;0
Montargis;47.99;2.73;29/09/2026;07:00;16.6;2;NUAGEUX;3.1;7.9;0
Montargis;47.99;2.73;29/09/2026;08:00;18.6;2;NUAGEUX;2.6;5.4;0
Montargis;47.99;2.73;29/09/2026;09:00;20.2;2;NUAGEUX;7.1;13.0;0
Montargis;47.99;2.73;29/09/2026;10:00;21.8;2;NUAGEUX;7.6;25.9;0
Montargis;47.99;2.73;29/09/2026;11:00;28.1;2;NUAGEUX;7.5;25.2;0
Montargis;47.99;2.73;29/09/2026;12:00;28.1;2;NUAGEUX;8.7;17.6;0
Montargis;47.99;2.73;29/09/2026;13:00;28.1;2;NUAGEUX;7.9;31.0;0
Montargis;47.99;2.73;29/09/2026;14:00;28.1;2;NUAGEUX;7.3;17.3;0
Montargis;47.99;2.73;29/09/2026;15:00;29.7;2;NUAGEUX;7.0;16.9;0
Montargis;47.99;2.73;29/09/2026;16:00;28.1;2;NUAGEUX;7.4;17.3;0
Montargis;47.99;2.73;29/09/2026;17:00;25.6;2;NUAGEUX;8.2;17.3;0
Montargis;47.99;2.73;29/09/2026;18:00;25.6;2;NUAGEUX;7.9;15.8;0
Montargis;47.99;2.73;29/09/2026;19:00;25.6;2;NUAGEUX;7.2;13.7;0
Montargis;47.99;2.73;29/09/2026;20:00;21.8;2;NUAGEUX;6.7;12.6;0
Montargis;47.99;2.73;29/09/2026;21:00;20.2;2;NUAGEUX;7.2;13.3;0
Montargis;47.99;2.73;29/09/2026;22:00;18.6;2;NUAGEUX;7.6;14.8;0
Montargis;47.99;2.73;29/09/2026;23:00;21.1;2;NUAGEUX;7.4;15.5;0
Montargis;47.99;2.73;30/09/2026;00:00;21.1;2;NUAGEUX;6.1;13.7;0
Montargis;47.99;2.73;30/09/2026;01:00;21.1;2;NUAGEUX;4.8;11.2;0
Montargis;47.99;2.73;30/09/2026;02:00;17.7;7;PLUIE FAIBLE;4.6;9.7;0
Montargis;47.99;2.73;30/09/2026;03:00;17.7;7;PLUIE FAIBLE;5.6;10.8;0
Montargis;47.99;2.73;30/09/2026;04:00;17.7;7;PLUIE FAIBLE;7.2;13.3;0
Montargis;47.99;2.73;30/09/2026;05:00;18.6;2;NUAGEUX;8.7;15.5;0
Montargis;47.99;2.73;30/09/2026;06:00;18.6;2;NUAGEUX;9.2;16.2;0
Montargis;47.99;2.73;30/09/2026;07:00;18.6;2;NUAGEUX;9.0;16.6;0
Montargis;47.99;2.73;30/09/2026;08:00;19.8;7;PLUIE FAIBLE;9.1;17.6;0
Montargis;47.99;2.73;30/09/2026;09:00;20.8;7;PLUIE FAIBLE;9.2;19.4;0
Montargis;47.99;2.73;30/09/2026;10:00;21.9;7;PLUIE FAIBLE;9.4;22.0;0
Montargis;47.99;2.73;30/09/2026;11:00;25.6;2;NUAGEUX;10.1;24.1;0
Montargis;47.99;2.73;30/09/2026;12:00;25.6;2;NUAGEUX;11.9;26.3;0
Montargis;47.99;2.73;30/09/2026;13:00;25.6;2;NUAGEUX;13.7;28.4;0
Montargis;47.99;2.73;30/09/2026;14:00;26.1;7;PLUIE FAIBLE;15.1;29.5;0
Montargis;47.99;2.73;30/09/2026;15:00;27.1;7;PLUIE FAIBLE;15.5;29.5;0
Montargis;47.99;2.73;30/09/2026;16:00;26.1;7;PLUIE FAIBLE;15.1;28.8;0
Montargis;47.99;2.73;30/09/2026;17:00;23.4;7;PLUIE FAIBLE;14.1;28.1;0
Montargis;47.99;2.73;30/09/2026;18:00;23.4;7;PLUIE FAIBLE;12.3;27.0;0
Montargis;47.99;2.73;30/09/2026;19:00;23.4;7;PLUIE FAIBLE;10.7;25.9;0
Montargis;47.99;2.73;30/09/2026;20:00;21.9;7;PLUIE FAIBLE;9.9;24.5;0
Montargis;47.99;2.73;30/09/2026;21:00;20.8;7;PLUIE FAIBLE;9.7;22.3;0
Montargis;47.99;2.73;30/09/2026;22:00;19.8;7;PLUIE FAIBLE;9.2;19.8;0
Montargis;47.99;2.73;30/09/2026;23:00;18.7;7;PLUIE FAIBLE;9.2;18.4;0
Montargis;47.99;2.73;01/10/2026;00:00;18.7;7;PLUIE FAIBLE;9.6;18.4;0
Montargis;47.99;2.73;01/10/2026;01:00;18.7;7;PLUIE FAIBLE;10.3;19.1;0
Montargis;47.99;2.73;01/10/2026;02:00;16.4;6;AVERSES;10.8;19.8;0
Montargis;47.99;2.73;01/10/2026;03:00;16.4;6;AVERSES;10.8;19.8;0
Montargis;47.99;2.73;01/10/2026;04:00;16.4;6;AVERSES;10.8;19.8;0
Montargis;47.99;2.73;01/10/2026;05:00;17.5;6;AVERSES;10.5;19.4;0
Montargis;47.99;2.73;01/10/2026;06:00;17.5;6;AVERSES;10.2;18.8;0
Montargis;47.99;2.73;01/10/2026;07:00;17.5;6;AVERSES;10.3;18.4;0
Montargis;47.99;2.73;01/10/2026;08:00;17.5;6;AVERSES;10.3;17.9;0
Montargis;47.99;2.73;01/10/2026;09:00;18.1;6;AVERSES;9.8;18.0;0
Montargis;47.99;2.73;01/10/2026;10:00;18.6;6;AVERSES;10.9;22.3;0
Montargis;47.99;2.73;01/10/2026;11:00;20.6;6;AVERSES;12.5;25.9;0
Montargis;47.99;2.73;01/10/2026;12:00;20.6;6;AVERSES;13.8;28.4;0
Montargis;47.99;2.73;01/10/2026;13:00;20.6;6;AVERSES;15.1;29.9;0
Montargis;47.99;2.73;01/10/2026;14:00;20.8;6;AVERSES;16.2;31.0;0
Montargis;47.99;2.73;01/10/2026;15:00;21.4;6;AVERSES;16.6;31.3;0
Montargis;47.99;2.73;01/10/2026;16:00;20.8;6;AVERSES;16.6;31.3;0
Montargis;47.99;2.73;01/10/2026;17:00;19.2;7;PLUIE FAIBLE;15.5;29.5;0
Montargis;47.99;2.73;01/10/2026;18:00;19.2;7;PLUIE FAIBLE;12.6;25.2;0
Montargis;47.99;2.73;01/10/2026;19:00;19.2;7;PLUIE FAIBLE;8.5;19.8;0
Montargis;47.99;2.73;01/10/2026;20:00;18.6;6;AVERSES;6.0;15.1;0
Montargis;47.99;2.73;01/10/2026;21:00;18.1;6;AVERSES;5.5;12.2;0
Montargis;47.99;2.73;01/10/2026;22:00;17.5;6;AVERSES;5.7;10.8;0
Montargis;47.99;2.73;01/10/2026;23:00;14.6;0;SOLEIL;5.8;9.7;0
Montargis;47.99;2.73;02/10/2026;00:00;14.6;0;SOLEIL;5.4;9.4;0
Montargis;47.99;2.73;02/10/2026;01:00;14.6;0;SOLEIL;5.4;9.7;0
Montargis;47.99;2.73;02/10/2026;02:00;11.1;0;SOLEIL;6.1;10.8;0
Montargis;47.99;2.73;02/10/2026;03:00;11.1;0;SOLEIL;7.6;13.0;0
Montargis;47.99;2.73;02/10/2026;04:00;11.1;0;SOLEIL;9.8;16.2;0
Montargis;47.99;2.73;02/10/2026;05:00;12.1;0;SOLEIL;10.9;18.7;0
Montargis;47.99;2.73;02/10/2026;06:00;12.1;0;SOLEIL;10.9;19.8;0
Montargis;47.99;2.73;02/10/2026;07:00;12.1;0;SOLEIL;10.1;20.2;0
Montargis;47.99;2.73;02/10/2026;08:00;13.3;0;SOLEIL;9.4;21.2;0
Montargis;47.99;2.73;02/10/2026;09:00;14.4;0;SOLEIL;9.4;23.4;0
Montargis;47.99;2.73;02/10/2026;10:00;15.5;0;SOLEIL;10.0;26.3;0
Montargis;47.99;2.73;02/10/2026;11:00;20.1;7;PLUIE FAIBLE;11.0;28.4;0
Montargis;47.99;2.73;02/10/2026;12:00;20.1;7;PLUIE FAIBLE;12.7;29.2;0
Montargis;47.99;2.73;02/10/2026;13:00;20.1;7;PLUIE FAIBLE;14.5;29.2;0
Montargis;47.99;2.73;02/10/2026;14:00;20.0;0;SOLEIL;14.8;28.4;0
Montargis;47.99;2.73;02/10/2026;15:00;21.1;0;SOLEIL;12.4;26.6;0
Montargis;47.99;2.73;02/10/2026;16:00;20.0;0;SOLEIL;8.4;24.5;0
Montargis;47.99;2.73;02/10/2026;17:00;18;0;SOLEIL;6.4;22.7;0
Montargis;47.99;2.73;02/10/2026;18:00;18;0;SOLEIL;7.3;22.0;0
Montargis;47.99;2.73;02/10/2026;19:00;18;0;SOLEIL;10.3;21.6;0
Montargis;47.99;2.73;02/10/2026;20:00;15.5;0;SOLEIL;12.7;22.3;0
Montargis;47.99;2.73;02/10/2026;21:00;14.4;0;SOLEIL;14.2;24.1;0
Montargis;47.99;2.73;02/10/2026;22:00;13.3;0;SOLEIL;15.6;26.6;0
Montargis;47.99;2.73;02/10/2026;23:00;12.9;0;SOLEIL;16.3;28.8;0
Montargis;47.99;2.73;03/10/2026;00:00;12.9;0;SOLEIL;16.2;31.0;0
Montargis;47.99;2.73;03/10/2026;01:00;12.9;0;SOLEIL;15.9;32.8;0
Montargis;47.99;2.73;03/10/2026;02:00;9.5;0;SOLEIL;15.6;33.1;0
Montargis;47.99;2.73;03/10/2026;03:00;9.5;0;SOLEIL;14.7;30.6;0
Montargis;47.99;2.73;03/10/2026;04:00;9.5;0;SOLEIL;13.6;26.6;0
Montargis;47.99;2.73;03/10/2026;05:00;10.9;0;SOLEIL;13.2;23.8;0
Montargis;47.99;2.73;03/10/2026;06:00;10.9;0;SOLEIL;13.6;23.4;0
Montargis;47.99;2.73;03/10/2026;07:00;10.9;0;SOLEIL;14.2;24.5;0
Montargis;47.99;2.73;03/10/2026;08:00;12.4;0;SOLEIL;14.5;25.6;0
Montargis;47.99;2.73;03/10/2026;09:00;13.9;0;SOLEIL;14.7;26.6;0
Montargis;47.99;2.73;03/10/2026;10:00;15.3;0;SOLEIL;14.9;27.7;0
Montargis;47.99;2.73;03/10/2026;11:00;21.6;0;SOLEIL;15.1;28.4;0
Montargis;47.99;2.73;03/10/2026;12:00;21.6;0;SOLEIL;11.8;24.3;0
Montargis;47.99;2.73;03/10/2026;13:00;21.6;0;SOLEIL;8.6;20.9;0
Montargis;47.99;2.73;03/10/2026;14:00;21.1;0;SOLEIL;4.9;17.6;0
Montargis;47.99;2.73;03/10/2026;15:00;22.6;0;SOLEIL;1.4;14.0;0
Montargis;47.99;2.73;03/10/2026;16:00;21.1;0;SOLEIL;1.5;14.4;0
Montargis;47.99;2.73;03/10/2026;17:00;18.6;0;SOLEIL;1.5;14.4;0
Montargis;47.99;2.73;03/10/2026;18:00;18.6;0;SOLEIL;1.7;14.0;0
Montargis;47.99;2.73;03/10/2026;19:00;18.6;0;SOLEIL;1.8;13.7;0
Montargis;47.99;2.73;03/10/2026;20:00;15.3;0;SOLEIL;2.0;13.3;0
Montargis;47.99;2.73;03/10/2026;21:00;13.9;0;SOLEIL;2.2;12.6;0
Montargis;47.99;2.73;03/10/2026;22:00;12.4;0;SOLEIL;2.3;11.9;0
Montargis;47.99;2.73;03/10/2026;23:00;13.9;0;SOLEIL;2.5;10.8;0
Pithiviers;48.17;2.25;26/09/2026;00:00;16.9;0;SOLEIL;7.9;13.0;0
Pithiviers;48.17;2.25;26/09/2026;01:00;16.1;0;SOLEIL;8.0;12.2;0
Pithiviers;48.17;2.25;26/09/2026;02:00;14.9;0;SOLEIL;7.4;12.2;0
Pithiviers;48.17;2.25;26/09/2026;03:00;15.1;0;SOLEIL;6.6;11.2;0
Pithiviers;48.17;2.25;26/09/2026;04:00;14.4;2;NUAGEUX;5.1;9.7;0
Pithiviers;48.17;2.25;26/09/2026;05:00;13.6;2;NUAGEUX;5.1;7.9;0
Pithiviers;48.17;2.25;26/09/2026;06:00;13.6;4;COUVERT;5.2;8.3;0
Pithiviers;48.17;2.25;26/09/2026;07:00;13.7;4;COUVERT;5.7;8.6;0
Pithiviers;48.17;2.25;26/09/2026;08:00;15.9;2;NUAGEUX;5.9;8.6;0
Pithiviers;48.17;2.25;26/09/2026;09:00;17.1;2;NUAGEUX;6.4;9.7;0
Pithiviers;48.17;2.25;26/09/2026;10:00;18.7;2;NUAGEUX;8.4;14.0;0
Pithiviers;48.17;2.25;26/09/2026;11:00;20.4;2;NUAGEUX;10.3;16.6;0
Pithiviers;48.17;2.25;26/09/2026;12:00;22.4;2;NUAGEUX;9.5;17.3;0
Pithiviers;48.17;2.25;26/09/2026;13:00;23;2;NUAGEUX;7.3;15.1;0
Pithiviers;48.17;2.25;26/09/2026;14:00;24;5;SOLEIL VOILÉ;5.6;13.3;0
Pithiviers;48.17;2.25;26/09/2026;15:00;24.4;5;SOLEIL VOILÉ;5.2;11.9;0
Pithiviers;48.17;2.25;26/09/2026;16:00;23.6;0;SOLEIL;6.4;12.6;0
Pithiviers;48.17;2.25;26/09/2026;17:00;23.2;0;SOLEIL;10.0;16.2;0
Pithiviers;48.17;2.25;26/09/2026;18:00;22.6;0;SOLEIL;11.4;18.4;0
Pithiviers;48.17;2.25;26/09/2026;19:00;21.5;5;SOLEIL VOILÉ;10.2;18.0;0
Pithiviers;48.17;2.25;26/09/2026;20:00;20.4;5;SOLEIL VOILÉ;8.6;14.8;0
Pithiviers;48.17;2.25;26/09/2026;21:00;18.1;5;SOLEIL VOILÉ;9.5;14.0;0
Pithiviers;48.17;2.25;26/09/2026;22:00;18.1;5;SOLEIL VOILÉ;10.4;15.5;0
Pithiviers;48.17;2.25;26/09/2026;23:00;15.7;5;SOLEIL VOILÉ;10.0;15.8;0
Pithiviers;48.17;2.25;27/09/2026;00:00;15.7;5;SOLEIL VOILÉ;9.8;15.1;0
Pithiviers;48.17;2.25;27/09/2026;01:00;15.7;5;SOLEIL VOILÉ;8.5;14.8;0
Pithiviers;48.17;2.25;27/09/2026;02:00;14.9;0;SOLEIL;5.8;11.5;0
Pithiviers;48.17;2.25;27/09/2026;03:00;14.9;0;SOLEIL;9.1;13.3;0
Pithiviers;48.17;2.25;27/09/2026;04:00;14.9;0;SOLEIL;11.7;18.4;0
Pithiviers;48.17;2.25;27/09/2026;05:00;13.5;5;SOLEIL VOILÉ;9.4;17.6;0
Pithiviers;48.17;2.25;27/09/2026;06:00;13.5;5;SOLEIL VOILÉ;10.1;16.6;0
Pithiviers;48.17;2.25;27/09/2026;07:00;13.5;5;SOLEIL VOILÉ;10.8;16.9;0
Pithiviers;48.17;2.25;27/09/2026;08:00;20.6;0;SOLEIL;8.7;16.6;0
Pithiviers;48.17;2.25;27/09/2026;09:00;20.6;0;SOLEIL;11.3;18.0;0
Pithiviers;48.17;2.25;27/09/2026;10:00;20.6;0;SOLEIL;11.9;19.4;0
Pithiviers;48.17;2.25;27/09/2026;11:00;27.5;5;SOLEIL VOILÉ;12.0;19.8;0
Pithiviers;48.17;2.25;27/09/2026;12:00;27.5;5;SOLEIL VOILÉ;9.8;19.8;0
Pithiviers;48.17;2.25;27/09/2026;13:00;27.5;5;SOLEIL VOILÉ;7.0;17.6;0
Pithiviers;48.17;2.25;27/09/2026;14:00;29.1;5;SOLEIL VOILÉ;12.2;16.2;0
Pithiviers;48.17;2.25;27/09/2026;15:00;29.1;5;SOLEIL VOILÉ;11.1;17.6;0
Pithiviers;48.17;2.25;27/09/2026;16:00;29.1;5;SOLEIL VOILÉ;10.4;21.6;0
Pithiviers;48.17;2.25;27/09/2026;17:00;26.2;5;SOLEIL VOILÉ;7.8;13.7;0
Pithiviers;48.17;2.25;27/09/2026;18:00;26.2;5;SOLEIL VOILÉ;15.5;19.8;0
Pithiviers;48.17;2.25;27/09/2026;19:00;26.2;5;SOLEIL VOILÉ;8.5;19.8;0
Pithiviers;48.17;2.25;27/09/2026;20:00;20.9;5;SOLEIL VOILÉ;7.2;11.9;0
Pithiviers;48.17;2.25;27/09/2026;21:00;20.9;5;SOLEIL VOILÉ;12.3;19.1;0
Pithiviers;48.17;2.25;27/09/2026;22:00;20.9;5;SOLEIL VOILÉ;12.4;20.2;0
Pithiviers;48.17;2.25;27/09/2026;23:00;18.1;5;SOLEIL VOILÉ;11.0;18.0;0
Pithiviers;48.17;2.25;28/09/2026;00:00;18.1;5;SOLEIL VOILÉ;10.8;17.6;0
Pithiviers;48.17;2.25;28/09/2026;01:00;18.1;5;SOLEIL VOILÉ;10.1;16.2;0
Pithiviers;48.17;2.25;28/09/2026;02:00;16.4;2;NUAGEUX;6.6;15.1;0
Pithiviers;48.17;2.25;28/09/2026;03:00;16.4;2;NUAGEUX;5.6;9.7;0
Pithiviers;48.17;2.25;28/09/2026;04:00;16.4;2;NUAGEUX;6.2;9.4;0
Pithiviers;48.17;2.25;28/09/2026;05:00;16.1;2;NUAGEUX;4.7;9.0;0
Pithiviers;48.17;2.25;28/09/2026;06:00;16.1;2;NUAGEUX;4.7;7.2;0
Pithiviers;48.17;2.25;28/09/2026;07:00;16.1;2;NUAGEUX;5.1;7.9;0
Pithiviers;48.17;2.25;28/09/2026;08:00;21.6;2;NUAGEUX;6.0;9.4;0
Pithiviers;48.17;2.25;28/09/2026;09:00;21.6;2;NUAGEUX;6.2;9.2;0
Pithiviers;48.17;2.25;28/09/2026;10:00;21.6;2;NUAGEUX;7.6;12.2;0
Pithiviers;48.17;2.25;28/09/2026;11:00;26.9;5;SOLEIL VOILÉ;7.8;15.7;0
Pithiviers;48.17;2.25;28/09/2026;12:00;26.9;5;SOLEIL VOILÉ;8.5;15.8;0
Pithiviers;48.17;2.25;28/09/2026;13:00;26.9;5;SOLEIL VOILÉ;10.5;18.7;0
Pithiviers;48.17;2.25;28/09/2026;14:00;27.7;5;SOLEIL VOILÉ;12.6;21.2;0
Pithiviers;48.17;2.25;28/09/2026;15:00;27.7;5;SOLEIL VOILÉ;15.8;26.6;0
Pithiviers;48.17;2.25;28/09/2026;16:00;27.7;5;SOLEIL VOILÉ;15.7;42.1;0
Pithiviers;48.17;2.25;28/09/2026;17:00;22.9;5;SOLEIL VOILÉ;12.1;42.1;0
Pithiviers;48.17;2.25;28/09/2026;18:00;22.9;5;SOLEIL VOILÉ;10.4;21.2;0
Pithiviers;48.17;2.25;28/09/2026;19:00;22.9;5;SOLEIL VOILÉ;6.5;17.3;0
Pithiviers;48.17;2.25;28/09/2026;20:00;21.1;2;NUAGEUX;2.6;10.1;0
Pithiviers;48.17;2.25;28/09/2026;21:00;19.6;2;NUAGEUX;1.6;4.0;0
Pithiviers;48.17;2.25;28/09/2026;22:00;18.1;2;NUAGEUX;2.3;2.9;0
Pithiviers;48.17;2.25;28/09/2026;23:00;17.1;2;NUAGEUX;2.1;3.6;0
Pithiviers;48.17;2.25;29/09/2026;00:00;17.1;2;NUAGEUX;2.6;3.6;0
Pithiviers;48.17;2.25;29/09/2026;01:00;17.1;2;NUAGEUX;3.2;5.0;0
Pithiviers;48.17;2.25;29/09/2026;02:00;15.7;2;NUAGEUX;3.3;4.7;0
Pithiviers;48.17;2.25;29/09/2026;03:00;15.7;2;NUAGEUX;1.1;4.7;0
Pithiviers;48.17;2.25;29/09/2026;04:00;15.7;2;NUAGEUX;2.0;2.2;0
Pithiviers;48.17;2.25;29/09/2026;05:00;16.5;2;NUAGEUX;1.8;3.6;0
Pithiviers;48.17;2.25;29/09/2026;06:00;16.5;2;NUAGEUX;2.7;7.6;0
Pithiviers;48.17;2.25;29/09/2026;07:00;16.5;2;NUAGEUX;3.1;5.0;0
Pithiviers;48.17;2.25;29/09/2026;08:00;18.7;2;NUAGEUX;2.6;5.0;0
Pithiviers;48.17;2.25;29/09/2026;09:00;20.2;2;NUAGEUX;3.8;6.5;0
Pithiviers;48.17;2.25;29/09/2026;10:00;21.7;2;NUAGEUX;2.5;10.4;0
Pithiviers;48.17;2.25;29/09/2026;11:00;27.9;2;NUAGEUX;4.6;9.4;0
Pithiviers;48.17;2.25;29/09/2026;12:00;27.9;2;NUAGEUX;5.5;10.8;0
Pithiviers;48.17;2.25;29/09/2026;13:00;27.9;2;NUAGEUX;7.6;15.1;0
Pithiviers;48.17;2.25;29/09/2026;14:00;27.6;2;NUAGEUX;9.5;15.8;0
Pithiviers;48.17;2.25;29/09/2026;15:00;29.1;2;NUAGEUX;6.9;13.0;0
Pithiviers;48.17;2.25;29/09/2026;16:00;27.6;2;NUAGEUX;2.6;7.9;0
Pithiviers;48.17;2.25;29/09/2026;17:00;25.1;2;NUAGEUX;1.5;6.1;0
Pithiviers;48.17;2.25;29/09/2026;18:00;25.1;2;NUAGEUX;3.9;10.8;0
Pithiviers;48.17;2.25;29/09/2026;19:00;25.1;2;NUAGEUX;5.7;18.4;0
Pithiviers;48.17;2.25;29/09/2026;20:00;21.7;2;NUAGEUX;7.2;23.4;0
Pithiviers;48.17;2.25;29/09/2026;21:00;20.2;2;NUAGEUX;8.4;22.3;0
Pithiviers;48.17;2.25;29/09/2026;22:00;18.7;2;NUAGEUX;9.2;18.4;0
Pithiviers;48.17;2.25;29/09/2026;23:00;20.7;2;NUAGEUX;9.7;15.5;0
Pithiviers;48.17;2.25;30/09/2026;00:00;20.7;2;NUAGEUX;9.8;15.8;0
Pithiviers;48.17;2.25;30/09/2026;01:00;20.7;2;NUAGEUX;9.7;17.3;0
Pithiviers;48.17;2.25;30/09/2026;02:00;17.6;7;PLUIE FAIBLE;9.0;17.6;0
Pithiviers;48.17;2.25;30/09/2026;03:00;17.6;7;PLUIE FAIBLE;7.2;14.8;0
Pithiviers;48.17;2.25;30/09/2026;04:00;17.6;7;PLUIE FAIBLE;5.6;10.8;0
Pithiviers;48.17;2.25;30/09/2026;05:00;18.6;2;NUAGEUX;4.6;7.9;0
Pithiviers;48.17;2.25;30/09/2026;06:00;18.6;2;NUAGEUX;4.6;7.2;0
Pithiviers;48.17;2.25;30/09/2026;07:00;18.6;2;NUAGEUX;5.0;7.6;0
Pithiviers;48.17;2.25;30/09/2026;08:00;19.6;7;PLUIE FAIBLE;5.5;8.6;0
Pithiviers;48.17;2.25;30/09/2026;09:00;20.6;7;PLUIE FAIBLE;6.8;11.2;0
Pithiviers;48.17;2.25;30/09/2026;10:00;21.6;7;PLUIE FAIBLE;8.8;14.4;0
Pithiviers;48.17;2.25;30/09/2026;11:00;26;2;NUAGEUX;10.0;17.3;0
Pithiviers;48.17;2.25;30/09/2026;12:00;26;2;NUAGEUX;10.9;19.1;0
Pithiviers;48.17;2.25;30/09/2026;13:00;26;2;NUAGEUX;11.6;20.5;0
Pithiviers;48.17;2.25;30/09/2026;14:00;25.7;7;PLUIE FAIBLE;12.8;22.0;0
Pithiviers;48.17;2.25;30/09/2026;15:00;26.7;7;PLUIE FAIBLE;14.4;24.8;0
Pithiviers;48.17;2.25;30/09/2026;16:00;25.7;7;PLUIE FAIBLE;16.2;27.7;0
Pithiviers;48.17;2.25;30/09/2026;17:00;22;7;PLUIE FAIBLE;16.4;28.4;0
Pithiviers;48.17;2.25;30/09/2026;18:00;22;7;PLUIE FAIBLE;13.4;24.5;0
Pithiviers;48.17;2.25;30/09/2026;19:00;22;7;PLUIE FAIBLE;9.2;18.4;0
Pithiviers;48.17;2.25;30/09/2026;20:00;21.6;7;PLUIE FAIBLE;6.6;14.0;0
Pithiviers;48.17;2.25;30/09/2026;21:00;20.6;7;PLUIE FAIBLE;6.4;13.0;0
Pithiviers;48.17;2.25;30/09/2026;22:00;19.6;7;PLUIE FAIBLE;7.3;14.0;0
Pithiviers;48.17;2.25;30/09/2026;23:00;18.6;7;PLUIE FAIBLE;7.9;14.4;0
Pithiviers;48.17;2.25;01/10/2026;00:00;18.6;7;PLUIE FAIBLE;8.0;14.0;0
Pithiviers;48.17;2.25;01/10/2026;01:00;18.6;7;PLUIE FAIBLE;8.2;13.3;0
Pithiviers;48.17;2.25;01/10/2026;02:00;15.6;7;PLUIE FAIBLE;8.1;13.0;0
Pithiviers;48.17;2.25;01/10/2026;03:00;15.6;7;PLUIE FAIBLE;8.2;12.6;0
Pithiviers;48.17;2.25;01/10/2026;04:00;15.6;7;PLUIE FAIBLE;7.8;11.9;0
Pithiviers;48.17;2.25;01/10/2026;05:00;16.6;7;PLUIE FAIBLE;7.9;12.2;0
Pithiviers;48.17;2.25;01/10/2026;06:00;16.6;7;PLUIE FAIBLE;8.3;13.6;0
Pithiviers;48.17;2.25;01/10/2026;07:00;16.6;7;PLUIE FAIBLE;8.9;15.1;0
Pithiviers;48.17;2.25;01/10/2026;08:00;16.7;7;PLUIE FAIBLE;9.1;16.1;0
Pithiviers;48.17;2.25;01/10/2026;09:00;17.3;7;PLUIE FAIBLE;8.0;14.8;0
Pithiviers;48.17;2.25;01/10/2026;10:00;17.9;7;PLUIE FAIBLE;10.2;19.1;0
Pithiviers;48.17;2.25;01/10/2026;11:00;20.1;6;AVERSES;12.1;23.0;0
Pithiviers;48.17;2.25;01/10/2026;12:00;20.1;6;AVERSES;13.4;25.9;0
Pithiviers;48.17;2.25;01/10/2026;13:00;20.1;6;AVERSES;14.4;28.1;0
Pithiviers;48.17;2.25;01/10/2026;14:00;20.1;7;PLUIE FAIBLE;15.1;29.5;0
Pithiviers;48.17;2.25;01/10/2026;15:00;20.7;7;PLUIE FAIBLE;15.5;30.6;0
Pithiviers;48.17;2.25;01/10/2026;16:00;20.1;7;PLUIE FAIBLE;15.2;30.6;0
Pithiviers;48.17;2.25;01/10/2026;17:00;18.1;7;PLUIE FAIBLE;14.1;29.2;0
Pithiviers;48.17;2.25;01/10/2026;18:00;18.1;7;PLUIE FAIBLE;10.9;24.5;0
Pithiviers;48.17;2.25;01/10/2026;19:00;18.1;7;PLUIE FAIBLE;6.8;18.4;0
Pithiviers;48.17;2.25;01/10/2026;20:00;17.9;7;PLUIE FAIBLE;4.0;13.3;0
Pithiviers;48.17;2.25;01/10/2026;21:00;17.3;7;PLUIE FAIBLE;3.5;10.8;0
Pithiviers;48.17;2.25;01/10/2026;22:00;16.7;7;PLUIE FAIBLE;4.5;9.7;0
Pithiviers;48.17;2.25;01/10/2026;23:00;14.1;0;SOLEIL;5.6;9.7;0
Pithiviers;48.17;2.25;02/10/2026;00:00;14.1;0;SOLEIL;6.3;10.8;0
Pithiviers;48.17;2.25;02/10/2026;01:00;14.1;0;SOLEIL;7.6;13.3;0
Pithiviers;48.17;2.25;02/10/2026;02:00;11.4;0;SOLEIL;8.8;15.5;0
Pithiviers;48.17;2.25;02/10/2026;03:00;11.4;0;SOLEIL;10.2;17.3;0
Pithiviers;48.17;2.25;02/10/2026;04:00;11.4;0;SOLEIL;11.3;19.4;0
Pithiviers;48.17;2.25;02/10/2026;05:00;12.2;0;SOLEIL;11.6;20.5;0
Pithiviers;48.17;2.25;02/10/2026;06:00;12.2;0;SOLEIL;10.6;20.2;0
Pithiviers;48.17;2.25;02/10/2026;07:00;12.2;0;SOLEIL;8.7;19.4;0
Pithiviers;48.17;2.25;02/10/2026;08:00;13.4;0;SOLEIL;7.6;19.4;0
Pithiviers;48.17;2.25;02/10/2026;09:00;14.5;0;SOLEIL;7.2;22.0;0
Pithiviers;48.17;2.25;02/10/2026;10:00;15.5;0;SOLEIL;8.6;25.2;0
Pithiviers;48.17;2.25;02/10/2026;11:00;19.6;0;SOLEIL;10.2;27.7;0
Pithiviers;48.17;2.25;02/10/2026;12:00;19.6;0;SOLEIL;12.1;28.1;0
Pithiviers;48.17;2.25;02/10/2026;13:00;19.6;0;SOLEIL;13.7;27.7;0
Pithiviers;48.17;2.25;02/10/2026;14:00;19.6;0;SOLEIL;14.6;27.4;0
Pithiviers;48.17;2.25;02/10/2026;15:00;20.6;0;SOLEIL;14.1;28.1;0
Pithiviers;48.17;2.25;02/10/2026;16:00;19.6;0;SOLEIL;12.8;29.5;0
Pithiviers;48.17;2.25;02/10/2026;17:00;17.9;0;SOLEIL;11.7;29.5;0
Pithiviers;48.17;2.25;02/10/2026;18:00;17.9;0;SOLEIL;10.7;27.4;0
Pithiviers;48.17;2.25;02/10/2026;19:00;17.9;0;SOLEIL;10.6;24.1;0
Pithiviers;48.17;2.25;02/10/2026;20:00;15.5;0;SOLEIL;11.0;22.3;0
Pithiviers;48.17;2.25;02/10/2026;21:00;14.5;0;SOLEIL;12.0;23.8;0
Pithiviers;48.17;2.25;02/10/2026;22:00;13.4;0;SOLEIL;14.2;26.6;0
Pithiviers;48.17;2.25;02/10/2026;23:00;12.9;0;SOLEIL;15.3;28.8;0
Pithiviers;48.17;2.25;03/10/2026;00:00;12.9;0;SOLEIL;15.2;29.5;0
Pithiviers;48.17;2.25;03/10/2026;01:00;12.9;0;SOLEIL;15.2;29.9;0
Pithiviers;48.17;2.25;03/10/2026;02:00;10.2;0;SOLEIL;15.7;29.9;0
Pithiviers;48.17;2.25;03/10/2026;03:00;10.2;0;SOLEIL;15.8;29.2;0
Pithiviers;48.17;2.25;03/10/2026;04:00;10.2;0;SOLEIL;15.4;28.1;0
Pithiviers;48.17;2.25;03/10/2026;05:00;11.6;0;SOLEIL;15.1;27.4;0
Pithiviers;48.17;2.25;03/10/2026;06:00;11.6;0;SOLEIL;15.1;27.0;0
Pithiviers;48.17;2.25;03/10/2026;07:00;11.6;0;SOLEIL;15.0;27.0;0
Pithiviers;48.17;2.25;03/10/2026;08:00;12.8;0;SOLEIL;15.2;27.4;0
Pithiviers;48.17;2.25;03/10/2026;09:00;14.2;0;SOLEIL;15.8;28.8;0
Pithiviers;48.17;2.25;03/10/2026;10:00;15.5;0;SOLEIL;16.6;31.0;0
Pithiviers;48.17;2.25;03/10/2026;11:00;21.1;0;SOLEIL;17.2;32.4;0
Pithiviers;48.17;2.25;03/10/2026;12:00;21.1;0;SOLEIL;13.4;27.3;0
Pithiviers;48.17;2.25;03/10/2026;13:00;21.1;0;SOLEIL;9.3;22.3;0
Pithiviers;48.17;2.25;03/10/2026;14:00;20.8;0;SOLEIL;5.4;17.6;0
Pithiviers;48.17;2.25;03/10/2026;15:00;22.1;0;SOLEIL;1.6;13.3;0
Pithiviers;48.17;2.25;03/10/2026;16:00;20.8;0;SOLEIL;1.9;13.3;0
Pithiviers;48.17;2.25;03/10/2026;17:00;18.1;0;SOLEIL;2.3;13.3;0
Pithiviers;48.17;2.25;03/10/2026;18:00;18.1;0;SOLEIL;2.7;13.0;0
Pithiviers;48.17;2.25;03/10/2026;19:00;18.1;0;SOLEIL;3.1;13.0;0
Pithiviers;48.17;2.25;03/10/2026;20:00;15.5;0;SOLEIL;3.1;12.6;0
Pithiviers;48.17;2.25;03/10/2026;21:00;14.2;0;SOLEIL;2.8;12.2;0
Pithiviers;48.17;2.25;03/10/2026;22:00;12.8;0;SOLEIL;2.8;11.5;0
Pithiviers;48.17;2.25;03/10/2026;23:00;13.9;0;SOLEIL;3.1;10.8;0
