Ville;Latitude;Longitude;Date;Heure;temperature_2m;weathercode;Temps_Label;windspeed_10m;wind_gusts_10m;precipitation
PARIS;48.85;2.35;15/09/2026;00:00;21;0;SOLEIL;3.8;11.5;0
PARIS;48.85;2.35;15/09/2026;01:00;20.9;0;SOLEIL;2.8;7.6;0
PARIS;48.85;2.35;15/09/2026;02:00;21.1;0;SOLEIL;5.6;10.8;0
PARIS;48.85;2.35;15/09/2026;03:00;20.6;0;SOLEIL;5.4;12.2;0
PARIS;48.85;2.35;15/09/2026;04:00;19.9;0;SOLEIL;4.3;10.4;0
PARIS;48.85;2.35;15/09/2026;05:00;19.6;0;SOLEIL;5.1;9.7;0
PARIS;48.85;2.35;15/09/2026;06:00;19.2;5;SOLEIL VOILÉ;4.7;10.4;0
PARIS;48.85;2.35;15/09/2026;07:00;20.8;5;SOLEIL VOILÉ;3.7;9.7;0
PARIS;48.85;2.35;15/09/2026;08:00;22.3;5;SOLEIL VOILÉ;3.6;7.9;0
PARIS;48.85;2.35;15/09/2026;09:00;25.5;5;SOLEIL VOILÉ;4.6;10.4;0
PARIS;48.85;2.35;15/09/2026;10:00;26.9;5;SOLEIL VOILÉ;5.2;12.6;0
PARIS;48.85;2.35;15/09/2026;11:00;28.6;5;SOLEIL VOILÉ;3.6;13.3;0
PARIS;48.85;2.35;15/09/2026;12:00;30.1;0;SOLEIL;1.6;9.4;0
PARIS;48.85;2.35;15/09/2026;13:00;30.4;0;SOLEIL;3.6;11.2;0
PARIS;48.85;2.35;15/09/2026;14:00;30.6;0;SOLEIL;3.6;13.3;0
PARIS;48.85;2.35;15/09/2026;15:00;30.2;0;SOLEIL;5.4;15.1;0
PARIS;48.85;2.35;15/09/2026;16:00;31;0;SOLEIL;4.5;15.1;0
PARIS;48.85;2.35;15/09/2026;17:00;29.8;5;SOLEIL VOILÉ;4.0;13.0;0
PARIS;48.85;2.35;15/09/2026;18:00;24.6;5;SOLEIL VOILÉ;3.9;11.2;0
PARIS;48.85;2.35;15/09/2026;19:00;22.4;5;SOLEIL VOILÉ;3.8;11.2;0
PARIS;48.85;2.35;15/09/2026;20:00;20.9;5;SOLEIL VOILÉ;3.3;9.7;0
PARIS;48.85;2.35;15/09/2026;21:00;20.4;2;NUAGEUX;6.6;15.5;0
PARIS;48.85;2.35;15/09/2026;22:00;19.9;2;NUAGEUX;6.4;16.6;0
PARIS;48.85;2.35;15/09/2026;23:00;18.7;2;NUAGEUX;5.7;15.1;0
PARIS;48.85;2.35;16/09/2026;00:00;18;2;NUAGEUX;4.2;12.6;0
PARIS;48.85;2.35;16/09/2026;01:00;18;2;NUAGEUX;3.3;9.0;0
PARIS;48.85;2.35;16/09/2026;02:00;17.1;0;SOLEIL;3.4;7.6;0
PARIS;48.85;2.35;16/09/2026;03:00;17.1;0;SOLEIL;3.7;7.9;0
PARIS;48.85;2.35;16/09/2026;04:00;17.1;0;SOLEIL;3.7;7.9;0
PARIS;48.85;2.35;16/09/2026;05:00;15.7;0;SOLEIL;4.4;9.0;0
PARIS;48.85;2.35;16/09/2026;06:00;15.7;0;SOLEIL;3.6;8.6;0
PARIS;48.85;2.35;16/09/2026;07:00;15.7;0;SOLEIL;4.1;8.3;0
PARIS;48.85;2.35;16/09/2026;08:00;18.4;0;SOLEIL;4.3;9.0;0
PARIS;48.85;2.35;16/09/2026;09:00;18.4;0;SOLEIL;4.8;10.8;0
PARIS;48.85;2.35;16/09/2026;10:00;18.4;0;SOLEIL;5.8;13.7;0
PARIS;48.85;2.35;16/09/2026;11:00;21;0;SOLEIL;6.9;17.3;0
PARIS;48.85;2.35;16/09/2026;12:00;21;0;SOLEIL;6.8;17.3;0
PARIS;48.85;2.35;16/09/2026;13:00;21;0;SOLEIL;8.2;20.2;0
PARIS;48.85;2.35;16/09/2026;14:00;20.9;0;SOLEIL;10.2;24.5;0
PARIS;48.85;2.35;16/09/2026;15:00;20.9;0;SOLEIL;10.5;25.6;0
PARIS;48.85;2.35;16/09/2026;16:00;20.9;0;SOLEIL;8.7;27.0;0
PARIS;48.85;2.35;16/09/2026;17:00;19.7;0;SOLEIL;14.2;32.4;0
PARIS;48.85;2.35;16/09/2026;18:00;19.7;0;SOLEIL;18.2;41.0;0
PARIS;48.85;2.35;16/09/2026;19:00;19.7;0;SOLEIL;19.2;45.7;0
PARIS;48.85;2.35;16/09/2026;20:00;17.9;0;SOLEIL;13.5;41.8;0
PARIS;48.85;2.35;16/09/2026;21:00;17.9;0;SOLEIL;14.8;33.5;0
PARIS;48.85;2.35;16/09/2026;22:00;17.9;0;SOLEIL;15.8;36.7;0
PARIS;48.85;2.35;16/09/2026;23:00;15.6;0;SOLEIL;14.8;34.9;0
PARIS;48.85;2.35;17/09/2026;00:00;15.6;0;SOLEIL;15.5;35.6;0
PARIS;48.85;2.35;17/09/2026;01:00;15.6;0;SOLEIL;13.7;34.2;0
PARIS;48.85;2.35;17/09/2026;02:00;14.7;5;SOLEIL VOILÉ;11.5;30.2;0
PARIS;48.85;2.35;17/09/2026;03:00;14.7;5;SOLEIL VOILÉ;9.7;25.9;0
PARIS;48.85;2.35;17/09/2026;04:00;14.7;5;SOLEIL VOILÉ;8.4;21.2;0
PARIS;48.85;2.35;17/09/2026;05:00;14.5;5;SOLEIL VOILÉ;7.5;18.4;0
PARIS;48.85;2.35;17/09/2026;06:00;14.5;5;SOLEIL VOILÉ;6.9;16.6;0
PARIS;48.85;2.35;17/09/2026;07:00;14.5;5;SOLEIL VOILÉ;6.5;15.1;0
PARIS;48.85;2.35;17/09/2026;08:00;18;5;SOLEIL VOILÉ;6.9;15.8;0
PARIS;48.85;2.35;17/09/2026;09:00;18;5;SOLEIL VOILÉ;7.6;17.6;0
PARIS;48.85;2.35;17/09/2026;10:00;18;5;SOLEIL VOILÉ;7.6;18.0;0
PARIS;48.85;2.35;17/09/2026;11:00;20.2;2;NUAGEUX;11.1;25.9;0
PARIS;48.85;2.35;17/09/2026;12:00;20.2;2;NUAGEUX;10.9;28.5;0
PARIS;48.85;2.35;17/09/2026;13:00;20.2;2;NUAGEUX;10.4;27.5;0
PARIS;48.85;2.35;17/09/2026;14:00;20.4;2;NUAGEUX;10.7;28.5;0
PARIS;48.85;2.35;17/09/2026;15:00;20.4;2;NUAGEUX;11.5;30.6;0
PARIS;48.85;2.35;17/09/2026;16:00;20.4;2;NUAGEUX;11.8;30.2;0
PARIS;48.85;2.35;17/09/2026;17:00;20.1;2;NUAGEUX;12.2;30.6;0
PARIS;48.85;2.35;17/09/2026;18:00;20.1;2;NUAGEUX;12.2;31.3;0
PARIS;48.85;2.35;17/09/2026;19:00;20.1;2;NUAGEUX;13.3;32.4;0
PARIS;48.85;2.35;17/09/2026;20:00;17.1;2;NUAGEUX;10.4;32.0;0
PARIS;48.85;2.35;17/09/2026;21:00;16.3;2;NUAGEUX;8.4;25.2;0
PARIS;48.85;2.35;17/09/2026;22:00;15.5;2;NUAGEUX;4.6;19.8;0
PARIS;48.85;2.35;17/09/2026;23:00;16.7;0;SOLEIL;4.2;10.4;0
PARIS;48.85;2.35;18/09/2026;00:00;16.7;0;SOLEIL;4.0;9.7;0
PARIS;48.85;2.35;18/09/2026;01:00;16.7;0;SOLEIL;4.3;9.4;0
PARIS;48.85;2.35;18/09/2026;02:00;13.7;2;NUAGEUX;4.5;9.0;0
PARIS;48.85;2.35;18/09/2026;03:00;13.7;2;NUAGEUX;4.3;9.4;0
PARIS;48.85;2.35;18/09/2026;04:00;13.7;2;NUAGEUX;4.4;9.4;0
PARIS;48.85;2.35;18/09/2026;05:00;14.2;0;SOLEIL;4.3;9.0;0
PARIS;48.85;2.35;18/09/2026;06:00;14.2;0;SOLEIL;4.3;9.7;0
PARIS;48.85;2.35;18/09/2026;07:00;14.2;0;SOLEIL;4.1;9.4;0
PARIS;48.85;2.35;18/09/2026;08:00;15.4;2;NUAGEUX;4.2;9.7;0
PARIS;48.85;2.35;18/09/2026;09:00;16.2;2;NUAGEUX;5.5;13.0;0
PARIS;48.85;2.35;18/09/2026;10:00;17.0;2;NUAGEUX;7.4;19.1;0
PARIS;48.85;2.35;18/09/2026;11:00;19.7;2;NUAGEUX;8.7;22.0;0
PARIS;48.85;2.35;18/09/2026;12:00;19.7;2;NUAGEUX;11.0;28.1;0
PARIS;48.85;2.35;18/09/2026;13:00;19.7;2;NUAGEUX;12.0;31.3;0
PARIS;48.85;2.35;18/09/2026;14:00;20.4;2;NUAGEUX;12.9;33.1;0
PARIS;48.85;2.35;18/09/2026;15:00;21.2;2;NUAGEUX;13.3;35.6;0
PARIS;48.85;2.35;18/09/2026;16:00;20.4;2;NUAGEUX;13.1;37.8;0
PARIS;48.85;2.35;18/09/2026;17:00;19.6;2;NUAGEUX;12.6;37.8;0
PARIS;48.85;2.35;18/09/2026;18:00;19.6;2;NUAGEUX;11.9;34.9;0
PARIS;48.85;2.35;18/09/2026;19:00;19.6;2;NUAGEUX;10.6;30.2;0
PARIS;48.85;2.35;18/09/2026;20:00;17.0;2;NUAGEUX;9.8;26.3;0
PARIS;48.85;2.35;18/09/2026;21:00;16.2;2;NUAGEUX;9.4;23.4;0
PARIS;48.85;2.35;18/09/2026;22:00;15.4;2;NUAGEUX;8.7;20.9;0
PARIS;48.85;2.35;18/09/2026;23:00;17;0;SOLEIL;8.2;19.1;0
PARIS;48.85;2.35;19/09/2026;00:00;17;0;SOLEIL;7.0;18.0;0
PARIS;48.85;2.35;19/09/2026;01:00;17;0;SOLEIL;5.8;16.9;0
PARIS;48.85;2.35;19/09/2026;02:00;14.9;2;NUAGEUX;5.4;16.6;0
PARIS;48.85;2.35;19/09/2026;03:00;14.9;2;NUAGEUX;5.4;16.2;0
PARIS;48.85;2.35;19/09/2026;04:00;14.9;2;NUAGEUX;5.4;16.2;0
PARIS;48.85;2.35;19/09/2026;05:00;15.5;0;SOLEIL;5.4;15.8;0
PARIS;48.85;2.35;19/09/2026;06:00;15.5;0;SOLEIL;5.0;14.0;0
PARIS;48.85;2.35;19/09/2026;07:00;15.5;0;SOLEIL;4.7;11.9;0
PARIS;48.85;2.35;19/09/2026;08:00;16.7;2;NUAGEUX;4.8;11.2;0
PARIS;48.85;2.35;19/09/2026;09:00;17.6;2;NUAGEUX;5.2;13.0;0
PARIS;48.85;2.35;19/09/2026;10:00;18.5;2;NUAGEUX;5.9;16.2;0
PARIS;48.85;2.35;19/09/2026;11:00;21.1;2;NUAGEUX;6.9;19.4;0
PARIS;48.85;2.35;19/09/2026;12:00;21.1;2;NUAGEUX;8.1;22.7;0
PARIS;48.85;2.35;19/09/2026;13:00;21.1;2;NUAGEUX;9.7;25.9;0
PARIS;48.85;2.35;19/09/2026;14:00;22.1;2;NUAGEUX;10.5;28.4;0
PARIS;48.85;2.35;19/09/2026;15:00;23.0;2;NUAGEUX;10.7;29.5;0
PARIS;48.85;2.35;19/09/2026;16:00;22.1;2;NUAGEUX;10.6;29.5;0
PARIS;48.85;2.35;19/09/2026;17:00;21.6;2;NUAGEUX;10.2;29.2;0
PARIS;48.85;2.35;19/09/2026;18:00;21.6;2;NUAGEUX;10.0;28.1;0
PARIS;48.85;2.35;19/09/2026;19:00;21.6;2;NUAGEUX;9.9;26.3;0
PARIS;48.85;2.35;19/09/2026;20:00;18.5;2;NUAGEUX;9.5;24.1;0
PARIS;48.85;2.35;19/09/2026;21:00;17.6;2;NUAGEUX;8.1;20.5;0
PARIS;48.85;2.35;19/09/2026;22:00;16.7;2;NUAGEUX;6.4;16.2;0
PARIS;48.85;2.35;19/09/2026;23:00;19.4;0;SOLEIL;5.5;13.7;0
PARIS;48.85;2.35;20/09/2026;00:00;19.4;0;SOLEIL;6.0;14.4;0
PARIS;48.85;2.35;20/09/2026;01:00;19.4;0;SOLEIL;7.4;16.9;0
PARIS;48.85;2.35;20/09/2026;02:00;16.6;2;NUAGEUX;8.2;19.1;0
PARIS;48.85;2.35;20/09/2026;03:00;16.6;2;NUAGEUX;8.6;20.2;0
PARIS;48.85;2.35;20/09/2026;04:00;16.6;2;NUAGEUX;8.9;20.5;0
PARIS;48.85;2.35;20/09/2026;05:00;17.1;0;SOLEIL;8.9;21.2;0
PARIS;48.85;2.35;20/09/2026;06:00;17.1;0;SOLEIL;9.5;22.6;0
PARIS;48.85;2.35;20/09/2026;07:00;17.1;0;SOLEIL;10.2;24.5;0
PARIS;48.85;2.35;20/09/2026;08:00;18.1;2;NUAGEUX;10.8;25.9;0
PARIS;48.85;2.35;20/09/2026;09:00;18.8;2;NUAGEUX;9.0;20.9;0
PARIS;48.85;2.35;20/09/2026;10:00;19.5;2;NUAGEUX;10.2;24.1;0
PARIS;48.85;2.35;20/09/2026;11:00;22;2;NUAGEUX;11.4;27.7;0
PARIS;48.85;2.35;20/09/2026;12:00;22;2;NUAGEUX;12.8;32.4;0
PARIS;48.85;2.35;20/09/2026;13:00;22;2;NUAGEUX;14.7;37.4;0
PARIS;48.85;2.35;20/09/2026;14:00;22.5;2;NUAGEUX;16.4;40.7;0
PARIS;48.85;2.35;20/09/2026;15:00;23.2;2;NUAGEUX;16.8;41.4;0
PARIS;48.85;2.35;20/09/2026;16:00;22.5;2;NUAGEUX;16.5;40.3;0
PARIS;48.85;2.35;20/09/2026;17:00;22.2;2;NUAGEUX;15.6;38.5;0
PARIS;48.85;2.35;20/09/2026;18:00;22.2;2;NUAGEUX;13.9;36.4;0
PARIS;48.85;2.35;20/09/2026;19:00;22.2;2;NUAGEUX;11.5;33.8;0
PARIS;48.85;2.35;20/09/2026;20:00;19.5;2;NUAGEUX;9.7;31.0;0
PARIS;48.85;2.35;20/09/2026;21:00;18.8;2;NUAGEUX;9.2;28.1;0
PARIS;48.85;2.35;20/09/2026;22:00;18.1;2;NUAGEUX;9.7;24.8;0
PARIS;48.85;2.35;20/09/2026;23:00;18.1;0;SOLEIL;10.0;23.4;0
PARIS;48.85;2.35;21/09/2026;00:00;18.1;0;SOLEIL;10.6;24.8;0
PARIS;48.85;2.35;21/09/2026;01:00;18.1;0;SOLEIL;11.0;27.4;0
PARIS;48.85;2.35;21/09/2026;02:00;14.6;0;SOLEIL;11.1;28.8;0
PARIS;48.85;2.35;21/09/2026;03:00;14.6;0;SOLEIL;10.5;27.0;0
PARIS;48.85;2.35;21/09/2026;04:00;14.6;0;SOLEIL;9.7;24.1;0
PARIS;48.85;2.35;21/09/2026;05:00;15.1;0;SOLEIL;8.8;21.2;0
PARIS;48.85;2.35;21/09/2026;06:00;15.1;0;SOLEIL;7.9;18.7;0
PARIS;48.85;2.35;21/09/2026;07:00;15.1;0;SOLEIL;7.0;16.6;0
PARIS;48.85;2.35;21/09/2026;08:00;16.8;0;SOLEIL;6.5;16.2;0
PARIS;48.85;2.35;21/09/2026;09:00;17.9;0;SOLEIL;7.2;19.1;0
PARIS;48.85;2.35;21/09/2026;10:00;19.0;0;SOLEIL;8.8;24.1;0
PARIS;48.85;2.35;21/09/2026;11:00;23.1;0;SOLEIL;9.8;27.4;0
PARIS;48.85;2.35;21/09/2026;12:00;23.1;0;SOLEIL;9.9;27.7;0
PARIS;48.85;2.35;21/09/2026;13:00;23.1;0;SOLEIL;9.8;27.0;0
PARIS;48.85;2.35;21/09/2026;14:00;23.5;0;SOLEIL;9.3;25.9;0
PARIS;48.85;2.35;21/09/2026;15:00;24.6;0;SOLEIL;9.3;24.8;0
PARIS;48.85;2.35;21/09/2026;16:00;23.5;0;SOLEIL;8.8;23.8;0
PARIS;48.85;2.35;21/09/2026;17:00;23.1;0;SOLEIL;8.1;22.7;0
PARIS;48.85;2.35;21/09/2026;18:00;23.1;0;SOLEIL;6.6;22.3;0
PARIS;48.85;2.35;21/09/2026;19:00;23.1;0;SOLEIL;5.8;22.7;0
PARIS;48.85;2.35;21/09/2026;20:00;19.0;0;SOLEIL;6.6;22.0;0
PARIS;48.85;2.35;21/09/2026;21:00;17.9;0;SOLEIL;6.6;20.5;0
PARIS;48.85;2.35;21/09/2026;22:00;16.8;0;SOLEIL;6.0;18.0;0
PARIS;48.85;2.35;21/09/2026;23:00;19.2;0;SOLEIL;5.3;15.5;0
BREST;48.39;-4.48;15/09/2026;00:00;15.7;2;NUAGEUX;4.7;9.4;0
BREST;48.39;-4.48;15/09/2026;01:00;14.8;2;NUAGEUX;3.6;7.9;0
BREST;48.39;-4.48;15/09/2026;02:00;14.6;2;NUAGEUX;3.3;5.8;0
BREST;48.39;-4.48;15/09/2026;03:00;14;3;TRÈS NUAGEUX;3.5;6.8;0
BREST;48.39;-4.48;15/09/2026;04:00;14;2;NUAGEUX;3.8;5.0;0
BREST;48.39;-4.48;15/09/2026;05:00;14.6;2;NUAGEUX;3.8;6.8;0
BREST;48.39;-4.48;15/09/2026;06:00;15.5;2;NUAGEUX;2.2;7.2;0
BREST;48.39;-4.48;15/09/2026;07:00;17.6;2;NUAGEUX;4.6;9.0;0
BREST;48.39;-4.48;15/09/2026;08:00;18.4;2;NUAGEUX;3.6;6.8;0
BREST;48.39;-4.48;15/09/2026;09:00;19.4;2;NUAGEUX;4.0;9.7;0
BREST;48.39;-4.48;15/09/2026;10:00;19.1;6;AVERSES;4.0;10.4;0.1
BREST;48.39;-4.48;15/09/2026;11:00;18.7;7;PLUIE FAIBLE;3.9;9.4;0.1
BREST;48.39;-4.48;15/09/2026;12:00;19.9;7;PLUIE FAIBLE;5.2;12.2;0.1
BREST;48.39;-4.48;15/09/2026;13:00;20.1;2;NUAGEUX;4.7;13.7;0
BREST;48.39;-4.48;15/09/2026;14:00;20.1;2;NUAGEUX;7.4;15.1;0
BREST;48.39;-4.48;15/09/2026;15:00;19.9;0;SOLEIL;9.4;15.5;0
BREST;48.39;-4.48;15/09/2026;16:00;19.6;0;SOLEIL;8.8;16.6;0
BREST;48.39;-4.48;15/09/2026;17:00;18.8;0;SOLEIL;9.7;20.2;0
BREST;48.39;-4.48;15/09/2026;18:00;17.8;0;SOLEIL;8.7;20.5;0
BREST;48.39;-4.48;15/09/2026;19:00;16.4;0;SOLEIL;8.3;14.5;0
BREST;48.39;-4.48;15/09/2026;20:00;15.5;0;SOLEIL;8.1;16.4;0
BREST;48.39;-4.48;15/09/2026;21:00;15.2;0;SOLEIL;7.9;15.4;0
BREST;48.39;-4.48;15/09/2026;22:00;15;2;NUAGEUX;7.7;14.4;0
BREST;48.39;-4.48;15/09/2026;23:00;14.6;2;NUAGEUX;6.1;13.3;0
BREST;48.39;-4.48;16/09/2026;00:00;14.8;0;SOLEIL;5.5;10.8;0
BREST;48.39;-4.48;16/09/2026;01:00;14.8;0;SOLEIL;4.7;8.6;0
BREST;48.39;-4.48;16/09/2026;02:00;14;0;SOLEIL;2.9;8.6;0
BREST;48.39;-4.48;16/09/2026;03:00;14;0;SOLEIL;7.9;12.6;0
BREST;48.39;-4.48;16/09/2026;04:00;14;0;SOLEIL;9.2;15.8;0
BREST;48.39;-4.48;16/09/2026;05:00;14.1;0;SOLEIL;6.1;16.2;0
BREST;48.39;-4.48;16/09/2026;06:00;14.1;0;SOLEIL;2.4;12.6;0
BREST;48.39;-4.48;16/09/2026;07:00;14.1;0;SOLEIL;2.2;7.2;0
BREST;48.39;-4.48;16/09/2026;08:00;17.9;0;SOLEIL;4.3;8.6;0
BREST;48.39;-4.48;16/09/2026;09:00;17.9;0;SOLEIL;5.1;7.6;0
BREST;48.39;-4.48;16/09/2026;10:00;17.9;0;SOLEIL;7.6;16.2;0
BREST;48.39;-4.48;16/09/2026;11:00;20.1;0;SOLEIL;19.5;38.2;0
BREST;48.39;-4.48;16/09/2026;12:00;20.1;0;SOLEIL;20.5;38.5;0
BREST;48.39;-4.48;16/09/2026;13:00;20.1;0;SOLEIL;17.5;40.0;0
BREST;48.39;-4.48;16/09/2026;14:00;19.2;0;SOLEIL;18.9;37.4;0
BREST;48.39;-4.48;16/09/2026;15:00;19.2;0;SOLEIL;20.6;42.8;0
BREST;48.39;-4.48;16/09/2026;16:00;19.2;0;SOLEIL;22.2;42.8;0
BREST;48.39;-4.48;16/09/2026;17:00;17.1;0;SOLEIL;21.1;43.6;0
BREST;48.39;-4.48;16/09/2026;18:00;17.1;0;SOLEIL;18.7;41.4;0
BREST;48.39;-4.48;16/09/2026;19:00;17.1;0;SOLEIL;17.6;36.4;0
BREST;48.39;-4.48;16/09/2026;20:00;14.4;5;SOLEIL VOILÉ;17.9;40.3;0
BREST;48.39;-4.48;16/09/2026;21:00;14.4;5;SOLEIL VOILÉ;17.6;43.2;0
BREST;48.39;-4.48;16/09/2026;22:00;14.4;5;SOLEIL VOILÉ;15.6;33.5;0
BREST;48.39;-4.48;16/09/2026;23:00;14.7;5;SOLEIL VOILÉ;14.1;30.6;0
BREST;48.39;-4.48;17/09/2026;00:00;14.7;5;SOLEIL VOILÉ;8.7;31.0;0
BREST;48.39;-4.48;17/09/2026;01:00;14.7;5;SOLEIL VOILÉ;10.0;19.4;0
BREST;48.39;-4.48;17/09/2026;02:00;15.1;2;NUAGEUX;7.9;22.3;0
BREST;48.39;-4.48;17/09/2026;03:00;15.1;2;NUAGEUX;10.9;21.2;0
BREST;48.39;-4.48;17/09/2026;04:00;15.1;2;NUAGEUX;10.1;21.2;0
BREST;48.39;-4.48;17/09/2026;05:00;16.2;2;NUAGEUX;7.7;19.1;0
BREST;48.39;-4.48;17/09/2026;06:00;16.2;2;NUAGEUX;6.6;14.0;0
BREST;48.39;-4.48;17/09/2026;07:00;16.2;2;NUAGEUX;9.2;24.8;0
BREST;48.39;-4.48;17/09/2026;08:00;18.1;6;AVERSES;8.9;23.4;0
BREST;48.39;-4.48;17/09/2026;09:00;18.1;6;AVERSES;8.2;16.6;0
BREST;48.39;-4.48;17/09/2026;10:00;18.1;6;AVERSES;11.4;23.4;0
BREST;48.39;-4.48;17/09/2026;11:00;18.6;6;AVERSES;14.8;28.1;0
BREST;48.39;-4.48;17/09/2026;12:00;18.6;6;AVERSES;14.6;32.2;0
BREST;48.39;-4.48;17/09/2026;13:00;18.6;6;AVERSES;17.6;34.4;0
BREST;48.39;-4.48;17/09/2026;14:00;19.4;0;SOLEIL;18.6;36.1;0
BREST;48.39;-4.48;17/09/2026;15:00;19.4;0;SOLEIL;17.9;36.0;0
BREST;48.39;-4.48;17/09/2026;16:00;19.4;0;SOLEIL;18.4;36.0;0
BREST;48.39;-4.48;17/09/2026;17:00;17.2;0;SOLEIL;18.0;35.6;0
BREST;48.39;-4.48;17/09/2026;18:00;17.2;0;SOLEIL;17.3;34.2;0
BREST;48.39;-4.48;17/09/2026;19:00;17.2;0;SOLEIL;17.0;32.8;0
BREST;48.39;-4.48;17/09/2026;20:00;16.5;6;AVERSES;14.5;30.6;0
BREST;48.39;-4.48;17/09/2026;21:00;15.8;6;AVERSES;8.9;24.8;0
BREST;48.39;-4.48;17/09/2026;22:00;15.1;6;AVERSES;5.0;13.7;0
BREST;48.39;-4.48;17/09/2026;23:00;14.7;0;SOLEIL;5.7;7.6;0
BREST;48.39;-4.48;18/09/2026;00:00;14.7;0;SOLEIL;6.2;8.6;0
BREST;48.39;-4.48;18/09/2026;01:00;14.7;0;SOLEIL;6.9;9.7;0
BREST;48.39;-4.48;18/09/2026;02:00;12.5;6;AVERSES;8.4;12.6;0
BREST;48.39;-4.48;18/09/2026;03:00;12.5;6;AVERSES;9.7;15.1;0
BREST;48.39;-4.48;18/09/2026;04:00;12.5;6;AVERSES;9.4;15.1;0
BREST;48.39;-4.48;18/09/2026;05:00;13.6;2;NUAGEUX;12.4;19.8;0
BREST;48.39;-4.48;18/09/2026;06:00;13.6;2;NUAGEUX;16.4;27.4;0
BREST;48.39;-4.48;18/09/2026;07:00;13.6;2;NUAGEUX;15.3;27.4;0
BREST;48.39;-4.48;18/09/2026;08:00;14.1;6;AVERSES;16.7;28.1;0
BREST;48.39;-4.48;18/09/2026;09:00;14.9;6;AVERSES;19.5;32.4;0
BREST;48.39;-4.48;18/09/2026;10:00;15.7;6;AVERSES;16.2;32.4;0
BREST;48.39;-4.48;18/09/2026;11:00;19.2;6;AVERSES;16.6;28.1;0
BREST;48.39;-4.48;18/09/2026;12:00;19.2;6;AVERSES;20.9;34.9;0
BREST;48.39;-4.48;18/09/2026;13:00;19.2;6;AVERSES;13.2;36.0;0
BREST;48.39;-4.48;18/09/2026;14:00;18.9;6;AVERSES;14.8;29.5;0
BREST;48.39;-4.48;18/09/2026;15:00;19.7;6;AVERSES;19.6;36.0;0
BREST;48.39;-4.48;18/09/2026;16:00;18.9;6;AVERSES;19.0;38.2;0
BREST;48.39;-4.48;18/09/2026;17:00;17.5;6;AVERSES;17.8;35.3;0
BREST;48.39;-4.48;18/09/2026;18:00;17.5;6;AVERSES;19.9;36.7;0
BREST;48.39;-4.48;18/09/2026;19:00;17.5;6;AVERSES;16.2;35.6;0
BREST;48.39;-4.48;18/09/2026;20:00;15.7;6;AVERSES;15.8;29.2;0
BREST;48.39;-4.48;18/09/2026;21:00;14.9;6;AVERSES;12.6;28.1;0
BREST;48.39;-4.48;18/09/2026;22:00;14.1;6;AVERSES;8.0;19.8;0
BREST;48.39;-4.48;18/09/2026;23:00;17;7;PLUIE FAIBLE;6.2;11.5;0
BREST;48.39;-4.48;19/09/2026;00:00;17;7;PLUIE FAIBLE;6.4;12.2;0
BREST;48.39;-4.48;19/09/2026;01:00;17;7;PLUIE FAIBLE;4.2;9.7;0
BREST;48.39;-4.48;19/09/2026;02:00;15.5;6;AVERSES;5.7;7.9;0
BREST;48.39;-4.48;19/09/2026;03:00;15.5;6;AVERSES;4.2;8.3;0
BREST;48.39;-4.48;19/09/2026;04:00;15.5;6;AVERSES;4.0;5.8;0
BREST;48.39;-4.48;19/09/2026;05:00;16.6;7;PLUIE FAIBLE;4.5;6.5;0
BREST;48.39;-4.48;19/09/2026;06:00;16.6;7;PLUIE FAIBLE;2.9;6.1;0
BREST;48.39;-4.48;19/09/2026;07:00;16.6;7;PLUIE FAIBLE;3.1;5.4;0
BREST;48.39;-4.48;19/09/2026;08:00;16.8;6;AVERSES;5.9;9.0;0
BREST;48.39;-4.48;19/09/2026;09:00;17.4;6;AVERSES;6.9;10.4;0
BREST;48.39;-4.48;19/09/2026;10:00;18.0;6;AVERSES;10.2;16.2;0
BREST;48.39;-4.48;19/09/2026;11:00;20.4;6;AVERSES;16.9;29.5;0
BREST;48.39;-4.48;19/09/2026;12:00;20.4;6;AVERSES;19.9;36.5;0
BREST;48.39;-4.48;19/09/2026;13:00;20.4;6;AVERSES;20.1;38.7;0
BREST;48.39;-4.48;19/09/2026;14:00;20.6;6;AVERSES;19.9;40.0;0
BREST;48.39;-4.48;19/09/2026;15:00;21.2;6;AVERSES;18.5;39.2;0
BREST;48.39;-4.48;19/09/2026;16:00;20.6;6;AVERSES;18.5;39.6;0
BREST;48.39;-4.48;19/09/2026;17:00;18.2;6;AVERSES;18.3;39.6;0
BREST;48.39;-4.48;19/09/2026;18:00;18.2;6;AVERSES;18.2;40.3;0
BREST;48.39;-4.48;19/09/2026;19:00;18.2;6;AVERSES;18.1;41.4;0
BREST;48.39;-4.48;19/09/2026;20:00;18.0;6;AVERSES;17.7;41.4;0
BREST;48.39;-4.48;19/09/2026;21:00;17.4;6;AVERSES;17.1;39.2;0
BREST;48.39;-4.48;19/09/2026;22:00;16.8;6;AVERSES;16.4;36.4;0
BREST;48.39;-4.48;19/09/2026;23:00;16;0;SOLEIL;16.1;33.8;0
BREST;48.39;-4.48;20/09/2026;00:00;16;0;SOLEIL;16.4;33.1;0
BREST;48.39;-4.48;20/09/2026;01:00;16;0;SOLEIL;17.0;33.1;0
BREST;48.39;-4.48;20/09/2026;02:00;14.1;0;SOLEIL;17.5;33.1;0
BREST;48.39;-4.48;20/09/2026;03:00;14.1;0;SOLEIL;17.4;33.1;0
BREST;48.39;-4.48;20/09/2026;04:00;14.1;0;SOLEIL;17.0;33.5;0
BREST;48.39;-4.48;20/09/2026;05:00;14.7;2;NUAGEUX;16.7;33.5;0
BREST;48.39;-4.48;20/09/2026;06:00;14.7;2;NUAGEUX;16.3;32.4;0
BREST;48.39;-4.48;20/09/2026;07:00;14.7;2;NUAGEUX;16.2;31.0;0
BREST;48.39;-4.48;20/09/2026;08:00;15.8;0;SOLEIL;16.2;30.6;0
BREST;48.39;-4.48;20/09/2026;09:00;16.6;0;SOLEIL;16.7;32.4;0
BREST;48.39;-4.48;20/09/2026;10:00;17.5;0;SOLEIL;17.6;35.3;0
BREST;48.39;-4.48;20/09/2026;11:00;21;7;PLUIE FAIBLE;18.5;37.8;0
BREST;48.39;-4.48;20/09/2026;12:00;21;7;PLUIE FAIBLE;19.1;39.6;0
BREST;48.39;-4.48;20/09/2026;13:00;21;7;PLUIE FAIBLE;19.5;40.7;0
BREST;48.39;-4.48;20/09/2026;14:00;20.9;0;SOLEIL;19.7;41.8;0
BREST;48.39;-4.48;20/09/2026;15:00;21.7;0;SOLEIL;19.6;42.1;0
BREST;48.39;-4.48;20/09/2026;16:00;20.9;0;SOLEIL;19.0;42.1;0
BREST;48.39;-4.48;20/09/2026;17:00;18.4;0;SOLEIL;17.8;41.8;0
BREST;48.39;-4.48;20/09/2026;18:00;18.4;0;SOLEIL;15.6;41.4;0
BREST;48.39;-4.48;20/09/2026;19:00;18.4;0;SOLEIL;12.7;40.3;0
BREST;48.39;-4.48;20/09/2026;20:00;17.5;0;SOLEIL;10.3;37.8;0
BREST;48.39;-4.48;20/09/2026;21:00;16.6;0;SOLEIL;8.8;32.0;0
BREST;48.39;-4.48;20/09/2026;22:00;15.8;0;SOLEIL;8.0;24.8;0
BREST;48.39;-4.48;20/09/2026;23:00;14.6;0;SOLEIL;7.3;19.1;0
BREST;48.39;-4.48;21/09/2026;00:00;14.6;0;SOLEIL;6.7;15.8;0
BREST;48.39;-4.48;21/09/2026;01:00;14.6;0;SOLEIL;6.5;14.0;0
BREST;48.39;-4.48;21/09/2026;02:00;12.7;0;SOLEIL;6.2;12.6;0
BREST;48.39;-4.48;21/09/2026;03:00;12.7;0;SOLEIL;5.9;11.9;0
BREST;48.39;-4.48;21/09/2026;04:00;12.7;0;SOLEIL;5.6;11.5;0
BREST;48.39;-4.48;21/09/2026;05:00;13.9;0;SOLEIL;5.5;11.2;0
BREST;48.39;-4.48;21/09/2026;06:00;13.9;0;SOLEIL;5.4;10.4;0
BREST;48.39;-4.48;21/09/2026;07:00;13.9;0;SOLEIL;5.3;9.7;0
BREST;48.39;-4.48;21/09/2026;08:00;15.1;0;SOLEIL;5.3;9.4;0
BREST;48.39;-4.48;21/09/2026;09:00;16.3;0;SOLEIL;8.4;19.8;0
BREST;48.39;-4.48;21/09/2026;10:00;17.5;0;SOLEIL;8.5;19.8;0
BREST;48.39;-4.48;21/09/2026;11:00;22.7;0;SOLEIL;9.0;20.2;0
BREST;48.39;-4.48;21/09/2026;12:00;22.7;0;SOLEIL;9.1;20.5;0
BREST;48.39;-4.48;21/09/2026;13:00;22.7;0;SOLEIL;9.2;20.9;0
BREST;48.39;-4.48;21/09/2026;14:00;22.4;0;SOLEIL;8.8;21.2;0
BREST;48.39;-4.48;21/09/2026;15:00;23.6;0;SOLEIL;7.9;22.0;0
BREST;48.39;-4.48;21/09/2026;16:00;22.4;0;SOLEIL;7.1;23.4;0
BREST;48.39;-4.48;21/09/2026;17:00;19.5;0;SOLEIL;6.2;24.8;0
BREST;48.39;-4.48;21/09/2026;18:00;19.5;0;SOLEIL;5.6;25.9;0
BREST;48.39;-4.48;21/09/2026;19:00;19.5;0;SOLEIL;5.6;26.3;0
BREST;48.39;-4.48;21/09/2026;20:00;17.5;0;SOLEIL;5.7;26.3;0
BREST;48.39;-4.48;21/09/2026;21:00;16.3;0;SOLEIL;5.6;25.2;0
BREST;48.39;-4.48;21/09/2026;22:00;15.1;0;SOLEIL;5.5;23.0;0
BREST;48.39;-4.48;21/09/2026;23:00;15.4;0;SOLEIL;5.6;20.2;0
RENNES;48.11;-1.67;15/09/2026;00:00;18;0;SOLEIL;7.4;19.4;0
RENNES;48.11;-1.67;15/09/2026;01:00;17.7;0;SOLEIL;6.8;15.8;0
RENNES;48.11;-1.67;15/09/2026;02:00;17.7;0;SOLEIL;7.5;18.4;0
RENNES;48.11;-1.67;15/09/2026;03:00;17.1;0;SOLEIL;5.4;12.6;0
RENNES;48.11;-1.67;15/09/2026;04:00;16.4;0;SOLEIL;6.6;10.4;0
RENNES;48.11;-1.67;15/09/2026;05:00;15.9;2;NUAGEUX;7.6;13.7;0
RENNES;48.11;-1.67;15/09/2026;06:00;15.3;2;NUAGEUX;8.3;13.3;0
RENNES;48.11;-1.67;15/09/2026;07:00;17;2;NUAGEUX;8.0;14.4;0
RENNES;48.11;-1.67;15/09/2026;08:00;18.7;2;NUAGEUX;8.2;14.0;0
RENNES;48.11;-1.67;15/09/2026;09:00;21.2;0;SOLEIL;9.0;16.2;0
RENNES;48.11;-1.67;15/09/2026;10:00;23.9;0;SOLEIL;5.7;15.8;0
RENNES;48.11;-1.67;15/09/2026;11:00;24.6;0;SOLEIL;3.1;12.2;0
RENNES;48.11;-1.67;15/09/2026;12:00;25.2;5;SOLEIL VOILÉ;3.7;12.2;0
RENNES;48.11;-1.67;15/09/2026;13:00;25.4;5;SOLEIL VOILÉ;1.6;13.0;0
RENNES;48.11;-1.67;15/09/2026;14:00;25.1;5;SOLEIL VOILÉ;3.2;13.3;0
RENNES;48.11;-1.67;15/09/2026;15:00;23.5;2;NUAGEUX;3.6;18.0;0
RENNES;48.11;-1.67;15/09/2026;16:00;21.2;2;NUAGEUX;5.9;18.4;0
RENNES;48.11;-1.67;15/09/2026;17:00;19.6;2;NUAGEUX;6.3;18.7;0
RENNES;48.11;-1.67;15/09/2026;18:00;19.2;2;NUAGEUX;4.0;15.5;0
RENNES;48.11;-1.67;15/09/2026;19:00;18;0;SOLEIL;3.4;13.3;0
RENNES;48.11;-1.67;15/09/2026;20:00;17;0;SOLEIL;8.5;20.7;0
RENNES;48.11;-1.67;15/09/2026;21:00;16;0;SOLEIL;12.4;24.5;0
RENNES;48.11;-1.67;15/09/2026;22:00;15.6;0;SOLEIL;8.3;23.4;0
RENNES;48.11;-1.67;15/09/2026;23:00;15.1;0;SOLEIL;8.7;16.2;0
RENNES;48.11;-1.67;16/09/2026;00:00;14.8;0;SOLEIL;7.2;15.1;0
RENNES;48.11;-1.67;16/09/2026;01:00;14.8;0;SOLEIL;4.8;12.6;0
RENNES;48.11;-1.67;16/09/2026;02:00;13.9;0;SOLEIL;4.0;7.6;0
RENNES;48.11;-1.67;16/09/2026;03:00;13.9;0;SOLEIL;3.5;6.5;0
RENNES;48.11;-1.67;16/09/2026;04:00;13.9;0;SOLEIL;1.9;5.4;0
RENNES;48.11;-1.67;16/09/2026;05:00;13.6;0;SOLEIL;2.7;3.2;0
RENNES;48.11;-1.67;16/09/2026;06:00;13.6;0;SOLEIL;4.6;6.5;0
RENNES;48.11;-1.67;16/09/2026;07:00;13.6;0;SOLEIL;2.2;6.5;0
RENNES;48.11;-1.67;16/09/2026;08:00;18.7;0;SOLEIL;3.8;5.8;0
RENNES;48.11;-1.67;16/09/2026;09:00;18.7;0;SOLEIL;4.7;9.0;0
RENNES;48.11;-1.67;16/09/2026;10:00;18.7;0;SOLEIL;7.8;16.9;0
RENNES;48.11;-1.67;16/09/2026;11:00;21.5;0;SOLEIL;10.2;21.6;0
RENNES;48.11;-1.67;16/09/2026;12:00;21.5;0;SOLEIL;11.2;24.5;0
RENNES;48.11;-1.67;16/09/2026;13:00;21.5;0;SOLEIL;12.0;26.3;0
RENNES;48.11;-1.67;16/09/2026;14:00;21.7;0;SOLEIL;12.5;27.4;0
RENNES;48.11;-1.67;16/09/2026;15:00;21.7;0;SOLEIL;16.0;33.1;0
RENNES;48.11;-1.67;16/09/2026;16:00;21.7;0;SOLEIL;14.5;35.3;0
RENNES;48.11;-1.67;16/09/2026;17:00;19;0;SOLEIL;24.1;57.2;0
RENNES;48.11;-1.67;16/09/2026;18:00;19;0;SOLEIL;20.1;46.1;0
RENNES;48.11;-1.67;16/09/2026;19:00;19;0;SOLEIL;20.5;41.4;0
RENNES;48.11;-1.67;16/09/2026;20:00;15.5;0;SOLEIL;19.5;39.6;0
RENNES;48.11;-1.67;16/09/2026;21:00;15.5;0;SOLEIL;17.5;37.8;0
RENNES;48.11;-1.67;16/09/2026;22:00;15.5;0;SOLEIL;12.7;34.2;0
RENNES;48.11;-1.67;16/09/2026;23:00;14.1;5;SOLEIL VOILÉ;10.7;24.1;0
RENNES;48.11;-1.67;17/09/2026;00:00;14.1;5;SOLEIL VOILÉ;9.1;20.5;0
RENNES;48.11;-1.67;17/09/2026;01:00;14.1;5;SOLEIL VOILÉ;10.7;20.9;0
RENNES;48.11;-1.67;17/09/2026;02:00;13.7;5;SOLEIL VOILÉ;10.3;23.0;0
RENNES;48.11;-1.67;17/09/2026;03:00;13.7;5;SOLEIL VOILÉ;10.7;20.9;0
RENNES;48.11;-1.67;17/09/2026;04:00;13.7;5;SOLEIL VOILÉ;11.2;22.0;0
RENNES;48.11;-1.67;17/09/2026;05:00;13.2;5;SOLEIL VOILÉ;8.9;21.6;0
RENNES;48.11;-1.67;17/09/2026;06:00;13.2;5;SOLEIL VOILÉ;8.6;16.2;0
RENNES;48.11;-1.67;17/09/2026;07:00;13.2;5;SOLEIL VOILÉ;8.3;15.8;0
RENNES;48.11;-1.67;17/09/2026;08:00;18;2;NUAGEUX;7.9;16.2;0
RENNES;48.11;-1.67;17/09/2026;09:00;18;2;NUAGEUX;8.5;17.6;0
RENNES;48.11;-1.67;17/09/2026;10:00;18;2;NUAGEUX;8.2;18.7;0
RENNES;48.11;-1.67;17/09/2026;11:00;20;2;NUAGEUX;9.8;23.4;0
RENNES;48.11;-1.67;17/09/2026;12:00;20;2;NUAGEUX;15.6;31.1;0
RENNES;48.11;-1.67;17/09/2026;13:00;20;2;NUAGEUX;15.1;33.3;0
RENNES;48.11;-1.67;17/09/2026;14:00;19;2;NUAGEUX;15.8;34.7;0
RENNES;48.11;-1.67;17/09/2026;15:00;19;2;NUAGEUX;17.4;34.9;0
RENNES;48.11;-1.67;17/09/2026;16:00;19;2;NUAGEUX;18.4;35.6;0
RENNES;48.11;-1.67;17/09/2026;17:00;18;0;SOLEIL;20.3;38.9;0
RENNES;48.11;-1.67;17/09/2026;18:00;18;0;SOLEIL;20.0;36.7;0
RENNES;48.11;-1.67;17/09/2026;19:00;18;0;SOLEIL;18.4;36.4;0
RENNES;48.11;-1.67;17/09/2026;20:00;16.2;2;NUAGEUX;18.5;32.4;0
RENNES;48.11;-1.67;17/09/2026;21:00;15.3;2;NUAGEUX;15.0;30.6;0
RENNES;48.11;-1.67;17/09/2026;22:00;14.4;2;NUAGEUX;10.9;23.4;0
RENNES;48.11;-1.67;17/09/2026;23:00;13.1;0;SOLEIL;8.7;16.9;0
RENNES;48.11;-1.67;18/09/2026;00:00;13.1;0;SOLEIL;7.6;13.3;0
RENNES;48.11;-1.67;18/09/2026;01:00;13.1;0;SOLEIL;7.4;11.9;0
RENNES;48.11;-1.67;18/09/2026;02:00;11.5;2;NUAGEUX;8.3;11.9;0
RENNES;48.11;-1.67;18/09/2026;03:00;11.5;2;NUAGEUX;7.6;11.5;0
RENNES;48.11;-1.67;18/09/2026;04:00;11.5;2;NUAGEUX;8.7;12.6;0
RENNES;48.11;-1.67;18/09/2026;05:00;12.5;0;SOLEIL;8.9;13.0;0
RENNES;48.11;-1.67;18/09/2026;06:00;12.5;0;SOLEIL;8.1;13.0;0
RENNES;48.11;-1.67;18/09/2026;07:00;12.5;0;SOLEIL;8.7;13.0;0
RENNES;48.11;-1.67;18/09/2026;08:00;13.9;2;NUAGEUX;8.9;14.0;0
RENNES;48.11;-1.67;18/09/2026;09:00;15.1;2;NUAGEUX;10.4;17.6;0
RENNES;48.11;-1.67;18/09/2026;10:00;16.3;2;NUAGEUX;13.3;23.8;0
RENNES;48.11;-1.67;18/09/2026;11:00;20.9;2;NUAGEUX;18.4;31.3;0
RENNES;48.11;-1.67;18/09/2026;12:00;20.9;2;NUAGEUX;18.7;32.4;0
RENNES;48.11;-1.67;18/09/2026;13:00;20.9;2;NUAGEUX;19.8;34.9;0
RENNES;48.11;-1.67;18/09/2026;14:00;21.0;2;NUAGEUX;18.8;34.6;0
RENNES;48.11;-1.67;18/09/2026;15:00;22.2;2;NUAGEUX;19.4;33.1;0
RENNES;48.11;-1.67;18/09/2026;16:00;21.0;2;NUAGEUX;19.2;34.6;0
RENNES;48.11;-1.67;18/09/2026;17:00;20.1;2;NUAGEUX;16.4;32.8;0
RENNES;48.11;-1.67;18/09/2026;18:00;20.1;2;NUAGEUX;13.0;26.6;0
RENNES;48.11;-1.67;18/09/2026;19:00;20.1;2;NUAGEUX;7.7;19.8;0
RENNES;48.11;-1.67;18/09/2026;20:00;16.3;2;NUAGEUX;9.7;15.1;0
RENNES;48.11;-1.67;18/09/2026;21:00;15.1;2;NUAGEUX;9.6;18.7;0
RENNES;48.11;-1.67;18/09/2026;22:00;13.9;2;NUAGEUX;9.2;14.4;0
RENNES;48.11;-1.67;18/09/2026;23:00;15.9;0;SOLEIL;7.8;13.3;0
RENNES;48.11;-1.67;19/09/2026;00:00;15.9;0;SOLEIL;7.2;11.5;0
RENNES;48.11;-1.67;19/09/2026;01:00;15.9;0;SOLEIL;7.0;9.7;0
RENNES;48.11;-1.67;19/09/2026;02:00;14.4;2;NUAGEUX;7.5;10.8;0
RENNES;48.11;-1.67;19/09/2026;03:00;14.4;2;NUAGEUX;6.5;10.4;0
RENNES;48.11;-1.67;19/09/2026;04:00;14.4;2;NUAGEUX;5.9;8.6;0
RENNES;48.11;-1.67;19/09/2026;05:00;15.2;2;NUAGEUX;5.1;7.9;0
RENNES;48.11;-1.67;19/09/2026;06:00;15.2;2;NUAGEUX;4.0;6.8;0
RENNES;48.11;-1.67;19/09/2026;07:00;15.2;2;NUAGEUX;4.7;6.5;0
RENNES;48.11;-1.67;19/09/2026;08:00;16.6;2;NUAGEUX;3.6;6.5;0
RENNES;48.11;-1.67;19/09/2026;09:00;17.8;2;NUAGEUX;3.2;4.0;0
RENNES;48.11;-1.67;19/09/2026;10:00;18.9;2;NUAGEUX;2.9;4.7;0
RENNES;48.11;-1.67;19/09/2026;11:00;23;2;NUAGEUX;5.7;11.9;0
RENNES;48.11;-1.67;19/09/2026;12:00;23;2;NUAGEUX;8.5;19.9;0
RENNES;48.11;-1.67;19/09/2026;13:00;23;2;NUAGEUX;11.1;26.3;0
RENNES;48.11;-1.67;19/09/2026;14:00;23.4;2;NUAGEUX;12.3;30.4;0
RENNES;48.11;-1.67;19/09/2026;15:00;24.5;2;NUAGEUX;12.6;32.8;0
RENNES;48.11;-1.67;19/09/2026;16:00;23.4;2;NUAGEUX;12.6;32.8;0
RENNES;48.11;-1.67;19/09/2026;17:00;22.2;2;NUAGEUX;12.6;32.8;0
RENNES;48.11;-1.67;19/09/2026;18:00;22.2;2;NUAGEUX;11.7;32.8;0
RENNES;48.11;-1.67;19/09/2026;19:00;22.2;2;NUAGEUX;10.5;32.4;0
RENNES;48.11;-1.67;19/09/2026;20:00;18.9;2;NUAGEUX;9.7;31.3;0
RENNES;48.11;-1.67;19/09/2026;21:00;17.8;2;NUAGEUX;9.6;28.8;0
RENNES;48.11;-1.67;19/09/2026;22:00;16.6;2;NUAGEUX;10.2;25.6;0
RENNES;48.11;-1.67;19/09/2026;23:00;16.6;0;SOLEIL;10.9;23.4;0
RENNES;48.11;-1.67;20/09/2026;00:00;16.6;0;SOLEIL;11.2;23.0;0
RENNES;48.11;-1.67;20/09/2026;01:00;16.6;0;SOLEIL;11.3;23.4;0
RENNES;48.11;-1.67;20/09/2026;02:00;13.2;2;NUAGEUX;11.4;23.8;0
RENNES;48.11;-1.67;20/09/2026;03:00;13.2;2;NUAGEUX;11.2;23.4;0
RENNES;48.11;-1.67;20/09/2026;04:00;13.2;2;NUAGEUX;10.9;22.7;0
RENNES;48.11;-1.67;20/09/2026;05:00;14.1;2;NUAGEUX;10.7;22.3;0
RENNES;48.11;-1.67;20/09/2026;06:00;14.1;2;NUAGEUX;10.4;21.6;0
RENNES;48.11;-1.67;20/09/2026;07:00;14.1;2;NUAGEUX;10.3;20.9;0
RENNES;48.11;-1.67;20/09/2026;08:00;15.7;2;NUAGEUX;10.4;21.6;0
RENNES;48.11;-1.67;20/09/2026;09:00;17.0;2;NUAGEUX;10.9;25.2;0
RENNES;48.11;-1.67;20/09/2026;10:00;18.2;2;NUAGEUX;12.7;30.2;0
RENNES;48.11;-1.67;20/09/2026;11:00;22.9;2;NUAGEUX;14.9;34.2;0
RENNES;48.11;-1.67;20/09/2026;12:00;22.9;2;NUAGEUX;15.7;36.7;0
RENNES;48.11;-1.67;20/09/2026;13:00;22.9;2;NUAGEUX;16.1;38.2;0
RENNES;48.11;-1.67;20/09/2026;14:00;23.2;2;NUAGEUX;16.2;39.2;0
RENNES;48.11;-1.67;20/09/2026;15:00;24.5;2;NUAGEUX;16.2;40.3;0
RENNES;48.11;-1.67;20/09/2026;16:00;23.2;2;NUAGEUX;16.1;40.7;0
RENNES;48.11;-1.67;20/09/2026;17:00;22.5;2;NUAGEUX;15.7;40.7;0
RENNES;48.11;-1.67;20/09/2026;18:00;22.5;2;NUAGEUX;15.4;39.6;0
RENNES;48.11;-1.67;20/09/2026;19:00;22.5;2;NUAGEUX;14.9;38.2;0
RENNES;48.11;-1.67;20/09/2026;20:00;18.2;2;NUAGEUX;13.3;36.0;0
RENNES;48.11;-1.67;20/09/2026;21:00;17.0;2;NUAGEUX;9.2;33.5;0
RENNES;48.11;-1.67;20/09/2026;22:00;15.7;2;NUAGEUX;4.3;30.2;0
RENNES;48.11;-1.67;20/09/2026;23:00;15.9;0;SOLEIL;3.1;26.3;0
RENNES;48.11;-1.67;21/09/2026;00:00;15.9;0;SOLEIL;2.5;19.8;0
RENNES;48.11;-1.67;21/09/2026;01:00;15.9;0;SOLEIL;2.9;12.6;0
RENNES;48.11;-1.67;21/09/2026;02:00;12.6;0;SOLEIL;4.7;7.9;0
RENNES;48.11;-1.67;21/09/2026;03:00;12.6;0;SOLEIL;5.1;8.3;0
RENNES;48.11;-1.67;21/09/2026;04:00;12.6;0;SOLEIL;5.6;11.2;0
RENNES;48.11;-1.67;21/09/2026;05:00;13.7;0;SOLEIL;6.0;13.3;0
RENNES;48.11;-1.67;21/09/2026;06:00;13.7;0;SOLEIL;5.9;13.3;0
RENNES;48.11;-1.67;21/09/2026;07:00;13.7;0;SOLEIL;5.8;12.2;0
RENNES;48.11;-1.67;21/09/2026;08:00;15.4;0;SOLEIL;5.9;11.5;0
RENNES;48.11;-1.67;21/09/2026;09:00;16.9;0;SOLEIL;4.4;12.6;0
RENNES;48.11;-1.67;21/09/2026;10:00;18.3;0;SOLEIL;4.7;13.7;0
RENNES;48.11;-1.67;21/09/2026;11:00;23.7;0;SOLEIL;5.1;15.1;0
RENNES;48.11;-1.67;21/09/2026;12:00;23.7;0;SOLEIL;5.4;16.6;0
RENNES;48.11;-1.67;21/09/2026;13:00;23.7;0;SOLEIL;5.7;17.6;0
RENNES;48.11;-1.67;21/09/2026;14:00;24.0;0;SOLEIL;5.9;19.1;0
RENNES;48.11;-1.67;21/09/2026;15:00;25.4;0;SOLEIL;6.1;20.5;0
RENNES;48.11;-1.67;21/09/2026;16:00;24.0;0;SOLEIL;6.6;22.0;0
RENNES;48.11;-1.67;21/09/2026;17:00;23.1;0;SOLEIL;7.8;23.4;0
RENNES;48.11;-1.67;21/09/2026;18:00;23.1;0;SOLEIL;9.4;24.5;0
RENNES;48.11;-1.67;21/09/2026;19:00;23.1;0;SOLEIL;10.6;25.6;0
RENNES;48.11;-1.67;21/09/2026;20:00;18.3;0;SOLEIL;11.3;26.3;0
RENNES;48.11;-1.67;21/09/2026;21:00;16.9;0;SOLEIL;11.2;26.6;0
RENNES;48.11;-1.67;21/09/2026;22:00;15.4;0;SOLEIL;10.3;26.3;0
RENNES;48.11;-1.67;21/09/2026;23:00;16.6;0;SOLEIL;9.2;26.3;0
CHERBOURG;49.63;-1.62;15/09/2026;00:00;14.6;2;NUAGEUX;8.2;19.1;0
CHERBOURG;49.63;-1.62;15/09/2026;01:00;13.7;2;NUAGEUX;7.8;16.9;0
CHERBOURG;49.63;-1.62;15/09/2026;02:00;12.9;2;NUAGEUX;8.4;15.8;0
CHERBOURG;49.63;-1.62;15/09/2026;03:00;13.1;2;NUAGEUX;7.6;16.6;0
CHERBOURG;49.63;-1.62;15/09/2026;04:00;14;2;NUAGEUX;7.1;15.5;0
CHERBOURG;49.63;-1.62;15/09/2026;05:00;14;2;NUAGEUX;6.8;14.4;0
CHERBOURG;49.63;-1.62;15/09/2026;06:00;14.3;2;NUAGEUX;6.4;13.7;0
CHERBOURG;49.63;-1.62;15/09/2026;07:00;16.9;2;NUAGEUX;6.6;13.3;0
CHERBOURG;49.63;-1.62;15/09/2026;08:00;16.8;2;NUAGEUX;7.7;15.1;0
CHERBOURG;49.63;-1.62;15/09/2026;09:00;18.5;2;NUAGEUX;9.4;19.1;0
CHERBOURG;49.63;-1.62;15/09/2026;10:00;20.1;6;AVERSES;9.9;21.6;0.1
CHERBOURG;49.63;-1.62;15/09/2026;11:00;20.9;6;AVERSES;11.1;23.4;0.1
CHERBOURG;49.63;-1.62;15/09/2026;12:00;21.6;7;PLUIE FAIBLE;11.1;25.2;0.1
CHERBOURG;49.63;-1.62;15/09/2026;13:00;22.6;7;PLUIE FAIBLE;10.6;25.2;0.1
CHERBOURG;49.63;-1.62;15/09/2026;14:00;22;7;PLUIE FAIBLE;8.7;24.1;0.1
CHERBOURG;49.63;-1.62;15/09/2026;15:00;21.7;7;PLUIE FAIBLE;8.2;20.9;0.1
CHERBOURG;49.63;-1.62;15/09/2026;16:00;22.4;0;SOLEIL;8.1;19.4;0
CHERBOURG;49.63;-1.62;15/09/2026;17:00;21.1;0;SOLEIL;6.9;19.1;0
CHERBOURG;49.63;-1.62;15/09/2026;18:00;19;0;SOLEIL;5.4;16.2;0
CHERBOURG;49.63;-1.62;15/09/2026;19:00;18.1;0;SOLEIL;4.2;12.6;0
CHERBOURG;49.63;-1.62;15/09/2026;20:00;16.9;0;SOLEIL;4.2;10.8;0
CHERBOURG;49.63;-1.62;15/09/2026;21:00;16.6;0;SOLEIL;1.8;8.6;0
CHERBOURG;49.63;-1.62;15/09/2026;22:00;16;0;SOLEIL;1.3;4.0;0
CHERBOURG;49.63;-1.62;15/09/2026;23:00;14.6;0;SOLEIL;3.9;7.2;0
CHERBOURG;49.63;-1.62;16/09/2026;00:00;15.3;0;SOLEIL;4.6;9.4;0
CHERBOURG;49.63;-1.62;16/09/2026;01:00;15.3;0;SOLEIL;4.7;9.7;0
CHERBOURG;49.63;-1.62;16/09/2026;02:00;14.6;0;SOLEIL;5.4;11.2;0
CHERBOURG;49.63;-1.62;16/09/2026;03:00;14.6;0;SOLEIL;5.6;11.5;0
CHERBOURG;49.63;-1.62;16/09/2026;04:00;14.6;0;SOLEIL;5.6;11.5;0
CHERBOURG;49.63;-1.62;16/09/2026;05:00;14.9;6;AVERSES;5.6;11.5;0
CHERBOURG;49.63;-1.62;16/09/2026;06:00;14.9;6;AVERSES;5.2;11.2;0
CHERBOURG;49.63;-1.62;16/09/2026;07:00;14.9;6;AVERSES;5.4;10.4;0
CHERBOURG;49.63;-1.62;16/09/2026;08:00;17.6;0;SOLEIL;9.4;18.4;0
CHERBOURG;49.63;-1.62;16/09/2026;09:00;17.6;0;SOLEIL;9.2;19.4;0
CHERBOURG;49.63;-1.62;16/09/2026;10:00;17.6;0;SOLEIL;11.0;23.0;0
CHERBOURG;49.63;-1.62;16/09/2026;11:00;19.6;0;SOLEIL;15.1;32.4;0
CHERBOURG;49.63;-1.62;16/09/2026;12:00;19.6;0;SOLEIL;19.1;40.7;0
CHERBOURG;49.63;-1.62;16/09/2026;13:00;19.6;0;SOLEIL;18.4;41.0;0
CHERBOURG;49.63;-1.62;16/09/2026;14:00;20.1;0;SOLEIL;17.7;37.8;0
CHERBOURG;49.63;-1.62;16/09/2026;15:00;20.1;0;SOLEIL;19.9;42.8;0
CHERBOURG;49.63;-1.62;16/09/2026;16:00;20.1;0;SOLEIL;21.2;45.4;0
CHERBOURG;49.63;-1.62;16/09/2026;17:00;18.5;0;SOLEIL;21.6;46.4;0
CHERBOURG;49.63;-1.62;16/09/2026;18:00;18.5;0;SOLEIL;20.6;46.4;0
CHERBOURG;49.63;-1.62;16/09/2026;19:00;18.5;0;SOLEIL;18.8;44.3;0
CHERBOURG;49.63;-1.62;16/09/2026;20:00;15.1;5;SOLEIL VOILÉ;16.6;39.6;0
CHERBOURG;49.63;-1.62;16/09/2026;21:00;15.1;5;SOLEIL VOILÉ;14.1;34.2;0
CHERBOURG;49.63;-1.62;16/09/2026;22:00;15.1;5;SOLEIL VOILÉ;13.6;28.8;0
CHERBOURG;49.63;-1.62;16/09/2026;23:00;14;2;NUAGEUX;13.0;28.1;0
CHERBOURG;49.63;-1.62;17/09/2026;00:00;14;2;NUAGEUX;12.7;26.6;0
CHERBOURG;49.63;-1.62;17/09/2026;01:00;14;2;NUAGEUX;12.1;25.6;0
CHERBOURG;49.63;-1.62;17/09/2026;02:00;13.6;5;SOLEIL VOILÉ;11.4;24.5;0
CHERBOURG;49.63;-1.62;17/09/2026;03:00;13.6;5;SOLEIL VOILÉ;10.6;22.7;0
CHERBOURG;49.63;-1.62;17/09/2026;04:00;13.6;5;SOLEIL VOILÉ;10.5;21.6;0
CHERBOURG;49.63;-1.62;17/09/2026;05:00;15.2;2;NUAGEUX;10.6;21.6;0
CHERBOURG;49.63;-1.62;17/09/2026;06:00;15.2;2;NUAGEUX;11.9;24.5;0
CHERBOURG;49.63;-1.62;17/09/2026;07:00;15.2;2;NUAGEUX;12.0;24.8;0
CHERBOURG;49.63;-1.62;17/09/2026;08:00;18.2;6;AVERSES;12.3;25.2;0
CHERBOURG;49.63;-1.62;17/09/2026;09:00;18.2;6;AVERSES;13.0;27.0;0
CHERBOURG;49.63;-1.62;17/09/2026;10:00;18.2;6;AVERSES;15.5;33.1;0
CHERBOURG;49.63;-1.62;17/09/2026;11:00;18.4;6;AVERSES;16.8;36.0;0
CHERBOURG;49.63;-1.62;17/09/2026;12:00;18.4;6;AVERSES;16.9;37.1;0
CHERBOURG;49.63;-1.62;17/09/2026;13:00;18.4;6;AVERSES;16.8;38.0;0
CHERBOURG;49.63;-1.62;17/09/2026;14:00;18.2;0;SOLEIL;16.4;37.6;0
CHERBOURG;49.63;-1.62;17/09/2026;15:00;18.2;0;SOLEIL;16.4;38.5;0
CHERBOURG;49.63;-1.62;17/09/2026;16:00;18.2;0;SOLEIL;16.4;37.8;0
CHERBOURG;49.63;-1.62;17/09/2026;17:00;17.6;0;SOLEIL;16.3;37.4;0
CHERBOURG;49.63;-1.62;17/09/2026;18:00;17.6;0;SOLEIL;15.6;37.8;0
CHERBOURG;49.63;-1.62;17/09/2026;19:00;17.6;0;SOLEIL;15.5;35.3;0
CHERBOURG;49.63;-1.62;17/09/2026;20:00;15.7;6;AVERSES;13.4;34.2;0
CHERBOURG;49.63;-1.62;17/09/2026;21:00;14.9;6;AVERSES;9.7;29.2;0
CHERBOURG;49.63;-1.62;17/09/2026;22:00;14.2;6;AVERSES;8.7;24.5;0
CHERBOURG;49.63;-1.62;17/09/2026;23:00;14.2;0;SOLEIL;7.8;22.7;0
CHERBOURG;49.63;-1.62;18/09/2026;00:00;14.2;0;SOLEIL;7.1;20.2;0
CHERBOURG;49.63;-1.62;18/09/2026;01:00;14.2;0;SOLEIL;7.1;19.1;0
CHERBOURG;49.63;-1.62;18/09/2026;02:00;14.2;2;NUAGEUX;9.2;22.3;0
CHERBOURG;49.63;-1.62;18/09/2026;03:00;14.2;2;NUAGEUX;9.6;23.0;0
CHERBOURG;49.63;-1.62;18/09/2026;04:00;14.2;2;NUAGEUX;12.5;29.5;0
CHERBOURG;49.63;-1.62;18/09/2026;05:00;15.4;6;AVERSES;14.2;31.3;0
CHERBOURG;49.63;-1.62;18/09/2026;06:00;15.4;6;AVERSES;14.3;32.8;0
CHERBOURG;49.63;-1.62;18/09/2026;07:00;15.4;6;AVERSES;14.9;31.3;0
CHERBOURG;49.63;-1.62;18/09/2026;08:00;15.4;2;NUAGEUX;17.2;37.1;0
CHERBOURG;49.63;-1.62;18/09/2026;09:00;16.0;2;NUAGEUX;18.4;40.0;0
CHERBOURG;49.63;-1.62;18/09/2026;10:00;16.6;2;NUAGEUX;20.9;46.1;0
CHERBOURG;49.63;-1.62;18/09/2026;11:00;18.9;7;PLUIE FAIBLE;24.0;52.2;0
CHERBOURG;49.63;-1.62;18/09/2026;12:00;18.9;7;PLUIE FAIBLE;22.4;52.2;0
CHERBOURG;49.63;-1.62;18/09/2026;13:00;18.9;7;PLUIE FAIBLE;23.0;53.3;0
CHERBOURG;49.63;-1.62;18/09/2026;14:00;18.9;2;NUAGEUX;21.9;57.2;0
CHERBOURG;49.63;-1.62;18/09/2026;15:00;19.5;2;NUAGEUX;20.7;54.4;0
CHERBOURG;49.63;-1.62;18/09/2026;16:00;18.9;2;NUAGEUX;19.9;49.7;0
CHERBOURG;49.63;-1.62;18/09/2026;17:00;17.5;2;NUAGEUX;18.7;45.4;0
CHERBOURG;49.63;-1.62;18/09/2026;18:00;17.5;2;NUAGEUX;16.6;42.1;0
CHERBOURG;49.63;-1.62;18/09/2026;19:00;17.5;2;NUAGEUX;14.1;39.6;0
CHERBOURG;49.63;-1.62;18/09/2026;20:00;16.6;2;NUAGEUX;11.9;36.4;0
CHERBOURG;49.63;-1.62;18/09/2026;21:00;16.0;2;NUAGEUX;10.5;32.0;0
CHERBOURG;49.63;-1.62;18/09/2026;22:00;15.4;2;NUAGEUX;9.7;27.4;0
CHERBOURG;49.63;-1.62;18/09/2026;23:00;17.4;2;NUAGEUX;9.0;23.8;0
CHERBOURG;49.63;-1.62;19/09/2026;00:00;17.4;2;NUAGEUX;8.6;22.0;0
CHERBOURG;49.63;-1.62;19/09/2026;01:00;17.4;2;NUAGEUX;8.3;21.6;0
CHERBOURG;49.63;-1.62;19/09/2026;02:00;15.7;7;PLUIE FAIBLE;7.9;21.2;0
CHERBOURG;49.63;-1.62;19/09/2026;03:00;15.7;7;PLUIE FAIBLE;7.9;20.9;0
CHERBOURG;49.63;-1.62;19/09/2026;04:00;15.7;7;PLUIE FAIBLE;7.6;20.9;0
CHERBOURG;49.63;-1.62;19/09/2026;05:00;17.1;7;PLUIE FAIBLE;7.4;20.2;0
CHERBOURG;49.63;-1.62;19/09/2026;06:00;17.1;7;PLUIE FAIBLE;6.1;17.6;0
CHERBOURG;49.63;-1.62;19/09/2026;07:00;17.1;7;PLUIE FAIBLE;5.1;14.8;0
CHERBOURG;49.63;-1.62;19/09/2026;08:00;16.9;7;PLUIE FAIBLE;5.4;14.8;0
CHERBOURG;49.63;-1.62;19/09/2026;09:00;17.4;7;PLUIE FAIBLE;7.8;19.8;0
CHERBOURG;49.63;-1.62;19/09/2026;10:00;18.0;7;PLUIE FAIBLE;11.8;27.7;0
CHERBOURG;49.63;-1.62;19/09/2026;11:00;20.2;6;AVERSES;15.7;34.9;0
CHERBOURG;49.63;-1.62;19/09/2026;12:00;20.2;6;AVERSES;18.3;40.3;0
CHERBOURG;49.63;-1.62;19/09/2026;13:00;20.2;6;AVERSES;20.3;45.0;0
CHERBOURG;49.63;-1.62;19/09/2026;14:00;20.3;7;PLUIE FAIBLE;21.4;48.2;0
CHERBOURG;49.63;-1.62;19/09/2026;15:00;20.9;7;PLUIE FAIBLE;21.5;49.3;0
CHERBOURG;49.63;-1.62;19/09/2026;16:00;20.3;7;PLUIE FAIBLE;20.6;48.6;0
CHERBOURG;49.63;-1.62;19/09/2026;17:00;18.1;7;PLUIE FAIBLE;19.9;47.5;0
CHERBOURG;49.63;-1.62;19/09/2026;18:00;18.1;7;PLUIE FAIBLE;19.5;45.7;0
CHERBOURG;49.63;-1.62;19/09/2026;19:00;18.1;7;PLUIE FAIBLE;19.4;43.6;0
CHERBOURG;49.63;-1.62;19/09/2026;20:00;18.0;7;PLUIE FAIBLE;19.3;42.1;0
CHERBOURG;49.63;-1.62;19/09/2026;21:00;17.4;7;PLUIE FAIBLE;19.6;42.5;0
CHERBOURG;49.63;-1.62;19/09/2026;22:00;16.9;7;PLUIE FAIBLE;20.2;43.6;0
CHERBOURG;49.63;-1.62;19/09/2026;23:00;16;0;SOLEIL;20.4;44.6;0
CHERBOURG;49.63;-1.62;20/09/2026;00:00;16;0;SOLEIL;20.4;44.3;0
CHERBOURG;49.63;-1.62;20/09/2026;01:00;16;0;SOLEIL;19.9;43.6;0
CHERBOURG;49.63;-1.62;20/09/2026;02:00;14.1;2;NUAGEUX;20.3;44.3;0
CHERBOURG;49.63;-1.62;20/09/2026;03:00;14.1;2;NUAGEUX;21.5;47.9;0
CHERBOURG;49.63;-1.62;20/09/2026;04:00;14.1;2;NUAGEUX;23.2;52.6;0
CHERBOURG;49.63;-1.62;20/09/2026;05:00;15.1;2;NUAGEUX;24.0;55.8;0
CHERBOURG;49.63;-1.62;20/09/2026;06:00;15.1;2;NUAGEUX;25.1;54.8;0
CHERBOURG;49.63;-1.62;20/09/2026;07:00;15.1;2;NUAGEUX;25.5;52.7;0
CHERBOURG;49.63;-1.62;20/09/2026;08:00;15.7;2;NUAGEUX;26.5;51.1;0
CHERBOURG;49.63;-1.62;20/09/2026;09:00;16.4;2;NUAGEUX;24.3;45.4;0
CHERBOURG;49.63;-1.62;20/09/2026;10:00;17.2;2;NUAGEUX;27.4;50.0;0
CHERBOURG;49.63;-1.62;20/09/2026;11:00;20.6;2;NUAGEUX;30.0;54.4;0
CHERBOURG;49.63;-1.62;20/09/2026;12:00;20.6;2;NUAGEUX;31.5;57.6;0
CHERBOURG;49.63;-1.62;20/09/2026;13:00;20.6;2;NUAGEUX;32.4;59.8;0
CHERBOURG;49.63;-1.62;20/09/2026;14:00;20.3;2;NUAGEUX;32.9;60.8;0
CHERBOURG;49.63;-1.62;20/09/2026;15:00;21.1;2;NUAGEUX;31.6;59.4;0
CHERBOURG;49.63;-1.62;20/09/2026;16:00;20.3;2;NUAGEUX;30.0;56.9;0
CHERBOURG;49.63;-1.62;20/09/2026;17:00;17.9;0;SOLEIL;28.7;54.4;0
CHERBOURG;49.63;-1.62;20/09/2026;18:00;17.9;0;SOLEIL;28.5;52.9;0
CHERBOURG;49.63;-1.62;20/09/2026;19:00;17.9;0;SOLEIL;28.7;51.5;0
CHERBOURG;49.63;-1.62;20/09/2026;20:00;17.2;2;NUAGEUX;27.6;49.7;0
CHERBOURG;49.63;-1.62;20/09/2026;21:00;16.4;2;NUAGEUX;24.3;46.4;0
CHERBOURG;49.63;-1.62;20/09/2026;22:00;15.7;2;NUAGEUX;20.3;42.5;0
CHERBOURG;49.63;-1.62;20/09/2026;23:00;15.1;0;SOLEIL;18.0;39.2;0
CHERBOURG;49.63;-1.62;21/09/2026;00:00;15.1;0;SOLEIL;18.0;37.1;0
CHERBOURG;49.63;-1.62;21/09/2026;01:00;15.1;0;SOLEIL;18.8;35.6;0
CHERBOURG;49.63;-1.62;21/09/2026;02:00;13.7;0;SOLEIL;18.9;33.8;0
CHERBOURG;49.63;-1.62;21/09/2026;03:00;13.7;0;SOLEIL;17.9;31.7;0
CHERBOURG;49.63;-1.62;21/09/2026;04:00;13.7;0;SOLEIL;16.7;29.5;0
CHERBOURG;49.63;-1.62;21/09/2026;05:00;15.1;0;SOLEIL;15.3;27.7;0
CHERBOURG;49.63;-1.62;21/09/2026;06:00;15.1;0;SOLEIL;13.7;25.9;0
CHERBOURG;49.63;-1.62;21/09/2026;07:00;15.1;0;SOLEIL;12.4;24.8;0
CHERBOURG;49.63;-1.62;21/09/2026;08:00;15.3;0;SOLEIL;11.9;24.1;0
CHERBOURG;49.63;-1.62;21/09/2026;09:00;16.2;0;SOLEIL;12.6;24.8;0
CHERBOURG;49.63;-1.62;21/09/2026;10:00;17.0;0;SOLEIL;14.1;26.3;0
CHERBOURG;49.63;-1.62;21/09/2026;11:00;20.5;0;SOLEIL;15.5;28.1;0
CHERBOURG;49.63;-1.62;21/09/2026;12:00;20.5;0;SOLEIL;16.7;29.9;0
CHERBOURG;49.63;-1.62;21/09/2026;13:00;20.5;0;SOLEIL;17.9;32.0;0
CHERBOURG;49.63;-1.62;21/09/2026;14:00;20.3;0;SOLEIL;18.3;33.1;0
CHERBOURG;49.63;-1.62;21/09/2026;15:00;21.1;0;SOLEIL;18.4;32.8;0
CHERBOURG;49.63;-1.62;21/09/2026;16:00;20.3;0;SOLEIL;17.7;31.7;0
CHERBOURG;49.63;-1.62;21/09/2026;17:00;18.4;0;SOLEIL;16.8;30.2;0
CHERBOURG;49.63;-1.62;21/09/2026;18:00;18.4;0;SOLEIL;15.0;27.7;0
CHERBOURG;49.63;-1.62;21/09/2026;19:00;18.4;0;SOLEIL;12.5;25.2;0
CHERBOURG;49.63;-1.62;21/09/2026;20:00;17.0;0;SOLEIL;10.6;23.0;0
CHERBOURG;49.63;-1.62;21/09/2026;21:00;16.2;0;SOLEIL;10.1;22.0;0
CHERBOURG;49.63;-1.62;21/09/2026;22:00;15.3;0;SOLEIL;11.0;22.0;0
CHERBOURG;49.63;-1.62;21/09/2026;23:00;15.2;0;SOLEIL;12.7;23.4;0
ROUEN;49.44;1.1;15/09/2026;00:00;16.5;0;SOLEIL;2.5;5.4;0
ROUEN;49.44;1.1;15/09/2026;01:00;16;0;SOLEIL;1.8;5.4;0
ROUEN;49.44;1.1;15/09/2026;02:00;15.4;0;SOLEIL;1.5;3.2;0
ROUEN;49.44;1.1;15/09/2026;03:00;15.6;0;SOLEIL;1.3;4.7;0
ROUEN;49.44;1.1;15/09/2026;04:00;15.4;0;SOLEIL;2.2;4.3;0
ROUEN;49.44;1.1;15/09/2026;05:00;14.7;0;SOLEIL;1.3;3.6;0
ROUEN;49.44;1.1;15/09/2026;06:00;15.3;0;SOLEIL;2.3;4.7;0
ROUEN;49.44;1.1;15/09/2026;07:00;16.7;0;SOLEIL;2.1;5.8;0
ROUEN;49.44;1.1;15/09/2026;08:00;20.4;0;SOLEIL;2.3;5.0;0
ROUEN;49.44;1.1;15/09/2026;09:00;23.3;0;SOLEIL;3.8;8.6;0
ROUEN;49.44;1.1;15/09/2026;10:00;28;0;SOLEIL;4.7;11.2;0
ROUEN;49.44;1.1;15/09/2026;11:00;29.2;0;SOLEIL;4.7;11.9;0
ROUEN;49.44;1.1;15/09/2026;12:00;28.7;0;SOLEIL;6.7;16.2;0
ROUEN;49.44;1.1;15/09/2026;13:00;27.1;0;SOLEIL;6.5;16.9;0
ROUEN;49.44;1.1;15/09/2026;14:00;27;5;SOLEIL VOILÉ;5.8;16.2;0
ROUEN;49.44;1.1;15/09/2026;15:00;24;5;SOLEIL VOILÉ;7.5;19.4;0
ROUEN;49.44;1.1;15/09/2026;16:00;22.1;5;SOLEIL VOILÉ;7.4;18.7;0
ROUEN;49.44;1.1;15/09/2026;17:00;21.4;2;NUAGEUX;6.7;18.4;0
ROUEN;49.44;1.1;15/09/2026;18:00;20.4;2;NUAGEUX;6.4;17.3;0
ROUEN;49.44;1.1;15/09/2026;19:00;18.5;2;NUAGEUX;5.4;16.2;0
ROUEN;49.44;1.1;15/09/2026;20:00;17.6;0;SOLEIL;4.7;13.0;0
ROUEN;49.44;1.1;15/09/2026;21:00;17.3;0;SOLEIL;4.0;10.4;0
ROUEN;49.44;1.1;15/09/2026;22:00;17.1;0;SOLEIL;5.0;10.1;0
ROUEN;49.44;1.1;15/09/2026;23:00;16.4;0;SOLEIL;4.7;10.4;0
ROUEN;49.44;1.1;16/09/2026;00:00;15.2;0;SOLEIL;4.4;9.7;0
ROUEN;49.44;1.1;16/09/2026;01:00;15.2;0;SOLEIL;3.6;9.0;0
ROUEN;49.44;1.1;16/09/2026;02:00;13.5;0;SOLEIL;3.6;7.6;0
ROUEN;49.44;1.1;16/09/2026;03:00;13.5;0;SOLEIL;3.8;7.6;0
ROUEN;49.44;1.1;16/09/2026;04:00;13.5;0;SOLEIL;3.8;7.6;0
ROUEN;49.44;1.1;16/09/2026;05:00;14;0;SOLEIL;3.8;7.9;0
ROUEN;49.44;1.1;16/09/2026;06:00;14;0;SOLEIL;3.6;7.6;0
ROUEN;49.44;1.1;16/09/2026;07:00;14;0;SOLEIL;3.1;6.8;0
ROUEN;49.44;1.1;16/09/2026;08:00;18.6;0;SOLEIL;2.5;5.8;0
ROUEN;49.44;1.1;16/09/2026;09:00;18.6;0;SOLEIL;1.1;5.0;0
ROUEN;49.44;1.1;16/09/2026;10:00;18.6;0;SOLEIL;2.6;6.8;0
ROUEN;49.44;1.1;16/09/2026;11:00;20.6;0;SOLEIL;4.7;11.9;0
ROUEN;49.44;1.1;16/09/2026;12:00;20.6;0;SOLEIL;11.2;26.3;0
ROUEN;49.44;1.1;16/09/2026;13:00;20.6;0;SOLEIL;12.0;29.2;0
ROUEN;49.44;1.1;16/09/2026;14:00;21.1;0;SOLEIL;13.7;32.4;0
ROUEN;49.44;1.1;16/09/2026;15:00;21.1;0;SOLEIL;16.0;37.1;0
ROUEN;49.44;1.1;16/09/2026;16:00;21.1;0;SOLEIL;13.4;39.6;0
ROUEN;49.44;1.1;16/09/2026;17:00;18.4;0;SOLEIL;18.6;41.4;0
ROUEN;49.44;1.1;16/09/2026;18:00;18.4;0;SOLEIL;17.4;41.8;0
ROUEN;49.44;1.1;16/09/2026;19:00;18.4;0;SOLEIL;15.8;39.6;0
ROUEN;49.44;1.1;16/09/2026;20:00;14.1;0;SOLEIL;14.7;34.6;0
ROUEN;49.44;1.1;16/09/2026;21:00;14.1;0;SOLEIL;13.9;33.8;0
ROUEN;49.44;1.1;16/09/2026;22:00;14.1;0;SOLEIL;12.9;32.4;0
ROUEN;49.44;1.1;16/09/2026;23:00;12.9;5;SOLEIL VOILÉ;10.1;27.4;0
ROUEN;49.44;1.1;17/09/2026;00:00;12.9;5;SOLEIL VOILÉ;7.8;21.2;0
ROUEN;49.44;1.1;17/09/2026;01:00;12.9;5;SOLEIL VOILÉ;7.0;16.9;0
ROUEN;49.44;1.1;17/09/2026;02:00;12;5;SOLEIL VOILÉ;5.5;15.5;0
ROUEN;49.44;1.1;17/09/2026;03:00;12;5;SOLEIL VOILÉ;4.7;12.6;0
ROUEN;49.44;1.1;17/09/2026;04:00;12;5;SOLEIL VOILÉ;3.3;10.1;0
ROUEN;49.44;1.1;17/09/2026;05:00;12.9;5;SOLEIL VOILÉ;3.3;6.8;0
ROUEN;49.44;1.1;17/09/2026;06:00;12.9;5;SOLEIL VOILÉ;3.0;6.8;0
ROUEN;49.44;1.1;17/09/2026;07:00;12.9;5;SOLEIL VOILÉ;3.3;6.5;0
ROUEN;49.44;1.1;17/09/2026;08:00;17.6;2;NUAGEUX;2.9;6.1;0
ROUEN;49.44;1.1;17/09/2026;09:00;17.6;2;NUAGEUX;3.3;7.2;0
ROUEN;49.44;1.1;17/09/2026;10:00;17.6;2;NUAGEUX;7.6;18.0;0
ROUEN;49.44;1.1;17/09/2026;11:00;18.9;2;NUAGEUX;11.3;25.6;0
ROUEN;49.44;1.1;17/09/2026;12:00;18.9;2;NUAGEUX;11.2;26.9;0
ROUEN;49.44;1.1;17/09/2026;13:00;18.9;2;NUAGEUX;12.4;29.7;0
ROUEN;49.44;1.1;17/09/2026;14:00;19.1;6;AVERSES;14.1;32.8;0
ROUEN;49.44;1.1;17/09/2026;15:00;19.1;6;AVERSES;14.7;35.3;0
ROUEN;49.44;1.1;17/09/2026;16:00;19.1;6;AVERSES;14.7;35.6;0
ROUEN;49.44;1.1;17/09/2026;17:00;18.1;6;AVERSES;13.4;36.7;0
ROUEN;49.44;1.1;17/09/2026;18:00;18.1;6;AVERSES;13.5;32.0;0
ROUEN;49.44;1.1;17/09/2026;19:00;18.1;6;AVERSES;12.4;32.0;0
ROUEN;49.44;1.1;17/09/2026;20:00;15.2;6;AVERSES;9.0;28.4;0
ROUEN;49.44;1.1;17/09/2026;21:00;14.2;6;AVERSES;4.3;20.2;0
ROUEN;49.44;1.1;17/09/2026;22:00;13.2;6;AVERSES;4.1;11.2;0
ROUEN;49.44;1.1;17/09/2026;23:00;13.2;0;SOLEIL;3.5;10.8;0
ROUEN;49.44;1.1;18/09/2026;00:00;13.2;0;SOLEIL;3.6;10.1;0
ROUEN;49.44;1.1;18/09/2026;01:00;13.2;0;SOLEIL;3.5;9.7;0
ROUEN;49.44;1.1;18/09/2026;02:00;11.4;6;AVERSES;4.8;12.6;0
ROUEN;49.44;1.1;18/09/2026;03:00;11.4;6;AVERSES;4.8;13.3;0
ROUEN;49.44;1.1;18/09/2026;04:00;11.4;6;AVERSES;5.2;15.1;0
ROUEN;49.44;1.1;18/09/2026;05:00;12.2;0;SOLEIL;4.6;14.8;0
ROUEN;49.44;1.1;18/09/2026;06:00;12.2;0;SOLEIL;4.5;13.3;0
ROUEN;49.44;1.1;18/09/2026;07:00;12.2;0;SOLEIL;4.7;13.7;0
ROUEN;49.44;1.1;18/09/2026;08:00;13.5;6;AVERSES;5.2;15.1;0
ROUEN;49.44;1.1;18/09/2026;09:00;14.5;6;AVERSES;7.3;20.9;0
ROUEN;49.44;1.1;18/09/2026;10:00;15.5;6;AVERSES;11.8;27.4;0
ROUEN;49.44;1.1;18/09/2026;11:00;19.6;6;AVERSES;14.1;32.4;0
ROUEN;49.44;1.1;18/09/2026;12:00;19.6;6;AVERSES;16.3;37.8;0
ROUEN;49.44;1.1;18/09/2026;13:00;19.6;6;AVERSES;16.3;39.6;0
ROUEN;49.44;1.1;18/09/2026;14:00;19.7;6;AVERSES;16.3;37.8;0
ROUEN;49.44;1.1;18/09/2026;15:00;20.7;6;AVERSES;16.0;38.5;0
ROUEN;49.44;1.1;18/09/2026;16:00;19.7;6;AVERSES;15.8;38.9;0
ROUEN;49.44;1.1;18/09/2026;17:00;17.6;7;PLUIE FAIBLE;14.8;37.8;0
ROUEN;49.44;1.1;18/09/2026;18:00;17.6;7;PLUIE FAIBLE;13.4;33.8;0
ROUEN;49.44;1.1;18/09/2026;19:00;17.6;7;PLUIE FAIBLE;11.7;28.4;0
ROUEN;49.44;1.1;18/09/2026;20:00;15.5;6;AVERSES;10.3;24.5;0
ROUEN;49.44;1.1;18/09/2026;21:00;14.5;6;AVERSES;9.6;23.8;0
ROUEN;49.44;1.1;18/09/2026;22:00;13.5;6;AVERSES;9.1;24.5;0
ROUEN;49.44;1.1;18/09/2026;23:00;14.9;2;NUAGEUX;8.6;24.5;0
ROUEN;49.44;1.1;19/09/2026;00:00;14.9;2;NUAGEUX;7.2;22.0;0
ROUEN;49.44;1.1;19/09/2026;01:00;14.9;2;NUAGEUX;5.5;18.4;0
ROUEN;49.44;1.1;19/09/2026;02:00;13.6;7;PLUIE FAIBLE;4.3;15.5;0
ROUEN;49.44;1.1;19/09/2026;03:00;13.6;7;PLUIE FAIBLE;4.3;14.4;0
ROUEN;49.44;1.1;19/09/2026;04:00;13.6;7;PLUIE FAIBLE;4.8;14.0;0
ROUEN;49.44;1.1;19/09/2026;05:00;14.6;7;PLUIE FAIBLE;4.8;13.7;0
ROUEN;49.44;1.1;19/09/2026;06:00;14.6;7;PLUIE FAIBLE;4.4;13.0;0
ROUEN;49.44;1.1;19/09/2026;07:00;14.6;7;PLUIE FAIBLE;4.1;12.2;0
ROUEN;49.44;1.1;19/09/2026;08:00;15.7;7;PLUIE FAIBLE;4.7;13.3;0
ROUEN;49.44;1.1;19/09/2026;09:00;16.7;7;PLUIE FAIBLE;6.4;16.6;0
ROUEN;49.44;1.1;19/09/2026;10:00;17.7;7;PLUIE FAIBLE;8.7;21.6;0
ROUEN;49.44;1.1;19/09/2026;11:00;21.4;7;PLUIE FAIBLE;10.9;26.3;0
ROUEN;49.44;1.1;19/09/2026;12:00;21.4;7;PLUIE FAIBLE;12.6;30.6;0
ROUEN;49.44;1.1;19/09/2026;13:00;21.4;7;PLUIE FAIBLE;14.4;34.6;0
ROUEN;49.44;1.1;19/09/2026;14:00;21.9;7;PLUIE FAIBLE;15.9;37.4;0
ROUEN;49.44;1.1;19/09/2026;15:00;22.9;7;PLUIE FAIBLE;16.6;38.2;0
ROUEN;49.44;1.1;19/09/2026;16:00;21.9;7;PLUIE FAIBLE;16.2;37.8;0
ROUEN;49.44;1.1;19/09/2026;17:00;19.7;6;AVERSES;15.1;36.4;0
ROUEN;49.44;1.1;19/09/2026;18:00;19.7;6;AVERSES;12.6;33.8;0
ROUEN;49.44;1.1;19/09/2026;19:00;19.7;6;AVERSES;9.5;30.6;0
ROUEN;49.44;1.1;19/09/2026;20:00;17.7;7;PLUIE FAIBLE;7.2;27.7;0
ROUEN;49.44;1.1;19/09/2026;21:00;16.7;7;PLUIE FAIBLE;6.6;24.8;0
ROUEN;49.44;1.1;19/09/2026;22:00;15.7;7;PLUIE FAIBLE;7.4;22.3;0
ROUEN;49.44;1.1;19/09/2026;23:00;16.1;0;SOLEIL;8.6;20.9;0
ROUEN;49.44;1.1;20/09/2026;00:00;16.1;0;SOLEIL;9.6;22.0;0
ROUEN;49.44;1.1;20/09/2026;01:00;16.1;0;SOLEIL;10.3;24.1;0
ROUEN;49.44;1.1;20/09/2026;02:00;13.4;2;NUAGEUX;11.1;25.9;0
ROUEN;49.44;1.1;20/09/2026;03:00;13.4;2;NUAGEUX;11.4;25.9;0
ROUEN;49.44;1.1;20/09/2026;04:00;13.4;2;NUAGEUX;11.3;25.2;0
ROUEN;49.44;1.1;20/09/2026;05:00;14.2;2;NUAGEUX;11.4;25.2;0
ROUEN;49.44;1.1;20/09/2026;06:00;14.2;2;NUAGEUX;12.8;27.4;0
ROUEN;49.44;1.1;20/09/2026;07:00;14.2;2;NUAGEUX;14.3;29.5;0
ROUEN;49.44;1.1;20/09/2026;08:00;15.5;2;NUAGEUX;15.7;31.0;0
ROUEN;49.44;1.1;20/09/2026;09:00;16.5;2;NUAGEUX;12.4;23.0;0
ROUEN;49.44;1.1;20/09/2026;10:00;17.5;2;NUAGEUX;15.6;28.4;0
ROUEN;49.44;1.1;20/09/2026;11:00;22;2;NUAGEUX;18.2;33.8;0
ROUEN;49.44;1.1;20/09/2026;12:00;22;2;NUAGEUX;20.4;38.9;0
ROUEN;49.44;1.1;20/09/2026;13:00;22;2;NUAGEUX;22.8;43.6;0
ROUEN;49.44;1.1;20/09/2026;14:00;21.7;2;NUAGEUX;25.0;47.2;0
ROUEN;49.44;1.1;20/09/2026;15:00;22.7;2;NUAGEUX;25.6;49.7;0
ROUEN;49.44;1.1;20/09/2026;16:00;21.7;2;NUAGEUX;25.1;50.8;0
ROUEN;49.44;1.1;20/09/2026;17:00;19.1;2;NUAGEUX;23.3;49.0;0
ROUEN;49.44;1.1;20/09/2026;18:00;19.1;2;NUAGEUX;18.2;41.8;0
ROUEN;49.44;1.1;20/09/2026;19:00;19.1;2;NUAGEUX;11.3;31.3;0
ROUEN;49.44;1.1;20/09/2026;20:00;17.5;2;NUAGEUX;6.4;23.0;0
ROUEN;49.44;1.1;20/09/2026;21:00;16.5;2;NUAGEUX;6.0;18.7;0
ROUEN;49.44;1.1;20/09/2026;22:00;15.5;2;NUAGEUX;7.9;16.9;0
ROUEN;49.44;1.1;20/09/2026;23:00;14.7;0;SOLEIL;9.4;16.6;0
ROUEN;49.44;1.1;21/09/2026;00:00;14.7;0;SOLEIL;10.8;19.1;0
ROUEN;49.44;1.1;21/09/2026;01:00;14.7;0;SOLEIL;12.8;23.8;0
ROUEN;49.44;1.1;21/09/2026;02:00;12.4;0;SOLEIL;14.4;25.9;0
ROUEN;49.44;1.1;21/09/2026;03:00;12.4;0;SOLEIL;13.3;23.8;0
ROUEN;49.44;1.1;21/09/2026;04:00;12.4;0;SOLEIL;11.2;19.8;0
ROUEN;49.44;1.1;21/09/2026;05:00;13.6;0;SOLEIL;9.0;16.2;0
ROUEN;49.44;1.1;21/09/2026;06:00;13.6;0;SOLEIL;7.2;13.7;0
ROUEN;49.44;1.1;21/09/2026;07:00;13.6;0;SOLEIL;5.6;11.9;0
ROUEN;49.44;1.1;21/09/2026;08:00;15.0;0;SOLEIL;5.2;11.9;0
ROUEN;49.44;1.1;21/09/2026;09:00;16.3;0;SOLEIL;6.8;14.4;0
ROUEN;49.44;1.1;21/09/2026;10:00;17.6;0;SOLEIL;9.5;18.7;0
ROUEN;49.44;1.1;21/09/2026;11:00;23;0;SOLEIL;11.9;22.7;0
ROUEN;49.44;1.1;21/09/2026;12:00;23;0;SOLEIL;13.7;25.9;0
ROUEN;49.44;1.1;21/09/2026;13:00;23;0;SOLEIL;15.1;29.2;0
ROUEN;49.44;1.1;21/09/2026;14:00;22.8;0;SOLEIL;15.9;31.0;0
ROUEN;49.44;1.1;21/09/2026;15:00;24.1;0;SOLEIL;16.0;31.3;0
ROUEN;49.44;1.1;21/09/2026;16:00;22.8;0;SOLEIL;15.5;30.6;0
ROUEN;49.44;1.1;21/09/2026;17:00;20.6;0;SOLEIL;14.0;28.1;0
ROUEN;49.44;1.1;21/09/2026;18:00;20.6;0;SOLEIL;11.0;23.0;0
ROUEN;49.44;1.1;21/09/2026;19:00;20.6;0;SOLEIL;6.9;16.9;0
ROUEN;49.44;1.1;21/09/2026;20:00;17.6;0;SOLEIL;3.6;11.9;0
ROUEN;49.44;1.1;21/09/2026;21:00;16.3;0;SOLEIL;1.4;9.7;0
ROUEN;49.44;1.1;21/09/2026;22:00;15.0;0;SOLEIL;3.1;9.0;0
ROUEN;49.44;1.1;21/09/2026;23:00;15.5;0;SOLEIL;4.8;8.6;0
LILLE;50.62;3.05;15/09/2026;00:00;17.6;0;SOLEIL;8.3;15.8;0
LILLE;50.62;3.05;15/09/2026;01:00;17.1;0;SOLEIL;8.6;16.2;0
LILLE;50.62;3.05;15/09/2026;02:00;16.8;0;SOLEIL;6.5;12.2;0
LILLE;50.62;3.05;15/09/2026;03:00;16.2;2;NUAGEUX;7.6;14.0;0
LILLE;50.62;3.05;15/09/2026;04:00;16.1;2;NUAGEUX;9.7;16.9;0
LILLE;50.62;3.05;15/09/2026;05:00;16;2;NUAGEUX;7.9;15.1;0
LILLE;50.62;3.05;15/09/2026;06:00;16.1;2;NUAGEUX;7.9;14.8;0
LILLE;50.62;3.05;15/09/2026;07:00;17.3;2;NUAGEUX;8.3;15.1;0
LILLE;50.62;3.05;15/09/2026;08:00;18.7;0;SOLEIL;8.6;16.2;0
LILLE;50.62;3.05;15/09/2026;09:00;21.5;0;SOLEIL;9.0;16.6;0
LILLE;50.62;3.05;15/09/2026;10:00;24.6;0;SOLEIL;8.6;15.8;0
LILLE;50.62;3.05;15/09/2026;11:00;26.1;0;SOLEIL;8.6;16.2;0
LILLE;50.62;3.05;15/09/2026;12:00;28.1;0;SOLEIL;10.4;19.4;0
LILLE;50.62;3.05;15/09/2026;13:00;28.1;0;SOLEIL;10.4;20.2;0
LILLE;50.62;3.05;15/09/2026;14:00;28;5;SOLEIL VOILÉ;10.4;20.5;0
LILLE;50.62;3.05;15/09/2026;15:00;27.6;2;NUAGEUX;9.4;20.5;0
LILLE;50.62;3.05;15/09/2026;16:00;24.4;2;NUAGEUX;8.6;21.6;0
LILLE;50.62;3.05;15/09/2026;17:00;22.4;2;NUAGEUX;7.6;16.6;0
LILLE;50.62;3.05;15/09/2026;18:00;20.9;2;NUAGEUX;8.3;18.7;0
LILLE;50.62;3.05;15/09/2026;19:00;19.5;2;NUAGEUX;7.6;16.2;0
LILLE;50.62;3.05;15/09/2026;20:00;18.7;2;NUAGEUX;7.6;14.4;0
LILLE;50.62;3.05;15/09/2026;21:00;18.4;2;NUAGEUX;6.1;14.0;0
LILLE;50.62;3.05;15/09/2026;22:00;17.5;2;NUAGEUX;4.7;10.8;0
LILLE;50.62;3.05;15/09/2026;23:00;16.7;2;NUAGEUX;4.0;7.6;0
LILLE;50.62;3.05;16/09/2026;00:00;17;0;SOLEIL;3.6;5.8;0
LILLE;50.62;3.05;16/09/2026;01:00;17;0;SOLEIL;4.7;6.1;0
LILLE;50.62;3.05;16/09/2026;02:00;15.5;0;SOLEIL;3.6;6.1;0
LILLE;50.62;3.05;16/09/2026;03:00;15.5;0;SOLEIL;3.2;4.7;0
LILLE;50.62;3.05;16/09/2026;04:00;15.5;0;SOLEIL;2.9;4.3;0
LILLE;50.62;3.05;16/09/2026;05:00;14.6;0;SOLEIL;2.5;3.2;0
LILLE;50.62;3.05;16/09/2026;06:00;14.6;0;SOLEIL;5.0;7.9;0
LILLE;50.62;3.05;16/09/2026;07:00;14.6;0;SOLEIL;5.4;8.3;0
LILLE;50.62;3.05;16/09/2026;08:00;18.6;0;SOLEIL;7.6;12.2;0
LILLE;50.62;3.05;16/09/2026;09:00;18.6;0;SOLEIL;6.8;14.0;0
LILLE;50.62;3.05;16/09/2026;10:00;18.6;0;SOLEIL;6.1;13.7;0
LILLE;50.62;3.05;16/09/2026;11:00;19;0;SOLEIL;7.2;16.2;0
LILLE;50.62;3.05;16/09/2026;12:00;19;0;SOLEIL;7.6;17.3;0
LILLE;50.62;3.05;16/09/2026;13:00;19;0;SOLEIL;6.1;17.6;0
LILLE;50.62;3.05;16/09/2026;14:00;19.7;0;SOLEIL;9.0;20.9;0
LILLE;50.62;3.05;16/09/2026;15:00;19.7;0;SOLEIL;13.7;28.4;0
LILLE;50.62;3.05;16/09/2026;16:00;19.7;0;SOLEIL;19.8;38.2;0
LILLE;50.62;3.05;16/09/2026;17:00;18.1;0;SOLEIL;19.4;37.8;0
LILLE;50.62;3.05;16/09/2026;18:00;18.1;0;SOLEIL;18.4;38.5;0
LILLE;50.62;3.05;16/09/2026;19:00;18.1;0;SOLEIL;18.4;35.3;0
LILLE;50.62;3.05;16/09/2026;20:00;16.1;0;SOLEIL;15.8;34.2;0
LILLE;50.62;3.05;16/09/2026;21:00;16.1;0;SOLEIL;14.4;28.8;0
LILLE;50.62;3.05;16/09/2026;22:00;16.1;0;SOLEIL;14.4;28.1;0
LILLE;50.62;3.05;16/09/2026;23:00;14.6;0;SOLEIL;14.0;26.3;0
LILLE;50.62;3.05;17/09/2026;00:00;14.6;0;SOLEIL;9.7;25.6;0
LILLE;50.62;3.05;17/09/2026;01:00;14.6;0;SOLEIL;8.3;18.7;0
LILLE;50.62;3.05;17/09/2026;02:00;14;5;SOLEIL VOILÉ;8.3;15.8;0
LILLE;50.62;3.05;17/09/2026;03:00;14;5;SOLEIL VOILÉ;16.2;30.2;0
LILLE;50.62;3.05;17/09/2026;04:00;14;5;SOLEIL VOILÉ;11.5;30.2;0
LILLE;50.62;3.05;17/09/2026;05:00;14.1;2;NUAGEUX;10.1;24.1;0
LILLE;50.62;3.05;17/09/2026;06:00;14.1;2;NUAGEUX;10.1;18.0;0
LILLE;50.62;3.05;17/09/2026;07:00;14.1;2;NUAGEUX;10.4;18.4;0
LILLE;50.62;3.05;17/09/2026;08:00;17.4;2;NUAGEUX;13.7;24.8;0
LILLE;50.62;3.05;17/09/2026;09:00;17.4;2;NUAGEUX;10.8;24.8;0
LILLE;50.62;3.05;17/09/2026;10:00;17.4;2;NUAGEUX;11.9;23.8;0
LILLE;50.62;3.05;17/09/2026;11:00;18.5;2;NUAGEUX;13.7;27.4;0
LILLE;50.62;3.05;17/09/2026;12:00;18.5;2;NUAGEUX;15.8;32.0;0
LILLE;50.62;3.05;17/09/2026;13:00;18.5;2;NUAGEUX;15.8;33.8;0
LILLE;50.62;3.05;17/09/2026;14:00;18.1;2;NUAGEUX;15.5;31.7;0
LILLE;50.62;3.05;17/09/2026;15:00;18.1;2;NUAGEUX;16.6;33.1;0
LILLE;50.62;3.05;17/09/2026;16:00;18.1;2;NUAGEUX;16.2;33.5;0
LILLE;50.62;3.05;17/09/2026;17:00;17.9;6;AVERSES;14.0;32.4;0
LILLE;50.62;3.05;17/09/2026;18:00;17.9;6;AVERSES;11.9;28.4;0
LILLE;50.62;3.05;17/09/2026;19:00;17.9;6;AVERSES;12.6;24.1;0
LILLE;50.62;3.05;17/09/2026;20:00;16.2;6;AVERSES;7.9;35.3;0
LILLE;50.62;3.05;17/09/2026;21:00;15.5;6;AVERSES;11.2;23.4;0
LILLE;50.62;3.05;17/09/2026;22:00;14.8;6;AVERSES;8.9;17.7;0
LILLE;50.62;3.05;17/09/2026;23:00;15.5;0;SOLEIL;7.1;14.6;0
LILLE;50.62;3.05;18/09/2026;00:00;15.5;0;SOLEIL;8.4;15.4;0
LILLE;50.62;3.05;18/09/2026;01:00;15.5;0;SOLEIL;8.8;15.5;0
LILLE;50.62;3.05;18/09/2026;02:00;11.6;2;NUAGEUX;9.3;16.9;0
LILLE;50.62;3.05;18/09/2026;03:00;11.6;2;NUAGEUX;10.0;18.4;0
LILLE;50.62;3.05;18/09/2026;04:00;11.6;2;NUAGEUX;10.5;19.1;0
LILLE;50.62;3.05;18/09/2026;05:00;12.5;0;SOLEIL;10.7;20.2;0
LILLE;50.62;3.05;18/09/2026;06:00;12.5;0;SOLEIL;10.9;20.2;0
LILLE;50.62;3.05;18/09/2026;07:00;12.5;0;SOLEIL;11.5;21.2;0
LILLE;50.62;3.05;18/09/2026;08:00;13.4;2;NUAGEUX;11.7;22.0;0
LILLE;50.62;3.05;18/09/2026;09:00;14.3;2;NUAGEUX;9.8;22.7;0
LILLE;50.62;3.05;18/09/2026;10:00;15.2;2;NUAGEUX;11.2;22.7;0
LILLE;50.62;3.05;18/09/2026;11:00;18.9;0;SOLEIL;13.9;29.9;0
LILLE;50.62;3.05;18/09/2026;12:00;18.9;0;SOLEIL;17.2;37.4;0
LILLE;50.62;3.05;18/09/2026;13:00;18.9;0;SOLEIL;19.3;41.4;0
LILLE;50.62;3.05;18/09/2026;14:00;18.7;2;NUAGEUX;19.4;42.1;0
LILLE;50.62;3.05;18/09/2026;15:00;19.6;2;NUAGEUX;17.3;40.7;0
LILLE;50.62;3.05;18/09/2026;16:00;18.7;2;NUAGEUX;12.2;36.4;0
LILLE;50.62;3.05;18/09/2026;17:00;16.7;2;NUAGEUX;16.9;34.9;0
LILLE;50.62;3.05;18/09/2026;18:00;16.7;2;NUAGEUX;19.2;39.6;0
LILLE;50.62;3.05;18/09/2026;19:00;16.7;2;NUAGEUX;16.2;38.9;0
LILLE;50.62;3.05;18/09/2026;20:00;15.2;2;NUAGEUX;17.8;34.6;0
LILLE;50.62;3.05;18/09/2026;21:00;14.3;2;NUAGEUX;19.5;38.5;0
LILLE;50.62;3.05;18/09/2026;22:00;13.4;2;NUAGEUX;18.6;35.6;0
LILLE;50.62;3.05;18/09/2026;23:00;15.2;2;NUAGEUX;16.8;35.3;0
LILLE;50.62;3.05;19/09/2026;00:00;15.2;2;NUAGEUX;14.8;32.0;0
LILLE;50.62;3.05;19/09/2026;01:00;15.2;2;NUAGEUX;12.3;27.7;0
LILLE;50.62;3.05;19/09/2026;02:00;14.1;7;PLUIE FAIBLE;10.9;22.7;0
LILLE;50.62;3.05;19/09/2026;03:00;14.1;7;PLUIE FAIBLE;10.2;21.2;0
LILLE;50.62;3.05;19/09/2026;04:00;14.1;7;PLUIE FAIBLE;10.0;20.5;0
LILLE;50.62;3.05;19/09/2026;05:00;15.2;7;PLUIE FAIBLE;10.0;20.2;0
LILLE;50.62;3.05;19/09/2026;06:00;15.2;7;PLUIE FAIBLE;9.9;19.1;0
LILLE;50.62;3.05;19/09/2026;07:00;15.2;7;PLUIE FAIBLE;9.8;17.6;0
LILLE;50.62;3.05;19/09/2026;08:00;15.7;7;PLUIE FAIBLE;10.2;18.0;0
LILLE;50.62;3.05;19/09/2026;09:00;16.6;7;PLUIE FAIBLE;10.8;20.5;0
LILLE;50.62;3.05;19/09/2026;10:00;17.4;7;PLUIE FAIBLE;11.6;24.8;0
LILLE;50.62;3.05;19/09/2026;11:00;20.1;7;PLUIE FAIBLE;12.6;28.4;0
LILLE;50.62;3.05;19/09/2026;12:00;20.1;7;PLUIE FAIBLE;13.5;31.0;0
LILLE;50.62;3.05;19/09/2026;13:00;20.1;7;PLUIE FAIBLE;14.5;33.5;0
LILLE;50.62;3.05;19/09/2026;14:00;20.7;7;PLUIE FAIBLE;15.5;35.6;0
LILLE;50.62;3.05;19/09/2026;15:00;21.5;7;PLUIE FAIBLE;16.9;37.8;0
LILLE;50.62;3.05;19/09/2026;16:00;20.7;7;PLUIE FAIBLE;18.3;40.0;0
LILLE;50.62;3.05;19/09/2026;17:00;19.1;7;PLUIE FAIBLE;19.0;41.4;0
LILLE;50.62;3.05;19/09/2026;18:00;19.1;7;PLUIE FAIBLE;18.4;42.1;0
LILLE;50.62;3.05;19/09/2026;19:00;19.1;7;PLUIE FAIBLE;16.9;41.8;0
LILLE;50.62;3.05;19/09/2026;20:00;17.4;7;PLUIE FAIBLE;15.6;40.7;0
LILLE;50.62;3.05;19/09/2026;21:00;16.6;7;PLUIE FAIBLE;14.4;37.8;0
LILLE;50.62;3.05;19/09/2026;22:00;15.7;7;PLUIE FAIBLE;13.6;33.8;0
LILLE;50.62;3.05;19/09/2026;23:00;16.9;0;SOLEIL;13.5;30.6;0
LILLE;50.62;3.05;20/09/2026;00:00;16.9;0;SOLEIL;13.8;29.2;0
LILLE;50.62;3.05;20/09/2026;01:00;16.9;0;SOLEIL;14.2;28.4;0
LILLE;50.62;3.05;20/09/2026;02:00;14.6;0;SOLEIL;14.8;28.8;0
LILLE;50.62;3.05;20/09/2026;03:00;14.6;0;SOLEIL;15.7;30.2;0
LILLE;50.62;3.05;20/09/2026;04:00;14.6;0;SOLEIL;16.9;32.8;0
LILLE;50.62;3.05;20/09/2026;05:00;15.6;0;SOLEIL;17.7;34.9;0
LILLE;50.62;3.05;20/09/2026;06:00;15.6;0;SOLEIL;18.2;36.4;0
LILLE;50.62;3.05;20/09/2026;07:00;15.6;0;SOLEIL;18.2;37.4;0
LILLE;50.62;3.05;20/09/2026;08:00;16.0;0;SOLEIL;18.3;38.2;0
LILLE;50.62;3.05;20/09/2026;09:00;16.8;0;SOLEIL;18.2;37.8;0
LILLE;50.62;3.05;20/09/2026;10:00;17.5;0;SOLEIL;18.2;37.1;0
LILLE;50.62;3.05;20/09/2026;11:00;20.2;7;PLUIE FAIBLE;18.2;36.7;0
LILLE;50.62;3.05;20/09/2026;12:00;20.2;7;PLUIE FAIBLE;18.7;37.4;0
LILLE;50.62;3.05;20/09/2026;13:00;20.2;7;PLUIE FAIBLE;19.3;38.5;0
LILLE;50.62;3.05;20/09/2026;14:00;20.4;0;SOLEIL;19.9;40.3;0
LILLE;50.62;3.05;20/09/2026;15:00;21.1;0;SOLEIL;20.6;43.9;0
LILLE;50.62;3.05;20/09/2026;16:00;20.4;0;SOLEIL;21.3;48.2;0
LILLE;50.62;3.05;20/09/2026;17:00;18.2;2;NUAGEUX;21.6;50.8;0
LILLE;50.62;3.05;20/09/2026;18:00;18.2;2;NUAGEUX;21.8;50.0;0
LILLE;50.62;3.05;20/09/2026;19:00;18.2;2;NUAGEUX;21.7;47.5;0
LILLE;50.62;3.05;20/09/2026;20:00;17.5;0;SOLEIL;21.4;45.4;0
LILLE;50.62;3.05;20/09/2026;21:00;16.8;0;SOLEIL;20.5;44.3;0
LILLE;50.62;3.05;20/09/2026;22:00;16.0;0;SOLEIL;19.1;43.6;0
LILLE;50.62;3.05;20/09/2026;23:00;15.6;0;SOLEIL;17.8;42.5;0
LILLE;50.62;3.05;21/09/2026;00:00;15.6;0;SOLEIL;17.1;40.3;0
LILLE;50.62;3.05;21/09/2026;01:00;15.6;0;SOLEIL;16.4;37.4;0
LILLE;50.62;3.05;21/09/2026;02:00;14;0;SOLEIL;15.8;34.9;0
LILLE;50.62;3.05;21/09/2026;03:00;14;0;SOLEIL;14.7;33.5;0
LILLE;50.62;3.05;21/09/2026;04:00;14;0;SOLEIL;13.6;32.0;0
LILLE;50.62;3.05;21/09/2026;05:00;15.1;0;SOLEIL;12.6;30.6;0
LILLE;50.62;3.05;21/09/2026;06:00;15.1;0;SOLEIL;11.7;28.1;0
LILLE;50.62;3.05;21/09/2026;07:00;15.1;0;SOLEIL;10.9;25.2;0
LILLE;50.62;3.05;21/09/2026;08:00;15.7;0;SOLEIL;10.4;23.4;0
LILLE;50.62;3.05;21/09/2026;09:00;16.6;0;SOLEIL;7.2;23.8;0
LILLE;50.62;3.05;21/09/2026;10:00;17.4;0;SOLEIL;7.7;23.4;0
LILLE;50.62;3.05;21/09/2026;11:00;20.6;0;SOLEIL;8.4;23.8;0
LILLE;50.62;3.05;21/09/2026;12:00;20.6;0;SOLEIL;9.0;23.8;0
LILLE;50.62;3.05;21/09/2026;13:00;20.6;0;SOLEIL;9.6;24.1;0
LILLE;50.62;3.05;21/09/2026;14:00;20.8;0;SOLEIL;9.6;24.1;0
LILLE;50.62;3.05;21/09/2026;15:00;21.7;0;SOLEIL;9.2;24.5;0
LILLE;50.62;3.05;21/09/2026;16:00;20.8;0;SOLEIL;8.7;24.8;0
LILLE;50.62;3.05;21/09/2026;17:00;20;0;SOLEIL;7.8;25.2;0
LILLE;50.62;3.05;21/09/2026;18:00;20;0;SOLEIL;6.9;25.6;0
LILLE;50.62;3.05;21/09/2026;19:00;20;0;SOLEIL;6.2;25.6;0
LILLE;50.62;3.05;21/09/2026;20:00;17.4;0;SOLEIL;5.5;24.8;0
LILLE;50.62;3.05;21/09/2026;21:00;16.6;0;SOLEIL;4.8;23.4;0
LILLE;50.62;3.05;21/09/2026;22:00;15.7;0;SOLEIL;4.3;20.9;0
LILLE;50.62;3.05;21/09/2026;23:00;16.6;0;SOLEIL;4.2;18.0;0
BOULOGNE-SUR-MER;50.726;1.614;15/09/2026;00:00;17.9;2;NUAGEUX;12.0;27.7;0
BOULOGNE-SUR-MER;50.726;1.614;15/09/2026;01:00;17.9;2;NUAGEUX;9.2;25.2;0
BOULOGNE-SUR-MER;50.726;1.614;15/09/2026;02:00;17.7;2;NUAGEUX;10.7;21.6;0
BOULOGNE-SUR-MER;50.726;1.614;15/09/2026;03:00;17.5;2;NUAGEUX;10.6;22.7;0
BOULOGNE-SUR-MER;50.726;1.614;15/09/2026;04:00;16.9;2;NUAGEUX;7.9;23.4;0
BOULOGNE-SUR-MER;50.726;1.614;15/09/2026;05:00;16.7;2;NUAGEUX;10.0;20.5;0
BOULOGNE-SUR-MER;50.726;1.614;15/09/2026;06:00;17;2;NUAGEUX;10.4;22.0;0
BOULOGNE-SUR-MER;50.726;1.614;15/09/2026;07:00;17.2;2;NUAGEUX;11.3;23.8;0
BOULOGNE-SUR-MER;50.726;1.614;15/09/2026;08:00;17.6;2;NUAGEUX;11.3;24.5;0
BOULOGNE-SUR-MER;50.726;1.614;15/09/2026;09:00;19.1;2;NUAGEUX;12.0;25.6;0
BOULOGNE-SUR-MER;50.726;1.614;15/09/2026;10:00;19.4;2;NUAGEUX;11.4;25.6;0
BOULOGNE-SUR-MER;50.726;1.614;15/09/2026;11:00;19.5;2;NUAGEUX;11.3;27.7;0
BOULOGNE-SUR-MER;50.726;1.614;15/09/2026;12:00;19.6;2;NUAGEUX;14.9;31.3;0
BOULOGNE-SUR-MER;50.726;1.614;15/09/2026;13:00;19.4;2;NUAGEUX;13.3;30.6;0
BOULOGNE-SUR-MER;50.726;1.614;15/09/2026;14:00;19.4;2;NUAGEUX;14.5;30.2;0
BOULOGNE-SUR-MER;50.726;1.614;15/09/2026;15:00;19.4;2;NUAGEUX;13.8;31.3;0
BOULOGNE-SUR-MER;50.726;1.614;15/09/2026;16:00;19.1;7;PLUIE FAIBLE;13.4;30.6;0.1
BOULOGNE-SUR-MER;50.726;1.614;15/09/2026;17:00;18.7;7;PLUIE FAIBLE;12.9;29.9;0.1
BOULOGNE-SUR-MER;50.726;1.614;15/09/2026;18:00;18.6;7;PLUIE FAIBLE;12.7;29.5;0.1
BOULOGNE-SUR-MER;50.726;1.614;15/09/2026;19:00;18.7;2;NUAGEUX;12.9;27.7;0
BOULOGNE-SUR-MER;50.726;1.614;15/09/2026;20:00;18.6;0;SOLEIL;9.9;26.3;0
BOULOGNE-SUR-MER;50.726;1.614;15/09/2026;21:00;18.4;0;SOLEIL;8.9;20.5;0
BOULOGNE-SUR-MER;50.726;1.614;15/09/2026;22:00;17.7;0;SOLEIL;8.8;18.0;0
BOULOGNE-SUR-MER;50.726;1.614;15/09/2026;23:00;17.6;0;SOLEIL;6.8;17.6;0
BOULOGNE-SUR-MER;50.726;1.614;16/09/2026;00:00;16.8;2;NUAGEUX;6.6;14.0;0
BOULOGNE-SUR-MER;50.726;1.614;16/09/2026;01:00;16.8;2;NUAGEUX;6.2;13.7;0
BOULOGNE-SUR-MER;50.726;1.614;16/09/2026;02:00;15.2;0;SOLEIL;6.5;13.7;0
BOULOGNE-SUR-MER;50.726;1.614;16/09/2026;03:00;15.2;0;SOLEIL;6.8;14.8;0
BOULOGNE-SUR-MER;50.726;1.614;16/09/2026;04:00;15.2;0;SOLEIL;6.5;14.4;0
BOULOGNE-SUR-MER;50.726;1.614;16/09/2026;05:00;14.6;0;SOLEIL;6.6;14.0;0
BOULOGNE-SUR-MER;50.726;1.614;16/09/2026;06:00;14.6;0;SOLEIL;7.6;16.2;0
BOULOGNE-SUR-MER;50.726;1.614;16/09/2026;07:00;14.6;0;SOLEIL;7.2;16.9;0
BOULOGNE-SUR-MER;50.726;1.614;16/09/2026;08:00;15.6;0;SOLEIL;5.4;15.1;0
BOULOGNE-SUR-MER;50.726;1.614;16/09/2026;09:00;15.6;0;SOLEIL;4.8;11.2;0
BOULOGNE-SUR-MER;50.726;1.614;16/09/2026;10:00;15.6;0;SOLEIL;7.0;15.1;0
BOULOGNE-SUR-MER;50.726;1.614;16/09/2026;11:00;17.2;0;SOLEIL;10.5;23.4;0
BOULOGNE-SUR-MER;50.726;1.614;16/09/2026;12:00;17.2;0;SOLEIL;13.5;29.2;0
BOULOGNE-SUR-MER;50.726;1.614;16/09/2026;13:00;17.2;0;SOLEIL;15.5;33.8;0
BOULOGNE-SUR-MER;50.726;1.614;16/09/2026;14:00;18.2;0;SOLEIL;21.0;44.6;0
BOULOGNE-SUR-MER;50.726;1.614;16/09/2026;15:00;18.2;0;SOLEIL;17.9;44.6;0
BOULOGNE-SUR-MER;50.726;1.614;16/09/2026;16:00;18.2;0;SOLEIL;17.0;40.7;0
BOULOGNE-SUR-MER;50.726;1.614;16/09/2026;17:00;17.4;0;SOLEIL;20.6;46.8;0
BOULOGNE-SUR-MER;50.726;1.614;16/09/2026;18:00;17.4;0;SOLEIL;18.5;45.0;0
BOULOGNE-SUR-MER;50.726;1.614;16/09/2026;19:00;17.4;0;SOLEIL;18.0;39.6;0
BOULOGNE-SUR-MER;50.726;1.614;16/09/2026;20:00;16.6;6;AVERSES;18.0;39.2;0
BOULOGNE-SUR-MER;50.726;1.614;16/09/2026;21:00;16.6;6;AVERSES;18.7;40.7;0
BOULOGNE-SUR-MER;50.726;1.614;16/09/2026;22:00;16.6;6;AVERSES;20.5;42.8;0
BOULOGNE-SUR-MER;50.726;1.614;16/09/2026;23:00;16.7;5;SOLEIL VOILÉ;17.7;43.6;0
BOULOGNE-SUR-MER;50.726;1.614;17/09/2026;00:00;16.7;5;SOLEIL VOILÉ;15.8;36.0;0
BOULOGNE-SUR-MER;50.726;1.614;17/09/2026;01:00;16.7;5;SOLEIL VOILÉ;16.4;34.9;0
BOULOGNE-SUR-MER;50.726;1.614;17/09/2026;02:00;16.1;2;NUAGEUX;17.1;38.2;0
BOULOGNE-SUR-MER;50.726;1.614;17/09/2026;03:00;16.1;2;NUAGEUX;15.7;36.0;0
BOULOGNE-SUR-MER;50.726;1.614;17/09/2026;04:00;16.1;2;NUAGEUX;14.0;32.0;0
BOULOGNE-SUR-MER;50.726;1.614;17/09/2026;05:00;16.1;2;NUAGEUX;12.9;29.5;0
BOULOGNE-SUR-MER;50.726;1.614;17/09/2026;06:00;16.1;2;NUAGEUX;13.0;27.0;0
BOULOGNE-SUR-MER;50.726;1.614;17/09/2026;07:00;16.1;2;NUAGEUX;14.1;29.2;0
BOULOGNE-SUR-MER;50.726;1.614;17/09/2026;08:00;17.1;2;NUAGEUX;14.0;32.0;0
BOULOGNE-SUR-MER;50.726;1.614;17/09/2026;09:00;17.1;2;NUAGEUX;14.8;31.0;0
BOULOGNE-SUR-MER;50.726;1.614;17/09/2026;10:00;17.1;2;NUAGEUX;14.0;31.0;0
BOULOGNE-SUR-MER;50.726;1.614;17/09/2026;11:00;16.9;6;AVERSES;13.5;30.2;0
BOULOGNE-SUR-MER;50.726;1.614;17/09/2026;12:00;16.9;6;AVERSES;14.1;29.6;0
BOULOGNE-SUR-MER;50.726;1.614;17/09/2026;13:00;16.9;6;AVERSES;14.7;30.1;0
BOULOGNE-SUR-MER;50.726;1.614;17/09/2026;14:00;16.6;6;AVERSES;14.0;30.0;0
BOULOGNE-SUR-MER;50.726;1.614;17/09/2026;15:00;16.6;6;AVERSES;13.4;28.4;0
BOULOGNE-SUR-MER;50.726;1.614;17/09/2026;16:00;16.6;6;AVERSES;13.3;25.9;0
BOULOGNE-SUR-MER;50.726;1.614;17/09/2026;17:00;17.2;6;AVERSES;13.0;25.9;0
BOULOGNE-SUR-MER;50.726;1.614;17/09/2026;18:00;17.2;6;AVERSES;16.4;29.9;0
BOULOGNE-SUR-MER;50.726;1.614;17/09/2026;19:00;17.2;6;AVERSES;14.9;29.9;0
BOULOGNE-SUR-MER;50.726;1.614;17/09/2026;20:00;16.5;6;AVERSES;12.1;27.4;0
BOULOGNE-SUR-MER;50.726;1.614;17/09/2026;21:00;16.2;6;AVERSES;11.4;21.2;0
BOULOGNE-SUR-MER;50.726;1.614;17/09/2026;22:00;16.0;6;AVERSES;11.6;22.0;0
BOULOGNE-SUR-MER;50.726;1.614;17/09/2026;23:00;16.1;0;SOLEIL;9.7;21.6;0
BOULOGNE-SUR-MER;50.726;1.614;18/09/2026;00:00;16.1;0;SOLEIL;6.1;17.6;0
BOULOGNE-SUR-MER;50.726;1.614;18/09/2026;01:00;16.1;0;SOLEIL;9.3;17.6;0
BOULOGNE-SUR-MER;50.726;1.614;18/09/2026;02:00;13.5;0;SOLEIL;12.6;25.9;0
BOULOGNE-SUR-MER;50.726;1.614;18/09/2026;03:00;13.5;0;SOLEIL;15.6;27.4;0
BOULOGNE-SUR-MER;50.726;1.614;18/09/2026;04:00;13.5;0;SOLEIL;18.8;33.5;0
BOULOGNE-SUR-MER;50.726;1.614;18/09/2026;05:00;14.1;0;SOLEIL;18.9;36.7;0
BOULOGNE-SUR-MER;50.726;1.614;18/09/2026;06:00;14.1;0;SOLEIL;18.0;34.9;0
BOULOGNE-SUR-MER;50.726;1.614;18/09/2026;07:00;14.1;0;SOLEIL;23.3;42.1;0
BOULOGNE-SUR-MER;50.726;1.614;18/09/2026;08:00;14.4;0;SOLEIL;22.2;43.6;0
BOULOGNE-SUR-MER;50.726;1.614;18/09/2026;09:00;14.9;0;SOLEIL;25.5;48.6;0
BOULOGNE-SUR-MER;50.726;1.614;18/09/2026;10:00;15.3;0;SOLEIL;26.4;50.0;0
BOULOGNE-SUR-MER;50.726;1.614;18/09/2026;11:00;16.1;0;SOLEIL;26.1;49.3;0
BOULOGNE-SUR-MER;50.726;1.614;18/09/2026;12:00;16.1;0;SOLEIL;29.5;54.7;0
BOULOGNE-SUR-MER;50.726;1.614;18/09/2026;13:00;16.1;0;SOLEIL;31.1;58.7;0
BOULOGNE-SUR-MER;50.726;1.614;18/09/2026;14:00;17.1;0;SOLEIL;31.9;62.3;0
BOULOGNE-SUR-MER;50.726;1.614;18/09/2026;15:00;17.6;0;SOLEIL;32.2;63.0;0
BOULOGNE-SUR-MER;50.726;1.614;18/09/2026;16:00;17.1;0;SOLEIL;31.3;61.9;0
BOULOGNE-SUR-MER;50.726;1.614;18/09/2026;17:00;16.1;2;NUAGEUX;29.6;59.8;0
BOULOGNE-SUR-MER;50.726;1.614;18/09/2026;18:00;16.1;2;NUAGEUX;27.0;56.5;0
BOULOGNE-SUR-MER;50.726;1.614;18/09/2026;19:00;16.1;2;NUAGEUX;23.7;52.2;0
BOULOGNE-SUR-MER;50.726;1.614;18/09/2026;20:00;15.3;0;SOLEIL;21.7;47.9;0
BOULOGNE-SUR-MER;50.726;1.614;18/09/2026;21:00;14.9;0;SOLEIL;20.9;43.6;0
BOULOGNE-SUR-MER;50.726;1.614;18/09/2026;22:00;14.4;0;SOLEIL;20.6;38.9;0
BOULOGNE-SUR-MER;50.726;1.614;18/09/2026;23:00;16.6;7;PLUIE FAIBLE;20.1;35.6;0
BOULOGNE-SUR-MER;50.726;1.614;19/09/2026;00:00;16.6;7;PLUIE FAIBLE;19.3;34.6;0
BOULOGNE-SUR-MER;50.726;1.614;19/09/2026;01:00;16.6;7;PLUIE FAIBLE;17.9;34.9;0
BOULOGNE-SUR-MER;50.726;1.614;19/09/2026;02:00;15.7;6;AVERSES;16.4;34.2;0
BOULOGNE-SUR-MER;50.726;1.614;19/09/2026;03:00;15.7;6;AVERSES;15.2;31.0;0
BOULOGNE-SUR-MER;50.726;1.614;19/09/2026;04:00;15.7;6;AVERSES;14.3;26.6;0
BOULOGNE-SUR-MER;50.726;1.614;19/09/2026;05:00;16.6;7;PLUIE FAIBLE;13.8;23.8;0
BOULOGNE-SUR-MER;50.726;1.614;19/09/2026;06:00;16.6;7;PLUIE FAIBLE;13.4;23.0;0
BOULOGNE-SUR-MER;50.726;1.614;19/09/2026;07:00;16.6;7;PLUIE FAIBLE;13.4;23.8;0
BOULOGNE-SUR-MER;50.726;1.614;19/09/2026;08:00;16.3;6;AVERSES;13.7;25.2;0
BOULOGNE-SUR-MER;50.726;1.614;19/09/2026;09:00;16.7;6;AVERSES;15.1;28.1;0
BOULOGNE-SUR-MER;50.726;1.614;19/09/2026;10:00;17.0;6;AVERSES;17.3;31.7;0
BOULOGNE-SUR-MER;50.726;1.614;19/09/2026;11:00;17.6;6;AVERSES;19.1;34.9;0
BOULOGNE-SUR-MER;50.726;1.614;19/09/2026;12:00;17.6;6;AVERSES;19.8;36.4;0
BOULOGNE-SUR-MER;50.726;1.614;19/09/2026;13:00;17.6;6;AVERSES;19.9;36.7;0
BOULOGNE-SUR-MER;50.726;1.614;19/09/2026;14:00;18.3;6;AVERSES;20.6;38.2;0
BOULOGNE-SUR-MER;50.726;1.614;19/09/2026;15:00;18.6;6;AVERSES;21.7;40.7;0
BOULOGNE-SUR-MER;50.726;1.614;19/09/2026;16:00;18.3;6;AVERSES;23.5;44.3;0
BOULOGNE-SUR-MER;50.726;1.614;19/09/2026;17:00;17.4;6;AVERSES;25.1;47.2;0
BOULOGNE-SUR-MER;50.726;1.614;19/09/2026;18:00;17.4;6;AVERSES;26.1;49.7;0
BOULOGNE-SUR-MER;50.726;1.614;19/09/2026;19:00;17.4;6;AVERSES;27.0;51.5;0
BOULOGNE-SUR-MER;50.726;1.614;19/09/2026;20:00;17.0;6;AVERSES;27.6;52.9;0
BOULOGNE-SUR-MER;50.726;1.614;19/09/2026;21:00;16.7;6;AVERSES;27.7;52.9;0
BOULOGNE-SUR-MER;50.726;1.614;19/09/2026;22:00;16.3;6;AVERSES;27.7;51.8;0
BOULOGNE-SUR-MER;50.726;1.614;19/09/2026;23:00;16.5;0;SOLEIL;28.0;52.2;0
BOULOGNE-SUR-MER;50.726;1.614;20/09/2026;00:00;16.5;0;SOLEIL;29.4;54.7;0
BOULOGNE-SUR-MER;50.726;1.614;20/09/2026;01:00;16.5;0;SOLEIL;31.1;58.3;0
BOULOGNE-SUR-MER;50.726;1.614;20/09/2026;02:00;14.7;0;SOLEIL;32.4;61.2;0
BOULOGNE-SUR-MER;50.726;1.614;20/09/2026;03:00;14.7;0;SOLEIL;32.2;61.9;0
BOULOGNE-SUR-MER;50.726;1.614;20/09/2026;04:00;14.7;0;SOLEIL;31.5;61.6;0
BOULOGNE-SUR-MER;50.726;1.614;20/09/2026;05:00;15.2;0;SOLEIL;31.5;61.9;0
BOULOGNE-SUR-MER;50.726;1.614;20/09/2026;06:00;15.2;0;SOLEIL;33.3;63.2;0
BOULOGNE-SUR-MER;50.726;1.614;20/09/2026;07:00;15.2;0;SOLEIL;35.5;65.0;0
BOULOGNE-SUR-MER;50.726;1.614;20/09/2026;08:00;15.5;0;SOLEIL;36.9;66.3;0
BOULOGNE-SUR-MER;50.726;1.614;20/09/2026;09:00;15.9;0;SOLEIL;32.0;55.8;0
BOULOGNE-SUR-MER;50.726;1.614;20/09/2026;10:00;16.3;0;SOLEIL;33.1;57.6;0
BOULOGNE-SUR-MER;50.726;1.614;20/09/2026;11:00;17.6;7;PLUIE FAIBLE;34.0;59.4;0
BOULOGNE-SUR-MER;50.726;1.614;20/09/2026;12:00;17.6;7;PLUIE FAIBLE;35.0;61.2;0
BOULOGNE-SUR-MER;50.726;1.614;20/09/2026;13:00;17.6;7;PLUIE FAIBLE;35.6;62.6;0
BOULOGNE-SUR-MER;50.726;1.614;20/09/2026;14:00;18.0;0;SOLEIL;35.8;63.4;0
BOULOGNE-SUR-MER;50.726;1.614;20/09/2026;15:00;18.4;0;SOLEIL;35.1;62.6;0
BOULOGNE-SUR-MER;50.726;1.614;20/09/2026;16:00;18.0;0;SOLEIL;34.2;61.2;0
BOULOGNE-SUR-MER;50.726;1.614;20/09/2026;17:00;16.5;0;SOLEIL;33.4;59.8;0
BOULOGNE-SUR-MER;50.726;1.614;20/09/2026;18:00;16.5;0;SOLEIL;32.9;58.7;0
BOULOGNE-SUR-MER;50.726;1.614;20/09/2026;19:00;16.5;0;SOLEIL;32.8;58.0;0
BOULOGNE-SUR-MER;50.726;1.614;20/09/2026;20:00;16.3;0;SOLEIL;32.8;58.0;0
BOULOGNE-SUR-MER;50.726;1.614;20/09/2026;21:00;15.9;0;SOLEIL;33.3;59.4;0
BOULOGNE-SUR-MER;50.726;1.614;20/09/2026;22:00;15.5;0;SOLEIL;34.6;61.9;0
BOULOGNE-SUR-MER;50.726;1.614;20/09/2026;23:00;16.2;0;SOLEIL;34.6;61.9;0
BOULOGNE-SUR-MER;50.726;1.614;21/09/2026;00:00;16.2;0;SOLEIL;31.9;58.0;0
BOULOGNE-SUR-MER;50.726;1.614;21/09/2026;01:00;16.2;0;SOLEIL;28.4;51.8;0
BOULOGNE-SUR-MER;50.726;1.614;21/09/2026;02:00;14.5;0;SOLEIL;26.2;46.8;0
BOULOGNE-SUR-MER;50.726;1.614;21/09/2026;03:00;14.5;0;SOLEIL;25.3;44.3;0
BOULOGNE-SUR-MER;50.726;1.614;21/09/2026;04:00;14.5;0;SOLEIL;24.6;42.5;0
BOULOGNE-SUR-MER;50.726;1.614;21/09/2026;05:00;15;0;SOLEIL;23.7;41.0;0
BOULOGNE-SUR-MER;50.726;1.614;21/09/2026;06:00;15;0;SOLEIL;22.8;38.9;0
BOULOGNE-SUR-MER;50.726;1.614;21/09/2026;07:00;15;0;SOLEIL;21.7;36.7;0
BOULOGNE-SUR-MER;50.726;1.614;21/09/2026;08:00;15.7;0;SOLEIL;20.7;34.9;0
BOULOGNE-SUR-MER;50.726;1.614;21/09/2026;09:00;16.4;0;SOLEIL;19.9;33.8;0
BOULOGNE-SUR-MER;50.726;1.614;21/09/2026;10:00;17.0;0;SOLEIL;19.1;33.1;0
BOULOGNE-SUR-MER;50.726;1.614;21/09/2026;11:00;19.1;0;SOLEIL;18.6;33.1;0
BOULOGNE-SUR-MER;50.726;1.614;21/09/2026;12:00;19.1;0;SOLEIL;19.5;34.2;0
BOULOGNE-SUR-MER;50.726;1.614;21/09/2026;13:00;19.1;0;SOLEIL;20.9;36.0;0
BOULOGNE-SUR-MER;50.726;1.614;21/09/2026;14:00;19.5;0;SOLEIL;21.7;37.4;0
BOULOGNE-SUR-MER;50.726;1.614;21/09/2026;15:00;20.1;0;SOLEIL;21.1;37.8;0
BOULOGNE-SUR-MER;50.726;1.614;21/09/2026;16:00;19.5;0;SOLEIL;19.4;37.4;0
BOULOGNE-SUR-MER;50.726;1.614;21/09/2026;17:00;17.6;0;SOLEIL;18.7;37.8;0
BOULOGNE-SUR-MER;50.726;1.614;21/09/2026;18:00;17.6;0;SOLEIL;19.8;39.6;0
BOULOGNE-SUR-MER;50.726;1.614;21/09/2026;19:00;17.6;0;SOLEIL;21.7;41.8;0
BOULOGNE-SUR-MER;50.726;1.614;21/09/2026;20:00;17.0;0;SOLEIL;23.2;43.2;0
BOULOGNE-SUR-MER;50.726;1.614;21/09/2026;21:00;16.4;0;SOLEIL;23.7;42.8;0
BOULOGNE-SUR-MER;50.726;1.614;21/09/2026;22:00;15.7;0;SOLEIL;23.9;41.4;0
BOULOGNE-SUR-MER;50.726;1.614;21/09/2026;23:00;16.6;0;SOLEIL;23.5;39.6;0
REIMS;49.25;4.03;15/09/2026;00:00;17.4;0;SOLEIL;2.9;5.4;0
REIMS;49.25;4.03;15/09/2026;01:00;16.6;0;SOLEIL;2.6;6.8;0
REIMS;49.25;4.03;15/09/2026;02:00;16.2;0;SOLEIL;0.4;3.6;0
REIMS;49.25;4.03;15/09/2026;03:00;16.1;0;SOLEIL;2.3;5.8;0
REIMS;49.25;4.03;15/09/2026;04:00;15.7;0;SOLEIL;1.4;6.1;0
REIMS;49.25;4.03;15/09/2026;05:00;15.6;0;SOLEIL;1.6;4.3;0
REIMS;49.25;4.03;15/09/2026;06:00;16.1;0;SOLEIL;1.6;3.2;0
REIMS;49.25;4.03;15/09/2026;07:00;18;0;SOLEIL;1.6;4.7;0
REIMS;49.25;4.03;15/09/2026;08:00;20.9;5;SOLEIL VOILÉ;2.1;4.0;0
REIMS;49.25;4.03;15/09/2026;09:00;24.8;5;SOLEIL VOILÉ;0.5;4.7;0
REIMS;49.25;4.03;15/09/2026;10:00;27.2;5;SOLEIL VOILÉ;0.7;3.6;0
REIMS;49.25;4.03;15/09/2026;11:00;29.2;5;SOLEIL VOILÉ;1.6;5.4;0
REIMS;49.25;4.03;15/09/2026;12:00;29.6;5;SOLEIL VOILÉ;0.5;4.3;0
REIMS;49.25;4.03;15/09/2026;13:00;30.1;0;SOLEIL;2.5;8.6;0
REIMS;49.25;4.03;15/09/2026;14:00;30.2;0;SOLEIL;2.9;12.2;0
REIMS;49.25;4.03;15/09/2026;15:00;30.9;0;SOLEIL;3.3;11.2;0
REIMS;49.25;4.03;15/09/2026;16:00;30.1;0;SOLEIL;7.7;16.9;0
REIMS;49.25;4.03;15/09/2026;17:00;29.7;0;SOLEIL;7.9;19.4;0
REIMS;49.25;4.03;15/09/2026;18:00;27.2;0;SOLEIL;7.1;19.8;0
REIMS;49.25;4.03;15/09/2026;19:00;26.4;2;NUAGEUX;5.2;16.2;0
REIMS;49.25;4.03;15/09/2026;20:00;21.2;2;NUAGEUX;3.6;12.6;0
REIMS;49.25;4.03;15/09/2026;21:00;19.6;2;NUAGEUX;3.3;7.6;0
REIMS;49.25;4.03;15/09/2026;22:00;18.1;2;NUAGEUX;1.4;6.5;0
REIMS;49.25;4.03;15/09/2026;23:00;18.1;6;AVERSES;1.1;2.5;0.1
REIMS;49.25;4.03;16/09/2026;00:00;17.7;2;NUAGEUX;0.7;1.8;0
REIMS;49.25;4.03;16/09/2026;01:00;17.7;2;NUAGEUX;1.5;1.4;0
REIMS;49.25;4.03;16/09/2026;02:00;16.5;0;SOLEIL;2.1;3.2;0
REIMS;49.25;4.03;16/09/2026;03:00;16.5;0;SOLEIL;3.4;6.8;0
REIMS;49.25;4.03;16/09/2026;04:00;16.5;0;SOLEIL;3.4;6.8;0
REIMS;49.25;4.03;16/09/2026;05:00;15.5;0;SOLEIL;2.8;7.2;0
REIMS;49.25;4.03;16/09/2026;06:00;15.5;0;SOLEIL;2.8;5.8;0
REIMS;49.25;4.03;16/09/2026;07:00;15.5;0;SOLEIL;3.6;7.6;0
REIMS;49.25;4.03;16/09/2026;08:00;18.6;0;SOLEIL;4.1;8.6;0
REIMS;49.25;4.03;16/09/2026;09:00;18.6;0;SOLEIL;4.4;9.4;0
REIMS;49.25;4.03;16/09/2026;10:00;18.6;0;SOLEIL;5.3;12.2;0
REIMS;49.25;4.03;16/09/2026;11:00;20.9;0;SOLEIL;6.4;15.5;0
REIMS;49.25;4.03;16/09/2026;12:00;20.9;0;SOLEIL;7.9;19.4;0
REIMS;49.25;4.03;16/09/2026;13:00;20.9;0;SOLEIL;12.2;27.7;0
REIMS;49.25;4.03;16/09/2026;14:00;21.6;0;SOLEIL;11.6;29.9;0
REIMS;49.25;4.03;16/09/2026;15:00;21.6;0;SOLEIL;13.9;32.0;0
REIMS;49.25;4.03;16/09/2026;16:00;21.6;0;SOLEIL;14.0;33.1;0
REIMS;49.25;4.03;16/09/2026;17:00;19.6;0;SOLEIL;12.7;32.8;0
REIMS;49.25;4.03;16/09/2026;18:00;19.6;0;SOLEIL;14.0;31.3;0
REIMS;49.25;4.03;16/09/2026;19:00;19.6;0;SOLEIL;7.3;29.9;0
REIMS;49.25;4.03;16/09/2026;20:00;15.9;0;SOLEIL;19.7;48.6;0
REIMS;49.25;4.03;16/09/2026;21:00;15.9;0;SOLEIL;14.1;41.4;0
REIMS;49.25;4.03;16/09/2026;22:00;15.9;0;SOLEIL;10.2;28.8;0
REIMS;49.25;4.03;16/09/2026;23:00;13.1;0;SOLEIL;9.7;22.3;0
REIMS;49.25;4.03;17/09/2026;00:00;13.1;0;SOLEIL;12.0;26.6;0
REIMS;49.25;4.03;17/09/2026;01:00;13.1;0;SOLEIL;13.0;30.6;0
REIMS;49.25;4.03;17/09/2026;02:00;11.2;0;SOLEIL;11.8;31.0;0
REIMS;49.25;4.03;17/09/2026;03:00;11.2;0;SOLEIL;11.3;25.2;0
REIMS;49.25;4.03;17/09/2026;04:00;11.2;0;SOLEIL;10.7;25.2;0
REIMS;49.25;4.03;17/09/2026;05:00;12.2;5;SOLEIL VOILÉ;9.4;23.0;0
REIMS;49.25;4.03;17/09/2026;06:00;12.2;5;SOLEIL VOILÉ;10.2;22.3;0
REIMS;49.25;4.03;17/09/2026;07:00;12.2;5;SOLEIL VOILÉ;9.8;22.7;0
REIMS;49.25;4.03;17/09/2026;08:00;17.2;5;SOLEIL VOILÉ;8.6;21.6;0
REIMS;49.25;4.03;17/09/2026;09:00;17.2;5;SOLEIL VOILÉ;9.0;20.5;0
REIMS;49.25;4.03;17/09/2026;10:00;17.2;5;SOLEIL VOILÉ;11.2;25.6;0
REIMS;49.25;4.03;17/09/2026;11:00;20.2;2;NUAGEUX;13.1;29.9;0
REIMS;49.25;4.03;17/09/2026;12:00;20.2;2;NUAGEUX;14.2;33.3;0
REIMS;49.25;4.03;17/09/2026;13:00;20.2;2;NUAGEUX;13.9;33.3;0
REIMS;49.25;4.03;17/09/2026;14:00;21.1;2;NUAGEUX;14.1;33.7;0
REIMS;49.25;4.03;17/09/2026;15:00;21.1;2;NUAGEUX;14.0;35.3;0
REIMS;49.25;4.03;17/09/2026;16:00;21.1;2;NUAGEUX;13.6;32.4;0
REIMS;49.25;4.03;17/09/2026;17:00;19.6;2;NUAGEUX;13.8;31.7;0
REIMS;49.25;4.03;17/09/2026;18:00;19.6;2;NUAGEUX;12.8;30.6;0
REIMS;49.25;4.03;17/09/2026;19:00;19.6;2;NUAGEUX;10.9;28.8;0
REIMS;49.25;4.03;17/09/2026;20:00;16.0;2;NUAGEUX;7.4;24.1;0
REIMS;49.25;4.03;17/09/2026;21:00;14.7;2;NUAGEUX;6.9;15.1;0
REIMS;49.25;4.03;17/09/2026;22:00;13.5;2;NUAGEUX;6.3;14.4;0
REIMS;49.25;4.03;17/09/2026;23:00;16.1;0;SOLEIL;4.8;13.3;0
REIMS;49.25;4.03;18/09/2026;00:00;16.1;0;SOLEIL;4.0;10.1;0
REIMS;49.25;4.03;18/09/2026;01:00;16.1;0;SOLEIL;3.8;8.3;0
REIMS;49.25;4.03;18/09/2026;02:00;12.6;0;SOLEIL;4.0;8.3;0
REIMS;49.25;4.03;18/09/2026;03:00;12.6;0;SOLEIL;4.1;8.3;0
REIMS;49.25;4.03;18/09/2026;04:00;12.6;0;SOLEIL;4.2;9.0;0
REIMS;49.25;4.03;18/09/2026;05:00;13.6;0;SOLEIL;4.5;9.4;0
REIMS;49.25;4.03;18/09/2026;06:00;13.6;0;SOLEIL;4.5;9.4;0
REIMS;49.25;4.03;18/09/2026;07:00;13.6;0;SOLEIL;4.6;9.7;0
REIMS;49.25;4.03;18/09/2026;08:00;14.6;0;SOLEIL;5.2;10.8;0
REIMS;49.25;4.03;18/09/2026;09:00;15.6;0;SOLEIL;6.5;13.7;0
REIMS;49.25;4.03;18/09/2026;10:00;16.6;0;SOLEIL;8.7;19.8;0
REIMS;49.25;4.03;18/09/2026;11:00;20.6;6;AVERSES;10.9;25.6;0
REIMS;49.25;4.03;18/09/2026;12:00;20.6;6;AVERSES;14.6;33.8;0
REIMS;49.25;4.03;18/09/2026;13:00;20.6;6;AVERSES;14.8;34.2;0
REIMS;49.25;4.03;18/09/2026;14:00;20.6;0;SOLEIL;15.0;34.9;0
REIMS;49.25;4.03;18/09/2026;15:00;21.6;0;SOLEIL;15.6;36.4;0
REIMS;49.25;4.03;18/09/2026;16:00;20.6;0;SOLEIL;15.6;37.1;0
REIMS;49.25;4.03;18/09/2026;17:00;19.1;7;PLUIE FAIBLE;15.1;35.6;0
REIMS;49.25;4.03;18/09/2026;18:00;19.1;7;PLUIE FAIBLE;13.3;30.6;0
REIMS;49.25;4.03;18/09/2026;19:00;19.1;7;PLUIE FAIBLE;10.7;23.0;0
REIMS;49.25;4.03;18/09/2026;20:00;16.6;0;SOLEIL;8.9;18.0;0
REIMS;49.25;4.03;18/09/2026;21:00;15.6;0;SOLEIL;8.2;16.9;0
REIMS;49.25;4.03;18/09/2026;22:00;14.6;0;SOLEIL;8.0;17.6;0
REIMS;49.25;4.03;18/09/2026;23:00;14.5;0;SOLEIL;8.4;19.1;0
REIMS;49.25;4.03;19/09/2026;00:00;14.5;0;SOLEIL;9.5;21.6;0
REIMS;49.25;4.03;19/09/2026;01:00;14.5;0;SOLEIL;11.2;24.8;0
REIMS;49.25;4.03;19/09/2026;02:00;12.6;2;NUAGEUX;12.3;26.3;0
REIMS;49.25;4.03;19/09/2026;03:00;12.6;2;NUAGEUX;10.6;25.2;0
REIMS;49.25;4.03;19/09/2026;04:00;12.6;2;NUAGEUX;7.6;22.7;0
REIMS;49.25;4.03;19/09/2026;05:00;14.1;2;NUAGEUX;5.4;19.8;0
REIMS;49.25;4.03;19/09/2026;06:00;14.1;2;NUAGEUX;4.6;16.2;0
REIMS;49.25;4.03;19/09/2026;07:00;14.1;2;NUAGEUX;4.2;12.6;0
REIMS;49.25;4.03;19/09/2026;08:00;15.1;2;NUAGEUX;4.6;11.5;0
REIMS;49.25;4.03;19/09/2026;09:00;16.3;2;NUAGEUX;6.2;14.8;0
REIMS;49.25;4.03;19/09/2026;10:00;17.5;2;NUAGEUX;8.7;20.5;0
REIMS;49.25;4.03;19/09/2026;11:00;21.9;2;NUAGEUX;10.9;25.2;0
REIMS;49.25;4.03;19/09/2026;12:00;21.9;2;NUAGEUX;11.6;27.4;0
REIMS;49.25;4.03;19/09/2026;13:00;21.9;2;NUAGEUX;11.7;28.4;0
REIMS;49.25;4.03;19/09/2026;14:00;22.5;2;NUAGEUX;11.9;28.8;0
REIMS;49.25;4.03;19/09/2026;15:00;23.7;2;NUAGEUX;12.2;29.5;0
REIMS;49.25;4.03;19/09/2026;16:00;22.5;2;NUAGEUX;12.6;29.5;0
REIMS;49.25;4.03;19/09/2026;17:00;21.1;2;NUAGEUX;11.9;28.4;0
REIMS;49.25;4.03;19/09/2026;18:00;21.1;2;NUAGEUX;9.2;25.2;0
REIMS;49.25;4.03;19/09/2026;19:00;21.1;2;NUAGEUX;6.1;20.9;0
REIMS;49.25;4.03;19/09/2026;20:00;17.5;2;NUAGEUX;4.9;17.3;0
REIMS;49.25;4.03;19/09/2026;21:00;16.3;2;NUAGEUX;5.1;14.8;0
REIMS;49.25;4.03;19/09/2026;22:00;15.1;2;NUAGEUX;5.4;12.6;0
REIMS;49.25;4.03;19/09/2026;23:00;17.6;0;SOLEIL;5.4;11.5;0
REIMS;49.25;4.03;20/09/2026;00:00;17.6;0;SOLEIL;5.4;11.2;0
REIMS;49.25;4.03;20/09/2026;01:00;17.6;0;SOLEIL;5.4;11.5;0
REIMS;49.25;4.03;20/09/2026;02:00;14.9;2;NUAGEUX;5.4;12.2;0
REIMS;49.25;4.03;20/09/2026;03:00;14.9;2;NUAGEUX;5.8;13.7;0
REIMS;49.25;4.03;20/09/2026;04:00;14.9;2;NUAGEUX;6.3;15.1;0
REIMS;49.25;4.03;20/09/2026;05:00;16;0;SOLEIL;7.3;17.6;0
REIMS;49.25;4.03;20/09/2026;06:00;16;0;SOLEIL;9.5;21.4;0
REIMS;49.25;4.03;20/09/2026;07:00;16;0;SOLEIL;11.9;24.7;0
REIMS;49.25;4.03;20/09/2026;08:00;17.1;2;NUAGEUX;13.5;26.5;0
REIMS;49.25;4.03;20/09/2026;09:00;18.1;2;NUAGEUX;10.9;20.9;0
REIMS;49.25;4.03;20/09/2026;10:00;19.2;2;NUAGEUX;13.9;26.6;0
REIMS;49.25;4.03;20/09/2026;11:00;23.5;2;NUAGEUX;16.3;31.3;0
REIMS;49.25;4.03;20/09/2026;12:00;23.5;2;NUAGEUX;17.5;34.2;0
REIMS;49.25;4.03;20/09/2026;13:00;23.5;2;NUAGEUX;18.6;36.0;0
REIMS;49.25;4.03;20/09/2026;14:00;23.5;2;NUAGEUX;19.4;37.4;0
REIMS;49.25;4.03;20/09/2026;15:00;24.6;2;NUAGEUX;20.2;38.2;0
REIMS;49.25;4.03;20/09/2026;16:00;23.5;2;NUAGEUX;20.5;38.5;0
REIMS;49.25;4.03;20/09/2026;17:00;21.4;2;NUAGEUX;19.8;37.8;0
REIMS;49.25;4.03;20/09/2026;18:00;21.4;2;NUAGEUX;17.2;36.0;0
REIMS;49.25;4.03;20/09/2026;19:00;21.4;2;NUAGEUX;14.0;33.1;0
REIMS;49.25;4.03;20/09/2026;20:00;19.2;2;NUAGEUX;11.4;29.5;0
REIMS;49.25;4.03;20/09/2026;21:00;18.1;2;NUAGEUX;9.7;24.5;0
REIMS;49.25;4.03;20/09/2026;22:00;17.1;2;NUAGEUX;8.4;18.7;0
REIMS;49.25;4.03;20/09/2026;23:00;14.6;0;SOLEIL;7.8;14.8;0
REIMS;49.25;4.03;21/09/2026;00:00;14.6;0;SOLEIL;8.1;14.4;0
REIMS;49.25;4.03;21/09/2026;01:00;14.6;0;SOLEIL;8.6;15.8;0
REIMS;49.25;4.03;21/09/2026;02:00;12;0;SOLEIL;9.5;18.0;0
REIMS;49.25;4.03;21/09/2026;03:00;12;0;SOLEIL;10.7;21.6;0
REIMS;49.25;4.03;21/09/2026;04:00;12;0;SOLEIL;12.6;26.3;0
REIMS;49.25;4.03;21/09/2026;05:00;13.7;0;SOLEIL;13.8;28.8;0
REIMS;49.25;4.03;21/09/2026;06:00;13.7;0;SOLEIL;12.8;27.0;0
REIMS;49.25;4.03;21/09/2026;07:00;13.7;0;SOLEIL;10.4;23.4;0
REIMS;49.25;4.03;21/09/2026;08:00;15.0;0;SOLEIL;9.1;21.6;0
REIMS;49.25;4.03;21/09/2026;09:00;16.5;0;SOLEIL;10.4;23.8;0
REIMS;49.25;4.03;21/09/2026;10:00;18.0;0;SOLEIL;13.0;28.1;0
REIMS;49.25;4.03;21/09/2026;11:00;24.1;0;SOLEIL;14.9;31.3;0
REIMS;49.25;4.03;21/09/2026;12:00;24.1;0;SOLEIL;15.7;32.4;0
REIMS;49.25;4.03;21/09/2026;13:00;24.1;0;SOLEIL;16.2;32.4;0
REIMS;49.25;4.03;21/09/2026;14:00;24.0;0;SOLEIL;15.9;31.7;0
REIMS;49.25;4.03;21/09/2026;15:00;25.5;0;SOLEIL;14.8;31.0;0
REIMS;49.25;4.03;21/09/2026;16:00;24.0;0;SOLEIL;13.4;29.5;0
REIMS;49.25;4.03;21/09/2026;17:00;22.1;0;SOLEIL;11.6;27.7;0
REIMS;49.25;4.03;21/09/2026;18:00;22.1;0;SOLEIL;10.1;25.2;0
REIMS;49.25;4.03;21/09/2026;19:00;22.1;0;SOLEIL;8.9;22.0;0
REIMS;49.25;4.03;21/09/2026;20:00;18.0;0;SOLEIL;8.4;18.7;0
REIMS;49.25;4.03;21/09/2026;21:00;16.5;0;SOLEIL;7.0;15.8;0
REIMS;49.25;4.03;21/09/2026;22:00;15.0;0;SOLEIL;5.6;13.0;0
REIMS;49.25;4.03;21/09/2026;23:00;15.5;0;SOLEIL;3.7;10.8;0
METZ;49.11;6.17;15/09/2026;00:00;16.6;0;SOLEIL;4.8;11.9;0
METZ;49.11;6.17;15/09/2026;01:00;16.3;0;SOLEIL;5.1;11.2;0
METZ;49.11;6.17;15/09/2026;02:00;15.7;0;SOLEIL;5.5;10.4;0
METZ;49.11;6.17;15/09/2026;03:00;15.6;0;SOLEIL;4.5;10.8;0
METZ;49.11;6.17;15/09/2026;04:00;15.2;0;SOLEIL;3.8;10.1;0
METZ;49.11;6.17;15/09/2026;05:00;14.5;0;SOLEIL;2.7;7.6;0
METZ;49.11;6.17;15/09/2026;06:00;15.1;0;SOLEIL;2.5;7.2;0
METZ;49.11;6.17;15/09/2026;07:00;17.4;0;SOLEIL;2.6;9.7;0
METZ;49.11;6.17;15/09/2026;08:00;20.3;0;SOLEIL;5.1;9.4;0
METZ;49.11;6.17;15/09/2026;09:00;23.2;0;SOLEIL;3.4;11.2;0
METZ;49.11;6.17;15/09/2026;10:00;25.1;0;SOLEIL;5.5;12.6;0
METZ;49.11;6.17;15/09/2026;11:00;26.7;0;SOLEIL;4.7;11.2;0
METZ;49.11;6.17;15/09/2026;12:00;28;5;SOLEIL VOILÉ;2.4;10.1;0
METZ;49.11;6.17;15/09/2026;13:00;28.5;5;SOLEIL VOILÉ;2.9;7.9;0
METZ;49.11;6.17;15/09/2026;14:00;28.4;5;SOLEIL VOILÉ;0.7;7.9;0
METZ;49.11;6.17;15/09/2026;15:00;29.2;5;SOLEIL VOILÉ;0.8;6.8;0
METZ;49.11;6.17;15/09/2026;16:00;28.7;5;SOLEIL VOILÉ;1.1;6.8;0
METZ;49.11;6.17;15/09/2026;17:00;28.3;0;SOLEIL;0.5;4.0;0
METZ;49.11;6.17;15/09/2026;18:00;25.6;0;SOLEIL;2.3;6.1;0
METZ;49.11;6.17;15/09/2026;19:00;23.1;0;SOLEIL;5.0;11.5;0
METZ;49.11;6.17;15/09/2026;20:00;21;0;SOLEIL;3.6;11.2;0
METZ;49.11;6.17;15/09/2026;21:00;18.9;0;SOLEIL;2.1;6.8;0
METZ;49.11;6.17;15/09/2026;22:00;18.1;0;SOLEIL;1.8;3.2;0
METZ;49.11;6.17;15/09/2026;23:00;18.2;0;SOLEIL;2.6;4.7;0
METZ;49.11;6.17;16/09/2026;00:00;17.5;0;SOLEIL;2.7;5.8;0
METZ;49.11;6.17;16/09/2026;01:00;17.5;0;SOLEIL;2.5;5.4;0
METZ;49.11;6.17;16/09/2026;02:00;16.9;5;SOLEIL VOILÉ;2.6;5.0;0
METZ;49.11;6.17;16/09/2026;03:00;16.9;5;SOLEIL VOILÉ;2.9;5.8;0
METZ;49.11;6.17;16/09/2026;04:00;16.9;5;SOLEIL VOILÉ;2.4;5.8;0
METZ;49.11;6.17;16/09/2026;05:00;16.9;2;NUAGEUX;2.6;5.0;0
METZ;49.11;6.17;16/09/2026;06:00;16.9;2;NUAGEUX;2.6;5.4;0
METZ;49.11;6.17;16/09/2026;07:00;16.9;2;NUAGEUX;3.0;6.1;0
METZ;49.11;6.17;16/09/2026;08:00;18.1;0;SOLEIL;3.0;6.1;0
METZ;49.11;6.17;16/09/2026;09:00;18.1;0;SOLEIL;3.3;7.6;0
METZ;49.11;6.17;16/09/2026;10:00;18.1;0;SOLEIL;3.6;9.0;0
METZ;49.11;6.17;16/09/2026;11:00;19.4;0;SOLEIL;5.0;12.2;0
METZ;49.11;6.17;16/09/2026;12:00;19.4;0;SOLEIL;6.1;14.8;0
METZ;49.11;6.17;16/09/2026;13:00;19.4;0;SOLEIL;5.8;14.8;0
METZ;49.11;6.17;16/09/2026;14:00;20.1;0;SOLEIL;8.9;20.2;0
METZ;49.11;6.17;16/09/2026;15:00;20.1;0;SOLEIL;9.9;22.7;0
METZ;49.11;6.17;16/09/2026;16:00;20.1;0;SOLEIL;7.1;27.0;0
METZ;49.11;6.17;16/09/2026;17:00;18.4;0;SOLEIL;12.5;27.7;0
METZ;49.11;6.17;16/09/2026;18:00;18.4;0;SOLEIL;10.5;27.0;0
METZ;49.11;6.17;16/09/2026;19:00;18.4;0;SOLEIL;8.1;22.3;0
METZ;49.11;6.17;16/09/2026;20:00;14.4;0;SOLEIL;4.5;15.1;0
METZ;49.11;6.17;16/09/2026;21:00;14.4;0;SOLEIL;4.0;8.3;0
METZ;49.11;6.17;16/09/2026;22:00;14.4;0;SOLEIL;4.7;8.6;0
METZ;49.11;6.17;16/09/2026;23:00;11.6;0;SOLEIL;5.8;11.5;0
METZ;49.11;6.17;17/09/2026;00:00;11.6;0;SOLEIL;7.1;14.8;0
METZ;49.11;6.17;17/09/2026;01:00;11.6;0;SOLEIL;8.5;16.2;0
METZ;49.11;6.17;17/09/2026;02:00;10.5;0;SOLEIL;10.7;22.3;0
METZ;49.11;6.17;17/09/2026;03:00;10.5;0;SOLEIL;10.3;23.0;0
METZ;49.11;6.17;17/09/2026;04:00;10.5;0;SOLEIL;8.6;21.2;0
METZ;49.11;6.17;17/09/2026;05:00;10.7;0;SOLEIL;7.2;17.6;0
METZ;49.11;6.17;17/09/2026;06:00;10.7;0;SOLEIL;5.8;15.5;0
METZ;49.11;6.17;17/09/2026;07:00;10.7;0;SOLEIL;6.6;15.1;0
METZ;49.11;6.17;17/09/2026;08:00;17.4;5;SOLEIL VOILÉ;9.7;20.2;0
METZ;49.11;6.17;17/09/2026;09:00;17.4;5;SOLEIL VOILÉ;11.1;24.5;0
METZ;49.11;6.17;17/09/2026;10:00;17.4;5;SOLEIL VOILÉ;11.7;25.6;0
METZ;49.11;6.17;17/09/2026;11:00;19.7;5;SOLEIL VOILÉ;12.2;27.0;0
METZ;49.11;6.17;17/09/2026;12:00;19.7;5;SOLEIL VOILÉ;13.9;32.0;0
METZ;49.11;6.17;17/09/2026;13:00;19.7;5;SOLEIL VOILÉ;16.5;37.8;0
METZ;49.11;6.17;17/09/2026;14:00;20.6;2;NUAGEUX;16.2;38.3;0
METZ;49.11;6.17;17/09/2026;15:00;20.6;2;NUAGEUX;14.5;38.9;0
METZ;49.11;6.17;17/09/2026;16:00;20.6;2;NUAGEUX;13.7;37.1;0
METZ;49.11;6.17;17/09/2026;17:00;19.1;2;NUAGEUX;12.9;33.5;0
METZ;49.11;6.17;17/09/2026;18:00;19.1;2;NUAGEUX;12.2;31.3;0
METZ;49.11;6.17;17/09/2026;19:00;19.1;2;NUAGEUX;9.5;29.5;0
METZ;49.11;6.17;17/09/2026;20:00;15.2;2;NUAGEUX;6.4;22.3;0
METZ;49.11;6.17;17/09/2026;21:00;13.9;2;NUAGEUX;3.6;14.8;0
METZ;49.11;6.17;17/09/2026;22:00;12.6;2;NUAGEUX;3.2;7.9;0
METZ;49.11;6.17;17/09/2026;23:00;14.6;2;NUAGEUX;3.6;7.9;0
METZ;49.11;6.17;18/09/2026;00:00;14.6;2;NUAGEUX;3.2;7.2;0
METZ;49.11;6.17;18/09/2026;01:00;14.6;2;NUAGEUX;2.4;8.3;0
METZ;49.11;6.17;18/09/2026;02:00;13.1;6;AVERSES;2.4;5.8;0
METZ;49.11;6.17;18/09/2026;03:00;13.1;6;AVERSES;2.5;5.4;0
METZ;49.11;6.17;18/09/2026;04:00;13.1;6;AVERSES;2.2;5.0;0
METZ;49.11;6.17;18/09/2026;05:00;14;7;PLUIE FAIBLE;2.9;5.4;0
METZ;49.11;6.17;18/09/2026;06:00;14;7;PLUIE FAIBLE;1.9;5.4;0
METZ;49.11;6.17;18/09/2026;07:00;14;7;PLUIE FAIBLE;1.5;4.0;0
METZ;49.11;6.17;18/09/2026;08:00;14.9;6;AVERSES;2.3;4.7;0
METZ;49.11;6.17;18/09/2026;09:00;15.9;6;AVERSES;2.5;5.4;0
METZ;49.11;6.17;18/09/2026;10:00;16.8;6;AVERSES;4.6;12.2;0
METZ;49.11;6.17;18/09/2026;11:00;19.6;6;AVERSES;7.9;20.5;0
METZ;49.11;6.17;18/09/2026;12:00;19.6;6;AVERSES;11.6;28.4;0
METZ;49.11;6.17;18/09/2026;13:00;19.6;6;AVERSES;14.4;34.6;0
METZ;49.11;6.17;18/09/2026;14:00;20.5;6;AVERSES;14.3;36.0;0
METZ;49.11;6.17;18/09/2026;15:00;21.4;6;AVERSES;14.7;36.7;0
METZ;49.11;6.17;18/09/2026;16:00;20.5;6;AVERSES;14.0;35.6;0
METZ;49.11;6.17;18/09/2026;17:00;18.5;2;NUAGEUX;12.9;33.8;0
METZ;49.11;6.17;18/09/2026;18:00;18.5;2;NUAGEUX;11.1;31.3;0
METZ;49.11;6.17;18/09/2026;19:00;18.5;2;NUAGEUX;8.7;27.7;0
METZ;49.11;6.17;18/09/2026;20:00;16.8;6;AVERSES;6.7;23.8;0
METZ;49.11;6.17;18/09/2026;21:00;15.9;6;AVERSES;5.4;19.1;0
METZ;49.11;6.17;18/09/2026;22:00;14.9;6;AVERSES;4.7;14.4;0
METZ;49.11;6.17;18/09/2026;23:00;13.7;0;SOLEIL;4.7;10.8;0
METZ;49.11;6.17;19/09/2026;00:00;13.7;0;SOLEIL;4.7;9.4;0
METZ;49.11;6.17;19/09/2026;01:00;13.7;0;SOLEIL;4.6;9.4;0
METZ;49.11;6.17;19/09/2026;02:00;11.6;0;SOLEIL;4.7;9.7;0
METZ;49.11;6.17;19/09/2026;03:00;11.6;0;SOLEIL;5.4;11.2;0
METZ;49.11;6.17;19/09/2026;04:00;11.6;0;SOLEIL;6.3;13.0;0
METZ;49.11;6.17;19/09/2026;05:00;12.6;0;SOLEIL;7.0;14.8;0
METZ;49.11;6.17;19/09/2026;06:00;12.6;0;SOLEIL;7.2;15.5;0
METZ;49.11;6.17;19/09/2026;07:00;12.6;0;SOLEIL;6.9;15.8;0
METZ;49.11;6.17;19/09/2026;08:00;14.2;0;SOLEIL;6.9;16.9;0
METZ;49.11;6.17;19/09/2026;09:00;15.4;0;SOLEIL;7.2;19.1;0
METZ;49.11;6.17;19/09/2026;10:00;16.7;0;SOLEIL;8.6;22.0;0
METZ;49.11;6.17;19/09/2026;11:00;21.1;0;SOLEIL;9.7;24.8;0
METZ;49.11;6.17;19/09/2026;12:00;21.1;0;SOLEIL;10.8;27.4;0
METZ;49.11;6.17;19/09/2026;13:00;21.1;0;SOLEIL;12.0;29.9;0
METZ;49.11;6.17;19/09/2026;14:00;21.8;0;SOLEIL;12.8;31.7;0
METZ;49.11;6.17;19/09/2026;15:00;23.1;0;SOLEIL;13.3;32.8;0
METZ;49.11;6.17;19/09/2026;16:00;21.8;0;SOLEIL;13.4;33.5;0
METZ;49.11;6.17;19/09/2026;17:00;20.2;0;SOLEIL;12.7;32.8;0
METZ;49.11;6.17;19/09/2026;18:00;20.2;0;SOLEIL;10.7;30.6;0
METZ;49.11;6.17;19/09/2026;19:00;20.2;0;SOLEIL;8.2;27.4;0
METZ;49.11;6.17;19/09/2026;20:00;16.7;0;SOLEIL;6.4;23.4;0
METZ;49.11;6.17;19/09/2026;21:00;15.4;0;SOLEIL;5.1;18.4;0
METZ;49.11;6.17;19/09/2026;22:00;14.2;0;SOLEIL;4.1;13.0;0
METZ;49.11;6.17;19/09/2026;23:00;16;0;SOLEIL;3.3;9.0;0
METZ;49.11;6.17;20/09/2026;00:00;16;0;SOLEIL;3.1;7.6;0
METZ;49.11;6.17;20/09/2026;01:00;16;0;SOLEIL;3.6;7.2;0
METZ;49.11;6.17;20/09/2026;02:00;13.7;2;NUAGEUX;4.0;7.6;0
METZ;49.11;6.17;20/09/2026;03:00;13.7;2;NUAGEUX;4.4;7.6;0
METZ;49.11;6.17;20/09/2026;04:00;13.7;2;NUAGEUX;4.6;8.3;0
METZ;49.11;6.17;20/09/2026;05:00;14.7;0;SOLEIL;4.6;8.6;0
METZ;49.11;6.17;20/09/2026;06:00;14.7;0;SOLEIL;5.1;9.9;0
METZ;49.11;6.17;20/09/2026;07:00;14.7;0;SOLEIL;5.4;11.5;0
METZ;49.11;6.17;20/09/2026;08:00;16.0;2;NUAGEUX;6.1;13.1;0
METZ;49.11;6.17;20/09/2026;09:00;17.1;2;NUAGEUX;6.7;15.5;0
METZ;49.11;6.17;20/09/2026;10:00;18.3;2;NUAGEUX;9.5;21.2;0
METZ;49.11;6.17;20/09/2026;11:00;23;2;NUAGEUX;12.3;26.6;0
METZ;49.11;6.17;20/09/2026;12:00;23;2;NUAGEUX;14.3;31.0;0
METZ;49.11;6.17;20/09/2026;13:00;23;2;NUAGEUX;16.1;34.9;0
METZ;49.11;6.17;20/09/2026;14:00;22.9;2;NUAGEUX;17.3;37.4;0
METZ;49.11;6.17;20/09/2026;15:00;24.0;2;NUAGEUX;17.6;37.4;0
METZ;49.11;6.17;20/09/2026;16:00;22.9;2;NUAGEUX;16.8;36.0;0
METZ;49.11;6.17;20/09/2026;17:00;20.6;2;NUAGEUX;15.5;33.8;0
METZ;49.11;6.17;20/09/2026;18:00;20.6;2;NUAGEUX;13.2;31.3;0
METZ;49.11;6.17;20/09/2026;19:00;20.6;2;NUAGEUX;10.1;28.1;0
METZ;49.11;6.17;20/09/2026;20:00;18.3;2;NUAGEUX;7.7;24.8;0
METZ;49.11;6.17;20/09/2026;21:00;17.1;2;NUAGEUX;6.4;21.6;0
METZ;49.11;6.17;20/09/2026;22:00;16.0;2;NUAGEUX;6.6;18.0;0
METZ;49.11;6.17;20/09/2026;23:00;13.6;0;SOLEIL;7.6;16.2;0
METZ;49.11;6.17;21/09/2026;00:00;13.6;0;SOLEIL;8.3;16.6;0
METZ;49.11;6.17;21/09/2026;01:00;13.6;0;SOLEIL;8.8;18.4;0
METZ;49.11;6.17;21/09/2026;02:00;11.1;0;SOLEIL;9.6;20.2;0
METZ;49.11;6.17;21/09/2026;03:00;11.1;0;SOLEIL;10.5;22.3;0
METZ;49.11;6.17;21/09/2026;04:00;11.1;0;SOLEIL;11.5;24.5;0
METZ;49.11;6.17;21/09/2026;05:00;12.7;0;SOLEIL;12.1;25.9;0
METZ;49.11;6.17;21/09/2026;06:00;12.7;0;SOLEIL;12.3;25.9;0
METZ;49.11;6.17;21/09/2026;07:00;12.7;0;SOLEIL;12.2;25.2;0
METZ;49.11;6.17;21/09/2026;08:00;14.1;0;SOLEIL;12.3;25.6;0
METZ;49.11;6.17;21/09/2026;09:00;15.5;0;SOLEIL;13.2;28.1;0
METZ;49.11;6.17;21/09/2026;10:00;17.0;0;SOLEIL;15.2;31.7;0
METZ;49.11;6.17;21/09/2026;11:00;23.2;0;SOLEIL;17.0;35.3;0
METZ;49.11;6.17;21/09/2026;12:00;23.2;0;SOLEIL;18.4;38.5;0
METZ;49.11;6.17;21/09/2026;13:00;23.2;0;SOLEIL;19.4;41.0;0
METZ;49.11;6.17;21/09/2026;14:00;22.9;0;SOLEIL;19.8;42.5;0
METZ;49.11;6.17;21/09/2026;15:00;24.4;0;SOLEIL;19.1;41.4;0
METZ;49.11;6.17;21/09/2026;16:00;22.9;0;SOLEIL;17.4;39.2;0
METZ;49.11;6.17;21/09/2026;17:00;20.7;0;SOLEIL;15.3;36.0;0
METZ;49.11;6.17;21/09/2026;18:00;20.7;0;SOLEIL;12.2;32.0;0
METZ;49.11;6.17;21/09/2026;19:00;20.7;0;SOLEIL;8.4;27.7;0
METZ;49.11;6.17;21/09/2026;20:00;17.0;0;SOLEIL;5.8;23.0;0
METZ;49.11;6.17;21/09/2026;21:00;15.5;0;SOLEIL;4.6;18.4;0
METZ;49.11;6.17;21/09/2026;22:00;14.1;0;SOLEIL;4.1;14.0;0
METZ;49.11;6.17;21/09/2026;23:00;14.2;0;SOLEIL;3.6;10.8;0
NANTES;47.21;-1.55;15/09/2026;00:00;19;0;SOLEIL;4.7;12.6;0
NANTES;47.21;-1.55;15/09/2026;01:00;18.4;0;SOLEIL;4.7;9.7;0
NANTES;47.21;-1.55;15/09/2026;02:00;18.4;0;SOLEIL;4.2;11.2;0
NANTES;47.21;-1.55;15/09/2026;03:00;17.6;0;SOLEIL;4.7;12.6;0
NANTES;47.21;-1.55;15/09/2026;04:00;17.2;0;SOLEIL;5.9;13.0;0
NANTES;47.21;-1.55;15/09/2026;05:00;17.2;0;SOLEIL;4.8;11.9;0
NANTES;47.21;-1.55;15/09/2026;06:00;17.3;0;SOLEIL;6.2;12.2;0
NANTES;47.21;-1.55;15/09/2026;07:00;18.2;0;SOLEIL;5.0;11.5;0
NANTES;47.21;-1.55;15/09/2026;08:00;22.1;0;SOLEIL;4.8;11.2;0
NANTES;47.21;-1.55;15/09/2026;09:00;24.8;0;SOLEIL;3.7;10.8;0
NANTES;47.21;-1.55;15/09/2026;10:00;26.6;0;SOLEIL;5.1;13.3;0
NANTES;47.21;-1.55;15/09/2026;11:00;27.6;0;SOLEIL;1.3;14.0;0
NANTES;47.21;-1.55;15/09/2026;12:00;28.1;0;SOLEIL;2.3;12.2;0
NANTES;47.21;-1.55;15/09/2026;13:00;29.2;0;SOLEIL;2.6;16.6;0
NANTES;47.21;-1.55;15/09/2026;14:00;29.7;0;SOLEIL;6.4;20.2;0
NANTES;47.21;-1.55;15/09/2026;15:00;29.2;5;SOLEIL VOILÉ;2.3;17.6;0
NANTES;47.21;-1.55;15/09/2026;16:00;28.6;5;SOLEIL VOILÉ;5.1;16.6;0
NANTES;47.21;-1.55;15/09/2026;17:00;26.6;2;NUAGEUX;6.2;17.6;0
NANTES;47.21;-1.55;15/09/2026;18:00;22.1;2;NUAGEUX;6.8;17.6;0
NANTES;47.21;-1.55;15/09/2026;19:00;19.2;2;NUAGEUX;7.1;16.5;0
NANTES;47.21;-1.55;15/09/2026;20:00;18.4;0;SOLEIL;9.3;16.7;0
NANTES;47.21;-1.55;15/09/2026;21:00;18;2;NUAGEUX;9.6;19.5;0
NANTES;47.21;-1.55;15/09/2026;22:00;18.1;0;SOLEIL;7.4;16.9;0
NANTES;47.21;-1.55;15/09/2026;23:00;17.1;0;SOLEIL;5.9;13.0;0
NANTES;47.21;-1.55;16/09/2026;00:00;15.9;0;SOLEIL;2.5;10.1;0
NANTES;47.21;-1.55;16/09/2026;01:00;15.9;0;SOLEIL;3.7;4.7;0
NANTES;47.21;-1.55;16/09/2026;02:00;14.6;0;SOLEIL;1.8;5.4;0
NANTES;47.21;-1.55;16/09/2026;03:00;14.6;0;SOLEIL;3.2;3.6;0
NANTES;47.21;-1.55;16/09/2026;04:00;14.6;0;SOLEIL;3.7;5.4;0
NANTES;47.21;-1.55;16/09/2026;05:00;14;0;SOLEIL;3.7;5.8;0
NANTES;47.21;-1.55;16/09/2026;06:00;14;0;SOLEIL;3.1;5.4;0
NANTES;47.21;-1.55;16/09/2026;07:00;14;0;SOLEIL;7.1;11.9;0
NANTES;47.21;-1.55;16/09/2026;08:00;18.9;0;SOLEIL;3.7;11.5;0
NANTES;47.21;-1.55;16/09/2026;09:00;18.9;0;SOLEIL;4.0;8.6;0
NANTES;47.21;-1.55;16/09/2026;10:00;18.9;0;SOLEIL;6.8;15.1;0
NANTES;47.21;-1.55;16/09/2026;11:00;22.6;0;SOLEIL;11.5;25.6;0
NANTES;47.21;-1.55;16/09/2026;12:00;22.6;0;SOLEIL;9.0;24.5;0
NANTES;47.21;-1.55;16/09/2026;13:00;22.6;0;SOLEIL;10.2;24.5;0
NANTES;47.21;-1.55;16/09/2026;14:00;22.9;0;SOLEIL;12.7;28.1;0
NANTES;47.21;-1.55;16/09/2026;15:00;22.9;0;SOLEIL;14.5;31.3;0
NANTES;47.21;-1.55;16/09/2026;16:00;22.9;0;SOLEIL;15.2;32.8;0
NANTES;47.21;-1.55;16/09/2026;17:00;21.6;0;SOLEIL;15.6;32.4;0
NANTES;47.21;-1.55;16/09/2026;18:00;21.6;0;SOLEIL;18.8;37.1;0
NANTES;47.21;-1.55;16/09/2026;19:00;21.6;0;SOLEIL;25.7;51.1;0
NANTES;47.21;-1.55;16/09/2026;20:00;18.5;0;SOLEIL;21.2;50.4;0
NANTES;47.21;-1.55;16/09/2026;21:00;18.5;0;SOLEIL;17.7;42.5;0
NANTES;47.21;-1.55;16/09/2026;22:00;18.5;0;SOLEIL;16.5;37.1;0
NANTES;47.21;-1.55;16/09/2026;23:00;15.5;5;SOLEIL VOILÉ;16.9;34.2;0
NANTES;47.21;-1.55;17/09/2026;00:00;15.5;5;SOLEIL VOILÉ;12.3;33.8;0
NANTES;47.21;-1.55;17/09/2026;01:00;15.5;5;SOLEIL VOILÉ;9.4;24.8;0
NANTES;47.21;-1.55;17/09/2026;02:00;14;5;SOLEIL VOILÉ;9.8;19.4;0
NANTES;47.21;-1.55;17/09/2026;03:00;14;5;SOLEIL VOILÉ;11.2;22.7;0
NANTES;47.21;-1.55;17/09/2026;04:00;14;5;SOLEIL VOILÉ;10.8;22.7;0
NANTES;47.21;-1.55;17/09/2026;05:00;14;5;SOLEIL VOILÉ;9.9;21.2;0
NANTES;47.21;-1.55;17/09/2026;06:00;14;5;SOLEIL VOILÉ;9.4;19.1;0
NANTES;47.21;-1.55;17/09/2026;07:00;14;5;SOLEIL VOILÉ;8.9;16.9;0
NANTES;47.21;-1.55;17/09/2026;08:00;18.9;5;SOLEIL VOILÉ;9.0;16.6;0
NANTES;47.21;-1.55;17/09/2026;09:00;18.9;5;SOLEIL VOILÉ;9.8;20.5;0
NANTES;47.21;-1.55;17/09/2026;10:00;18.9;5;SOLEIL VOILÉ;10.0;21.6;0
NANTES;47.21;-1.55;17/09/2026;11:00;21.1;2;NUAGEUX;12.1;25.9;0
NANTES;47.21;-1.55;17/09/2026;12:00;21.1;2;NUAGEUX;11.1;25.4;0
NANTES;47.21;-1.55;17/09/2026;13:00;21.1;2;NUAGEUX;10.2;25.9;0
NANTES;47.21;-1.55;17/09/2026;14:00;20.6;2;NUAGEUX;11.0;27.5;0
NANTES;47.21;-1.55;17/09/2026;15:00;20.6;2;NUAGEUX;13.1;29.9;0
NANTES;47.21;-1.55;17/09/2026;16:00;20.6;2;NUAGEUX;11.7;29.9;0
NANTES;47.21;-1.55;17/09/2026;17:00;19.5;2;NUAGEUX;13.4;30.2;0
NANTES;47.21;-1.55;17/09/2026;18:00;19.5;2;NUAGEUX;18.8;34.6;0
NANTES;47.21;-1.55;17/09/2026;19:00;19.5;2;NUAGEUX;13.4;33.8;0
NANTES;47.21;-1.55;17/09/2026;20:00;17.2;2;NUAGEUX;15.9;26.3;0
NANTES;47.21;-1.55;17/09/2026;21:00;16.3;2;NUAGEUX;14.7;30.2;0
NANTES;47.21;-1.55;17/09/2026;22:00;15.3;2;NUAGEUX;16.0;20.2;0
NANTES;47.21;-1.55;17/09/2026;23:00;15.9;0;SOLEIL;15.7;26.3;0
NANTES;47.21;-1.55;18/09/2026;00:00;15.9;0;SOLEIL;13.8;25.6;0
NANTES;47.21;-1.55;18/09/2026;01:00;15.9;0;SOLEIL;10.8;22.0;0
NANTES;47.21;-1.55;18/09/2026;02:00;11.9;2;NUAGEUX;8.0;16.6;0
NANTES;47.21;-1.55;18/09/2026;03:00;11.9;2;NUAGEUX;4.7;11.2;0
NANTES;47.21;-1.55;18/09/2026;04:00;11.9;2;NUAGEUX;3.6;6.5;0
NANTES;47.21;-1.55;18/09/2026;05:00;12.6;0;SOLEIL;3.0;5.0;0
NANTES;47.21;-1.55;18/09/2026;06:00;12.6;0;SOLEIL;4.4;4.3;0
NANTES;47.21;-1.55;18/09/2026;07:00;12.6;0;SOLEIL;4.6;4.7;0
NANTES;47.21;-1.55;18/09/2026;08:00;14.1;2;NUAGEUX;4.4;4.7;0
NANTES;47.21;-1.55;18/09/2026;09:00;15.3;2;NUAGEUX;4.6;7.6;0
NANTES;47.21;-1.55;18/09/2026;10:00;16.4;2;NUAGEUX;7.3;13.0;0
NANTES;47.21;-1.55;18/09/2026;11:00;20.9;2;NUAGEUX;12.0;22.3;0
NANTES;47.21;-1.55;18/09/2026;12:00;20.9;2;NUAGEUX;16.0;29.9;0
NANTES;47.21;-1.55;18/09/2026;13:00;20.9;2;NUAGEUX;17.9;34.6;0
NANTES;47.21;-1.55;18/09/2026;14:00;20.9;2;NUAGEUX;19.6;37.4;0
NANTES;47.21;-1.55;18/09/2026;15:00;22.0;2;NUAGEUX;20.3;37.4;0
NANTES;47.21;-1.55;18/09/2026;16:00;20.9;2;NUAGEUX;17.5;36.4;0
NANTES;47.21;-1.55;18/09/2026;17:00;19.4;2;NUAGEUX;17.9;30.6;0
NANTES;47.21;-1.55;18/09/2026;18:00;19.4;2;NUAGEUX;18.4;32.0;0
NANTES;47.21;-1.55;18/09/2026;19:00;19.4;2;NUAGEUX;19.1;32.8;0
NANTES;47.21;-1.55;18/09/2026;20:00;16.4;2;NUAGEUX;17.8;32.8;0
NANTES;47.21;-1.55;18/09/2026;21:00;15.3;2;NUAGEUX;15.8;29.5;0
NANTES;47.21;-1.55;18/09/2026;22:00;14.1;2;NUAGEUX;9.0;24.5;0
NANTES;47.21;-1.55;18/09/2026;23:00;15.9;0;SOLEIL;6.8;13.7;0
NANTES;47.21;-1.55;19/09/2026;00:00;15.9;0;SOLEIL;10.3;13.3;0
NANTES;47.21;-1.55;19/09/2026;01:00;15.9;0;SOLEIL;12.2;24.8;0
NANTES;47.21;-1.55;19/09/2026;02:00;14.1;0;SOLEIL;8.7;19.1;0
NANTES;47.21;-1.55;19/09/2026;03:00;14.1;0;SOLEIL;6.0;13.7;0
NANTES;47.21;-1.55;19/09/2026;04:00;14.1;0;SOLEIL;5.4;9.0;0
NANTES;47.21;-1.55;19/09/2026;05:00;15.1;0;SOLEIL;5.4;8.6;0
NANTES;47.21;-1.55;19/09/2026;06:00;15.1;0;SOLEIL;5.1;7.2;0
NANTES;47.21;-1.55;19/09/2026;07:00;15.1;0;SOLEIL;6.4;8.6;0
NANTES;47.21;-1.55;19/09/2026;08:00;16.4;0;SOLEIL;5.6;9.4;0
NANTES;47.21;-1.55;19/09/2026;09:00;17.6;0;SOLEIL;4.6;7.9;0
NANTES;47.21;-1.55;19/09/2026;10:00;18.7;0;SOLEIL;3.6;7.9;0
NANTES;47.21;-1.55;19/09/2026;11:00;22.9;7;PLUIE FAIBLE;3.9;11.2;0
NANTES;47.21;-1.55;19/09/2026;12:00;22.9;7;PLUIE FAIBLE;3.7;14.6;0
NANTES;47.21;-1.55;19/09/2026;13:00;22.9;7;PLUIE FAIBLE;7.6;21.8;0
NANTES;47.21;-1.55;19/09/2026;14:00;23.3;0;SOLEIL;10.9;27.4;0
NANTES;47.21;-1.55;19/09/2026;15:00;24.5;0;SOLEIL;11.6;29.5;0
NANTES;47.21;-1.55;19/09/2026;16:00;23.3;0;SOLEIL;11.2;29.5;0
NANTES;47.21;-1.55;19/09/2026;17:00;21.9;2;NUAGEUX;11.1;29.9;0
NANTES;47.21;-1.55;19/09/2026;18:00;21.9;2;NUAGEUX;11.9;31.3;0
NANTES;47.21;-1.55;19/09/2026;19:00;21.9;2;NUAGEUX;13.0;33.1;0
NANTES;47.21;-1.55;19/09/2026;20:00;18.7;0;SOLEIL;13.5;33.8;0
NANTES;47.21;-1.55;19/09/2026;21:00;17.6;0;SOLEIL;12.4;32.8;0
NANTES;47.21;-1.55;19/09/2026;22:00;16.4;0;SOLEIL;10.5;30.2;0
NANTES;47.21;-1.55;19/09/2026;23:00;16.9;0;SOLEIL;8.9;27.4;0
NANTES;47.21;-1.55;20/09/2026;00:00;16.9;0;SOLEIL;8.2;23.8;0
NANTES;47.21;-1.55;20/09/2026;01:00;16.9;0;SOLEIL;8.0;19.4;0
NANTES;47.21;-1.55;20/09/2026;02:00;14.2;0;SOLEIL;7.7;16.2;0
NANTES;47.21;-1.55;20/09/2026;03:00;14.2;0;SOLEIL;6.5;14.8;0
NANTES;47.21;-1.55;20/09/2026;04:00;14.2;0;SOLEIL;4.8;14.0;0
NANTES;47.21;-1.55;20/09/2026;05:00;15;0;SOLEIL;4.1;13.7;0
NANTES;47.21;-1.55;20/09/2026;06:00;15;0;SOLEIL;4.9;13.3;0
NANTES;47.21;-1.55;20/09/2026;07:00;15;0;SOLEIL;6.3;13.7;0
NANTES;47.21;-1.55;20/09/2026;08:00;16.6;0;SOLEIL;7.9;14.8;0
NANTES;47.21;-1.55;20/09/2026;09:00;17.8;0;SOLEIL;9.1;17.3;0
NANTES;47.21;-1.55;20/09/2026;10:00;19.0;0;SOLEIL;10.3;20.9;0
NANTES;47.21;-1.55;20/09/2026;11:00;23;0;SOLEIL;11.4;24.5;0
NANTES;47.21;-1.55;20/09/2026;12:00;23;0;SOLEIL;12.9;28.4;0
NANTES;47.21;-1.55;20/09/2026;13:00;23;0;SOLEIL;14.6;32.0;0
NANTES;47.21;-1.55;20/09/2026;14:00;23.7;0;SOLEIL;15.8;35.3;0
NANTES;47.21;-1.55;20/09/2026;15:00;24.9;0;SOLEIL;16.9;37.1;0
NANTES;47.21;-1.55;20/09/2026;16:00;23.7;0;SOLEIL;17.3;37.8;0
NANTES;47.21;-1.55;20/09/2026;17:00;23.6;0;SOLEIL;17.2;38.5;0
NANTES;47.21;-1.55;20/09/2026;18:00;23.6;0;SOLEIL;15.5;39.2;0
NANTES;47.21;-1.55;20/09/2026;19:00;23.6;0;SOLEIL;12.9;40.0;0
NANTES;47.21;-1.55;20/09/2026;20:00;19.0;0;SOLEIL;10.7;38.5;0
NANTES;47.21;-1.55;20/09/2026;21:00;17.8;0;SOLEIL;9.3;33.5;0
NANTES;47.21;-1.55;20/09/2026;22:00;16.6;0;SOLEIL;8.2;26.6;0
NANTES;47.21;-1.55;20/09/2026;23:00;17.6;0;SOLEIL;7.6;20.9;0
NANTES;47.21;-1.55;21/09/2026;00:00;17.6;0;SOLEIL;7.5;17.6;0
NANTES;47.21;-1.55;21/09/2026;01:00;17.6;0;SOLEIL;7.9;15.5;0
NANTES;47.21;-1.55;21/09/2026;02:00;14.1;0;SOLEIL;7.9;14.0;0
NANTES;47.21;-1.55;21/09/2026;03:00;14.1;0;SOLEIL;7.4;13.7;0
NANTES;47.21;-1.55;21/09/2026;04:00;14.1;0;SOLEIL;6.6;14.0;0
NANTES;47.21;-1.55;21/09/2026;05:00;14.7;0;SOLEIL;5.7;14.0;0
NANTES;47.21;-1.55;21/09/2026;06:00;14.7;0;SOLEIL;5.1;13.7;0
NANTES;47.21;-1.55;21/09/2026;07:00;14.7;0;SOLEIL;5.3;13.3;0
NANTES;47.21;-1.55;21/09/2026;08:00;16.7;0;SOLEIL;5.9;13.0;0
NANTES;47.21;-1.55;21/09/2026;09:00;18.0;0;SOLEIL;3.1;14.0;0
NANTES;47.21;-1.55;21/09/2026;10:00;19.3;0;SOLEIL;2.8;14.4;0
NANTES;47.21;-1.55;21/09/2026;11:00;24;0;SOLEIL;2.4;14.8;0
NANTES;47.21;-1.55;21/09/2026;12:00;24;0;SOLEIL;2.4;15.1;0
NANTES;47.21;-1.55;21/09/2026;13:00;24;0;SOLEIL;2.4;15.8;0
NANTES;47.21;-1.55;21/09/2026;14:00;24.4;0;SOLEIL;2.5;16.2;0
NANTES;47.21;-1.55;21/09/2026;15:00;25.7;0;SOLEIL;3.0;16.9;0
NANTES;47.21;-1.55;21/09/2026;16:00;24.4;0;SOLEIL;3.5;17.3;0
NANTES;47.21;-1.55;21/09/2026;17:00;24.1;0;SOLEIL;4.4;18.0;0
NANTES;47.21;-1.55;21/09/2026;18:00;24.1;0;SOLEIL;5.2;18.7;0
NANTES;47.21;-1.55;21/09/2026;19:00;24.1;0;SOLEIL;6.0;19.4;0
NANTES;47.21;-1.55;21/09/2026;20:00;19.3;0;SOLEIL;6.8;20.2;0
NANTES;47.21;-1.55;21/09/2026;21:00;18.0;0;SOLEIL;7.6;20.9;0
NANTES;47.21;-1.55;21/09/2026;22:00;16.7;0;SOLEIL;8.5;21.2;0
NANTES;47.21;-1.55;21/09/2026;23:00;18.5;0;SOLEIL;9.3;21.6;0
TOURS;47.39;0.68;15/09/2026;00:00;19.5;0;SOLEIL;3.7;7.2;0
TOURS;47.39;0.68;15/09/2026;01:00;19.3;0;SOLEIL;4.0;7.9;0
TOURS;47.39;0.68;15/09/2026;02:00;18.7;0;SOLEIL;4.4;8.3;0
TOURS;47.39;0.68;15/09/2026;03:00;18.4;0;SOLEIL;2.5;7.9;0
TOURS;47.39;0.68;15/09/2026;04:00;17.7;0;SOLEIL;1.8;5.8;0
TOURS;47.39;0.68;15/09/2026;05:00;17.7;0;SOLEIL;2.2;3.6;0
TOURS;47.39;0.68;15/09/2026;06:00;17.1;0;SOLEIL;2.6;4.7;0
TOURS;47.39;0.68;15/09/2026;07:00;19.5;0;SOLEIL;1.8;4.3;0
TOURS;47.39;0.68;15/09/2026;08:00;22.1;0;SOLEIL;2.1;3.2;0
TOURS;47.39;0.68;15/09/2026;09:00;25.8;0;SOLEIL;2.8;6.1;0
TOURS;47.39;0.68;15/09/2026;10:00;27.7;0;SOLEIL;4.5;10.8;0
TOURS;47.39;0.68;15/09/2026;11:00;29.4;0;SOLEIL;4.0;11.9;0
TOURS;47.39;0.68;15/09/2026;12:00;30.7;0;SOLEIL;0.4;9.0;0
TOURS;47.39;0.68;15/09/2026;13:00;30.4;0;SOLEIL;1.3;5.8;0
TOURS;47.39;0.68;15/09/2026;14:00;31.6;0;SOLEIL;2.3;10.8;0
TOURS;47.39;0.68;15/09/2026;15:00;31.5;0;SOLEIL;3.6;10.4;0
TOURS;47.39;0.68;15/09/2026;16:00;30.9;0;SOLEIL;6.2;14.0;0
TOURS;47.39;0.68;15/09/2026;17:00;30.1;0;SOLEIL;9.1;13.3;0
TOURS;47.39;0.68;15/09/2026;18:00;27.9;0;SOLEIL;7.2;13.0;0
TOURS;47.39;0.68;15/09/2026;19:00;23.7;5;SOLEIL VOILÉ;6.0;11.2;0
TOURS;47.39;0.68;15/09/2026;20:00;22.2;5;SOLEIL VOILÉ;5.4;13.0;0
TOURS;47.39;0.68;15/09/2026;21:00;20.9;0;SOLEIL;4.1;10.1;0
TOURS;47.39;0.68;15/09/2026;22:00;19.7;2;NUAGEUX;2.9;7.6;0
TOURS;47.39;0.68;15/09/2026;23:00;18.4;2;NUAGEUX;2.2;5.0;0
TOURS;47.39;0.68;16/09/2026;00:00;17.8;2;NUAGEUX;1.8;4.3;0
TOURS;47.39;0.68;16/09/2026;01:00;17.8;2;NUAGEUX;0.5;2.9;0
TOURS;47.39;0.68;16/09/2026;02:00;16.1;0;SOLEIL;1.0;1.4;0
TOURS;47.39;0.68;16/09/2026;03:00;16.1;0;SOLEIL;1.8;1.8;0
TOURS;47.39;0.68;16/09/2026;04:00;16.1;0;SOLEIL;2.3;4.3;0
TOURS;47.39;0.68;16/09/2026;05:00;14.4;0;SOLEIL;1.8;3.6;0
TOURS;47.39;0.68;16/09/2026;06:00;14.4;0;SOLEIL;1.4;3.6;0
TOURS;47.39;0.68;16/09/2026;07:00;14.4;0;SOLEIL;1.8;3.6;0
TOURS;47.39;0.68;16/09/2026;08:00;18.5;0;SOLEIL;1.8;4.0;0
TOURS;47.39;0.68;16/09/2026;09:00;18.5;0;SOLEIL;1.3;3.6;0
TOURS;47.39;0.68;16/09/2026;10:00;18.5;0;SOLEIL;2.5;6.5;0
TOURS;47.39;0.68;16/09/2026;11:00;21.4;0;SOLEIL;5.2;11.9;0
TOURS;47.39;0.68;16/09/2026;12:00;21.4;0;SOLEIL;9.5;20.9;0
TOURS;47.39;0.68;16/09/2026;13:00;21.4;0;SOLEIL;10.9;23.4;0
TOURS;47.39;0.68;16/09/2026;14:00;22.7;2;NUAGEUX;11.5;25.2;0
TOURS;47.39;0.68;16/09/2026;15:00;22.7;2;NUAGEUX;12.6;27.4;0
TOURS;47.39;0.68;16/09/2026;16:00;22.7;2;NUAGEUX;13.8;29.5;0
TOURS;47.39;0.68;16/09/2026;17:00;22.1;0;SOLEIL;14.8;31.3;0
TOURS;47.39;0.68;16/09/2026;18:00;22.1;0;SOLEIL;14.1;31.3;0
TOURS;47.39;0.68;16/09/2026;19:00;22.1;0;SOLEIL;17.1;34.9;0
TOURS;47.39;0.68;16/09/2026;20:00;17.6;0;SOLEIL;15.3;33.5;0
TOURS;47.39;0.68;16/09/2026;21:00;17.6;0;SOLEIL;14.0;29.2;0
TOURS;47.39;0.68;16/09/2026;22:00;17.6;0;SOLEIL;15.3;32.8;0
TOURS;47.39;0.68;16/09/2026;23:00;14.7;0;SOLEIL;12.9;30.6;0
TOURS;47.39;0.68;17/09/2026;00:00;14.7;0;SOLEIL;11.7;25.6;0
TOURS;47.39;0.68;17/09/2026;01:00;14.7;0;SOLEIL;13.7;28.1;0
TOURS;47.39;0.68;17/09/2026;02:00;12.6;5;SOLEIL VOILÉ;11.5;28.4;0
TOURS;47.39;0.68;17/09/2026;03:00;12.6;5;SOLEIL VOILÉ;8.7;22.0;0
TOURS;47.39;0.68;17/09/2026;04:00;12.6;5;SOLEIL VOILÉ;6.7;17.3;0
TOURS;47.39;0.68;17/09/2026;05:00;12.6;5;SOLEIL VOILÉ;6.2;13.7;0
TOURS;47.39;0.68;17/09/2026;06:00;12.6;5;SOLEIL VOILÉ;6.1;12.6;0
TOURS;47.39;0.68;17/09/2026;07:00;12.6;5;SOLEIL VOILÉ;6.1;12.6;0
TOURS;47.39;0.68;17/09/2026;08:00;17.6;5;SOLEIL VOILÉ;6.5;13.0;0
TOURS;47.39;0.68;17/09/2026;09:00;17.6;5;SOLEIL VOILÉ;7.6;16.2;0
TOURS;47.39;0.68;17/09/2026;10:00;17.6;5;SOLEIL VOILÉ;7.9;17.3;0
TOURS;47.39;0.68;17/09/2026;11:00;20.4;2;NUAGEUX;7.9;18.4;0
TOURS;47.39;0.68;17/09/2026;12:00;20.4;2;NUAGEUX;9.8;21.9;0
TOURS;47.39;0.68;17/09/2026;13:00;20.4;2;NUAGEUX;9.3;24.1;0
TOURS;47.39;0.68;17/09/2026;14:00;20.7;2;NUAGEUX;11.1;26.8;0
TOURS;47.39;0.68;17/09/2026;15:00;20.7;2;NUAGEUX;10.8;28.1;0
TOURS;47.39;0.68;17/09/2026;16:00;20.7;2;NUAGEUX;11.0;27.0;0
TOURS;47.39;0.68;17/09/2026;17:00;20.2;2;NUAGEUX;12.7;29.5;0
TOURS;47.39;0.68;17/09/2026;18:00;20.2;2;NUAGEUX;11.9;29.5;0
TOURS;47.39;0.68;17/09/2026;19:00;20.2;2;NUAGEUX;10.5;27.7;0
TOURS;47.39;0.68;17/09/2026;20:00;16.0;2;NUAGEUX;7.4;23.8;0
TOURS;47.39;0.68;17/09/2026;21:00;14.9;2;NUAGEUX;6.4;16.2;0
TOURS;47.39;0.68;17/09/2026;22:00;13.8;2;NUAGEUX;6.4;14.8;0
TOURS;47.39;0.68;17/09/2026;23:00;16;0;SOLEIL;8.2;18.0;0
TOURS;47.39;0.68;18/09/2026;00:00;16;0;SOLEIL;7.7;18.0;0
TOURS;47.39;0.68;18/09/2026;01:00;16;0;SOLEIL;5.4;16.6;0
TOURS;47.39;0.68;18/09/2026;02:00;12.1;7;PLUIE FAIBLE;3.6;11.5;0
TOURS;47.39;0.68;18/09/2026;03:00;12.1;7;PLUIE FAIBLE;3.0;7.2;0
TOURS;47.39;0.68;18/09/2026;04:00;12.1;7;PLUIE FAIBLE;3.3;6.5;0
TOURS;47.39;0.68;18/09/2026;05:00;12.9;7;PLUIE FAIBLE;3.1;6.5;0
TOURS;47.39;0.68;18/09/2026;06:00;12.9;7;PLUIE FAIBLE;3.1;6.5;0
TOURS;47.39;0.68;18/09/2026;07:00;12.9;7;PLUIE FAIBLE;3.1;6.1;0
TOURS;47.39;0.68;18/09/2026;08:00;14.3;7;PLUIE FAIBLE;3.3;6.5;0
TOURS;47.39;0.68;18/09/2026;09:00;15.4;7;PLUIE FAIBLE;3.1;7.2;0
TOURS;47.39;0.68;18/09/2026;10:00;16.5;7;PLUIE FAIBLE;6.4;15.8;0
TOURS;47.39;0.68;18/09/2026;11:00;20.6;7;PLUIE FAIBLE;7.6;18.7;0
TOURS;47.39;0.68;18/09/2026;12:00;20.6;7;PLUIE FAIBLE;9.8;24.1;0
TOURS;47.39;0.68;18/09/2026;13:00;20.6;7;PLUIE FAIBLE;12.4;29.2;0
TOURS;47.39;0.68;18/09/2026;14:00;21.0;7;PLUIE FAIBLE;14.2;33.1;0
TOURS;47.39;0.68;18/09/2026;15:00;22.1;7;PLUIE FAIBLE;14.9;35.3;0
TOURS;47.39;0.68;18/09/2026;16:00;21.0;7;PLUIE FAIBLE;15.3;36.0;0
TOURS;47.39;0.68;18/09/2026;17:00;19.6;2;NUAGEUX;14.2;35.3;0
TOURS;47.39;0.68;18/09/2026;18:00;19.6;2;NUAGEUX;11.4;31.7;0
TOURS;47.39;0.68;18/09/2026;19:00;19.6;2;NUAGEUX;7.9;26.3;0
TOURS;47.39;0.68;18/09/2026;20:00;16.5;7;PLUIE FAIBLE;5.6;22.0;0
TOURS;47.39;0.68;18/09/2026;21:00;15.4;7;PLUIE FAIBLE;5.7;20.2;0
TOURS;47.39;0.68;18/09/2026;22:00;14.3;7;PLUIE FAIBLE;6.8;19.4;0
TOURS;47.39;0.68;18/09/2026;23:00;14.2;0;SOLEIL;8.0;19.1;0
TOURS;47.39;0.68;19/09/2026;00:00;14.2;0;SOLEIL;8.8;19.4;0
TOURS;47.39;0.68;19/09/2026;01:00;14.2;0;SOLEIL;9.2;20.2;0
TOURS;47.39;0.68;19/09/2026;02:00;11.6;2;NUAGEUX;9.2;19.8;0
TOURS;47.39;0.68;19/09/2026;03:00;11.6;2;NUAGEUX;7.7;18.0;0
TOURS;47.39;0.68;19/09/2026;04:00;11.6;2;NUAGEUX;6.2;15.1;0
TOURS;47.39;0.68;19/09/2026;05:00;12.6;0;SOLEIL;5.6;13.0;0
TOURS;47.39;0.68;19/09/2026;06:00;12.6;0;SOLEIL;5.2;11.2;0
TOURS;47.39;0.68;19/09/2026;07:00;12.6;0;SOLEIL;5.0;9.7;0
TOURS;47.39;0.68;19/09/2026;08:00;14.4;2;NUAGEUX;4.8;9.7;0
TOURS;47.39;0.68;19/09/2026;09:00;15.8;2;NUAGEUX;5.3;11.9;0
TOURS;47.39;0.68;19/09/2026;10:00;17.2;2;NUAGEUX;6.4;15.5;0
TOURS;47.39;0.68;19/09/2026;11:00;21.7;2;NUAGEUX;7.1;18.4;0
TOURS;47.39;0.68;19/09/2026;12:00;21.7;2;NUAGEUX;8.0;20.5;0
TOURS;47.39;0.68;19/09/2026;13:00;21.7;2;NUAGEUX;8.8;22.0;0
TOURS;47.39;0.68;19/09/2026;14:00;22.7;2;NUAGEUX;9.4;23.4;0
TOURS;47.39;0.68;19/09/2026;15:00;24.1;2;NUAGEUX;10.1;25.2;0
TOURS;47.39;0.68;19/09/2026;16:00;22.7;2;NUAGEUX;10.8;26.6;0
TOURS;47.39;0.68;19/09/2026;17:00;21.6;2;NUAGEUX;10.5;27.4;0
TOURS;47.39;0.68;19/09/2026;18:00;21.6;2;NUAGEUX;9.0;26.3;0
TOURS;47.39;0.68;19/09/2026;19:00;21.6;2;NUAGEUX;7.2;24.5;0
TOURS;47.39;0.68;19/09/2026;20:00;17.2;2;NUAGEUX;6.2;22.3;0
TOURS;47.39;0.68;19/09/2026;21:00;15.8;2;NUAGEUX;6.4;20.5;0
TOURS;47.39;0.68;19/09/2026;22:00;14.4;2;NUAGEUX;7.3;18.7;0
TOURS;47.39;0.68;19/09/2026;23:00;16.1;0;SOLEIL;8.0;17.3;0
TOURS;47.39;0.68;20/09/2026;00:00;16.1;0;SOLEIL;7.5;16.9;0
TOURS;47.39;0.68;20/09/2026;01:00;16.1;0;SOLEIL;7.5;17.3;0
TOURS;47.39;0.68;20/09/2026;02:00;12.9;0;SOLEIL;7.9;17.6;0
TOURS;47.39;0.68;20/09/2026;03:00;12.9;0;SOLEIL;8.8;18.7;0
TOURS;47.39;0.68;20/09/2026;04:00;12.9;0;SOLEIL;9.1;19.8;0
TOURS;47.39;0.68;20/09/2026;05:00;14;0;SOLEIL;9.6;20.9;0
TOURS;47.39;0.68;20/09/2026;06:00;14;0;SOLEIL;9.8;21.2;0
TOURS;47.39;0.68;20/09/2026;07:00;14;0;SOLEIL;9.9;21.8;0
TOURS;47.39;0.68;20/09/2026;08:00;15.5;0;SOLEIL;10.2;22.1;0
TOURS;47.39;0.68;20/09/2026;09:00;16.8;0;SOLEIL;6.8;13.3;0
TOURS;47.39;0.68;20/09/2026;10:00;18.1;0;SOLEIL;9.0;18.4;0
TOURS;47.39;0.68;20/09/2026;11:00;23.2;0;SOLEIL;11.2;23.0;0
TOURS;47.39;0.68;20/09/2026;12:00;23.2;0;SOLEIL;13.0;27.0;0
TOURS;47.39;0.68;20/09/2026;13:00;23.2;0;SOLEIL;14.8;30.6;0
TOURS;47.39;0.68;20/09/2026;14:00;23.4;0;SOLEIL;15.8;33.1;0
TOURS;47.39;0.68;20/09/2026;15:00;24.7;0;SOLEIL;16.6;34.2;0
TOURS;47.39;0.68;20/09/2026;16:00;23.4;0;SOLEIL;16.9;34.6;0
TOURS;47.39;0.68;20/09/2026;17:00;21.9;0;SOLEIL;16.9;33.8;0
TOURS;47.39;0.68;20/09/2026;18:00;21.9;0;SOLEIL;15.3;32.8;0
TOURS;47.39;0.68;20/09/2026;19:00;21.9;0;SOLEIL;13.1;30.6;0
TOURS;47.39;0.68;20/09/2026;20:00;18.1;0;SOLEIL;11.0;28.1;0
TOURS;47.39;0.68;20/09/2026;21:00;16.8;0;SOLEIL;10.1;24.5;0
TOURS;47.39;0.68;20/09/2026;22:00;15.5;0;SOLEIL;9.7;20.2;0
TOURS;47.39;0.68;20/09/2026;23:00;15.6;0;SOLEIL;9.0;16.9;0
TOURS;47.39;0.68;21/09/2026;00:00;15.6;0;SOLEIL;8.3;15.1;0
TOURS;47.39;0.68;21/09/2026;01:00;15.6;0;SOLEIL;7.4;14.0;0
TOURS;47.39;0.68;21/09/2026;02:00;12.1;0;SOLEIL;6.9;13.7;0
TOURS;47.39;0.68;21/09/2026;03:00;12.1;0;SOLEIL;7.3;13.7;0
TOURS;47.39;0.68;21/09/2026;04:00;12.1;0;SOLEIL;7.5;14.4;0
TOURS;47.39;0.68;21/09/2026;05:00;13.4;0;SOLEIL;7.9;14.8;0
TOURS;47.39;0.68;21/09/2026;06:00;13.4;0;SOLEIL;7.9;15.1;0
TOURS;47.39;0.68;21/09/2026;07:00;13.4;0;SOLEIL;8.4;15.1;0
TOURS;47.39;0.68;21/09/2026;08:00;15.2;0;SOLEIL;8.2;15.5;0
TOURS;47.39;0.68;21/09/2026;09:00;16.7;0;SOLEIL;8.2;15.5;0
TOURS;47.39;0.68;21/09/2026;10:00;18.3;0;SOLEIL;7.9;15.8;0
TOURS;47.39;0.68;21/09/2026;11:00;24.2;0;SOLEIL;7.7;16.6;0
TOURS;47.39;0.68;21/09/2026;12:00;24.2;0;SOLEIL;8.1;18.0;0
TOURS;47.39;0.68;21/09/2026;13:00;24.2;0;SOLEIL;8.9;20.2;0
TOURS;47.39;0.68;21/09/2026;14:00;24.5;0;SOLEIL;9.7;22.0;0
TOURS;47.39;0.68;21/09/2026;15:00;26.0;0;SOLEIL;10.7;23.0;0
TOURS;47.39;0.68;21/09/2026;16:00;24.5;0;SOLEIL;11.7;24.1;0
TOURS;47.39;0.68;21/09/2026;17:00;23.1;0;SOLEIL;11.7;23.8;0
TOURS;47.39;0.68;21/09/2026;18:00;23.1;0;SOLEIL;9.3;21.2;0
TOURS;47.39;0.68;21/09/2026;19:00;23.1;0;SOLEIL;6.1;18.0;0
TOURS;47.39;0.68;21/09/2026;20:00;18.3;0;SOLEIL;4.8;16.2;0
TOURS;47.39;0.68;21/09/2026;21:00;16.7;0;SOLEIL;6.0;17.6;0
TOURS;47.39;0.68;21/09/2026;22:00;15.2;0;SOLEIL;9.5;20.9;0
TOURS;47.39;0.68;21/09/2026;23:00;16.7;0;SOLEIL;11.9;23.0;0
AUXERRE;47.79;3.57;15/09/2026;00:00;17.1;0;SOLEIL;2.3;6.1;0
AUXERRE;47.79;3.57;15/09/2026;01:00;16.8;0;SOLEIL;2.3;5.8;0
AUXERRE;47.79;3.57;15/09/2026;02:00;15.5;0;SOLEIL;2.3;5.4;0
AUXERRE;47.79;3.57;15/09/2026;03:00;14.6;0;SOLEIL;2.1;5.4;0
AUXERRE;47.79;3.57;15/09/2026;04:00;14.7;0;SOLEIL;1.1;4.3;0
AUXERRE;47.79;3.57;15/09/2026;05:00;14.4;0;SOLEIL;1.8;4.0;0
AUXERRE;47.79;3.57;15/09/2026;06:00;14.9;0;SOLEIL;0.7;3.6;0
AUXERRE;47.79;3.57;15/09/2026;07:00;18.6;0;SOLEIL;2.9;6.5;0
AUXERRE;47.79;3.57;15/09/2026;08:00;21.7;0;SOLEIL;2.6;6.5;0
AUXERRE;47.79;3.57;15/09/2026;09:00;25.1;0;SOLEIL;2.3;6.5;0
AUXERRE;47.79;3.57;15/09/2026;10:00;28.6;0;SOLEIL;1.1;6.1;0
AUXERRE;47.79;3.57;15/09/2026;11:00;29.6;5;SOLEIL VOILÉ;1.8;5.8;0
AUXERRE;47.79;3.57;15/09/2026;12:00;30.6;0;SOLEIL;0.5;6.8;0
AUXERRE;47.79;3.57;15/09/2026;13:00;31.1;0;SOLEIL;0.4;4.7;0
AUXERRE;47.79;3.57;15/09/2026;14:00;31.7;0;SOLEIL;2.8;9.0;0
AUXERRE;47.79;3.57;15/09/2026;15:00;32.4;0;SOLEIL;2.9;11.2;0
AUXERRE;47.79;3.57;15/09/2026;16:00;32.1;0;SOLEIL;5.3;14.0;0
AUXERRE;47.79;3.57;15/09/2026;17:00;31.4;0;SOLEIL;7.6;18.0;0
AUXERRE;47.79;3.57;15/09/2026;18:00;28.5;0;SOLEIL;7.6;16.9;0
AUXERRE;47.79;3.57;15/09/2026;19:00;26.6;0;SOLEIL;7.2;17.3;0
AUXERRE;47.79;3.57;15/09/2026;20:00;24.6;0;SOLEIL;3.6;13.7;0
AUXERRE;47.79;3.57;15/09/2026;21:00;22.4;0;SOLEIL;3.6;7.6;0
AUXERRE;47.79;3.57;15/09/2026;22:00;20.6;0;SOLEIL;1.8;8.6;0
AUXERRE;47.79;3.57;15/09/2026;23:00;19.4;0;SOLEIL;1.5;3.6;0
AUXERRE;47.79;3.57;16/09/2026;00:00;18.3;0;SOLEIL;2.3;4.0;0
AUXERRE;47.79;3.57;16/09/2026;01:00;18.3;0;SOLEIL;0.7;4.0;0
AUXERRE;47.79;3.57;16/09/2026;02:00;17.6;2;NUAGEUX;2.6;5.4;0
AUXERRE;47.79;3.57;16/09/2026;03:00;17.6;2;NUAGEUX;2.3;6.1;0
AUXERRE;47.79;3.57;16/09/2026;04:00;17.6;2;NUAGEUX;3.1;6.8;0
AUXERRE;47.79;3.57;16/09/2026;05:00;16.9;0;SOLEIL;3.5;7.6;0
AUXERRE;47.79;3.57;16/09/2026;06:00;16.9;0;SOLEIL;3.5;7.6;0
AUXERRE;47.79;3.57;16/09/2026;07:00;16.9;0;SOLEIL;3.9;7.9;0
AUXERRE;47.79;3.57;16/09/2026;08:00;18.6;0;SOLEIL;3.9;8.3;0
AUXERRE;47.79;3.57;16/09/2026;09:00;18.6;0;SOLEIL;4.2;8.6;0
AUXERRE;47.79;3.57;16/09/2026;10:00;18.6;0;SOLEIL;7.2;15.8;0
AUXERRE;47.79;3.57;16/09/2026;11:00;22.1;0;SOLEIL;9.9;22.7;0
AUXERRE;47.79;3.57;16/09/2026;12:00;22.1;0;SOLEIL;9.4;23.0;0
AUXERRE;47.79;3.57;16/09/2026;13:00;22.1;0;SOLEIL;11.7;26.6;0
AUXERRE;47.79;3.57;16/09/2026;14:00;21.7;2;NUAGEUX;12.6;28.4;0
AUXERRE;47.79;3.57;16/09/2026;15:00;21.7;2;NUAGEUX;13.2;28.4;0
AUXERRE;47.79;3.57;16/09/2026;16:00;21.7;2;NUAGEUX;12.2;29.5;0
AUXERRE;47.79;3.57;16/09/2026;17:00;20.6;0;SOLEIL;11.8;29.2;0
AUXERRE;47.79;3.57;16/09/2026;18:00;20.6;0;SOLEIL;15.2;35.6;0
AUXERRE;47.79;3.57;16/09/2026;19:00;20.6;0;SOLEIL;9.2;30.6;0
AUXERRE;47.79;3.57;16/09/2026;20:00;16.1;0;SOLEIL;7.9;23.0;0
AUXERRE;47.79;3.57;16/09/2026;21:00;16.1;0;SOLEIL;6.8;16.9;0
AUXERRE;47.79;3.57;16/09/2026;22:00;16.1;0;SOLEIL;14.2;29.2;0
AUXERRE;47.79;3.57;16/09/2026;23:00;12.6;0;SOLEIL;9.1;28.8;0
AUXERRE;47.79;3.57;17/09/2026;00:00;12.6;0;SOLEIL;8.2;20.2;0
AUXERRE;47.79;3.57;17/09/2026;01:00;12.6;0;SOLEIL;6.8;16.6;0
AUXERRE;47.79;3.57;17/09/2026;02:00;10.6;0;SOLEIL;7.9;16.9;0
AUXERRE;47.79;3.57;17/09/2026;03:00;10.6;0;SOLEIL;9.8;20.9;0
AUXERRE;47.79;3.57;17/09/2026;04:00;10.6;0;SOLEIL;7.6;20.2;0
AUXERRE;47.79;3.57;17/09/2026;05:00;10.2;5;SOLEIL VOILÉ;10.8;23.0;0
AUXERRE;47.79;3.57;17/09/2026;06:00;10.2;5;SOLEIL VOILÉ;10.3;24.8;0
AUXERRE;47.79;3.57;17/09/2026;07:00;10.2;5;SOLEIL VOILÉ;8.4;21.6;0
AUXERRE;47.79;3.57;17/09/2026;08:00;17.6;5;SOLEIL VOILÉ;10.1;23.0;0
AUXERRE;47.79;3.57;17/09/2026;09:00;17.6;5;SOLEIL VOILÉ;10.2;22.7;0
AUXERRE;47.79;3.57;17/09/2026;10:00;17.6;5;SOLEIL VOILÉ;10.3;23.8;0
AUXERRE;47.79;3.57;17/09/2026;11:00;21.4;5;SOLEIL VOILÉ;11.1;25.6;0
AUXERRE;47.79;3.57;17/09/2026;12:00;21.4;5;SOLEIL VOILÉ;14.5;30.5;0
AUXERRE;47.79;3.57;17/09/2026;13:00;21.4;5;SOLEIL VOILÉ;12.3;29.2;0
AUXERRE;47.79;3.57;17/09/2026;14:00;22.1;2;NUAGEUX;13.2;27.9;0
AUXERRE;47.79;3.57;17/09/2026;15:00;22.1;2;NUAGEUX;12.3;27.4;0
AUXERRE;47.79;3.57;17/09/2026;16:00;22.1;2;NUAGEUX;11.6;26.3;0
AUXERRE;47.79;3.57;17/09/2026;17:00;20.2;2;NUAGEUX;10.8;24.5;0
AUXERRE;47.79;3.57;17/09/2026;18:00;20.2;2;NUAGEUX;11.6;24.1;0
AUXERRE;47.79;3.57;17/09/2026;19:00;20.2;2;NUAGEUX;10.4;24.1;0
AUXERRE;47.79;3.57;17/09/2026;20:00;15.3;2;NUAGEUX;4.7;20.9;0
AUXERRE;47.79;3.57;17/09/2026;21:00;13.8;2;NUAGEUX;2.9;9.0;0
AUXERRE;47.79;3.57;17/09/2026;22:00;12.3;2;NUAGEUX;3.1;5.0;0
AUXERRE;47.79;3.57;17/09/2026;23:00;15.5;2;NUAGEUX;2.9;6.1;0
AUXERRE;47.79;3.57;18/09/2026;00:00;15.5;2;NUAGEUX;2.2;5.0;0
AUXERRE;47.79;3.57;18/09/2026;01:00;15.5;2;NUAGEUX;2.6;3.2;0
AUXERRE;47.79;3.57;18/09/2026;02:00;13.1;6;AVERSES;2.5;3.2;0
AUXERRE;47.79;3.57;18/09/2026;03:00;13.1;6;AVERSES;2.9;4.7;0
AUXERRE;47.79;3.57;18/09/2026;04:00;13.1;6;AVERSES;3.1;5.0;0
AUXERRE;47.79;3.57;18/09/2026;05:00;13.9;6;AVERSES;3.1;5.0;0
AUXERRE;47.79;3.57;18/09/2026;06:00;13.9;6;AVERSES;3.0;5.0;0
AUXERRE;47.79;3.57;18/09/2026;07:00;13.9;6;AVERSES;3.0;5.4;0
AUXERRE;47.79;3.57;18/09/2026;08:00;15.1;6;AVERSES;2.1;5.0;0
AUXERRE;47.79;3.57;18/09/2026;09:00;16.1;6;AVERSES;2.2;5.0;0
AUXERRE;47.79;3.57;18/09/2026;10:00;17.1;6;AVERSES;3.1;7.9;0
AUXERRE;47.79;3.57;18/09/2026;11:00;20.1;6;AVERSES;3.6;9.7;0
AUXERRE;47.79;3.57;18/09/2026;12:00;20.1;6;AVERSES;9.5;20.2;0
AUXERRE;47.79;3.57;18/09/2026;13:00;20.1;6;AVERSES;12.6;27.0;0
AUXERRE;47.79;3.57;18/09/2026;14:00;21.1;6;AVERSES;14.2;29.9;0
AUXERRE;47.79;3.57;18/09/2026;15:00;22.1;6;AVERSES;14.7;31.3;0
AUXERRE;47.79;3.57;18/09/2026;16:00;21.1;6;AVERSES;14.1;30.6;0
AUXERRE;47.79;3.57;18/09/2026;17:00;19.5;2;NUAGEUX;13.0;28.8;0
AUXERRE;47.79;3.57;18/09/2026;18:00;19.5;2;NUAGEUX;11.9;27.0;0
AUXERRE;47.79;3.57;18/09/2026;19:00;19.5;2;NUAGEUX;10.5;24.5;0
AUXERRE;47.79;3.57;18/09/2026;20:00;17.1;6;AVERSES;9.0;21.2;0
AUXERRE;47.79;3.57;18/09/2026;21:00;16.1;6;AVERSES;6.6;16.6;0
AUXERRE;47.79;3.57;18/09/2026;22:00;15.1;6;AVERSES;4.4;11.5;0
AUXERRE;47.79;3.57;18/09/2026;23:00;14.1;0;SOLEIL;4.2;7.9;0
AUXERRE;47.79;3.57;19/09/2026;00:00;14.1;0;SOLEIL;4.7;7.2;0
AUXERRE;47.79;3.57;19/09/2026;01:00;14.1;0;SOLEIL;4.7;7.9;0
AUXERRE;47.79;3.57;19/09/2026;02:00;11.4;0;SOLEIL;4.9;9.0;0
AUXERRE;47.79;3.57;19/09/2026;03:00;11.4;0;SOLEIL;5.2;10.1;0
AUXERRE;47.79;3.57;19/09/2026;04:00;11.4;0;SOLEIL;5.6;11.2;0
AUXERRE;47.79;3.57;19/09/2026;05:00;12.1;0;SOLEIL;6.4;12.2;0
AUXERRE;47.79;3.57;19/09/2026;06:00;12.1;0;SOLEIL;6.6;12.2;0
AUXERRE;47.79;3.57;19/09/2026;07:00;12.1;0;SOLEIL;6.3;11.9;0
AUXERRE;47.79;3.57;19/09/2026;08:00;14.3;0;SOLEIL;6.2;12.2;0
AUXERRE;47.79;3.57;19/09/2026;09:00;15.8;0;SOLEIL;6.2;13.3;0
AUXERRE;47.79;3.57;19/09/2026;10:00;17.3;0;SOLEIL;6.2;14.8;0
AUXERRE;47.79;3.57;19/09/2026;11:00;22.6;0;SOLEIL;7.2;16.6;0
AUXERRE;47.79;3.57;19/09/2026;12:00;22.6;0;SOLEIL;8.4;18.7;0
AUXERRE;47.79;3.57;19/09/2026;13:00;22.6;0;SOLEIL;9.9;21.6;0
AUXERRE;47.79;3.57;19/09/2026;14:00;23.1;0;SOLEIL;10.9;23.4;0
AUXERRE;47.79;3.57;19/09/2026;15:00;24.6;0;SOLEIL;11.5;24.5;0
AUXERRE;47.79;3.57;19/09/2026;16:00;23.1;0;SOLEIL;11.8;24.8;0
AUXERRE;47.79;3.57;19/09/2026;17:00;21.2;0;SOLEIL;11.0;23.8;0
AUXERRE;47.79;3.57;19/09/2026;18:00;21.2;0;SOLEIL;8.6;20.5;0
AUXERRE;47.79;3.57;19/09/2026;19:00;21.2;0;SOLEIL;5.2;16.2;0
AUXERRE;47.79;3.57;19/09/2026;20:00;17.3;0;SOLEIL;2.3;12.6;0
AUXERRE;47.79;3.57;19/09/2026;21:00;15.8;0;SOLEIL;1.1;10.1;0
AUXERRE;47.79;3.57;19/09/2026;22:00;14.3;0;SOLEIL;2.4;7.9;0
AUXERRE;47.79;3.57;19/09/2026;23:00;16;0;SOLEIL;3.8;6.8;0
AUXERRE;47.79;3.57;20/09/2026;00:00;16;0;SOLEIL;4.3;7.2;0
AUXERRE;47.79;3.57;20/09/2026;01:00;16;0;SOLEIL;4.7;8.6;0
AUXERRE;47.79;3.57;20/09/2026;02:00;12.5;0;SOLEIL;5.2;9.7;0
AUXERRE;47.79;3.57;20/09/2026;03:00;12.5;0;SOLEIL;5.2;9.7;0
AUXERRE;47.79;3.57;20/09/2026;04:00;12.5;0;SOLEIL;5.1;9.4;0
AUXERRE;47.79;3.57;20/09/2026;05:00;13.5;0;SOLEIL;5.1;9.7;0
AUXERRE;47.79;3.57;20/09/2026;06:00;13.5;0;SOLEIL;6.1;11.6;0
AUXERRE;47.79;3.57;20/09/2026;07:00;13.5;0;SOLEIL;7.8;14.4;0
AUXERRE;47.79;3.57;20/09/2026;08:00;15.5;0;SOLEIL;9.0;16.2;0
AUXERRE;47.79;3.57;20/09/2026;09:00;17.1;0;SOLEIL;7.6;14.4;0
AUXERRE;47.79;3.57;20/09/2026;10:00;18.6;0;SOLEIL;10.1;19.1;0
AUXERRE;47.79;3.57;20/09/2026;11:00;25;0;SOLEIL;12.3;23.0;0
AUXERRE;47.79;3.57;20/09/2026;12:00;25;0;SOLEIL;13.5;25.6;0
AUXERRE;47.79;3.57;20/09/2026;13:00;25;0;SOLEIL;14.3;27.0;0
AUXERRE;47.79;3.57;20/09/2026;14:00;24.7;0;SOLEIL;14.5;27.7;0
AUXERRE;47.79;3.57;20/09/2026;15:00;26.2;0;SOLEIL;14.2;27.4;0
AUXERRE;47.79;3.57;20/09/2026;16:00;24.7;0;SOLEIL;13.5;26.3;0
AUXERRE;47.79;3.57;20/09/2026;17:00;22;2;NUAGEUX;12.9;24.5;0
AUXERRE;47.79;3.57;20/09/2026;18:00;22;2;NUAGEUX;10.7;22.3;0
AUXERRE;47.79;3.57;20/09/2026;19:00;22;2;NUAGEUX;7.6;19.8;0
AUXERRE;47.79;3.57;20/09/2026;20:00;18.6;0;SOLEIL;5.9;17.6;0
AUXERRE;47.79;3.57;20/09/2026;21:00;17.1;0;SOLEIL;5.7;15.8;0
AUXERRE;47.79;3.57;20/09/2026;22:00;15.5;0;SOLEIL;6.1;14.0;0
AUXERRE;47.79;3.57;20/09/2026;23:00;14;0;SOLEIL;6.6;13.0;0
AUXERRE;47.79;3.57;21/09/2026;00:00;14;0;SOLEIL;6.5;12.2;0
AUXERRE;47.79;3.57;21/09/2026;01:00;14;0;SOLEIL;6.6;12.2;0
AUXERRE;47.79;3.57;21/09/2026;02:00;10.9;0;SOLEIL;6.9;12.2;0
AUXERRE;47.79;3.57;21/09/2026;03:00;10.9;0;SOLEIL;7.1;12.2;0
AUXERRE;47.79;3.57;21/09/2026;04:00;10.9;0;SOLEIL;7.1;12.6;0
AUXERRE;47.79;3.57;21/09/2026;05:00;12.2;0;SOLEIL;7.7;13.3;0
AUXERRE;47.79;3.57;21/09/2026;06:00;12.2;0;SOLEIL;8.1;14.0;0
AUXERRE;47.79;3.57;21/09/2026;07:00;12.2;0;SOLEIL;8.9;15.1;0
AUXERRE;47.79;3.57;21/09/2026;08:00;14.1;0;SOLEIL;9.4;16.9;0
AUXERRE;47.79;3.57;21/09/2026;09:00;15.7;0;SOLEIL;11.0;20.5;0
AUXERRE;47.79;3.57;21/09/2026;10:00;17.3;0;SOLEIL;12.9;24.8;0
AUXERRE;47.79;3.57;21/09/2026;11:00;23.6;0;SOLEIL;15.0;28.4;0
AUXERRE;47.79;3.57;21/09/2026;12:00;23.6;0;SOLEIL;15.9;30.2;0
AUXERRE;47.79;3.57;21/09/2026;13:00;23.6;0;SOLEIL;16.2;31.3;0
AUXERRE;47.79;3.57;21/09/2026;14:00;23.8;0;SOLEIL;16.6;32.0;0
AUXERRE;47.79;3.57;21/09/2026;15:00;25.4;0;SOLEIL;17.4;33.5;0
AUXERRE;47.79;3.57;21/09/2026;16:00;23.8;0;SOLEIL;18.8;34.6;0
AUXERRE;47.79;3.57;21/09/2026;17:00;22.4;0;SOLEIL;18.3;34.2;0
AUXERRE;47.79;3.57;21/09/2026;18:00;22.4;0;SOLEIL;15.1;31.3;0
AUXERRE;47.79;3.57;21/09/2026;19:00;22.4;0;SOLEIL;10.2;27.0;0
AUXERRE;47.79;3.57;21/09/2026;20:00;17.3;0;SOLEIL;7.1;23.0;0
AUXERRE;47.79;3.57;21/09/2026;21:00;15.7;0;SOLEIL;6.9;20.2;0
AUXERRE;47.79;3.57;21/09/2026;22:00;14.1;0;SOLEIL;8.2;18.0;0
AUXERRE;47.79;3.57;21/09/2026;23:00;14;0;SOLEIL;8.9;16.2;0
CHAUMONT;48.11;5.14;15/09/2026;00:00;14.6;0;SOLEIL;3.8;7.6;0
CHAUMONT;48.11;5.14;15/09/2026;01:00;13.9;0;SOLEIL;3.9;8.3;0
CHAUMONT;48.11;5.14;15/09/2026;02:00;13.4;0;SOLEIL;4.6;7.9;0
CHAUMONT;48.11;5.14;15/09/2026;03:00;13.6;0;SOLEIL;4.1;8.3;0
CHAUMONT;48.11;5.14;15/09/2026;04:00;12.7;0;SOLEIL;4.1;8.3;0
CHAUMONT;48.11;5.14;15/09/2026;05:00;12.9;0;SOLEIL;3.8;7.6;0
CHAUMONT;48.11;5.14;15/09/2026;06:00;14.2;0;SOLEIL;2.4;7.2;0
CHAUMONT;48.11;5.14;15/09/2026;07:00;17.1;0;SOLEIL;3.5;6.5;0
CHAUMONT;48.11;5.14;15/09/2026;08:00;21.4;0;SOLEIL;2.3;6.8;0
CHAUMONT;48.11;5.14;15/09/2026;09:00;24.5;0;SOLEIL;3.4;7.2;0
CHAUMONT;48.11;5.14;15/09/2026;10:00;26.7;0;SOLEIL;1.1;7.9;0
CHAUMONT;48.11;5.14;15/09/2026;11:00;27.6;0;SOLEIL;1.8;7.2;0
CHAUMONT;48.11;5.14;15/09/2026;12:00;29;0;SOLEIL;1.6;5.8;0
CHAUMONT;48.11;5.14;15/09/2026;13:00;29;0;SOLEIL;4.5;11.2;0
CHAUMONT;48.11;5.14;15/09/2026;14:00;29.6;5;SOLEIL VOILÉ;5.7;18.4;0
CHAUMONT;48.11;5.14;15/09/2026;15:00;30;5;SOLEIL VOILÉ;5.6;14.4;0
CHAUMONT;48.11;5.14;15/09/2026;16:00;29.6;0;SOLEIL;7.2;16.2;0
CHAUMONT;48.11;5.14;15/09/2026;17:00;28.8;0;SOLEIL;6.2;16.6;0
CHAUMONT;48.11;5.14;15/09/2026;18:00;25.2;0;SOLEIL;9.0;15.1;0
CHAUMONT;48.11;5.14;15/09/2026;19:00;22.1;0;SOLEIL;6.6;14.4;0
CHAUMONT;48.11;5.14;15/09/2026;20:00;20.1;0;SOLEIL;6.6;15.5;0
CHAUMONT;48.11;5.14;15/09/2026;21:00;18.2;0;SOLEIL;3.9;11.9;0
CHAUMONT;48.11;5.14;15/09/2026;22:00;16.6;0;SOLEIL;3.5;9.7;0
CHAUMONT;48.11;5.14;15/09/2026;23:00;16.4;0;SOLEIL;4.6;8.6;0
CHAUMONT;48.11;5.14;16/09/2026;00:00;16.1;0;SOLEIL;4.3;8.6;0
CHAUMONT;48.11;5.14;16/09/2026;01:00;16.1;0;SOLEIL;4.1;8.6;0
CHAUMONT;48.11;5.14;16/09/2026;02:00;15.1;2;NUAGEUX;4.3;7.6;0
CHAUMONT;48.11;5.14;16/09/2026;03:00;15.1;2;NUAGEUX;4.3;7.9;0
CHAUMONT;48.11;5.14;16/09/2026;04:00;15.1;2;NUAGEUX;4.6;8.3;0
CHAUMONT;48.11;5.14;16/09/2026;05:00;16.1;6;AVERSES;4.3;8.3;0
CHAUMONT;48.11;5.14;16/09/2026;06:00;16.1;6;AVERSES;4.3;7.9;0
CHAUMONT;48.11;5.14;16/09/2026;07:00;16.1;6;AVERSES;4.1;7.9;0
CHAUMONT;48.11;5.14;16/09/2026;08:00;16.5;6;AVERSES;4.6;8.3;0
CHAUMONT;48.11;5.14;16/09/2026;09:00;16.5;6;AVERSES;4.4;8.3;0
CHAUMONT;48.11;5.14;16/09/2026;10:00;16.5;6;AVERSES;4.8;10.4;0
CHAUMONT;48.11;5.14;16/09/2026;11:00;19.4;0;SOLEIL;7.3;15.8;0
CHAUMONT;48.11;5.14;16/09/2026;12:00;19.4;0;SOLEIL;7.9;16.9;0
CHAUMONT;48.11;5.14;16/09/2026;13:00;19.4;0;SOLEIL;8.8;19.4;0
CHAUMONT;48.11;5.14;16/09/2026;14:00;19.4;0;SOLEIL;10.6;23.0;0
CHAUMONT;48.11;5.14;16/09/2026;15:00;19.4;0;SOLEIL;9.2;25.9;0
CHAUMONT;48.11;5.14;16/09/2026;16:00;19.4;0;SOLEIL;11.6;25.9;0
CHAUMONT;48.11;5.14;16/09/2026;17:00;17.6;0;SOLEIL;11.5;25.9;0
CHAUMONT;48.11;5.14;16/09/2026;18:00;17.6;0;SOLEIL;9.8;24.8;0
CHAUMONT;48.11;5.14;16/09/2026;19:00;17.6;0;SOLEIL;10.4;21.6;0
CHAUMONT;48.11;5.14;16/09/2026;20:00;11.6;0;SOLEIL;4.1;19.8;0
CHAUMONT;48.11;5.14;16/09/2026;21:00;11.6;0;SOLEIL;5.9;10.4;0
CHAUMONT;48.11;5.14;16/09/2026;22:00;11.6;0;SOLEIL;5.6;11.2;0
CHAUMONT;48.11;5.14;16/09/2026;23:00;8.9;0;SOLEIL;4.7;10.1;0
CHAUMONT;48.11;5.14;17/09/2026;00:00;8.9;0;SOLEIL;10.4;22.7;0
CHAUMONT;48.11;5.14;17/09/2026;01:00;8.9;0;SOLEIL;7.4;18.7;0
CHAUMONT;48.11;5.14;17/09/2026;02:00;8.1;0;SOLEIL;8.7;16.2;0
CHAUMONT;48.11;5.14;17/09/2026;03:00;8.1;0;SOLEIL;9.4;17.6;0
CHAUMONT;48.11;5.14;17/09/2026;04:00;8.1;0;SOLEIL;9.4;18.4;0
CHAUMONT;48.11;5.14;17/09/2026;05:00;7.6;0;SOLEIL;10.4;19.1;0
CHAUMONT;48.11;5.14;17/09/2026;06:00;7.6;0;SOLEIL;12.5;25.9;0
CHAUMONT;48.11;5.14;17/09/2026;07:00;7.6;0;SOLEIL;11.0;23.8;0
CHAUMONT;48.11;5.14;17/09/2026;08:00;17.2;5;SOLEIL VOILÉ;9.3;21.6;0
CHAUMONT;48.11;5.14;17/09/2026;09:00;17.2;5;SOLEIL VOILÉ;12.1;23.4;0
CHAUMONT;48.11;5.14;17/09/2026;10:00;17.2;5;SOLEIL VOILÉ;13.8;27.4;0
CHAUMONT;48.11;5.14;17/09/2026;11:00;20.2;5;SOLEIL VOILÉ;16.1;32.0;0
CHAUMONT;48.11;5.14;17/09/2026;12:00;20.2;5;SOLEIL VOILÉ;15.7;32.4;0
CHAUMONT;48.11;5.14;17/09/2026;13:00;20.2;5;SOLEIL VOILÉ;15.2;31.7;0
CHAUMONT;48.11;5.14;17/09/2026;14:00;21.2;2;NUAGEUX;14.9;32.3;0
CHAUMONT;48.11;5.14;17/09/2026;15:00;21.2;2;NUAGEUX;15.7;32.0;0
CHAUMONT;48.11;5.14;17/09/2026;16:00;21.2;2;NUAGEUX;14.7;34.9;0
CHAUMONT;48.11;5.14;17/09/2026;17:00;17.9;2;NUAGEUX;12.8;29.9;0
CHAUMONT;48.11;5.14;17/09/2026;18:00;17.9;2;NUAGEUX;12.5;26.6;0
CHAUMONT;48.11;5.14;17/09/2026;19:00;17.9;2;NUAGEUX;9.4;25.2;0
CHAUMONT;48.11;5.14;17/09/2026;20:00;14.0;2;NUAGEUX;3.9;18.4;0
CHAUMONT;48.11;5.14;17/09/2026;21:00;12.3;2;NUAGEUX;2.0;6.5;0
CHAUMONT;48.11;5.14;17/09/2026;22:00;10.5;2;NUAGEUX;2.3;2.9;0
CHAUMONT;48.11;5.14;17/09/2026;23:00;14.4;2;NUAGEUX;3.3;4.3;0
CHAUMONT;48.11;5.14;18/09/2026;00:00;14.4;2;NUAGEUX;3.5;6.8;0
CHAUMONT;48.11;5.14;18/09/2026;01:00;14.4;2;NUAGEUX;4.0;6.8;0
CHAUMONT;48.11;5.14;18/09/2026;02:00;11.7;6;AVERSES;4.2;6.1;0
CHAUMONT;48.11;5.14;18/09/2026;03:00;11.7;6;AVERSES;4.4;6.8;0
CHAUMONT;48.11;5.14;18/09/2026;04:00;11.7;6;AVERSES;4.0;6.8;0
CHAUMONT;48.11;5.14;18/09/2026;05:00;13.1;7;PLUIE FAIBLE;3.6;6.5;0
CHAUMONT;48.11;5.14;18/09/2026;06:00;13.1;7;PLUIE FAIBLE;3.6;5.8;0
CHAUMONT;48.11;5.14;18/09/2026;07:00;13.1;7;PLUIE FAIBLE;3.6;6.1;0
CHAUMONT;48.11;5.14;18/09/2026;08:00;13.7;6;AVERSES;3.5;5.4;0
CHAUMONT;48.11;5.14;18/09/2026;09:00;14.7;6;AVERSES;2.5;5.8;0
CHAUMONT;48.11;5.14;18/09/2026;10:00;15.7;6;AVERSES;5.4;12.6;0
CHAUMONT;48.11;5.14;18/09/2026;11:00;19.1;6;AVERSES;5.9;14.0;0
CHAUMONT;48.11;5.14;18/09/2026;12:00;19.1;6;AVERSES;8.4;18.0;0
CHAUMONT;48.11;5.14;18/09/2026;13:00;19.1;6;AVERSES;11.3;23.8;0
CHAUMONT;48.11;5.14;18/09/2026;14:00;19.6;6;AVERSES;12.9;27.0;0
CHAUMONT;48.11;5.14;18/09/2026;15:00;20.6;6;AVERSES;13.8;28.1;0
CHAUMONT;48.11;5.14;18/09/2026;16:00;19.6;6;AVERSES;13.6;27.7;0
CHAUMONT;48.11;5.14;18/09/2026;17:00;16.5;2;NUAGEUX;12.9;27.0;0
CHAUMONT;48.11;5.14;18/09/2026;18:00;16.5;2;NUAGEUX;11.5;26.6;0
CHAUMONT;48.11;5.14;18/09/2026;19:00;16.5;2;NUAGEUX;9.3;25.9;0
CHAUMONT;48.11;5.14;18/09/2026;20:00;15.7;6;AVERSES;7.4;23.8;0
CHAUMONT;48.11;5.14;18/09/2026;21:00;14.7;6;AVERSES;5.2;18.7;0
CHAUMONT;48.11;5.14;18/09/2026;22:00;13.7;6;AVERSES;3.9;11.9;0
CHAUMONT;48.11;5.14;18/09/2026;23:00;12.1;0;SOLEIL;4.3;7.2;0
CHAUMONT;48.11;5.14;19/09/2026;00:00;12.1;0;SOLEIL;4.7;6.5;0
CHAUMONT;48.11;5.14;19/09/2026;01:00;12.1;0;SOLEIL;5.0;7.9;0
CHAUMONT;48.11;5.14;19/09/2026;02:00;9.1;0;SOLEIL;5.1;9.0;0
CHAUMONT;48.11;5.14;19/09/2026;03:00;9.1;0;SOLEIL;5.1;9.0;0
CHAUMONT;48.11;5.14;19/09/2026;04:00;9.1;0;SOLEIL;4.8;9.4;0
CHAUMONT;48.11;5.14;19/09/2026;05:00;10.9;0;SOLEIL;4.9;9.7;0
CHAUMONT;48.11;5.14;19/09/2026;06:00;10.9;0;SOLEIL;5.2;10.8;0
CHAUMONT;48.11;5.14;19/09/2026;07:00;10.9;0;SOLEIL;5.8;12.6;0
CHAUMONT;48.11;5.14;19/09/2026;08:00;12.2;0;SOLEIL;6.4;14.8;0
CHAUMONT;48.11;5.14;19/09/2026;09:00;13.7;0;SOLEIL;7.9;18.0;0
CHAUMONT;48.11;5.14;19/09/2026;10:00;15.3;0;SOLEIL;10.2;21.6;0
CHAUMONT;48.11;5.14;19/09/2026;11:00;21.2;0;SOLEIL;11.9;24.1;0
CHAUMONT;48.11;5.14;19/09/2026;12:00;21.2;0;SOLEIL;12.3;25.2;0
CHAUMONT;48.11;5.14;19/09/2026;13:00;21.2;0;SOLEIL;12.1;25.2;0
CHAUMONT;48.11;5.14;19/09/2026;14:00;21.5;0;SOLEIL;11.8;25.2;0
CHAUMONT;48.11;5.14;19/09/2026;15:00;23.0;0;SOLEIL;12.0;25.6;0
CHAUMONT;48.11;5.14;19/09/2026;16:00;21.5;0;SOLEIL;12.3;25.6;0
CHAUMONT;48.11;5.14;19/09/2026;17:00;18.5;0;SOLEIL;11.9;25.2;0
CHAUMONT;48.11;5.14;19/09/2026;18:00;18.5;0;SOLEIL;10.1;24.5;0
CHAUMONT;48.11;5.14;19/09/2026;19:00;18.5;0;SOLEIL;7.2;23.4;0
CHAUMONT;48.11;5.14;19/09/2026;20:00;15.3;0;SOLEIL;4.7;20.9;0
CHAUMONT;48.11;5.14;19/09/2026;21:00;13.7;0;SOLEIL;3.2;15.5;0
CHAUMONT;48.11;5.14;19/09/2026;22:00;12.2;0;SOLEIL;2.9;9.0;0
CHAUMONT;48.11;5.14;19/09/2026;23:00;14.1;0;SOLEIL;3.3;4.7;0
CHAUMONT;48.11;5.14;20/09/2026;00:00;14.1;0;SOLEIL;3.7;4.3;0
CHAUMONT;48.11;5.14;20/09/2026;01:00;14.1;0;SOLEIL;4.2;6.1;0
CHAUMONT;48.11;5.14;20/09/2026;02:00;11.6;0;SOLEIL;4.7;7.6;0
CHAUMONT;48.11;5.14;20/09/2026;03:00;11.6;0;SOLEIL;5.2;8.3;0
CHAUMONT;48.11;5.14;20/09/2026;04:00;11.6;0;SOLEIL;5.2;9.0;0
CHAUMONT;48.11;5.14;20/09/2026;05:00;13.2;0;SOLEIL;5.4;9.4;0
CHAUMONT;48.11;5.14;20/09/2026;06:00;13.2;0;SOLEIL;5.4;9.4;0
CHAUMONT;48.11;5.14;20/09/2026;07:00;13.2;0;SOLEIL;5.2;9.5;0
CHAUMONT;48.11;5.14;20/09/2026;08:00;14.4;0;SOLEIL;5.2;9.6;0
CHAUMONT;48.11;5.14;20/09/2026;09:00;15.8;0;SOLEIL;5.4;12.2;0
CHAUMONT;48.11;5.14;20/09/2026;10:00;17.2;0;SOLEIL;7.4;16.6;0
CHAUMONT;48.11;5.14;20/09/2026;11:00;23.1;0;SOLEIL;9.7;20.2;0
CHAUMONT;48.11;5.14;20/09/2026;12:00;23.1;0;SOLEIL;11.2;23.0;0
CHAUMONT;48.11;5.14;20/09/2026;13:00;23.1;0;SOLEIL;12.0;24.8;0
CHAUMONT;48.11;5.14;20/09/2026;14:00;22.7;0;SOLEIL;12.5;26.3;0
CHAUMONT;48.11;5.14;20/09/2026;15:00;24.1;0;SOLEIL;12.3;26.6;0
CHAUMONT;48.11;5.14;20/09/2026;16:00;22.7;0;SOLEIL;11.6;25.9;0
CHAUMONT;48.11;5.14;20/09/2026;17:00;19.6;2;NUAGEUX;10.3;24.5;0
CHAUMONT;48.11;5.14;20/09/2026;18:00;19.6;2;NUAGEUX;8.9;22.3;0
CHAUMONT;48.11;5.14;20/09/2026;19:00;19.6;2;NUAGEUX;7.3;19.4;0
CHAUMONT;48.11;5.14;20/09/2026;20:00;17.2;0;SOLEIL;6.4;16.6;0
CHAUMONT;48.11;5.14;20/09/2026;21:00;15.8;0;SOLEIL;5.8;14.4;0
CHAUMONT;48.11;5.14;20/09/2026;22:00;14.4;0;SOLEIL;5.8;12.2;0
CHAUMONT;48.11;5.14;20/09/2026;23:00;11.6;0;SOLEIL;5.6;10.8;0
CHAUMONT;48.11;5.14;21/09/2026;00:00;11.6;0;SOLEIL;5.6;10.4;0
CHAUMONT;48.11;5.14;21/09/2026;01:00;11.6;0;SOLEIL;5.9;10.4;0
CHAUMONT;48.11;5.14;21/09/2026;02:00;8.5;0;SOLEIL;5.8;10.8;0
CHAUMONT;48.11;5.14;21/09/2026;03:00;8.5;0;SOLEIL;5.4;10.4;0
CHAUMONT;48.11;5.14;21/09/2026;04:00;8.5;0;SOLEIL;5.4;10.4;0
CHAUMONT;48.11;5.14;21/09/2026;05:00;10.6;0;SOLEIL;5.8;10.8;0
CHAUMONT;48.11;5.14;21/09/2026;06:00;10.6;0;SOLEIL;6.6;11.5;0
CHAUMONT;48.11;5.14;21/09/2026;07:00;10.6;0;SOLEIL;7.2;13.0;0
CHAUMONT;48.11;5.14;21/09/2026;08:00;12.1;0;SOLEIL;8.3;15.8;0
CHAUMONT;48.11;5.14;21/09/2026;09:00;13.9;0;SOLEIL;10.3;21.6;0
CHAUMONT;48.11;5.14;21/09/2026;10:00;15.7;0;SOLEIL;13.9;28.8;0
CHAUMONT;48.11;5.14;21/09/2026;11:00;23.5;0;SOLEIL;17.0;33.8;0
CHAUMONT;48.11;5.14;21/09/2026;12:00;23.5;0;SOLEIL;17.9;35.3;0
CHAUMONT;48.11;5.14;21/09/2026;13:00;23.5;0;SOLEIL;17.1;34.2;0
CHAUMONT;48.11;5.14;21/09/2026;14:00;22.8;0;SOLEIL;16.6;33.5;0
CHAUMONT;48.11;5.14;21/09/2026;15:00;24.6;0;SOLEIL;16.6;33.5;0
CHAUMONT;48.11;5.14;21/09/2026;16:00;22.8;0;SOLEIL;16.6;33.5;0
CHAUMONT;48.11;5.14;21/09/2026;17:00;19.5;0;SOLEIL;15.5;32.4;0
CHAUMONT;48.11;5.14;21/09/2026;18:00;19.5;0;SOLEIL;12.3;29.5;0
CHAUMONT;48.11;5.14;21/09/2026;19:00;19.5;0;SOLEIL;8.4;25.2;0
CHAUMONT;48.11;5.14;21/09/2026;20:00;15.7;0;SOLEIL;5.4;21.6;0
CHAUMONT;48.11;5.14;21/09/2026;21:00;13.9;0;SOLEIL;5.1;18.7;0
CHAUMONT;48.11;5.14;21/09/2026;22:00;12.1;0;SOLEIL;6.3;16.6;0
CHAUMONT;48.11;5.14;21/09/2026;23:00;11.7;0;SOLEIL;7.4;14.8;0
STRASBOURG;48.57;7.75;15/09/2026;00:00;17.4;0;SOLEIL;8.0;19.4;0
STRASBOURG;48.57;7.75;15/09/2026;01:00;16.5;0;SOLEIL;9.0;19.4;0
STRASBOURG;48.57;7.75;15/09/2026;02:00;16.4;0;SOLEIL;5.0;19.1;0
STRASBOURG;48.57;7.75;15/09/2026;03:00;16.2;0;SOLEIL;5.0;11.2;0
STRASBOURG;48.57;7.75;15/09/2026;04:00;15.9;0;SOLEIL;5.4;12.2;0
STRASBOURG;48.57;7.75;15/09/2026;05:00;15.4;0;SOLEIL;3.8;14.0;0
STRASBOURG;48.57;7.75;15/09/2026;06:00;15.9;0;SOLEIL;4.3;18.7;0
STRASBOURG;48.57;7.75;15/09/2026;07:00;17.5;0;SOLEIL;3.1;15.8;0
STRASBOURG;48.57;7.75;15/09/2026;08:00;19.7;0;SOLEIL;2.8;11.5;0
STRASBOURG;48.57;7.75;15/09/2026;09:00;22;0;SOLEIL;4.0;10.8;0
STRASBOURG;48.57;7.75;15/09/2026;10:00;24.6;0;SOLEIL;3.8;11.5;0
STRASBOURG;48.57;7.75;15/09/2026;11:00;26.4;0;SOLEIL;3.6;11.9;0
STRASBOURG;48.57;7.75;15/09/2026;12:00;26.6;0;SOLEIL;2.2;10.1;0
STRASBOURG;48.57;7.75;15/09/2026;13:00;28.4;0;SOLEIL;1.6;8.6;0
STRASBOURG;48.57;7.75;15/09/2026;14:00;28.6;0;SOLEIL;2.1;8.3;0
STRASBOURG;48.57;7.75;15/09/2026;15:00;27.6;5;SOLEIL VOILÉ;3.1;10.1;0
STRASBOURG;48.57;7.75;15/09/2026;16:00;27.1;5;SOLEIL VOILÉ;2.4;11.5;0
STRASBOURG;48.57;7.75;15/09/2026;17:00;26.5;5;SOLEIL VOILÉ;2.3;8.6;0
STRASBOURG;48.57;7.75;15/09/2026;18:00;23;0;SOLEIL;4.0;10.4;0
STRASBOURG;48.57;7.75;15/09/2026;19:00;22.1;0;SOLEIL;4.0;9.7;0
STRASBOURG;48.57;7.75;15/09/2026;20:00;21.1;0;SOLEIL;3.5;10.4;0
STRASBOURG;48.57;7.75;15/09/2026;21:00;20.4;0;SOLEIL;2.2;7.6;0
STRASBOURG;48.57;7.75;15/09/2026;22:00;20.9;0;SOLEIL;1.8;3.2;0
STRASBOURG;48.57;7.75;15/09/2026;23:00;20.7;0;SOLEIL;2.2;4.3;0
STRASBOURG;48.57;7.75;16/09/2026;00:00;19.4;0;SOLEIL;2.9;5.4;0
STRASBOURG;48.57;7.75;16/09/2026;01:00;19.4;0;SOLEIL;2.5;5.8;0
STRASBOURG;48.57;7.75;16/09/2026;02:00;18.5;0;SOLEIL;2.9;6.8;0
STRASBOURG;48.57;7.75;16/09/2026;03:00;18.5;0;SOLEIL;2.9;5.8;0
STRASBOURG;48.57;7.75;16/09/2026;04:00;18.5;0;SOLEIL;3.4;7.2;0
STRASBOURG;48.57;7.75;16/09/2026;05:00;18.6;0;SOLEIL;4.4;9.4;0
STRASBOURG;48.57;7.75;16/09/2026;06:00;18.6;0;SOLEIL;4.1;9.0;0
STRASBOURG;48.57;7.75;16/09/2026;07:00;18.6;0;SOLEIL;4.0;9.0;0
STRASBOURG;48.57;7.75;16/09/2026;08:00;20.6;6;AVERSES;3.7;9.0;0
STRASBOURG;48.57;7.75;16/09/2026;09:00;20.6;6;AVERSES;3.7;9.4;0
STRASBOURG;48.57;7.75;16/09/2026;10:00;20.6;6;AVERSES;3.9;10.8;0
STRASBOURG;48.57;7.75;16/09/2026;11:00;19.4;6;AVERSES;4.7;12.6;0
STRASBOURG;48.57;7.75;16/09/2026;12:00;19.4;6;AVERSES;6.5;16.2;0
STRASBOURG;48.57;7.75;16/09/2026;13:00;19.4;6;AVERSES;5.8;16.6;0
STRASBOURG;48.57;7.75;16/09/2026;14:00;20;0;SOLEIL;5.8;15.5;0
STRASBOURG;48.57;7.75;16/09/2026;15:00;20;0;SOLEIL;4.8;16.9;0
STRASBOURG;48.57;7.75;16/09/2026;16:00;20;0;SOLEIL;6.0;15.5;0
STRASBOURG;48.57;7.75;16/09/2026;17:00;17.4;6;AVERSES;6.4;18.7;0
STRASBOURG;48.57;7.75;16/09/2026;18:00;17.4;6;AVERSES;6.9;16.9;0
STRASBOURG;48.57;7.75;16/09/2026;19:00;17.4;6;AVERSES;7.8;16.9;0
STRASBOURG;48.57;7.75;16/09/2026;20:00;15.5;0;SOLEIL;5.1;17.6;0
STRASBOURG;48.57;7.75;16/09/2026;21:00;15.5;0;SOLEIL;5.9;11.5;0
STRASBOURG;48.57;7.75;16/09/2026;22:00;15.5;0;SOLEIL;5.2;11.9;0
STRASBOURG;48.57;7.75;16/09/2026;23:00;13.1;0;SOLEIL;6.9;15.8;0
STRASBOURG;48.57;7.75;17/09/2026;00:00;13.1;0;SOLEIL;6.8;14.0;0
STRASBOURG;48.57;7.75;17/09/2026;01:00;13.1;0;SOLEIL;8.1;17.3;0
STRASBOURG;48.57;7.75;17/09/2026;02:00;12.2;0;SOLEIL;9.8;20.9;0
STRASBOURG;48.57;7.75;17/09/2026;03:00;12.2;0;SOLEIL;9.7;21.6;0
STRASBOURG;48.57;7.75;17/09/2026;04:00;12.2;0;SOLEIL;6.4;20.9;0
STRASBOURG;48.57;7.75;17/09/2026;05:00;11.6;0;SOLEIL;3.8;13.3;0
STRASBOURG;48.57;7.75;17/09/2026;06:00;11.6;0;SOLEIL;5.3;11.9;0
STRASBOURG;48.57;7.75;17/09/2026;07:00;11.6;0;SOLEIL;4.1;10.8;0
STRASBOURG;48.57;7.75;17/09/2026;08:00;17.9;0;SOLEIL;7.4;16.6;0
STRASBOURG;48.57;7.75;17/09/2026;09:00;17.9;0;SOLEIL;10.2;22.3;0
STRASBOURG;48.57;7.75;17/09/2026;10:00;17.9;0;SOLEIL;11.7;25.6;0
STRASBOURG;48.57;7.75;17/09/2026;11:00;21;0;SOLEIL;11.4;25.9;0
STRASBOURG;48.57;7.75;17/09/2026;12:00;21;0;SOLEIL;8.6;23.7;0
STRASBOURG;48.57;7.75;17/09/2026;13:00;21;0;SOLEIL;9.8;24.8;0
STRASBOURG;48.57;7.75;17/09/2026;14:00;21.5;0;SOLEIL;10.4;27.2;0
STRASBOURG;48.57;7.75;17/09/2026;15:00;21.5;0;SOLEIL;11.4;30.2;0
STRASBOURG;48.57;7.75;17/09/2026;16:00;21.5;0;SOLEIL;12.2;32.8;0
STRASBOURG;48.57;7.75;17/09/2026;17:00;18.1;2;NUAGEUX;10.1;32.8;0
STRASBOURG;48.57;7.75;17/09/2026;18:00;18.1;2;NUAGEUX;8.7;27.0;0
STRASBOURG;48.57;7.75;17/09/2026;19:00;18.1;2;NUAGEUX;6.3;24.5;0
STRASBOURG;48.57;7.75;17/09/2026;20:00;15.7;0;SOLEIL;3.7;15.8;0
STRASBOURG;48.57;7.75;17/09/2026;21:00;14.4;0;SOLEIL;7.2;17.3;0
STRASBOURG;48.57;7.75;17/09/2026;22:00;13.2;0;SOLEIL;7.4;19.4;0
STRASBOURG;48.57;7.75;17/09/2026;23:00;14.6;2;NUAGEUX;6.5;17.3;0
STRASBOURG;48.57;7.75;18/09/2026;00:00;14.6;2;NUAGEUX;7.0;16.9;0
STRASBOURG;48.57;7.75;18/09/2026;01:00;14.6;2;NUAGEUX;7.1;17.3;0
STRASBOURG;48.57;7.75;18/09/2026;02:00;13.1;7;PLUIE FAIBLE;6.4;16.9;0
STRASBOURG;48.57;7.75;18/09/2026;03:00;13.1;7;PLUIE FAIBLE;6.3;15.8;0
STRASBOURG;48.57;7.75;18/09/2026;04:00;13.1;7;PLUIE FAIBLE;6.4;15.8;0
STRASBOURG;48.57;7.75;18/09/2026;05:00;13.9;2;NUAGEUX;5.6;15.8;0
STRASBOURG;48.57;7.75;18/09/2026;06:00;13.9;2;NUAGEUX;5.5;13.3;0
STRASBOURG;48.57;7.75;18/09/2026;07:00;13.9;2;NUAGEUX;5.4;13.0;0
STRASBOURG;48.57;7.75;18/09/2026;08:00;14.9;7;PLUIE FAIBLE;5.9;14.0;0
STRASBOURG;48.57;7.75;18/09/2026;09:00;15.8;7;PLUIE FAIBLE;7.1;19.1;0
STRASBOURG;48.57;7.75;18/09/2026;10:00;16.7;7;PLUIE FAIBLE;8.9;24.5;0
STRASBOURG;48.57;7.75;18/09/2026;11:00;19.6;7;PLUIE FAIBLE;9.6;25.9;0
STRASBOURG;48.57;7.75;18/09/2026;12:00;19.6;7;PLUIE FAIBLE;8.0;25.9;0
STRASBOURG;48.57;7.75;18/09/2026;13:00;19.6;7;PLUIE FAIBLE;5.7;22.7;0
STRASBOURG;48.57;7.75;18/09/2026;14:00;20.2;7;PLUIE FAIBLE;5.9;17.6;0
STRASBOURG;48.57;7.75;18/09/2026;15:00;21.1;7;PLUIE FAIBLE;6.8;18.4;0
STRASBOURG;48.57;7.75;18/09/2026;16:00;20.2;7;PLUIE FAIBLE;7.6;20.5;0
STRASBOURG;48.57;7.75;18/09/2026;17:00;17.6;7;PLUIE FAIBLE;7.7;21.6;0
STRASBOURG;48.57;7.75;18/09/2026;18:00;17.6;7;PLUIE FAIBLE;6.8;20.9;0
STRASBOURG;48.57;7.75;18/09/2026;19:00;17.6;7;PLUIE FAIBLE;5.3;19.4;0
STRASBOURG;48.57;7.75;18/09/2026;20:00;16.7;7;PLUIE FAIBLE;3.8;17.3;0
STRASBOURG;48.57;7.75;18/09/2026;21:00;15.8;7;PLUIE FAIBLE;1.8;13.3;0
STRASBOURG;48.57;7.75;18/09/2026;22:00;14.9;7;PLUIE FAIBLE;1.1;8.6;0
STRASBOURG;48.57;7.75;18/09/2026;23:00;13.6;0;SOLEIL;2.9;5.4;0
STRASBOURG;48.57;7.75;19/09/2026;00:00;13.6;0;SOLEIL;3.3;5.8;0
STRASBOURG;48.57;7.75;19/09/2026;01:00;13.6;0;SOLEIL;3.5;7.6;0
STRASBOURG;48.57;7.75;19/09/2026;02:00;11.7;0;SOLEIL;3.9;9.4;0
STRASBOURG;48.57;7.75;19/09/2026;03:00;11.7;0;SOLEIL;4.2;10.4;0
STRASBOURG;48.57;7.75;19/09/2026;04:00;11.7;0;SOLEIL;4.5;11.2;0
STRASBOURG;48.57;7.75;19/09/2026;05:00;12.6;0;SOLEIL;5.2;12.2;0
STRASBOURG;48.57;7.75;19/09/2026;06:00;12.6;0;SOLEIL;6.0;14.0;0
STRASBOURG;48.57;7.75;19/09/2026;07:00;12.6;0;SOLEIL;6.8;15.8;0
STRASBOURG;48.57;7.75;19/09/2026;08:00;14.4;0;SOLEIL;7.1;17.6;0
STRASBOURG;48.57;7.75;19/09/2026;09:00;15.8;0;SOLEIL;7.6;19.1;0
STRASBOURG;48.57;7.75;19/09/2026;10:00;17.1;0;SOLEIL;7.9;19.8;0
STRASBOURG;48.57;7.75;19/09/2026;11:00;22.2;0;SOLEIL;7.4;20.2;0
STRASBOURG;48.57;7.75;19/09/2026;12:00;22.2;0;SOLEIL;6.0;19.4;0
STRASBOURG;48.57;7.75;19/09/2026;13:00;22.2;0;SOLEIL;4.2;17.6;0
STRASBOURG;48.57;7.75;19/09/2026;14:00;22.5;0;SOLEIL;2.8;15.8;0
STRASBOURG;48.57;7.75;19/09/2026;15:00;23.9;0;SOLEIL;1.1;13.7;0
STRASBOURG;48.57;7.75;19/09/2026;16:00;22.5;0;SOLEIL;1.1;11.2;0
STRASBOURG;48.57;7.75;19/09/2026;17:00;19.4;0;SOLEIL;2.5;9.4;0
STRASBOURG;48.57;7.75;19/09/2026;18:00;19.4;0;SOLEIL;3.1;8.3;0
STRASBOURG;48.57;7.75;19/09/2026;19:00;19.4;0;SOLEIL;3.1;7.2;0
STRASBOURG;48.57;7.75;19/09/2026;20:00;17.1;0;SOLEIL;2.9;6.8;0
STRASBOURG;48.57;7.75;19/09/2026;21:00;15.8;0;SOLEIL;2.3;6.5;0
STRASBOURG;48.57;7.75;19/09/2026;22:00;14.4;0;SOLEIL;2.7;6.8;0
STRASBOURG;48.57;7.75;19/09/2026;23:00;15.7;0;SOLEIL;3.6;7.2;0
STRASBOURG;48.57;7.75;20/09/2026;00:00;15.7;0;SOLEIL;4.3;8.3;0
STRASBOURG;48.57;7.75;20/09/2026;01:00;15.7;0;SOLEIL;4.7;10.1;0
STRASBOURG;48.57;7.75;20/09/2026;02:00;13.5;0;SOLEIL;4.7;11.2;0
STRASBOURG;48.57;7.75;20/09/2026;03:00;13.5;0;SOLEIL;4.8;11.5;0
STRASBOURG;48.57;7.75;20/09/2026;04:00;13.5;0;SOLEIL;4.7;11.5;0
STRASBOURG;48.57;7.75;20/09/2026;05:00;14.6;0;SOLEIL;5.0;11.9;0
STRASBOURG;48.57;7.75;20/09/2026;06:00;14.6;0;SOLEIL;5.5;12.6;0
STRASBOURG;48.57;7.75;20/09/2026;07:00;14.6;0;SOLEIL;6.1;13.3;0
STRASBOURG;48.57;7.75;20/09/2026;08:00;15.7;0;SOLEIL;6.3;13.5;0
STRASBOURG;48.57;7.75;20/09/2026;09:00;16.8;0;SOLEIL;6.4;14.0;0
STRASBOURG;48.57;7.75;20/09/2026;10:00;17.9;0;SOLEIL;8.6;19.8;0
STRASBOURG;48.57;7.75;20/09/2026;11:00;22.6;0;SOLEIL;10.3;24.1;0
STRASBOURG;48.57;7.75;20/09/2026;12:00;22.6;0;SOLEIL;10.9;25.9;0
STRASBOURG;48.57;7.75;20/09/2026;13:00;22.6;0;SOLEIL;10.9;25.9;0
STRASBOURG;48.57;7.75;20/09/2026;14:00;22.4;0;SOLEIL;10.8;25.9;0
STRASBOURG;48.57;7.75;20/09/2026;15:00;23.5;0;SOLEIL;10.5;25.9;0
STRASBOURG;48.57;7.75;20/09/2026;16:00;22.4;0;SOLEIL;10.3;25.2;0
STRASBOURG;48.57;7.75;20/09/2026;17:00;19.9;0;SOLEIL;9.7;24.1;0
STRASBOURG;48.57;7.75;20/09/2026;18:00;19.9;0;SOLEIL;8.1;22.0;0
STRASBOURG;48.57;7.75;20/09/2026;19:00;19.9;0;SOLEIL;5.8;19.4;0
STRASBOURG;48.57;7.75;20/09/2026;20:00;17.9;0;SOLEIL;4.7;17.3;0
STRASBOURG;48.57;7.75;20/09/2026;21:00;16.8;0;SOLEIL;4.7;15.5;0
STRASBOURG;48.57;7.75;20/09/2026;22:00;15.7;0;SOLEIL;5.4;14.0;0
STRASBOURG;48.57;7.75;20/09/2026;23:00;15.1;0;SOLEIL;6.5;13.7;0
STRASBOURG;48.57;7.75;21/09/2026;00:00;15.1;0;SOLEIL;7.6;15.1;0
STRASBOURG;48.57;7.75;21/09/2026;01:00;15.1;0;SOLEIL;8.6;18.0;0
STRASBOURG;48.57;7.75;21/09/2026;02:00;12.2;0;SOLEIL;9.4;20.2;0
STRASBOURG;48.57;7.75;21/09/2026;03:00;12.2;0;SOLEIL;10.1;21.6;0
STRASBOURG;48.57;7.75;21/09/2026;04:00;12.2;0;SOLEIL;10.1;22.3;0
STRASBOURG;48.57;7.75;21/09/2026;05:00;13.4;0;SOLEIL;10.5;23.0;0
STRASBOURG;48.57;7.75;21/09/2026;06:00;13.4;0;SOLEIL;10.5;23.0;0
STRASBOURG;48.57;7.75;21/09/2026;07:00;13.4;0;SOLEIL;10.2;23.0;0
STRASBOURG;48.57;7.75;21/09/2026;08:00;14.8;0;SOLEIL;10.2;23.4;0
STRASBOURG;48.57;7.75;21/09/2026;09:00;16.0;0;SOLEIL;11.3;24.8;0
STRASBOURG;48.57;7.75;21/09/2026;10:00;17.3;0;SOLEIL;12.7;26.6;0
STRASBOURG;48.57;7.75;21/09/2026;11:00;22.9;0;SOLEIL;12.5;28.1;0
STRASBOURG;48.57;7.75;21/09/2026;12:00;22.9;0;SOLEIL;10.4;29.2;0
STRASBOURG;48.57;7.75;21/09/2026;13:00;22.9;0;SOLEIL;11.0;30.2;0
STRASBOURG;48.57;7.75;21/09/2026;14:00;22.4;0;SOLEIL;13.7;31.0;0
STRASBOURG;48.57;7.75;21/09/2026;15:00;23.7;0;SOLEIL;14.8;32.4;0
STRASBOURG;48.57;7.75;21/09/2026;16:00;22.4;0;SOLEIL;14.4;33.8;0
STRASBOURG;48.57;7.75;21/09/2026;17:00;19.7;0;SOLEIL;13.0;33.5;0
STRASBOURG;48.57;7.75;21/09/2026;18:00;19.7;0;SOLEIL;10.5;29.5;0
STRASBOURG;48.57;7.75;21/09/2026;19:00;19.7;0;SOLEIL;7.5;23.4;0
STRASBOURG;48.57;7.75;21/09/2026;20:00;17.3;0;SOLEIL;4.5;17.6;0
STRASBOURG;48.57;7.75;21/09/2026;21:00;16.0;0;SOLEIL;2.0;12.2;0
STRASBOURG;48.57;7.75;21/09/2026;22:00;14.8;0;SOLEIL;0.8;7.2;0
STRASBOURG;48.57;7.75;21/09/2026;23:00;14.9;0;SOLEIL;1.8;3.6;0
BOURGES;47.08;2.39;15/09/2026;00:00;20.6;0;SOLEIL;1.3;3.2;0
BOURGES;47.08;2.39;15/09/2026;01:00;19.8;0;SOLEIL;1.9;2.5;0
BOURGES;47.08;2.39;15/09/2026;02:00;19;0;SOLEIL;1.3;4.0;0
BOURGES;47.08;2.39;15/09/2026;03:00;17.7;0;SOLEIL;1.5;2.2;0
BOURGES;47.08;2.39;15/09/2026;04:00;16.7;0;SOLEIL;2.7;4.7;0
BOURGES;47.08;2.39;15/09/2026;05:00;16.5;0;SOLEIL;3.1;7.2;0
BOURGES;47.08;2.39;15/09/2026;06:00;16.3;0;SOLEIL;2.5;6.5;0
BOURGES;47.08;2.39;15/09/2026;07:00;18.6;0;SOLEIL;2.6;5.8;0
BOURGES;47.08;2.39;15/09/2026;08:00;22;0;SOLEIL;3.3;6.5;0
BOURGES;47.08;2.39;15/09/2026;09:00;25.1;0;SOLEIL;2.9;7.6;0
BOURGES;47.08;2.39;15/09/2026;10:00;28.1;0;SOLEIL;2.9;7.9;0
BOURGES;47.08;2.39;15/09/2026;11:00;29.6;0;SOLEIL;2.4;8.6;0
BOURGES;47.08;2.39;15/09/2026;12:00;30.9;0;SOLEIL;1.5;8.6;0
BOURGES;47.08;2.39;15/09/2026;13:00;31.6;0;SOLEIL;0.8;6.5;0
BOURGES;47.08;2.39;15/09/2026;14:00;32.6;0;SOLEIL;0.8;5.8;0
BOURGES;47.08;2.39;15/09/2026;15:00;32.7;0;SOLEIL;1.1;5.0;0
BOURGES;47.08;2.39;15/09/2026;16:00;32.7;0;SOLEIL;3.7;4.3;0
BOURGES;47.08;2.39;15/09/2026;17:00;32.8;0;SOLEIL;6.6;8.3;0
BOURGES;47.08;2.39;15/09/2026;18:00;30;0;SOLEIL;6.6;9.0;0
BOURGES;47.08;2.39;15/09/2026;19:00;28.2;0;SOLEIL;2.7;8.3;0
BOURGES;47.08;2.39;15/09/2026;20:00;26.9;0;SOLEIL;3.8;7.6;0
BOURGES;47.08;2.39;15/09/2026;21:00;25;0;SOLEIL;1.8;7.2;0
BOURGES;47.08;2.39;15/09/2026;22:00;23.1;0;SOLEIL;4.0;5.8;0
BOURGES;47.08;2.39;15/09/2026;23:00;21;0;SOLEIL;3.2;8.3;0
BOURGES;47.08;2.39;16/09/2026;00:00;19.7;0;SOLEIL;3.6;7.2;0
BOURGES;47.08;2.39;16/09/2026;01:00;19.7;0;SOLEIL;3.0;7.2;0
BOURGES;47.08;2.39;16/09/2026;02:00;17.7;2;NUAGEUX;3.0;7.2;0
BOURGES;47.08;2.39;16/09/2026;03:00;17.7;2;NUAGEUX;2.9;6.1;0
BOURGES;47.08;2.39;16/09/2026;04:00;17.7;2;NUAGEUX;3.8;7.6;0
BOURGES;47.08;2.39;16/09/2026;05:00;17;2;NUAGEUX;4.0;8.3;0
BOURGES;47.08;2.39;16/09/2026;06:00;17;2;NUAGEUX;4.7;9.4;0
BOURGES;47.08;2.39;16/09/2026;07:00;17;2;NUAGEUX;4.2;9.4;0
BOURGES;47.08;2.39;16/09/2026;08:00;18.2;0;SOLEIL;4.1;8.6;0
BOURGES;47.08;2.39;16/09/2026;09:00;18.2;0;SOLEIL;3.7;8.6;0
BOURGES;47.08;2.39;16/09/2026;10:00;18.2;0;SOLEIL;4.9;11.5;0
BOURGES;47.08;2.39;16/09/2026;11:00;21.4;0;SOLEIL;4.8;13.0;0
BOURGES;47.08;2.39;16/09/2026;12:00;21.4;0;SOLEIL;4.3;13.0;0
BOURGES;47.08;2.39;16/09/2026;13:00;21.4;0;SOLEIL;7.6;18.0;0
BOURGES;47.08;2.39;16/09/2026;14:00;21.6;2;NUAGEUX;11.0;25.2;0
BOURGES;47.08;2.39;16/09/2026;15:00;21.6;2;NUAGEUX;11.5;26.6;0
BOURGES;47.08;2.39;16/09/2026;16:00;21.6;2;NUAGEUX;14.1;29.9;0
BOURGES;47.08;2.39;16/09/2026;17:00;21.1;0;SOLEIL;14.8;33.1;0
BOURGES;47.08;2.39;16/09/2026;18:00;21.1;0;SOLEIL;16.6;34.6;0
BOURGES;47.08;2.39;16/09/2026;19:00;21.1;0;SOLEIL;16.5;36.4;0
BOURGES;47.08;2.39;16/09/2026;20:00;18;0;SOLEIL;11.5;33.5;0
BOURGES;47.08;2.39;16/09/2026;21:00;18;0;SOLEIL;10.8;22.7;0
BOURGES;47.08;2.39;16/09/2026;22:00;18;0;SOLEIL;11.1;22.0;0
BOURGES;47.08;2.39;16/09/2026;23:00;15.5;0;SOLEIL;11.1;28.8;0
BOURGES;47.08;2.39;17/09/2026;00:00;15.5;0;SOLEIL;7.2;21.2;0
BOURGES;47.08;2.39;17/09/2026;01:00;15.5;0;SOLEIL;10.6;21.2;0
BOURGES;47.08;2.39;17/09/2026;02:00;13;0;SOLEIL;10.3;21.2;0
BOURGES;47.08;2.39;17/09/2026;03:00;13;0;SOLEIL;10.8;22.3;0
BOURGES;47.08;2.39;17/09/2026;04:00;13;0;SOLEIL;11.0;23.0;0
BOURGES;47.08;2.39;17/09/2026;05:00;11.6;5;SOLEIL VOILÉ;10.5;25.9;0
BOURGES;47.08;2.39;17/09/2026;06:00;11.6;5;SOLEIL VOILÉ;9.7;22.3;0
BOURGES;47.08;2.39;17/09/2026;07:00;11.6;5;SOLEIL VOILÉ;11.5;23.4;0
BOURGES;47.08;2.39;17/09/2026;08:00;18.4;5;SOLEIL VOILÉ;11.0;24.8;0
BOURGES;47.08;2.39;17/09/2026;09:00;18.4;5;SOLEIL VOILÉ;10.7;23.0;0
BOURGES;47.08;2.39;17/09/2026;10:00;18.4;5;SOLEIL VOILÉ;11.0;24.5;0
BOURGES;47.08;2.39;17/09/2026;11:00;21;5;SOLEIL VOILÉ;11.1;25.2;0
BOURGES;47.08;2.39;17/09/2026;12:00;21;5;SOLEIL VOILÉ;10.7;25.5;0
BOURGES;47.08;2.39;17/09/2026;13:00;21;5;SOLEIL VOILÉ;9.6;23.6;0
BOURGES;47.08;2.39;17/09/2026;14:00;22.2;2;NUAGEUX;10.9;24.0;0
BOURGES;47.08;2.39;17/09/2026;15:00;22.2;2;NUAGEUX;9.9;23.8;0
BOURGES;47.08;2.39;17/09/2026;16:00;22.2;2;NUAGEUX;9.2;21.2;0
BOURGES;47.08;2.39;17/09/2026;17:00;21.1;2;NUAGEUX;11.0;22.3;0
BOURGES;47.08;2.39;17/09/2026;18:00;21.1;2;NUAGEUX;11.7;23.4;0
BOURGES;47.08;2.39;17/09/2026;19:00;21.1;2;NUAGEUX;9.2;23.8;0
BOURGES;47.08;2.39;17/09/2026;20:00;16.3;2;NUAGEUX;5.0;18.4;0
BOURGES;47.08;2.39;17/09/2026;21:00;15.0;2;NUAGEUX;4.8;10.1;0
BOURGES;47.08;2.39;17/09/2026;22:00;13.7;2;NUAGEUX;4.3;9.0;0
BOURGES;47.08;2.39;17/09/2026;23:00;16.1;2;NUAGEUX;4.0;8.3;0
BOURGES;47.08;2.39;18/09/2026;00:00;16.1;2;NUAGEUX;4.0;7.2;0
BOURGES;47.08;2.39;18/09/2026;01:00;16.1;2;NUAGEUX;5.0;9.4;0
BOURGES;47.08;2.39;18/09/2026;02:00;13.2;6;AVERSES;4.4;8.6;0
BOURGES;47.08;2.39;18/09/2026;03:00;13.2;6;AVERSES;4.0;7.6;0
BOURGES;47.08;2.39;18/09/2026;04:00;13.2;6;AVERSES;3.4;7.2;0
BOURGES;47.08;2.39;18/09/2026;05:00;13.9;6;AVERSES;3.2;6.1;0
BOURGES;47.08;2.39;18/09/2026;06:00;13.9;6;AVERSES;3.0;6.1;0
BOURGES;47.08;2.39;18/09/2026;07:00;13.9;6;AVERSES;2.8;4.7;0
BOURGES;47.08;2.39;18/09/2026;08:00;15.1;6;AVERSES;2.7;5.4;0
BOURGES;47.08;2.39;18/09/2026;09:00;16.0;6;AVERSES;3.1;6.1;0
BOURGES;47.08;2.39;18/09/2026;10:00;17.0;6;AVERSES;5.6;11.9;0
BOURGES;47.08;2.39;18/09/2026;11:00;19.7;6;AVERSES;6.6;14.8;0
BOURGES;47.08;2.39;18/09/2026;12:00;19.7;6;AVERSES;9.2;19.8;0
BOURGES;47.08;2.39;18/09/2026;13:00;19.7;6;AVERSES;13.0;26.6;0
BOURGES;47.08;2.39;18/09/2026;14:00;20.8;6;AVERSES;14.5;29.2;0
BOURGES;47.08;2.39;18/09/2026;15:00;21.7;6;AVERSES;15.9;31.3;0
BOURGES;47.08;2.39;18/09/2026;16:00;20.8;6;AVERSES;16.3;32.4;0
BOURGES;47.08;2.39;18/09/2026;17:00;19.5;2;NUAGEUX;15.9;32.0;0
BOURGES;47.08;2.39;18/09/2026;18:00;19.5;2;NUAGEUX;13.7;31.0;0
BOURGES;47.08;2.39;18/09/2026;19:00;19.5;2;NUAGEUX;10.5;28.4;0
BOURGES;47.08;2.39;18/09/2026;20:00;17.0;6;AVERSES;7.6;25.2;0
BOURGES;47.08;2.39;18/09/2026;21:00;16.0;6;AVERSES;5.4;19.4;0
BOURGES;47.08;2.39;18/09/2026;22:00;15.1;6;AVERSES;4.2;12.2;0
BOURGES;47.08;2.39;18/09/2026;23:00;14.2;0;SOLEIL;4.6;8.3;0
BOURGES;47.08;2.39;19/09/2026;00:00;14.2;0;SOLEIL;5.6;10.1;0
BOURGES;47.08;2.39;19/09/2026;01:00;14.2;0;SOLEIL;6.8;14.8;0
BOURGES;47.08;2.39;19/09/2026;02:00;11;0;SOLEIL;8.0;18.0;0
BOURGES;47.08;2.39;19/09/2026;03:00;11;0;SOLEIL;8.5;18.0;0
BOURGES;47.08;2.39;19/09/2026;04:00;11;0;SOLEIL;8.4;16.9;0
BOURGES;47.08;2.39;19/09/2026;05:00;11.7;0;SOLEIL;8.1;15.8;0
BOURGES;47.08;2.39;19/09/2026;06:00;11.7;0;SOLEIL;8.1;15.5;0
BOURGES;47.08;2.39;19/09/2026;07:00;11.7;0;SOLEIL;7.9;15.5;0
BOURGES;47.08;2.39;19/09/2026;08:00;13.8;0;SOLEIL;7.9;15.8;0
BOURGES;47.08;2.39;19/09/2026;09:00;15.2;0;SOLEIL;7.7;16.9;0
BOURGES;47.08;2.39;19/09/2026;10:00;16.6;0;SOLEIL;8.0;18.4;0
BOURGES;47.08;2.39;19/09/2026;11:00;21.6;0;SOLEIL;9.1;20.2;0
BOURGES;47.08;2.39;19/09/2026;12:00;21.6;0;SOLEIL;10.6;23.0;0
BOURGES;47.08;2.39;19/09/2026;13:00;21.6;0;SOLEIL;12.5;25.9;0
BOURGES;47.08;2.39;19/09/2026;14:00;22.2;0;SOLEIL;13.8;28.4;0
BOURGES;47.08;2.39;19/09/2026;15:00;23.6;0;SOLEIL;14.2;29.9;0
BOURGES;47.08;2.39;19/09/2026;16:00;22.2;0;SOLEIL;14.2;30.6;0
BOURGES;47.08;2.39;19/09/2026;17:00;21.1;0;SOLEIL;13.5;29.9;0
BOURGES;47.08;2.39;19/09/2026;18:00;21.1;0;SOLEIL;11.6;27.7;0
BOURGES;47.08;2.39;19/09/2026;19:00;21.1;0;SOLEIL;8.6;24.5;0
BOURGES;47.08;2.39;19/09/2026;20:00;16.6;0;SOLEIL;6.5;20.9;0
BOURGES;47.08;2.39;19/09/2026;21:00;15.2;0;SOLEIL;5.4;16.6;0
BOURGES;47.08;2.39;19/09/2026;22:00;13.8;0;SOLEIL;4.7;11.9;0
BOURGES;47.08;2.39;19/09/2026;23:00;16.6;0;SOLEIL;4.1;8.6;0
BOURGES;47.08;2.39;20/09/2026;00:00;16.6;0;SOLEIL;4.0;7.9;0
BOURGES;47.08;2.39;20/09/2026;01:00;16.6;0;SOLEIL;4.3;8.3;0
BOURGES;47.08;2.39;20/09/2026;02:00;12.9;0;SOLEIL;4.9;9.0;0
BOURGES;47.08;2.39;20/09/2026;03:00;12.9;0;SOLEIL;5.2;9.4;0
BOURGES;47.08;2.39;20/09/2026;04:00;12.9;0;SOLEIL;5.4;10.1;0
BOURGES;47.08;2.39;20/09/2026;05:00;14;0;SOLEIL;5.9;10.8;0
BOURGES;47.08;2.39;20/09/2026;06:00;14;0;SOLEIL;6.5;11.9;0
BOURGES;47.08;2.39;20/09/2026;07:00;14;0;SOLEIL;7.0;13.1;0
BOURGES;47.08;2.39;20/09/2026;08:00;15.8;0;SOLEIL;7.6;14.0;0
BOURGES;47.08;2.39;20/09/2026;09:00;17.3;0;SOLEIL;4.3;9.7;0
BOURGES;47.08;2.39;20/09/2026;10:00;18.8;0;SOLEIL;5.9;13.3;0
BOURGES;47.08;2.39;20/09/2026;11:00;24.6;0;SOLEIL;7.8;16.6;0
BOURGES;47.08;2.39;20/09/2026;12:00;24.6;0;SOLEIL;9.4;18.7;0
BOURGES;47.08;2.39;20/09/2026;13:00;24.6;0;SOLEIL;10.4;20.9;0
BOURGES;47.08;2.39;20/09/2026;14:00;24.6;0;SOLEIL;11.0;22.0;0
BOURGES;47.08;2.39;20/09/2026;15:00;26.1;0;SOLEIL;11.3;22.3;0
BOURGES;47.08;2.39;20/09/2026;16:00;24.6;0;SOLEIL;11.3;22.0;0
BOURGES;47.08;2.39;20/09/2026;17:00;22.7;0;SOLEIL;11.0;21.6;0
BOURGES;47.08;2.39;20/09/2026;18:00;22.7;0;SOLEIL;9.5;21.6;0
BOURGES;47.08;2.39;20/09/2026;19:00;22.7;0;SOLEIL;7.2;21.2;0
BOURGES;47.08;2.39;20/09/2026;20:00;18.8;0;SOLEIL;5.4;19.8;0
BOURGES;47.08;2.39;20/09/2026;21:00;17.3;0;SOLEIL;4.5;16.2;0
BOURGES;47.08;2.39;20/09/2026;22:00;15.8;0;SOLEIL;4.5;11.5;0
BOURGES;47.08;2.39;20/09/2026;23:00;16.2;0;SOLEIL;4.6;8.3;0
BOURGES;47.08;2.39;21/09/2026;00:00;16.2;0;SOLEIL;4.7;7.9;0
BOURGES;47.08;2.39;21/09/2026;01:00;16.2;0;SOLEIL;4.9;8.6;0
BOURGES;47.08;2.39;21/09/2026;02:00;12.4;0;SOLEIL;5.5;9.7;0
BOURGES;47.08;2.39;21/09/2026;03:00;12.4;0;SOLEIL;5.9;10.4;0
BOURGES;47.08;2.39;21/09/2026;04:00;12.4;0;SOLEIL;6.2;11.2;0
BOURGES;47.08;2.39;21/09/2026;05:00;13.6;0;SOLEIL;6.4;11.9;0
BOURGES;47.08;2.39;21/09/2026;06:00;13.6;0;SOLEIL;6.3;11.9;0
BOURGES;47.08;2.39;21/09/2026;07:00;13.6;0;SOLEIL;6.4;11.9;0
BOURGES;47.08;2.39;21/09/2026;08:00;15.4;0;SOLEIL;6.9;12.6;0
BOURGES;47.08;2.39;21/09/2026;09:00;16.9;0;SOLEIL;8.3;15.5;0
BOURGES;47.08;2.39;21/09/2026;10:00;18.4;0;SOLEIL;10.3;19.1;0
BOURGES;47.08;2.39;21/09/2026;11:00;24.5;0;SOLEIL;11.6;22.7;0
BOURGES;47.08;2.39;21/09/2026;12:00;24.5;0;SOLEIL;12.0;25.6;0
BOURGES;47.08;2.39;21/09/2026;13:00;24.5;0;SOLEIL;12.0;28.1;0
BOURGES;47.08;2.39;21/09/2026;14:00;24.5;0;SOLEIL;11.3;29.5;0
BOURGES;47.08;2.39;21/09/2026;15:00;26.0;0;SOLEIL;10.9;30.2;0
BOURGES;47.08;2.39;21/09/2026;16:00;24.5;0;SOLEIL;10.6;29.9;0
BOURGES;47.08;2.39;21/09/2026;17:00;22.9;0;SOLEIL;10.3;28.1;0
BOURGES;47.08;2.39;21/09/2026;18:00;22.9;0;SOLEIL;7.7;23.0;0
BOURGES;47.08;2.39;21/09/2026;19:00;22.9;0;SOLEIL;3.6;16.2;0
BOURGES;47.08;2.39;21/09/2026;20:00;18.4;0;SOLEIL;1.1;10.8;0
BOURGES;47.08;2.39;21/09/2026;21:00;16.9;0;SOLEIL;1.8;7.9;0
BOURGES;47.08;2.39;21/09/2026;22:00;15.4;0;SOLEIL;3.0;6.5;0
BOURGES;47.08;2.39;21/09/2026;23:00;16.9;0;SOLEIL;3.7;6.5;0
BELFORT;47.63;6.86;15/09/2026;00:00;15;0;SOLEIL;3.3;14.0;0
BELFORT;47.63;6.86;15/09/2026;01:00;14.3;0;SOLEIL;1.5;6.1;0
BELFORT;47.63;6.86;15/09/2026;02:00;13.5;0;SOLEIL;3.6;7.9;0
BELFORT;47.63;6.86;15/09/2026;03:00;13.6;0;SOLEIL;2.3;6.5;0
BELFORT;47.63;6.86;15/09/2026;04:00;13.1;0;SOLEIL;1.3;5.8;0
BELFORT;47.63;6.86;15/09/2026;05:00;12.7;0;SOLEIL;1.1;5.4;0
BELFORT;47.63;6.86;15/09/2026;06:00;13.5;0;SOLEIL;2.5;5.4;0
BELFORT;47.63;6.86;15/09/2026;07:00;16.9;0;SOLEIL;3.1;6.1;0
BELFORT;47.63;6.86;15/09/2026;08:00;20.1;0;SOLEIL;1.9;5.4;0
BELFORT;47.63;6.86;15/09/2026;09:00;22.2;0;SOLEIL;2.3;6.1;0
BELFORT;47.63;6.86;15/09/2026;10:00;23.7;0;SOLEIL;4.0;10.4;0
BELFORT;47.63;6.86;15/09/2026;11:00;25;0;SOLEIL;6.4;11.9;0
BELFORT;47.63;6.86;15/09/2026;12:00;26.5;0;SOLEIL;2.9;15.1;0
BELFORT;47.63;6.86;15/09/2026;13:00;27.1;0;SOLEIL;2.7;10.4;0
BELFORT;47.63;6.86;15/09/2026;14:00;27.6;0;SOLEIL;0.4;8.3;0
BELFORT;47.63;6.86;15/09/2026;15:00;27.9;0;SOLEIL;0.7;4.3;0
BELFORT;47.63;6.86;15/09/2026;16:00;27.2;0;SOLEIL;3.9;10.4;0
BELFORT;47.63;6.86;15/09/2026;17:00;25.8;0;SOLEIL;4.3;10.8;0
BELFORT;47.63;6.86;15/09/2026;18:00;23.3;0;SOLEIL;1.5;10.1;0
BELFORT;47.63;6.86;15/09/2026;19:00;21.6;0;SOLEIL;5.8;11.2;0
BELFORT;47.63;6.86;15/09/2026;20:00;19.7;0;SOLEIL;4.2;12.6;0
BELFORT;47.63;6.86;15/09/2026;21:00;19.2;0;SOLEIL;4.1;9.0;0
BELFORT;47.63;6.86;15/09/2026;22:00;17.9;0;SOLEIL;4.2;8.6;0
BELFORT;47.63;6.86;15/09/2026;23:00;17.9;0;SOLEIL;4.1;8.6;0
BELFORT;47.63;6.86;16/09/2026;00:00;17.2;0;SOLEIL;3.4;7.9;0
BELFORT;47.63;6.86;16/09/2026;01:00;17.2;0;SOLEIL;3.0;6.5;0
BELFORT;47.63;6.86;16/09/2026;02:00;16.6;0;SOLEIL;2.9;5.8;0
BELFORT;47.63;6.86;16/09/2026;03:00;16.6;0;SOLEIL;2.5;5.8;0
BELFORT;47.63;6.86;16/09/2026;04:00;16.6;0;SOLEIL;2.9;5.4;0
BELFORT;47.63;6.86;16/09/2026;05:00;15.6;0;SOLEIL;2.6;5.4;0
BELFORT;47.63;6.86;16/09/2026;06:00;15.6;0;SOLEIL;2.3;5.4;0
BELFORT;47.63;6.86;16/09/2026;07:00;15.6;0;SOLEIL;2.3;4.3;0
BELFORT;47.63;6.86;16/09/2026;08:00;17.2;2;NUAGEUX;1.9;3.6;0
BELFORT;47.63;6.86;16/09/2026;09:00;17.2;2;NUAGEUX;1.1;3.6;0
BELFORT;47.63;6.86;16/09/2026;10:00;17.2;2;NUAGEUX;2.7;7.6;0
BELFORT;47.63;6.86;16/09/2026;11:00;17.6;6;AVERSES;3.7;10.4;0
BELFORT;47.63;6.86;16/09/2026;12:00;17.6;6;AVERSES;3.3;10.4;0
BELFORT;47.63;6.86;16/09/2026;13:00;17.6;6;AVERSES;4.0;11.2;0
BELFORT;47.63;6.86;16/09/2026;14:00;16.7;0;SOLEIL;4.8;12.2;0
BELFORT;47.63;6.86;16/09/2026;15:00;16.7;0;SOLEIL;9.0;20.9;0
BELFORT;47.63;6.86;16/09/2026;16:00;16.7;0;SOLEIL;10.7;24.8;0
BELFORT;47.63;6.86;16/09/2026;17:00;14.7;0;SOLEIL;8.3;24.1;0
BELFORT;47.63;6.86;16/09/2026;18:00;14.7;0;SOLEIL;7.1;20.9;0
BELFORT;47.63;6.86;16/09/2026;19:00;14.7;0;SOLEIL;5.7;15.5;0
BELFORT;47.63;6.86;16/09/2026;20:00;12.6;0;SOLEIL;3.7;11.2;0
BELFORT;47.63;6.86;16/09/2026;21:00;12.6;0;SOLEIL;2.2;6.1;0
BELFORT;47.63;6.86;16/09/2026;22:00;12.6;0;SOLEIL;2.9;7.6;0
BELFORT;47.63;6.86;16/09/2026;23:00;10.2;0;SOLEIL;2.9;6.1;0
BELFORT;47.63;6.86;17/09/2026;00:00;10.2;0;SOLEIL;2.5;6.1;0
BELFORT;47.63;6.86;17/09/2026;01:00;10.2;0;SOLEIL;3.0;5.8;0
BELFORT;47.63;6.86;17/09/2026;02:00;9.1;0;SOLEIL;2.7;6.5;0
BELFORT;47.63;6.86;17/09/2026;03:00;9.1;0;SOLEIL;2.6;7.6;0
BELFORT;47.63;6.86;17/09/2026;04:00;9.1;0;SOLEIL;4.0;7.2;0
BELFORT;47.63;6.86;17/09/2026;05:00;9;0;SOLEIL;7.8;15.8;0
BELFORT;47.63;6.86;17/09/2026;06:00;9;0;SOLEIL;8.9;18.0;0
BELFORT;47.63;6.86;17/09/2026;07:00;9;0;SOLEIL;10.3;23.8;0
BELFORT;47.63;6.86;17/09/2026;08:00;17.1;0;SOLEIL;13.6;28.1;0
BELFORT;47.63;6.86;17/09/2026;09:00;17.1;0;SOLEIL;16.4;33.5;0
BELFORT;47.63;6.86;17/09/2026;10:00;17.1;0;SOLEIL;17.0;35.6;0
BELFORT;47.63;6.86;17/09/2026;11:00;19.7;0;SOLEIL;15.9;35.3;0
BELFORT;47.63;6.86;17/09/2026;12:00;19.7;0;SOLEIL;16.3;34.2;0
BELFORT;47.63;6.86;17/09/2026;13:00;19.7;0;SOLEIL;14.5;34.7;0
BELFORT;47.63;6.86;17/09/2026;14:00;20.5;0;SOLEIL;14.4;33.5;0
BELFORT;47.63;6.86;17/09/2026;15:00;20.5;0;SOLEIL;15.0;31.3;0
BELFORT;47.63;6.86;17/09/2026;16:00;20.5;0;SOLEIL;12.6;31.0;0
BELFORT;47.63;6.86;17/09/2026;17:00;16.5;0;SOLEIL;10.2;25.9;0
BELFORT;47.63;6.86;17/09/2026;18:00;16.5;0;SOLEIL;9.4;21.2;0
BELFORT;47.63;6.86;17/09/2026;19:00;16.5;0;SOLEIL;5.8;19.1;0
BELFORT;47.63;6.86;17/09/2026;20:00;13.8;0;SOLEIL;4.6;12.2;0
BELFORT;47.63;6.86;17/09/2026;21:00;12.3;0;SOLEIL;4.3;9.0;0
BELFORT;47.63;6.86;17/09/2026;22:00;10.8;0;SOLEIL;2.9;8.6;0
BELFORT;47.63;6.86;17/09/2026;23:00;11.5;2;NUAGEUX;2.8;5.8;0
BELFORT;47.63;6.86;18/09/2026;00:00;11.5;2;NUAGEUX;2.3;5.8;0
BELFORT;47.63;6.86;18/09/2026;01:00;11.5;2;NUAGEUX;1.6;4.3;0
BELFORT;47.63;6.86;18/09/2026;02:00;9.2;6;AVERSES;3.1;5.8;0
BELFORT;47.63;6.86;18/09/2026;03:00;9.2;6;AVERSES;1.3;5.4;0
BELFORT;47.63;6.86;18/09/2026;04:00;9.2;6;AVERSES;2.1;4.0;0
BELFORT;47.63;6.86;18/09/2026;05:00;10.7;7;PLUIE FAIBLE;1.8;4.0;0
BELFORT;47.63;6.86;18/09/2026;06:00;10.7;7;PLUIE FAIBLE;2.5;4.3;0
BELFORT;47.63;6.86;18/09/2026;07:00;10.7;7;PLUIE FAIBLE;2.6;5.8;0
BELFORT;47.63;6.86;18/09/2026;08:00;11.6;6;AVERSES;2.6;6.1;0
BELFORT;47.63;6.86;18/09/2026;09:00;12.8;6;AVERSES;2.9;7.9;0
BELFORT;47.63;6.86;18/09/2026;10:00;14.0;6;AVERSES;2.5;7.6;0
BELFORT;47.63;6.86;18/09/2026;11:00;17.1;6;AVERSES;5.2;13.0;0
BELFORT;47.63;6.86;18/09/2026;12:00;17.1;6;AVERSES;8.2;18.7;0
BELFORT;47.63;6.86;18/09/2026;13:00;17.1;6;AVERSES;9.5;21.2;0
BELFORT;47.63;6.86;18/09/2026;14:00;18.7;6;AVERSES;8.8;21.2;0
BELFORT;47.63;6.86;18/09/2026;15:00;19.9;6;AVERSES;9.8;22.0;0
BELFORT;47.63;6.86;18/09/2026;16:00;18.7;6;AVERSES;10.1;21.6;0
BELFORT;47.63;6.86;18/09/2026;17:00;14.4;6;AVERSES;9.7;20.5;0
BELFORT;47.63;6.86;18/09/2026;18:00;14.4;6;AVERSES;7.6;18.0;0
BELFORT;47.63;6.86;18/09/2026;19:00;14.4;6;AVERSES;4.1;14.4;0
BELFORT;47.63;6.86;18/09/2026;20:00;14.0;6;AVERSES;2.3;11.2;0
BELFORT;47.63;6.86;18/09/2026;21:00;12.8;6;AVERSES;1.8;8.6;0
BELFORT;47.63;6.86;18/09/2026;22:00;11.6;6;AVERSES;2.2;6.8;0
BELFORT;47.63;6.86;18/09/2026;23:00;10.5;0;SOLEIL;2.5;5.4;0
BELFORT;47.63;6.86;19/09/2026;00:00;10.5;0;SOLEIL;2.9;5.0;0
BELFORT;47.63;6.86;19/09/2026;01:00;10.5;0;SOLEIL;2.9;5.8;0
BELFORT;47.63;6.86;19/09/2026;02:00;8.6;0;SOLEIL;2.9;6.1;0
BELFORT;47.63;6.86;19/09/2026;03:00;8.6;0;SOLEIL;2.9;6.1;0
BELFORT;47.63;6.86;19/09/2026;04:00;8.6;0;SOLEIL;2.5;6.1;0
BELFORT;47.63;6.86;19/09/2026;05:00;10.4;0;SOLEIL;2.2;5.8;0
BELFORT;47.63;6.86;19/09/2026;06:00;10.4;0;SOLEIL;1.8;5.0;0
BELFORT;47.63;6.86;19/09/2026;07:00;10.4;0;SOLEIL;1.5;4.3;0
BELFORT;47.63;6.86;19/09/2026;08:00;11.7;0;SOLEIL;1.6;4.7;0
BELFORT;47.63;6.86;19/09/2026;09:00;13.3;0;SOLEIL;2.6;6.8;0
BELFORT;47.63;6.86;19/09/2026;10:00;14.8;0;SOLEIL;4.5;10.1;0
BELFORT;47.63;6.86;19/09/2026;11:00;20.6;0;SOLEIL;6.2;13.7;0
BELFORT;47.63;6.86;19/09/2026;12:00;20.6;0;SOLEIL;8.4;18.7;0
BELFORT;47.63;6.86;19/09/2026;13:00;20.6;0;SOLEIL;10.9;24.1;0
BELFORT;47.63;6.86;19/09/2026;14:00;21.0;0;SOLEIL;12.6;27.7;0
BELFORT;47.63;6.86;19/09/2026;15:00;22.6;0;SOLEIL;13.0;28.8;0
BELFORT;47.63;6.86;19/09/2026;16:00;21.0;0;SOLEIL;12.7;28.1;0
BELFORT;47.63;6.86;19/09/2026;17:00;16.6;0;SOLEIL;11.4;26.3;0
BELFORT;47.63;6.86;19/09/2026;18:00;16.6;0;SOLEIL;8.9;23.0;0
BELFORT;47.63;6.86;19/09/2026;19:00;16.6;0;SOLEIL;5.2;18.7;0
BELFORT;47.63;6.86;19/09/2026;20:00;14.8;0;SOLEIL;2.7;14.4;0
BELFORT;47.63;6.86;19/09/2026;21:00;13.3;0;SOLEIL;1.8;10.4;0
BELFORT;47.63;6.86;19/09/2026;22:00;11.7;0;SOLEIL;2.3;6.8;0
BELFORT;47.63;6.86;19/09/2026;23:00;12.1;0;SOLEIL;2.5;4.3;0
BELFORT;47.63;6.86;20/09/2026;00:00;12.1;0;SOLEIL;2.3;3.2;0
BELFORT;47.63;6.86;20/09/2026;01:00;12.1;0;SOLEIL;2.3;3.2;0
BELFORT;47.63;6.86;20/09/2026;02:00;10.2;0;SOLEIL;2.1;3.6;0
BELFORT;47.63;6.86;20/09/2026;03:00;10.2;0;SOLEIL;1.9;4.0;0
BELFORT;47.63;6.86;20/09/2026;04:00;10.2;0;SOLEIL;1.8;4.3;0
BELFORT;47.63;6.86;20/09/2026;05:00;12.4;0;SOLEIL;1.8;4.7;0
BELFORT;47.63;6.86;20/09/2026;06:00;12.4;0;SOLEIL;1.9;4.7;0
BELFORT;47.63;6.86;20/09/2026;07:00;12.4;0;SOLEIL;2.3;4.7;0
BELFORT;47.63;6.86;20/09/2026;08:00;13.1;0;SOLEIL;2.5;4.3;0
BELFORT;47.63;6.86;20/09/2026;09:00;14.6;0;SOLEIL;1.8;4.0;0
BELFORT;47.63;6.86;20/09/2026;10:00;16.1;0;SOLEIL;1.3;5.0;0
BELFORT;47.63;6.86;20/09/2026;11:00;22.5;0;SOLEIL;2.2;6.5;0
BELFORT;47.63;6.86;20/09/2026;12:00;22.5;0;SOLEIL;3.6;9.0;0
BELFORT;47.63;6.86;20/09/2026;13:00;22.5;0;SOLEIL;5.1;12.2;0
BELFORT;47.63;6.86;20/09/2026;14:00;21.9;0;SOLEIL;6.2;14.4;0
BELFORT;47.63;6.86;20/09/2026;15:00;23.4;0;SOLEIL;7.3;15.5;0
BELFORT;47.63;6.86;20/09/2026;16:00;21.9;0;SOLEIL;8.0;15.8;0
BELFORT;47.63;6.86;20/09/2026;17:00;18;0;SOLEIL;8.0;15.5;0
BELFORT;47.63;6.86;20/09/2026;18:00;18;0;SOLEIL;6.5;13.3;0
BELFORT;47.63;6.86;20/09/2026;19:00;18;0;SOLEIL;4.8;10.4;0
BELFORT;47.63;6.86;20/09/2026;20:00;16.1;0;SOLEIL;3.1;7.9;0
BELFORT;47.63;6.86;20/09/2026;21:00;14.6;0;SOLEIL;1.6;6.1;0
BELFORT;47.63;6.86;20/09/2026;22:00;13.1;0;SOLEIL;1.0;4.3;0
BELFORT;47.63;6.86;20/09/2026;23:00;12.4;0;SOLEIL;1.8;3.2;0
BELFORT;47.63;6.86;21/09/2026;00:00;12.4;0;SOLEIL;1.9;2.9;0
BELFORT;47.63;6.86;21/09/2026;01:00;12.4;0;SOLEIL;2.0;2.9;0
BELFORT;47.63;6.86;21/09/2026;02:00;9.7;0;SOLEIL;2.1;3.2;0
BELFORT;47.63;6.86;21/09/2026;03:00;9.7;0;SOLEIL;1.5;3.6;0
BELFORT;47.63;6.86;21/09/2026;04:00;9.7;0;SOLEIL;1.1;4.0;0
BELFORT;47.63;6.86;21/09/2026;05:00;11.4;0;SOLEIL;1.0;4.3;0
BELFORT;47.63;6.86;21/09/2026;06:00;11.4;0;SOLEIL;1.3;3.6;0
BELFORT;47.63;6.86;21/09/2026;07:00;11.4;0;SOLEIL;1.5;2.9;0
BELFORT;47.63;6.86;21/09/2026;08:00;12.8;0;SOLEIL;1.8;3.2;0
BELFORT;47.63;6.86;21/09/2026;09:00;14.3;0;SOLEIL;2.6;5.0;0
BELFORT;47.63;6.86;21/09/2026;10:00;15.9;0;SOLEIL;4.0;7.9;0
BELFORT;47.63;6.86;21/09/2026;11:00;22.6;0;SOLEIL;5.8;11.5;0
BELFORT;47.63;6.86;21/09/2026;12:00;22.6;0;SOLEIL;8.6;16.9;0
BELFORT;47.63;6.86;21/09/2026;13:00;22.6;0;SOLEIL;12.2;23.0;0
BELFORT;47.63;6.86;21/09/2026;14:00;22.1;0;SOLEIL;14.8;28.1;0
BELFORT;47.63;6.86;21/09/2026;15:00;23.6;0;SOLEIL;16.2;31.3;0
BELFORT;47.63;6.86;21/09/2026;16:00;22.1;0;SOLEIL;16.9;32.8;0
BELFORT;47.63;6.86;21/09/2026;17:00;18.1;0;SOLEIL;16.2;32.0;0
BELFORT;47.63;6.86;21/09/2026;18:00;18.1;0;SOLEIL;12.6;27.0;0
BELFORT;47.63;6.86;21/09/2026;19:00;18.1;0;SOLEIL;7.3;19.4;0
BELFORT;47.63;6.86;21/09/2026;20:00;15.9;0;SOLEIL;3.9;13.7;0
BELFORT;47.63;6.86;21/09/2026;21:00;14.3;0;SOLEIL;3.6;11.2;0
BELFORT;47.63;6.86;21/09/2026;22:00;12.8;0;SOLEIL;4.3;10.1;0
BELFORT;47.63;6.86;21/09/2026;23:00;12.6;0;SOLEIL;5.2;10.1;0
LIMOGES;45.83;1.26;15/09/2026;00:00;19.5;0;SOLEIL;1.5;5.0;0
LIMOGES;45.83;1.26;15/09/2026;01:00;18.8;0;SOLEIL;1.8;3.6;0
LIMOGES;45.83;1.26;15/09/2026;02:00;17.9;0;SOLEIL;1.8;4.0;0
LIMOGES;45.83;1.26;15/09/2026;03:00;16.7;0;SOLEIL;2.1;4.3;0
LIMOGES;45.83;1.26;15/09/2026;04:00;16.5;0;SOLEIL;1.9;4.3;0
LIMOGES;45.83;1.26;15/09/2026;05:00;15.7;0;SOLEIL;2.4;5.4;0
LIMOGES;45.83;1.26;15/09/2026;06:00;15;0;SOLEIL;2.6;6.1;0
LIMOGES;45.83;1.26;15/09/2026;07:00;18;0;SOLEIL;2.4;5.4;0
LIMOGES;45.83;1.26;15/09/2026;08:00;20.6;0;SOLEIL;2.4;5.8;0
LIMOGES;45.83;1.26;15/09/2026;09:00;24.2;0;SOLEIL;2.4;6.5;0
LIMOGES;45.83;1.26;15/09/2026;10:00;28.6;0;SOLEIL;1.1;6.5;0
LIMOGES;45.83;1.26;15/09/2026;11:00;30.4;0;SOLEIL;0.8;5.0;0
LIMOGES;45.83;1.26;15/09/2026;12:00;31.1;0;SOLEIL;1.0;4.7;0
LIMOGES;45.83;1.26;15/09/2026;13:00;32.1;0;SOLEIL;1.3;6.5;0
LIMOGES;45.83;1.26;15/09/2026;14:00;32.7;0;SOLEIL;3.0;8.3;0
LIMOGES;45.83;1.26;15/09/2026;15:00;32.9;0;SOLEIL;3.8;11.2;0
LIMOGES;45.83;1.26;15/09/2026;16:00;32.7;0;SOLEIL;6.6;16.2;0
LIMOGES;45.83;1.26;15/09/2026;17:00;32.1;0;SOLEIL;7.9;17.6;0
LIMOGES;45.83;1.26;15/09/2026;18:00;29.2;0;SOLEIL;10.7;21.2;0
LIMOGES;45.83;1.26;15/09/2026;19:00;28.2;0;SOLEIL;9.8;24.8;0
LIMOGES;45.83;1.26;15/09/2026;20:00;25.9;0;SOLEIL;8.3;22.7;0
LIMOGES;45.83;1.26;15/09/2026;21:00;23.4;0;SOLEIL;6.5;15.5;0
LIMOGES;45.83;1.26;15/09/2026;22:00;22.1;0;SOLEIL;3.7;13.0;0
LIMOGES;45.83;1.26;15/09/2026;23:00;20.2;0;SOLEIL;2.1;6.8;0
LIMOGES;45.83;1.26;16/09/2026;00:00;19;0;SOLEIL;1.9;3.6;0
LIMOGES;45.83;1.26;16/09/2026;01:00;19;0;SOLEIL;2.9;5.8;0
LIMOGES;45.83;1.26;16/09/2026;02:00;17.1;2;NUAGEUX;3.2;6.8;0
LIMOGES;45.83;1.26;16/09/2026;03:00;17.1;2;NUAGEUX;3.2;7.6;0
LIMOGES;45.83;1.26;16/09/2026;04:00;17.1;2;NUAGEUX;3.1;7.2;0
LIMOGES;45.83;1.26;16/09/2026;05:00;15.7;2;NUAGEUX;3.0;6.8;0
LIMOGES;45.83;1.26;16/09/2026;06:00;15.7;2;NUAGEUX;3.1;6.1;0
LIMOGES;45.83;1.26;16/09/2026;07:00;15.7;2;NUAGEUX;3.1;6.5;0
LIMOGES;45.83;1.26;16/09/2026;08:00;18.1;0;SOLEIL;2.9;6.5;0
LIMOGES;45.83;1.26;16/09/2026;09:00;18.1;0;SOLEIL;3.4;7.9;0
LIMOGES;45.83;1.26;16/09/2026;10:00;18.1;0;SOLEIL;2.3;7.9;0
LIMOGES;45.83;1.26;16/09/2026;11:00;21;0;SOLEIL;1.4;6.5;0
LIMOGES;45.83;1.26;16/09/2026;12:00;21;0;SOLEIL;1.1;5.4;0
LIMOGES;45.83;1.26;16/09/2026;13:00;21;0;SOLEIL;1.0;7.9;0
LIMOGES;45.83;1.26;16/09/2026;14:00;22.1;2;NUAGEUX;7.4;17.3;0
LIMOGES;45.83;1.26;16/09/2026;15:00;22.1;2;NUAGEUX;10.9;20.5;0
LIMOGES;45.83;1.26;16/09/2026;16:00;22.1;2;NUAGEUX;13.0;25.9;0
LIMOGES;45.83;1.26;16/09/2026;17:00;19.9;0;SOLEIL;15.5;32.4;0
LIMOGES;45.83;1.26;16/09/2026;18:00;19.9;0;SOLEIL;11.3;32.0;0
LIMOGES;45.83;1.26;16/09/2026;19:00;19.9;0;SOLEIL;12.6;31.0;0
LIMOGES;45.83;1.26;16/09/2026;20:00;17.5;0;SOLEIL;12.4;26.6;0
LIMOGES;45.83;1.26;16/09/2026;21:00;17.5;0;SOLEIL;9.5;25.9;0
LIMOGES;45.83;1.26;16/09/2026;22:00;17.5;0;SOLEIL;8.7;20.2;0
LIMOGES;45.83;1.26;16/09/2026;23:00;14.4;0;SOLEIL;9.1;19.8;0
LIMOGES;45.83;1.26;17/09/2026;00:00;14.4;0;SOLEIL;8.3;20.5;0
LIMOGES;45.83;1.26;17/09/2026;01:00;14.4;0;SOLEIL;4.9;16.9;0
LIMOGES;45.83;1.26;17/09/2026;02:00;12.7;0;SOLEIL;8.7;18.4;0
LIMOGES;45.83;1.26;17/09/2026;03:00;12.7;0;SOLEIL;10.1;22.3;0
LIMOGES;45.83;1.26;17/09/2026;04:00;12.7;0;SOLEIL;8.0;22.3;0
LIMOGES;45.83;1.26;17/09/2026;05:00;11.7;5;SOLEIL VOILÉ;8.0;17.6;0
LIMOGES;45.83;1.26;17/09/2026;06:00;11.7;5;SOLEIL VOILÉ;8.1;19.8;0
LIMOGES;45.83;1.26;17/09/2026;07:00;11.7;5;SOLEIL VOILÉ;7.8;19.1;0
LIMOGES;45.83;1.26;17/09/2026;08:00;17.2;5;SOLEIL VOILÉ;9.3;19.8;0
LIMOGES;45.83;1.26;17/09/2026;09:00;17.2;5;SOLEIL VOILÉ;10.5;22.7;0
LIMOGES;45.83;1.26;17/09/2026;10:00;17.2;5;SOLEIL VOILÉ;9.0;22.7;0
LIMOGES;45.83;1.26;17/09/2026;11:00;20.7;2;NUAGEUX;9.1;21.6;0
LIMOGES;45.83;1.26;17/09/2026;12:00;20.7;2;NUAGEUX;9.6;23.1;0
LIMOGES;45.83;1.26;17/09/2026;13:00;20.7;2;NUAGEUX;11.0;25.4;0
LIMOGES;45.83;1.26;17/09/2026;14:00;22.5;2;NUAGEUX;12.5;28.3;0
LIMOGES;45.83;1.26;17/09/2026;15:00;22.5;2;NUAGEUX;13.7;30.6;0
LIMOGES;45.83;1.26;17/09/2026;16:00;22.5;2;NUAGEUX;14.0;31.3;0
LIMOGES;45.83;1.26;17/09/2026;17:00;21.1;5;SOLEIL VOILÉ;13.4;30.6;0
LIMOGES;45.83;1.26;17/09/2026;18:00;21.1;5;SOLEIL VOILÉ;12.8;29.2;0
LIMOGES;45.83;1.26;17/09/2026;19:00;21.1;5;SOLEIL VOILÉ;11.0;27.7;0
LIMOGES;45.83;1.26;17/09/2026;20:00;17.0;2;NUAGEUX;6.8;23.0;0
LIMOGES;45.83;1.26;17/09/2026;21:00;15.6;2;NUAGEUX;3.7;13.3;0
LIMOGES;45.83;1.26;17/09/2026;22:00;14.2;2;NUAGEUX;3.1;7.6;0
LIMOGES;45.83;1.26;17/09/2026;23:00;16;2;NUAGEUX;2.1;6.5;0
LIMOGES;45.83;1.26;18/09/2026;00:00;16;2;NUAGEUX;1.3;5.0;0
LIMOGES;45.83;1.26;18/09/2026;01:00;16;2;NUAGEUX;1.9;4.7;0
LIMOGES;45.83;1.26;18/09/2026;02:00;13.2;6;AVERSES;0.5;3.6;0
LIMOGES;45.83;1.26;18/09/2026;03:00;13.2;6;AVERSES;1.1;4.7;0
LIMOGES;45.83;1.26;18/09/2026;04:00;13.2;6;AVERSES;1.3;4.3;0
LIMOGES;45.83;1.26;18/09/2026;05:00;14.2;6;AVERSES;0.8;3.6;0
LIMOGES;45.83;1.26;18/09/2026;06:00;14.2;6;AVERSES;2.3;5.4;0
LIMOGES;45.83;1.26;18/09/2026;07:00;14.2;6;AVERSES;1.8;5.4;0
LIMOGES;45.83;1.26;18/09/2026;08:00;15.1;6;AVERSES;2.9;6.1;0
LIMOGES;45.83;1.26;18/09/2026;09:00;16.1;6;AVERSES;1.8;6.5;0
LIMOGES;45.83;1.26;18/09/2026;10:00;17.1;6;AVERSES;1.8;6.5;0
LIMOGES;45.83;1.26;18/09/2026;11:00;20;6;AVERSES;1.0;7.6;0
LIMOGES;45.83;1.26;18/09/2026;12:00;20;6;AVERSES;5.4;14.0;0
LIMOGES;45.83;1.26;18/09/2026;13:00;20;6;AVERSES;9.2;20.9;0
LIMOGES;45.83;1.26;18/09/2026;14:00;20.9;6;AVERSES;12.2;26.6;0
LIMOGES;45.83;1.26;18/09/2026;15:00;21.9;6;AVERSES;13.3;28.8;0
LIMOGES;45.83;1.26;18/09/2026;16:00;20.9;6;AVERSES;13.3;29.5;0
LIMOGES;45.83;1.26;18/09/2026;17:00;18.6;0;SOLEIL;12.6;28.8;0
LIMOGES;45.83;1.26;18/09/2026;18:00;18.6;0;SOLEIL;11.6;27.4;0
LIMOGES;45.83;1.26;18/09/2026;19:00;18.6;0;SOLEIL;10.2;24.5;0
LIMOGES;45.83;1.26;18/09/2026;20:00;17.1;6;AVERSES;8.8;21.6;0
LIMOGES;45.83;1.26;18/09/2026;21:00;16.1;6;AVERSES;7.2;18.0;0
LIMOGES;45.83;1.26;18/09/2026;22:00;15.1;6;AVERSES;6.1;14.4;0
LIMOGES;45.83;1.26;18/09/2026;23:00;12.4;0;SOLEIL;4.8;11.2;0
LIMOGES;45.83;1.26;19/09/2026;00:00;12.4;0;SOLEIL;4.0;9.4;0
LIMOGES;45.83;1.26;19/09/2026;01:00;12.4;0;SOLEIL;3.3;8.6;0
LIMOGES;45.83;1.26;19/09/2026;02:00;8.9;0;SOLEIL;2.9;7.9;0
LIMOGES;45.83;1.26;19/09/2026;03:00;8.9;0;SOLEIL;2.9;7.6;0
LIMOGES;45.83;1.26;19/09/2026;04:00;8.9;0;SOLEIL;3.1;7.9;0
LIMOGES;45.83;1.26;19/09/2026;05:00;9.7;0;SOLEIL;3.7;7.9;0
LIMOGES;45.83;1.26;19/09/2026;06:00;9.7;0;SOLEIL;4.0;7.6;0
LIMOGES;45.83;1.26;19/09/2026;07:00;9.7;0;SOLEIL;4.1;6.8;0
LIMOGES;45.83;1.26;19/09/2026;08:00;12.4;0;SOLEIL;3.6;7.9;0
LIMOGES;45.83;1.26;19/09/2026;09:00;14.2;0;SOLEIL;4.1;11.5;0
LIMOGES;45.83;1.26;19/09/2026;10:00;15.9;0;SOLEIL;6.9;16.6;0
LIMOGES;45.83;1.26;19/09/2026;11:00;22;0;SOLEIL;9.7;20.9;0
LIMOGES;45.83;1.26;19/09/2026;12:00;22;0;SOLEIL;11.2;24.1;0
LIMOGES;45.83;1.26;19/09/2026;13:00;22;0;SOLEIL;12.3;26.3;0
LIMOGES;45.83;1.26;19/09/2026;14:00;22.9;0;SOLEIL;12.7;28.1;0
LIMOGES;45.83;1.26;19/09/2026;15:00;24.7;0;SOLEIL;13.0;28.8;0
LIMOGES;45.83;1.26;19/09/2026;16:00;22.9;0;SOLEIL;13.0;29.2;0
LIMOGES;45.83;1.26;19/09/2026;17:00;20.1;0;SOLEIL;12.2;28.4;0
LIMOGES;45.83;1.26;19/09/2026;18:00;20.1;0;SOLEIL;10.5;27.0;0
LIMOGES;45.83;1.26;19/09/2026;19:00;20.1;0;SOLEIL;8.4;24.8;0
LIMOGES;45.83;1.26;19/09/2026;20:00;15.9;0;SOLEIL;6.7;22.0;0
LIMOGES;45.83;1.26;19/09/2026;21:00;14.2;0;SOLEIL;5.5;17.3;0
LIMOGES;45.83;1.26;19/09/2026;22:00;12.4;0;SOLEIL;4.3;11.5;0
LIMOGES;45.83;1.26;19/09/2026;23:00;13.5;0;SOLEIL;3.7;7.6;0
LIMOGES;45.83;1.26;20/09/2026;00:00;13.5;0;SOLEIL;3.1;6.5;0
LIMOGES;45.83;1.26;20/09/2026;01:00;13.5;0;SOLEIL;2.6;6.8;0
LIMOGES;45.83;1.26;20/09/2026;02:00;9.1;0;SOLEIL;2.0;7.2;0
LIMOGES;45.83;1.26;20/09/2026;03:00;9.1;0;SOLEIL;1.5;6.8;0
LIMOGES;45.83;1.26;20/09/2026;04:00;9.1;0;SOLEIL;1.5;6.1;0
LIMOGES;45.83;1.26;20/09/2026;05:00;10.6;0;SOLEIL;2.4;5.8;0
LIMOGES;45.83;1.26;20/09/2026;06:00;10.6;0;SOLEIL;2.6;6.0;0
LIMOGES;45.83;1.26;20/09/2026;07:00;10.6;0;SOLEIL;2.9;6.5;0
LIMOGES;45.83;1.26;20/09/2026;08:00;13.2;0;SOLEIL;3.0;7.1;0
LIMOGES;45.83;1.26;20/09/2026;09:00;15.2;0;SOLEIL;2.6;6.1;0
LIMOGES;45.83;1.26;20/09/2026;10:00;17.3;0;SOLEIL;2.6;6.8;0
LIMOGES;45.83;1.26;20/09/2026;11:00;25.7;0;SOLEIL;2.5;7.9;0
LIMOGES;45.83;1.26;20/09/2026;12:00;25.7;0;SOLEIL;2.1;9.0;0
LIMOGES;45.83;1.26;20/09/2026;13:00;25.7;0;SOLEIL;2.9;10.4;0
LIMOGES;45.83;1.26;20/09/2026;14:00;25.5;0;SOLEIL;4.4;11.9;0
LIMOGES;45.83;1.26;20/09/2026;15:00;27.5;0;SOLEIL;5.5;13.3;0
LIMOGES;45.83;1.26;20/09/2026;16:00;25.5;0;SOLEIL;6.6;14.4;0
LIMOGES;45.83;1.26;20/09/2026;17:00;22.6;0;SOLEIL;7.3;15.5;0
LIMOGES;45.83;1.26;20/09/2026;18:00;22.6;0;SOLEIL;7.3;16.6;0
LIMOGES;45.83;1.26;20/09/2026;19:00;22.6;0;SOLEIL;6.6;17.3;0
LIMOGES;45.83;1.26;20/09/2026;20:00;17.3;0;SOLEIL;5.9;16.6;0
LIMOGES;45.83;1.26;20/09/2026;21:00;15.2;0;SOLEIL;5.2;13.3;0
LIMOGES;45.83;1.26;20/09/2026;22:00;13.2;0;SOLEIL;4.0;8.6;0
LIMOGES;45.83;1.26;20/09/2026;23:00;13.7;0;SOLEIL;3.3;5.4;0
LIMOGES;45.83;1.26;21/09/2026;00:00;13.7;0;SOLEIL;3.1;5.8;0
LIMOGES;45.83;1.26;21/09/2026;01:00;13.7;0;SOLEIL;3.2;7.9;0
LIMOGES;45.83;1.26;21/09/2026;02:00;8.6;0;SOLEIL;2.9;8.6;0
LIMOGES;45.83;1.26;21/09/2026;03:00;8.6;0;SOLEIL;2.4;6.5;0
LIMOGES;45.83;1.26;21/09/2026;04:00;8.6;0;SOLEIL;1.6;3.6;0
LIMOGES;45.83;1.26;21/09/2026;05:00;10.5;0;SOLEIL;0.7;1.4;0
LIMOGES;45.83;1.26;21/09/2026;06:00;10.5;0;SOLEIL;1.1;1.8;0
LIMOGES;45.83;1.26;21/09/2026;07:00;10.5;0;SOLEIL;2.6;3.6;0
LIMOGES;45.83;1.26;21/09/2026;08:00;13.0;0;SOLEIL;3.1;5.0;0
LIMOGES;45.83;1.26;21/09/2026;09:00;15.1;0;SOLEIL;2.1;5.8;0
LIMOGES;45.83;1.26;21/09/2026;10:00;17.3;0;SOLEIL;0.8;6.5;0
LIMOGES;45.83;1.26;21/09/2026;11:00;26.6;0;SOLEIL;3.0;8.3;0
LIMOGES;45.83;1.26;21/09/2026;12:00;26.6;0;SOLEIL;5.9;12.2;0
LIMOGES;45.83;1.26;21/09/2026;13:00;26.6;0;SOLEIL;8.8;17.3;0
LIMOGES;45.83;1.26;21/09/2026;14:00;26.0;0;SOLEIL;11.4;21.6;0
LIMOGES;45.83;1.26;21/09/2026;15:00;28.2;0;SOLEIL;13.2;24.8;0
LIMOGES;45.83;1.26;21/09/2026;16:00;26.0;0;SOLEIL;14.5;27.4;0
LIMOGES;45.83;1.26;21/09/2026;17:00;23;0;SOLEIL;14.8;28.1;0
LIMOGES;45.83;1.26;21/09/2026;18:00;23;0;SOLEIL;12.9;26.6;0
LIMOGES;45.83;1.26;21/09/2026;19:00;23;0;SOLEIL;9.5;23.4;0
LIMOGES;45.83;1.26;21/09/2026;20:00;17.3;0;SOLEIL;7.3;20.5;0
LIMOGES;45.83;1.26;21/09/2026;21:00;15.1;0;SOLEIL;7.2;18.4;0
LIMOGES;45.83;1.26;21/09/2026;22:00;13.0;0;SOLEIL;7.5;16.2;0
LIMOGES;45.83;1.26;21/09/2026;23:00;13.5;0;SOLEIL;7.8;14.4;0
VICHY;46.12;3.42;15/09/2026;00:00;17.7;0;SOLEIL;3.8;7.9;0
VICHY;46.12;3.42;15/09/2026;01:00;17.3;0;SOLEIL;3.4;7.6;0
VICHY;46.12;3.42;15/09/2026;02:00;16.2;0;SOLEIL;4.4;7.9;0
VICHY;46.12;3.42;15/09/2026;03:00;16.2;0;SOLEIL;3.7;8.3;0
VICHY;46.12;3.42;15/09/2026;04:00;15.6;0;SOLEIL;3.2;7.2;0
VICHY;46.12;3.42;15/09/2026;05:00;14.7;0;SOLEIL;3.9;7.9;0
VICHY;46.12;3.42;15/09/2026;06:00;15.3;0;SOLEIL;3.5;7.9;0
VICHY;46.12;3.42;15/09/2026;07:00;16.5;0;SOLEIL;3.5;7.9;0
VICHY;46.12;3.42;15/09/2026;08:00;19.3;0;SOLEIL;3.4;6.8;0
VICHY;46.12;3.42;15/09/2026;09:00;23.1;0;SOLEIL;5.4;12.2;0
VICHY;46.12;3.42;15/09/2026;10:00;26.7;0;SOLEIL;5.1;11.9;0
VICHY;46.12;3.42;15/09/2026;11:00;29.6;0;SOLEIL;4.0;11.9;0
VICHY;46.12;3.42;15/09/2026;12:00;30.9;0;SOLEIL;1.1;9.7;0
VICHY;46.12;3.42;15/09/2026;13:00;31.7;0;SOLEIL;4.0;11.5;0
VICHY;46.12;3.42;15/09/2026;14:00;32.6;0;SOLEIL;4.4;14.4;0
VICHY;46.12;3.42;15/09/2026;15:00;33.2;0;SOLEIL;6.6;15.8;0
VICHY;46.12;3.42;15/09/2026;16:00;32.1;0;SOLEIL;8.2;15.8;0
VICHY;46.12;3.42;15/09/2026;17:00;30.7;0;SOLEIL;8.6;14.4;0
VICHY;46.12;3.42;15/09/2026;18:00;28.6;0;SOLEIL;8.4;14.8;0
VICHY;46.12;3.42;15/09/2026;19:00;27.6;0;SOLEIL;8.2;15.8;0
VICHY;46.12;3.42;15/09/2026;20:00;25;0;SOLEIL;4.0;16.2;0
VICHY;46.12;3.42;15/09/2026;21:00;22.3;0;SOLEIL;3.7;7.6;0
VICHY;46.12;3.42;15/09/2026;22:00;20.9;0;SOLEIL;4.7;9.4;0
VICHY;46.12;3.42;15/09/2026;23:00;20.1;0;SOLEIL;4.1;9.7;0
VICHY;46.12;3.42;16/09/2026;00:00;19.7;0;SOLEIL;3.1;8.3;0
VICHY;46.12;3.42;16/09/2026;01:00;19.7;0;SOLEIL;3.1;7.2;0
VICHY;46.12;3.42;16/09/2026;02:00;17.2;0;SOLEIL;3.6;7.2;0
VICHY;46.12;3.42;16/09/2026;03:00;17.2;0;SOLEIL;3.7;7.9;0
VICHY;46.12;3.42;16/09/2026;04:00;17.2;0;SOLEIL;3.7;7.6;0
VICHY;46.12;3.42;16/09/2026;05:00;16.6;2;NUAGEUX;3.8;7.9;0
VICHY;46.12;3.42;16/09/2026;06:00;16.6;2;NUAGEUX;3.4;7.6;0
VICHY;46.12;3.42;16/09/2026;07:00;16.6;2;NUAGEUX;4.0;8.3;0
VICHY;46.12;3.42;16/09/2026;08:00;16.9;2;NUAGEUX;4.3;9.0;0
VICHY;46.12;3.42;16/09/2026;09:00;16.9;2;NUAGEUX;5.4;11.9;0
VICHY;46.12;3.42;16/09/2026;10:00;16.9;2;NUAGEUX;8.3;18.0;0
VICHY;46.12;3.42;16/09/2026;11:00;17.1;7;PLUIE FAIBLE;9.0;20.9;0
VICHY;46.12;3.42;16/09/2026;12:00;17.1;7;PLUIE FAIBLE;8.7;20.2;0
VICHY;46.12;3.42;16/09/2026;13:00;17.1;7;PLUIE FAIBLE;8.5;20.5;0
VICHY;46.12;3.42;16/09/2026;14:00;20.2;0;SOLEIL;1.1;18.4;0
VICHY;46.12;3.42;16/09/2026;15:00;20.2;0;SOLEIL;3.7;11.2;0
VICHY;46.12;3.42;16/09/2026;16:00;20.2;0;SOLEIL;7.6;19.4;0
VICHY;46.12;3.42;16/09/2026;17:00;19.1;0;SOLEIL;14.1;29.2;0
VICHY;46.12;3.42;16/09/2026;18:00;19.1;0;SOLEIL;10.2;28.8;0
VICHY;46.12;3.42;16/09/2026;19:00;19.1;0;SOLEIL;10.5;22.3;0
VICHY;46.12;3.42;16/09/2026;20:00;14.6;0;SOLEIL;5.9;20.9;0
VICHY;46.12;3.42;16/09/2026;21:00;14.6;0;SOLEIL;2.5;11.2;0
VICHY;46.12;3.42;16/09/2026;22:00;14.6;0;SOLEIL;1.4;4.3;0
VICHY;46.12;3.42;16/09/2026;23:00;12.4;0;SOLEIL;5.8;11.9;0
VICHY;46.12;3.42;17/09/2026;00:00;12.4;0;SOLEIL;1.5;8.3;0
VICHY;46.12;3.42;17/09/2026;01:00;12.4;0;SOLEIL;1.3;3.6;0
VICHY;46.12;3.42;17/09/2026;02:00;10.4;0;SOLEIL;3.3;6.1;0
VICHY;46.12;3.42;17/09/2026;03:00;10.4;0;SOLEIL;5.2;10.8;0
VICHY;46.12;3.42;17/09/2026;04:00;10.4;0;SOLEIL;3.5;10.4;0
VICHY;46.12;3.42;17/09/2026;05:00;10.2;0;SOLEIL;4.0;9.4;0
VICHY;46.12;3.42;17/09/2026;06:00;10.2;0;SOLEIL;5.4;11.9;0
VICHY;46.12;3.42;17/09/2026;07:00;10.2;0;SOLEIL;6.9;14.4;0
VICHY;46.12;3.42;17/09/2026;08:00;16.9;0;SOLEIL;6.7;15.5;0
VICHY;46.12;3.42;17/09/2026;09:00;16.9;0;SOLEIL;8.4;18.0;0
VICHY;46.12;3.42;17/09/2026;10:00;16.9;0;SOLEIL;9.7;21.6;0
VICHY;46.12;3.42;17/09/2026;11:00;21.6;2;NUAGEUX;9.7;21.2;0
VICHY;46.12;3.42;17/09/2026;12:00;21.6;2;NUAGEUX;8.7;20.9;0
VICHY;46.12;3.42;17/09/2026;13:00;21.6;2;NUAGEUX;9.2;21.2;0
VICHY;46.12;3.42;17/09/2026;14:00;22.2;5;SOLEIL VOILÉ;8.7;22.2;0
VICHY;46.12;3.42;17/09/2026;15:00;22.2;5;SOLEIL VOILÉ;8.2;21.2;0
VICHY;46.12;3.42;17/09/2026;16:00;22.2;5;SOLEIL VOILÉ;7.9;18.0;0
VICHY;46.12;3.42;17/09/2026;17:00;20;5;SOLEIL VOILÉ;8.4;18.7;0
VICHY;46.12;3.42;17/09/2026;18:00;20;5;SOLEIL VOILÉ;9.7;20.9;0
VICHY;46.12;3.42;17/09/2026;19:00;20;5;SOLEIL VOILÉ;9.7;21.6;0
VICHY;46.12;3.42;17/09/2026;20:00;15.5;2;NUAGEUX;4.6;20.2;0
VICHY;46.12;3.42;17/09/2026;21:00;13.9;2;NUAGEUX;2.9;10.4;0
VICHY;46.12;3.42;17/09/2026;22:00;12.3;2;NUAGEUX;3.7;8.3;0
VICHY;46.12;3.42;17/09/2026;23:00;14.7;2;NUAGEUX;5.3;11.2;0
VICHY;46.12;3.42;18/09/2026;00:00;14.7;2;NUAGEUX;5.3;11.5;0
VICHY;46.12;3.42;18/09/2026;01:00;14.7;2;NUAGEUX;5.7;11.5;0
VICHY;46.12;3.42;18/09/2026;02:00;13.2;6;AVERSES;4.3;11.5;0
VICHY;46.12;3.42;18/09/2026;03:00;13.2;6;AVERSES;5.2;11.2;0
VICHY;46.12;3.42;18/09/2026;04:00;13.2;6;AVERSES;4.6;11.2;0
VICHY;46.12;3.42;18/09/2026;05:00;14.1;6;AVERSES;4.7;10.4;0
VICHY;46.12;3.42;18/09/2026;06:00;14.1;6;AVERSES;4.7;10.4;0
VICHY;46.12;3.42;18/09/2026;07:00;14.1;6;AVERSES;4.9;10.4;0
VICHY;46.12;3.42;18/09/2026;08:00;15.3;6;AVERSES;4.9;10.4;0
VICHY;46.12;3.42;18/09/2026;09:00;16.4;6;AVERSES;4.7;10.4;0
VICHY;46.12;3.42;18/09/2026;10:00;17.4;6;AVERSES;4.8;12.6;0
VICHY;46.12;3.42;18/09/2026;11:00;20.5;6;AVERSES;4.0;12.6;0
VICHY;46.12;3.42;18/09/2026;12:00;20.5;6;AVERSES;6.4;15.8;0
VICHY;46.12;3.42;18/09/2026;13:00;20.5;6;AVERSES;7.4;17.6;0
VICHY;46.12;3.42;18/09/2026;14:00;21.6;6;AVERSES;10.2;22.7;0
VICHY;46.12;3.42;18/09/2026;15:00;22.7;6;AVERSES;11.0;24.8;0
VICHY;46.12;3.42;18/09/2026;16:00;21.6;6;AVERSES;10.9;25.9;0
VICHY;46.12;3.42;18/09/2026;17:00;19.7;0;SOLEIL;9.4;25.2;0
VICHY;46.12;3.42;18/09/2026;18:00;19.7;0;SOLEIL;6.3;21.6;0
VICHY;46.12;3.42;18/09/2026;19:00;19.7;0;SOLEIL;2.3;15.8;0
VICHY;46.12;3.42;18/09/2026;20:00;17.4;6;AVERSES;1.1;11.2;0
VICHY;46.12;3.42;18/09/2026;21:00;16.4;6;AVERSES;1.8;7.9;0
VICHY;46.12;3.42;18/09/2026;22:00;15.3;6;AVERSES;1.8;5.4;0
VICHY;46.12;3.42;18/09/2026;23:00;13.6;0;SOLEIL;1.9;4.3;0
VICHY;46.12;3.42;19/09/2026;00:00;13.6;0;SOLEIL;2.9;5.8;0
VICHY;46.12;3.42;19/09/2026;01:00;13.6;0;SOLEIL;4.0;9.0;0
VICHY;46.12;3.42;19/09/2026;02:00;9.6;0;SOLEIL;4.9;11.2;0
VICHY;46.12;3.42;19/09/2026;03:00;9.6;0;SOLEIL;5.2;11.5;0
VICHY;46.12;3.42;19/09/2026;04:00;9.6;0;SOLEIL;4.9;10.8;0
VICHY;46.12;3.42;19/09/2026;05:00;10.5;0;SOLEIL;4.9;10.4;0
VICHY;46.12;3.42;19/09/2026;06:00;10.5;0;SOLEIL;4.9;10.4;0
VICHY;46.12;3.42;19/09/2026;07:00;10.5;0;SOLEIL;4.9;10.4;0
VICHY;46.12;3.42;19/09/2026;08:00;13.2;0;SOLEIL;4.8;10.8;0
VICHY;46.12;3.42;19/09/2026;09:00;15.0;0;SOLEIL;5.4;12.2;0
VICHY;46.12;3.42;19/09/2026;10:00;16.8;0;SOLEIL;6.6;13.7;0
VICHY;46.12;3.42;19/09/2026;11:00;23.4;0;SOLEIL;6.5;15.1;0
VICHY;46.12;3.42;19/09/2026;12:00;23.4;0;SOLEIL;4.8;15.1;0
VICHY;46.12;3.42;19/09/2026;13:00;23.4;0;SOLEIL;4.0;14.8;0
VICHY;46.12;3.42;19/09/2026;14:00;23.9;0;SOLEIL;5.6;15.5;0
VICHY;46.12;3.42;19/09/2026;15:00;25.7;0;SOLEIL;7.9;18.7;0
VICHY;46.12;3.42;19/09/2026;16:00;23.9;0;SOLEIL;10.0;23.0;0
VICHY;46.12;3.42;19/09/2026;17:00;22.6;0;SOLEIL;10.8;25.6;0
VICHY;46.12;3.42;19/09/2026;18:00;22.6;0;SOLEIL;8.9;25.2;0
VICHY;46.12;3.42;19/09/2026;19:00;22.6;0;SOLEIL;6.1;23.0;0
VICHY;46.12;3.42;19/09/2026;20:00;16.8;0;SOLEIL;4.1;19.8;0
VICHY;46.12;3.42;19/09/2026;21:00;15.0;0;SOLEIL;2.9;14.8;0
VICHY;46.12;3.42;19/09/2026;22:00;13.2;0;SOLEIL;1.3;9.0;0
VICHY;46.12;3.42;19/09/2026;23:00;15.4;0;SOLEIL;0.8;5.0;0
VICHY;46.12;3.42;20/09/2026;00:00;15.4;0;SOLEIL;1.4;5.4;0
VICHY;46.12;3.42;20/09/2026;01:00;15.4;0;SOLEIL;2.9;7.6;0
VICHY;46.12;3.42;20/09/2026;02:00;10.7;0;SOLEIL;4.2;9.7;0
VICHY;46.12;3.42;20/09/2026;03:00;10.7;0;SOLEIL;5.0;10.4;0
VICHY;46.12;3.42;20/09/2026;04:00;10.7;0;SOLEIL;5.2;10.8;0
VICHY;46.12;3.42;20/09/2026;05:00;12.1;0;SOLEIL;5.5;11.2;0
VICHY;46.12;3.42;20/09/2026;06:00;12.1;0;SOLEIL;4.8;10.3;0
VICHY;46.12;3.42;20/09/2026;07:00;12.1;0;SOLEIL;4.0;9.5;0
VICHY;46.12;3.42;20/09/2026;08:00;14.5;0;SOLEIL;3.4;8.4;0
VICHY;46.12;3.42;20/09/2026;09:00;16.3;0;SOLEIL;5.2;9.4;0
VICHY;46.12;3.42;20/09/2026;10:00;18.2;0;SOLEIL;7.3;13.7;0
VICHY;46.12;3.42;20/09/2026;11:00;26;0;SOLEIL;7.6;15.8;0
VICHY;46.12;3.42;20/09/2026;12:00;26;0;SOLEIL;4.7;14.8;0
VICHY;46.12;3.42;20/09/2026;13:00;26;0;SOLEIL;0.4;12.2;0
VICHY;46.12;3.42;20/09/2026;14:00;25.7;0;SOLEIL;3.3;10.1;0
VICHY;46.12;3.42;20/09/2026;15:00;27.6;0;SOLEIL;4.3;9.4;0
VICHY;46.12;3.42;20/09/2026;16:00;25.7;0;SOLEIL;4.0;9.4;0
VICHY;46.12;3.42;20/09/2026;17:00;23.6;0;SOLEIL;3.7;9.0;0
VICHY;46.12;3.42;20/09/2026;18:00;23.6;0;SOLEIL;3.9;8.3;0
VICHY;46.12;3.42;20/09/2026;19:00;23.6;0;SOLEIL;4.2;7.6;0
VICHY;46.12;3.42;20/09/2026;20:00;18.2;0;SOLEIL;3.8;6.5;0
VICHY;46.12;3.42;20/09/2026;21:00;16.3;0;SOLEIL;2.6;5.4;0
VICHY;46.12;3.42;20/09/2026;22:00;14.5;0;SOLEIL;1.6;4.3;0
VICHY;46.12;3.42;20/09/2026;23:00;16.1;0;SOLEIL;2.3;3.6;0
VICHY;46.12;3.42;21/09/2026;00:00;16.1;0;SOLEIL;3.0;4.0;0
VICHY;46.12;3.42;21/09/2026;01:00;16.1;0;SOLEIL;3.1;4.7;0
VICHY;46.12;3.42;21/09/2026;02:00;11.1;0;SOLEIL;3.2;5.4;0
VICHY;46.12;3.42;21/09/2026;03:00;11.1;0;SOLEIL;3.1;5.0;0
VICHY;46.12;3.42;21/09/2026;04:00;11.1;0;SOLEIL;2.8;4.7;0
VICHY;46.12;3.42;21/09/2026;05:00;12.5;0;SOLEIL;2.5;4.3;0
VICHY;46.12;3.42;21/09/2026;06:00;12.5;0;SOLEIL;2.3;4.0;0
VICHY;46.12;3.42;21/09/2026;07:00;12.5;0;SOLEIL;2.1;4.0;0
VICHY;46.12;3.42;21/09/2026;08:00;14.5;0;SOLEIL;1.9;4.3;0
VICHY;46.12;3.42;21/09/2026;09:00;16.3;0;SOLEIL;2.6;5.4;0
VICHY;46.12;3.42;21/09/2026;10:00;18.0;0;SOLEIL;3.4;7.2;0
VICHY;46.12;3.42;21/09/2026;11:00;25.1;0;SOLEIL;3.0;9.0;0
VICHY;46.12;3.42;21/09/2026;12:00;25.1;0;SOLEIL;0.8;11.2;0
VICHY;46.12;3.42;21/09/2026;13:00;25.1;0;SOLEIL;4.4;13.7;0
VICHY;46.12;3.42;21/09/2026;14:00;24.9;0;SOLEIL;7.9;16.2;0
VICHY;46.12;3.42;21/09/2026;15:00;26.6;0;SOLEIL;9.8;19.1;0
VICHY;46.12;3.42;21/09/2026;16:00;24.9;0;SOLEIL;11.3;22.0;0
VICHY;46.12;3.42;21/09/2026;17:00;23.6;0;SOLEIL;11.6;23.8;0
VICHY;46.12;3.42;21/09/2026;18:00;23.6;0;SOLEIL;10.8;24.5;0
VICHY;46.12;3.42;21/09/2026;19:00;23.6;0;SOLEIL;9.6;23.8;0
VICHY;46.12;3.42;21/09/2026;20:00;18.0;0;SOLEIL;7.6;21.6;0
VICHY;46.12;3.42;21/09/2026;21:00;16.3;0;SOLEIL;4.3;15.8;0
VICHY;46.12;3.42;21/09/2026;22:00;14.5;0;SOLEIL;0.8;8.6;0
VICHY;46.12;3.42;21/09/2026;23:00;16;0;SOLEIL;2.7;3.6;0
LYON;45.76;4.83;15/09/2026;00:00;20.9;0;SOLEIL;2.9;7.9;0
LYON;45.76;4.83;15/09/2026;01:00;20.1;0;SOLEIL;3.9;8.3;0
LYON;45.76;4.83;15/09/2026;02:00;19.4;0;SOLEIL;1.8;8.3;0
LYON;45.76;4.83;15/09/2026;03:00;18.4;0;SOLEIL;3.7;7.6;0
LYON;45.76;4.83;15/09/2026;04:00;17.1;0;SOLEIL;2.9;11.2;0
LYON;45.76;4.83;15/09/2026;05:00;17.4;0;SOLEIL;2.0;5.8;0
LYON;45.76;4.83;15/09/2026;06:00;17.9;0;SOLEIL;2.9;5.8;0
LYON;45.76;4.83;15/09/2026;07:00;19.4;0;SOLEIL;2.7;6.5;0
LYON;45.76;4.83;15/09/2026;08:00;21.8;0;SOLEIL;1.5;5.4;0
LYON;45.76;4.83;15/09/2026;09:00;22.8;0;SOLEIL;1.1;3.6;0
LYON;45.76;4.83;15/09/2026;10:00;26.1;0;SOLEIL;3.3;8.6;0
LYON;45.76;4.83;15/09/2026;11:00;28.1;0;SOLEIL;3.4;11.9;0
LYON;45.76;4.83;15/09/2026;12:00;29.7;0;SOLEIL;8.3;20.5;0
LYON;45.76;4.83;15/09/2026;13:00;31.4;0;SOLEIL;10.8;26.3;0
LYON;45.76;4.83;15/09/2026;14:00;31.7;0;SOLEIL;11.5;30.6;0
LYON;45.76;4.83;15/09/2026;15:00;32.6;0;SOLEIL;12.6;30.2;0
LYON;45.76;4.83;15/09/2026;16:00;32.6;0;SOLEIL;14.0;33.1;0
LYON;45.76;4.83;15/09/2026;17:00;31.7;0;SOLEIL;13.3;33.1;0
LYON;45.76;4.83;15/09/2026;18:00;28.7;0;SOLEIL;13.4;31.3;0
LYON;45.76;4.83;15/09/2026;19:00;27.5;0;SOLEIL;12.7;31.0;0
LYON;45.76;4.83;15/09/2026;20:00;26.4;0;SOLEIL;9.5;28.1;0
LYON;45.76;4.83;15/09/2026;21:00;25.4;0;SOLEIL;5.8;19.8;0
LYON;45.76;4.83;15/09/2026;22:00;24.7;0;SOLEIL;6.0;12.6;0
LYON;45.76;4.83;15/09/2026;23:00;23.9;0;SOLEIL;3.7;13.0;0
LYON;45.76;4.83;16/09/2026;00:00;23.1;0;SOLEIL;3.4;6.8;0
LYON;45.76;4.83;16/09/2026;01:00;23.1;0;SOLEIL;2.6;6.5;0
LYON;45.76;4.83;16/09/2026;02:00;20.6;0;SOLEIL;1.9;4.7;0
LYON;45.76;4.83;16/09/2026;03:00;20.6;0;SOLEIL;0.7;3.6;0
LYON;45.76;4.83;16/09/2026;04:00;20.6;0;SOLEIL;1.1;2.9;0
LYON;45.76;4.83;16/09/2026;05:00;19.2;0;SOLEIL;0.4;1.8;0
LYON;45.76;4.83;16/09/2026;06:00;19.2;0;SOLEIL;0.4;0.7;0
LYON;45.76;4.83;16/09/2026;07:00;19.2;0;SOLEIL;1.5;3.2;0
LYON;45.76;4.83;16/09/2026;08:00;20.9;6;AVERSES;2.0;5.0;0
LYON;45.76;4.83;16/09/2026;09:00;20.9;6;AVERSES;2.2;6.1;0
LYON;45.76;4.83;16/09/2026;10:00;20.9;6;AVERSES;1.3;5.8;0
LYON;45.76;4.83;16/09/2026;11:00;22.4;6;AVERSES;2.3;8.3;0
LYON;45.76;4.83;16/09/2026;12:00;22.4;6;AVERSES;3.1;10.4;0
LYON;45.76;4.83;16/09/2026;13:00;22.4;6;AVERSES;4.3;12.6;0
LYON;45.76;4.83;16/09/2026;14:00;20.1;7;PLUIE FAIBLE;5.8;15.5;0
LYON;45.76;4.83;16/09/2026;15:00;20.1;7;PLUIE FAIBLE;7.1;18.4;0
LYON;45.76;4.83;16/09/2026;16:00;20.1;7;PLUIE FAIBLE;8.3;22.3;0
LYON;45.76;4.83;16/09/2026;17:00;19;6;AVERSES;5.4;19.4;0
LYON;45.76;4.83;16/09/2026;18:00;19;6;AVERSES;1.1;10.4;0
LYON;45.76;4.83;16/09/2026;19:00;19;6;AVERSES;0.0;5.8;0
LYON;45.76;4.83;16/09/2026;20:00;17.7;0;SOLEIL;6.2;13.3;0
LYON;45.76;4.83;16/09/2026;21:00;17.7;0;SOLEIL;6.5;15.1;0
LYON;45.76;4.83;16/09/2026;22:00;17.7;0;SOLEIL;6.3;14.8;0
LYON;45.76;4.83;16/09/2026;23:00;17;0;SOLEIL;6.3;14.0;0
LYON;45.76;4.83;17/09/2026;00:00;17;0;SOLEIL;6.1;13.7;0
LYON;45.76;4.83;17/09/2026;01:00;17;0;SOLEIL;5.0;13.3;0
LYON;45.76;4.83;17/09/2026;02:00;15.6;0;SOLEIL;4.1;10.8;0
LYON;45.76;4.83;17/09/2026;03:00;15.6;0;SOLEIL;3.3;8.3;0
LYON;45.76;4.83;17/09/2026;04:00;15.6;0;SOLEIL;2.5;6.5;0
LYON;45.76;4.83;17/09/2026;05:00;14.1;0;SOLEIL;2.5;5.0;0
LYON;45.76;4.83;17/09/2026;06:00;14.1;0;SOLEIL;12.7;27.7;0
LYON;45.76;4.83;17/09/2026;07:00;14.1;0;SOLEIL;10.9;28.8;0
LYON;45.76;4.83;17/09/2026;08:00;18.9;0;SOLEIL;11.5;25.2;0
LYON;45.76;4.83;17/09/2026;09:00;18.9;0;SOLEIL;9.5;28.4;0
LYON;45.76;4.83;17/09/2026;10:00;18.9;0;SOLEIL;9.4;24.1;0
LYON;45.76;4.83;17/09/2026;11:00;22.4;0;SOLEIL;10.6;24.5;0
LYON;45.76;4.83;17/09/2026;12:00;22.4;0;SOLEIL;12.1;28.1;0
LYON;45.76;4.83;17/09/2026;13:00;22.4;0;SOLEIL;13.8;34.6;0
LYON;45.76;4.83;17/09/2026;14:00;24.1;0;SOLEIL;12.4;33.0;0
LYON;45.76;4.83;17/09/2026;15:00;24.1;0;SOLEIL;15.3;37.8;0
LYON;45.76;4.83;17/09/2026;16:00;24.1;0;SOLEIL;13.4;37.4;0
LYON;45.76;4.83;17/09/2026;17:00;21.2;0;SOLEIL;12.1;33.5;0
LYON;45.76;4.83;17/09/2026;18:00;21.2;0;SOLEIL;10.7;29.9;0
LYON;45.76;4.83;17/09/2026;19:00;21.2;0;SOLEIL;10.4;27.0;0
LYON;45.76;4.83;17/09/2026;20:00;18.6;0;SOLEIL;5.9;24.8;0
LYON;45.76;4.83;17/09/2026;21:00;17.4;0;SOLEIL;2.5;12.6;0
LYON;45.76;4.83;17/09/2026;22:00;16.1;0;SOLEIL;3.1;5.4;0
LYON;45.76;4.83;17/09/2026;23:00;16.6;2;NUAGEUX;3.6;7.2;0
LYON;45.76;4.83;18/09/2026;00:00;16.6;2;NUAGEUX;4.1;7.9;0
LYON;45.76;4.83;18/09/2026;01:00;16.6;2;NUAGEUX;3.6;7.6;0
LYON;45.76;4.83;18/09/2026;02:00;14.4;0;SOLEIL;4.1;7.2;0
LYON;45.76;4.83;18/09/2026;03:00;14.4;0;SOLEIL;3.8;8.3;0
LYON;45.76;4.83;18/09/2026;04:00;14.4;0;SOLEIL;4.6;8.6;0
LYON;45.76;4.83;18/09/2026;05:00;15.1;0;SOLEIL;4.7;9.0;0
LYON;45.76;4.83;18/09/2026;06:00;15.1;0;SOLEIL;4.4;8.6;0
LYON;45.76;4.83;18/09/2026;07:00;15.1;0;SOLEIL;4.5;8.6;0
LYON;45.76;4.83;18/09/2026;08:00;16.5;0;SOLEIL;4.4;8.3;0
LYON;45.76;4.83;18/09/2026;09:00;17.6;0;SOLEIL;3.0;7.9;0
LYON;45.76;4.83;18/09/2026;10:00;18.7;0;SOLEIL;4.3;11.2;0
LYON;45.76;4.83;18/09/2026;11:00;22.1;7;PLUIE FAIBLE;8.3;20.5;0
LYON;45.76;4.83;18/09/2026;12:00;22.1;7;PLUIE FAIBLE;12.4;32.4;0
LYON;45.76;4.83;18/09/2026;13:00;22.1;7;PLUIE FAIBLE;14.2;37.1;0
LYON;45.76;4.83;18/09/2026;14:00;22.9;0;SOLEIL;13.7;37.1;0
LYON;45.76;4.83;18/09/2026;15:00;24.0;0;SOLEIL;14.0;37.8;0
LYON;45.76;4.83;18/09/2026;16:00;22.9;0;SOLEIL;13.5;36.7;0
LYON;45.76;4.83;18/09/2026;17:00;21.1;0;SOLEIL;12.6;34.6;0
LYON;45.76;4.83;18/09/2026;18:00;21.1;0;SOLEIL;11.6;32.4;0
LYON;45.76;4.83;18/09/2026;19:00;21.1;0;SOLEIL;10.6;29.2;0
LYON;45.76;4.83;18/09/2026;20:00;18.7;0;SOLEIL;9.5;25.6;0
LYON;45.76;4.83;18/09/2026;21:00;17.6;0;SOLEIL;8.0;20.5;0
LYON;45.76;4.83;18/09/2026;22:00;16.5;0;SOLEIL;5.6;14.4;0
LYON;45.76;4.83;18/09/2026;23:00;16.4;0;SOLEIL;4.1;10.1;0
LYON;45.76;4.83;19/09/2026;00:00;16.4;0;SOLEIL;3.8;8.6;0
LYON;45.76;4.83;19/09/2026;01:00;16.4;0;SOLEIL;4.3;8.6;0
LYON;45.76;4.83;19/09/2026;02:00;13.5;0;SOLEIL;4.6;8.6;0
LYON;45.76;4.83;19/09/2026;03:00;13.5;0;SOLEIL;4.1;7.9;0
LYON;45.76;4.83;19/09/2026;04:00;13.5;0;SOLEIL;3.4;6.8;0
LYON;45.76;4.83;19/09/2026;05:00;14.2;0;SOLEIL;3.2;6.5;0
LYON;45.76;4.83;19/09/2026;06:00;14.2;0;SOLEIL;3.4;6.5;0
LYON;45.76;4.83;19/09/2026;07:00;14.2;0;SOLEIL;3.6;6.8;0
LYON;45.76;4.83;19/09/2026;08:00;16.3;0;SOLEIL;4.1;8.3;0
LYON;45.76;4.83;19/09/2026;09:00;17.6;0;SOLEIL;4.8;11.9;0
LYON;45.76;4.83;19/09/2026;10:00;19.0;0;SOLEIL;6.3;16.9;0
LYON;45.76;4.83;19/09/2026;11:00;23.6;0;SOLEIL;7.6;21.2;0
LYON;45.76;4.83;19/09/2026;12:00;23.6;0;SOLEIL;9.1;24.8;0
LYON;45.76;4.83;19/09/2026;13:00;23.6;0;SOLEIL;10.5;28.1;0
LYON;45.76;4.83;19/09/2026;14:00;24.5;0;SOLEIL;11.6;30.2;0
LYON;45.76;4.83;19/09/2026;15:00;25.9;0;SOLEIL;11.9;31.0;0
LYON;45.76;4.83;19/09/2026;16:00;24.5;0;SOLEIL;11.6;30.2;0
LYON;45.76;4.83;19/09/2026;17:00;22;0;SOLEIL;10.9;29.2;0
LYON;45.76;4.83;19/09/2026;18:00;22;0;SOLEIL;9.0;27.4;0
LYON;45.76;4.83;19/09/2026;19:00;22;0;SOLEIL;7.2;25.2;0
LYON;45.76;4.83;19/09/2026;20:00;19.0;0;SOLEIL;5.5;22.0;0
LYON;45.76;4.83;19/09/2026;21:00;17.6;0;SOLEIL;3.4;16.9;0
LYON;45.76;4.83;19/09/2026;22:00;16.3;0;SOLEIL;2.6;11.2;0
LYON;45.76;4.83;19/09/2026;23:00;17.6;0;SOLEIL;3.9;7.2;0
LYON;45.76;4.83;20/09/2026;00:00;17.6;0;SOLEIL;4.3;7.2;0
LYON;45.76;4.83;20/09/2026;01:00;17.6;0;SOLEIL;4.2;9.4;0
LYON;45.76;4.83;20/09/2026;02:00;14.6;0;SOLEIL;4.3;10.4;0
LYON;45.76;4.83;20/09/2026;03:00;14.6;0;SOLEIL;4.1;9.4;0
LYON;45.76;4.83;20/09/2026;04:00;14.6;0;SOLEIL;3.6;7.9;0
LYON;45.76;4.83;20/09/2026;05:00;15.6;0;SOLEIL;3.2;6.5;0
LYON;45.76;4.83;20/09/2026;06:00;15.6;0;SOLEIL;2.4;5.5;0
LYON;45.76;4.83;20/09/2026;07:00;15.6;0;SOLEIL;2.0;4.3;0
LYON;45.76;4.83;20/09/2026;08:00;17.4;0;SOLEIL;1.7;3.3;0
LYON;45.76;4.83;20/09/2026;09:00;18.8;0;SOLEIL;1.5;4.3;0
LYON;45.76;4.83;20/09/2026;10:00;20.2;0;SOLEIL;1.8;6.5;0
LYON;45.76;4.83;20/09/2026;11:00;25.9;0;SOLEIL;2.9;9.0;0
LYON;45.76;4.83;20/09/2026;12:00;25.9;0;SOLEIL;4.5;12.6;0
LYON;45.76;4.83;20/09/2026;13:00;25.9;0;SOLEIL;6.3;16.2;0
LYON;45.76;4.83;20/09/2026;14:00;25.7;0;SOLEIL;7.5;19.1;0
LYON;45.76;4.83;20/09/2026;15:00;27.1;0;SOLEIL;7.9;19.8;0
LYON;45.76;4.83;20/09/2026;16:00;25.7;0;SOLEIL;7.6;19.4;0
LYON;45.76;4.83;20/09/2026;17:00;23.7;0;SOLEIL;7.1;18.7;0
LYON;45.76;4.83;20/09/2026;18:00;23.7;0;SOLEIL;6.4;18.0;0
LYON;45.76;4.83;20/09/2026;19:00;23.7;0;SOLEIL;5.2;16.6;0
LYON;45.76;4.83;20/09/2026;20:00;20.2;0;SOLEIL;4.0;14.4;0
LYON;45.76;4.83;20/09/2026;21:00;18.8;0;SOLEIL;2.1;10.8;0
LYON;45.76;4.83;20/09/2026;22:00;17.4;0;SOLEIL;0.8;6.1;0
LYON;45.76;4.83;20/09/2026;23:00;19;0;SOLEIL;2.2;2.9;0
LYON;45.76;4.83;21/09/2026;00:00;19;0;SOLEIL;2.5;2.2;0
LYON;45.76;4.83;21/09/2026;01:00;19;0;SOLEIL;2.2;2.9;0
LYON;45.76;4.83;21/09/2026;02:00;15.4;0;SOLEIL;1.9;3.2;0
LYON;45.76;4.83;21/09/2026;03:00;15.4;0;SOLEIL;1.8;3.2;0
LYON;45.76;4.83;21/09/2026;04:00;15.4;0;SOLEIL;2.0;3.2;0
LYON;45.76;4.83;21/09/2026;05:00;16.1;0;SOLEIL;1.8;3.2;0
LYON;45.76;4.83;21/09/2026;06:00;16.1;0;SOLEIL;1.8;2.9;0
LYON;45.76;4.83;21/09/2026;07:00;16.1;0;SOLEIL;1.6;2.9;0
LYON;45.76;4.83;21/09/2026;08:00;17.8;0;SOLEIL;1.5;3.2;0
LYON;45.76;4.83;21/09/2026;09:00;19.1;0;SOLEIL;1.8;4.7;0
LYON;45.76;4.83;21/09/2026;10:00;20.3;0;SOLEIL;2.6;6.5;0
LYON;45.76;4.83;21/09/2026;11:00;25;0;SOLEIL;3.1;9.0;0
LYON;45.76;4.83;21/09/2026;12:00;25;0;SOLEIL;3.6;12.2;0
LYON;45.76;4.83;21/09/2026;13:00;25;0;SOLEIL;5.8;15.8;0
LYON;45.76;4.83;21/09/2026;14:00;25.2;0;SOLEIL;7.6;19.1;0
LYON;45.76;4.83;21/09/2026;15:00;26.4;0;SOLEIL;9.4;22.3;0
LYON;45.76;4.83;21/09/2026;16:00;25.2;0;SOLEIL;11.0;25.6;0
LYON;45.76;4.83;21/09/2026;17:00;23.9;0;SOLEIL;11.8;27.0;0
LYON;45.76;4.83;21/09/2026;18:00;23.9;0;SOLEIL;10.5;26.3;0
LYON;45.76;4.83;21/09/2026;19:00;23.9;0;SOLEIL;8.3;24.1;0
LYON;45.76;4.83;21/09/2026;20:00;20.3;0;SOLEIL;6.5;21.2;0
LYON;45.76;4.83;21/09/2026;21:00;19.1;0;SOLEIL;5.6;17.3;0
LYON;45.76;4.83;21/09/2026;22:00;17.8;0;SOLEIL;5.0;12.6;0
LYON;45.76;4.83;21/09/2026;23:00;18.4;0;SOLEIL;4.5;9.0;0
PONTARLIER;46.9;6.35;15/09/2026;00:00;12.5;0;SOLEIL;6.9;15.8;0
PONTARLIER;46.9;6.35;15/09/2026;01:00;13;0;SOLEIL;7.2;15.1;0
PONTARLIER;46.9;6.35;15/09/2026;02:00;12;0;SOLEIL;7.3;15.5;0
PONTARLIER;46.9;6.35;15/09/2026;03:00;10.6;0;SOLEIL;6.0;13.7;0
PONTARLIER;46.9;6.35;15/09/2026;04:00;10.1;0;SOLEIL;6.2;11.9;0
PONTARLIER;46.9;6.35;15/09/2026;05:00;9.3;0;SOLEIL;7.3;12.2;0
PONTARLIER;46.9;6.35;15/09/2026;06:00;11.8;0;SOLEIL;7.8;15.1;0
PONTARLIER;46.9;6.35;15/09/2026;07:00;15.2;0;SOLEIL;7.8;15.8;0
PONTARLIER;46.9;6.35;15/09/2026;08:00;19.2;0;SOLEIL;7.1;15.5;0
PONTARLIER;46.9;6.35;15/09/2026;09:00;21.7;0;SOLEIL;4.8;14.0;0
PONTARLIER;46.9;6.35;15/09/2026;10:00;24.5;0;SOLEIL;2.0;8.6;0
PONTARLIER;46.9;6.35;15/09/2026;11:00;25.6;0;SOLEIL;7.3;19.4;0
PONTARLIER;46.9;6.35;15/09/2026;12:00;26.6;0;SOLEIL;6.6;17.3;0
PONTARLIER;46.9;6.35;15/09/2026;13:00;26.1;0;SOLEIL;7.9;18.4;0
PONTARLIER;46.9;6.35;15/09/2026;14:00;27.2;0;SOLEIL;10.9;23.0;0
PONTARLIER;46.9;6.35;15/09/2026;15:00;26.5;0;SOLEIL;11.2;17.3;0
PONTARLIER;46.9;6.35;15/09/2026;16:00;26.6;0;SOLEIL;11.0;18.7;0
PONTARLIER;46.9;6.35;15/09/2026;17:00;25.4;0;SOLEIL;12.5;23.0;0
PONTARLIER;46.9;6.35;15/09/2026;18:00;22.4;0;SOLEIL;10.6;25.9;0
PONTARLIER;46.9;6.35;15/09/2026;19:00;20.1;0;SOLEIL;6.8;21.2;0
PONTARLIER;46.9;6.35;15/09/2026;20:00;17.9;0;SOLEIL;7.3;14.0;0
PONTARLIER;46.9;6.35;15/09/2026;21:00;16.9;0;SOLEIL;8.0;15.1;0
PONTARLIER;46.9;6.35;15/09/2026;22:00;16.6;0;SOLEIL;8.2;15.8;0
PONTARLIER;46.9;6.35;15/09/2026;23:00;16.4;0;SOLEIL;8.5;16.2;0
PONTARLIER;46.9;6.35;16/09/2026;00:00;16;0;SOLEIL;8.5;16.6;0
PONTARLIER;46.9;6.35;16/09/2026;01:00;16;0;SOLEIL;8.4;16.6;0
PONTARLIER;46.9;6.35;16/09/2026;02:00;13.7;0;SOLEIL;8.4;16.2;0
PONTARLIER;46.9;6.35;16/09/2026;03:00;13.7;0;SOLEIL;8.4;12.6;0
PONTARLIER;46.9;6.35;16/09/2026;04:00;13.7;0;SOLEIL;8.4;14.8;0
PONTARLIER;46.9;6.35;16/09/2026;05:00;14.1;0;SOLEIL;8.6;13.7;0
PONTARLIER;46.9;6.35;16/09/2026;06:00;14.1;0;SOLEIL;8.3;12.2;0
PONTARLIER;46.9;6.35;16/09/2026;07:00;14.1;0;SOLEIL;8.3;11.2;0
PONTARLIER;46.9;6.35;16/09/2026;08:00;16.7;2;NUAGEUX;7.7;11.2;0
PONTARLIER;46.9;6.35;16/09/2026;09:00;16.7;2;NUAGEUX;4.1;9.7;0
PONTARLIER;46.9;6.35;16/09/2026;10:00;16.7;2;NUAGEUX;3.7;9.0;0
PONTARLIER;46.9;6.35;16/09/2026;11:00;15.4;6;AVERSES;4.5;11.5;0
PONTARLIER;46.9;6.35;16/09/2026;12:00;15.4;6;AVERSES;5.1;12.6;0
PONTARLIER;46.9;6.35;16/09/2026;13:00;15.4;6;AVERSES;6.2;15.1;0
PONTARLIER;46.9;6.35;16/09/2026;14:00;13.1;6;AVERSES;7.4;17.3;0
PONTARLIER;46.9;6.35;16/09/2026;15:00;13.1;6;AVERSES;8.8;19.8;0
PONTARLIER;46.9;6.35;16/09/2026;16:00;13.1;6;AVERSES;11.0;24.5;0
PONTARLIER;46.9;6.35;16/09/2026;17:00;11.6;6;AVERSES;10.8;24.1;0
PONTARLIER;46.9;6.35;16/09/2026;18:00;11.6;6;AVERSES;7.6;22.7;0
PONTARLIER;46.9;6.35;16/09/2026;19:00;11.6;6;AVERSES;3.3;22.7;0
PONTARLIER;46.9;6.35;16/09/2026;20:00;8.1;0;SOLEIL;5.0;6.1;0
PONTARLIER;46.9;6.35;16/09/2026;21:00;8.1;0;SOLEIL;8.9;16.9;0
PONTARLIER;46.9;6.35;16/09/2026;22:00;8.1;0;SOLEIL;9.2;18.0;0
PONTARLIER;46.9;6.35;16/09/2026;23:00;7.2;0;SOLEIL;9.7;19.1;0
PONTARLIER;46.9;6.35;17/09/2026;00:00;7.2;0;SOLEIL;9.9;19.1;0
PONTARLIER;46.9;6.35;17/09/2026;01:00;7.2;0;SOLEIL;9.2;18.7;0
PONTARLIER;46.9;6.35;17/09/2026;02:00;4.9;0;SOLEIL;8.9;17.3;0
PONTARLIER;46.9;6.35;17/09/2026;03:00;4.9;0;SOLEIL;8.4;17.3;0
PONTARLIER;46.9;6.35;17/09/2026;04:00;4.9;0;SOLEIL;7.4;16.2;0
PONTARLIER;46.9;6.35;17/09/2026;05:00;5.7;0;SOLEIL;5.9;13.3;0
PONTARLIER;46.9;6.35;17/09/2026;06:00;5.7;0;SOLEIL;3.4;10.1;0
PONTARLIER;46.9;6.35;17/09/2026;07:00;5.7;0;SOLEIL;2.2;4.0;0
PONTARLIER;46.9;6.35;17/09/2026;08:00;14.4;0;SOLEIL;1.5;2.5;0
PONTARLIER;46.9;6.35;17/09/2026;09:00;14.4;0;SOLEIL;7.0;15.8;0
PONTARLIER;46.9;6.35;17/09/2026;10:00;14.4;0;SOLEIL;8.4;17.6;0
PONTARLIER;46.9;6.35;17/09/2026;11:00;17.6;0;SOLEIL;7.7;20.5;0
PONTARLIER;46.9;6.35;17/09/2026;12:00;17.6;0;SOLEIL;10.7;23.4;0
PONTARLIER;46.9;6.35;17/09/2026;13:00;17.6;0;SOLEIL;10.6;25.6;0
PONTARLIER;46.9;6.35;17/09/2026;14:00;17.1;0;SOLEIL;8.9;26.4;0
PONTARLIER;46.9;6.35;17/09/2026;15:00;17.1;0;SOLEIL;7.9;23.4;0
PONTARLIER;46.9;6.35;17/09/2026;16:00;17.1;0;SOLEIL;8.7;20.5;0
PONTARLIER;46.9;6.35;17/09/2026;17:00;13.1;0;SOLEIL;6.4;19.8;0
PONTARLIER;46.9;6.35;17/09/2026;18:00;13.1;0;SOLEIL;6.2;16.9;0
PONTARLIER;46.9;6.35;17/09/2026;19:00;13.1;0;SOLEIL;4.0;15.5;0
PONTARLIER;46.9;6.35;17/09/2026;20:00;10.4;0;SOLEIL;1.1;10.8;0
PONTARLIER;46.9;6.35;17/09/2026;21:00;8.8;0;SOLEIL;3.2;7.9;0
PONTARLIER;46.9;6.35;17/09/2026;22:00;7.2;0;SOLEIL;3.4;7.9;0
PONTARLIER;46.9;6.35;17/09/2026;23:00;8.5;2;NUAGEUX;3.7;8.3;0
PONTARLIER;46.9;6.35;18/09/2026;00:00;8.5;2;NUAGEUX;3.6;7.9;0
PONTARLIER;46.9;6.35;18/09/2026;01:00;8.5;2;NUAGEUX;4.1;6.8;0
PONTARLIER;46.9;6.35;18/09/2026;02:00;8.1;6;AVERSES;4.3;8.6;0
PONTARLIER;46.9;6.35;18/09/2026;03:00;8.1;6;AVERSES;5.0;8.3;0
PONTARLIER;46.9;6.35;18/09/2026;04:00;8.1;6;AVERSES;4.9;9.0;0
PONTARLIER;46.9;6.35;18/09/2026;05:00;10;2;NUAGEUX;4.5;8.6;0
PONTARLIER;46.9;6.35;18/09/2026;06:00;10;2;NUAGEUX;4.7;7.6;0
PONTARLIER;46.9;6.35;18/09/2026;07:00;10;2;NUAGEUX;4.9;7.9;0
PONTARLIER;46.9;6.35;18/09/2026;08:00;10.1;6;AVERSES;4.7;8.6;0
PONTARLIER;46.9;6.35;18/09/2026;09:00;11.0;6;AVERSES;2.5;8.3;0
PONTARLIER;46.9;6.35;18/09/2026;10:00;12.0;6;AVERSES;3.7;10.1;0
PONTARLIER;46.9;6.35;18/09/2026;11:00;15.1;6;AVERSES;7.6;18.7;0
PONTARLIER;46.9;6.35;18/09/2026;12:00;15.1;6;AVERSES;7.6;19.4;0
PONTARLIER;46.9;6.35;18/09/2026;13:00;15.1;6;AVERSES;7.0;19.1;0
PONTARLIER;46.9;6.35;18/09/2026;14:00;15.9;6;AVERSES;6.9;18.7;0
PONTARLIER;46.9;6.35;18/09/2026;15:00;16.9;6;AVERSES;7.4;19.1;0
PONTARLIER;46.9;6.35;18/09/2026;16:00;15.9;6;AVERSES;7.9;19.4;0
PONTARLIER;46.9;6.35;18/09/2026;17:00;12.1;6;AVERSES;7.6;19.1;0
PONTARLIER;46.9;6.35;18/09/2026;18:00;12.1;6;AVERSES;6.2;17.3;0
PONTARLIER;46.9;6.35;18/09/2026;19:00;12.1;6;AVERSES;3.8;15.1;0
PONTARLIER;46.9;6.35;18/09/2026;20:00;12.0;6;AVERSES;1.9;12.6;0
PONTARLIER;46.9;6.35;18/09/2026;21:00;11.0;6;AVERSES;1.3;10.1;0
PONTARLIER;46.9;6.35;18/09/2026;22:00;10.1;6;AVERSES;2.5;7.2;0
PONTARLIER;46.9;6.35;18/09/2026;23:00;7;0;SOLEIL;3.8;5.8;0
PONTARLIER;46.9;6.35;19/09/2026;00:00;7;0;SOLEIL;4.1;6.1;0
PONTARLIER;46.9;6.35;19/09/2026;01:00;7;0;SOLEIL;4.0;7.2;0
PONTARLIER;46.9;6.35;19/09/2026;02:00;4;0;SOLEIL;4.0;8.3;0
PONTARLIER;46.9;6.35;19/09/2026;03:00;4;0;SOLEIL;4.0;8.6;0
PONTARLIER;46.9;6.35;19/09/2026;04:00;4;0;SOLEIL;3.7;8.6;0
PONTARLIER;46.9;6.35;19/09/2026;05:00;5.6;0;SOLEIL;3.8;8.3;0
PONTARLIER;46.9;6.35;19/09/2026;06:00;5.6;0;SOLEIL;3.8;7.2;0
PONTARLIER;46.9;6.35;19/09/2026;07:00;5.6;0;SOLEIL;3.8;6.1;0
PONTARLIER;46.9;6.35;19/09/2026;08:00;7.7;0;SOLEIL;3.3;6.5;0
PONTARLIER;46.9;6.35;19/09/2026;09:00;9.5;0;SOLEIL;3.4;9.7;0
PONTARLIER;46.9;6.35;19/09/2026;10:00;11.3;0;SOLEIL;5.6;14.0;0
PONTARLIER;46.9;6.35;19/09/2026;11:00;18.7;0;SOLEIL;7.3;18.0;0
PONTARLIER;46.9;6.35;19/09/2026;12:00;18.7;0;SOLEIL;8.0;20.2;0
PONTARLIER;46.9;6.35;19/09/2026;13:00;18.7;0;SOLEIL;8.4;21.6;0
PONTARLIER;46.9;6.35;19/09/2026;14:00;18.7;0;SOLEIL;9.2;22.7;0
PONTARLIER;46.9;6.35;19/09/2026;15:00;20.5;0;SOLEIL;9.7;24.5;0
PONTARLIER;46.9;6.35;19/09/2026;16:00;18.7;0;SOLEIL;9.3;25.9;0
PONTARLIER;46.9;6.35;19/09/2026;17:00;13.1;0;SOLEIL;8.7;24.8;0
PONTARLIER;46.9;6.35;19/09/2026;18:00;13.1;0;SOLEIL;6.5;19.4;0
PONTARLIER;46.9;6.35;19/09/2026;19:00;13.1;0;SOLEIL;3.6;11.5;0
PONTARLIER;46.9;6.35;19/09/2026;20:00;11.3;0;SOLEIL;1.8;6.1;0
PONTARLIER;46.9;6.35;19/09/2026;21:00;9.5;0;SOLEIL;2.5;5.0;0
PONTARLIER;46.9;6.35;19/09/2026;22:00;7.7;0;SOLEIL;4.0;6.5;0
PONTARLIER;46.9;6.35;19/09/2026;23:00;9.1;0;SOLEIL;4.9;7.6;0
PONTARLIER;46.9;6.35;20/09/2026;00:00;9.1;0;SOLEIL;5.5;7.9;0
PONTARLIER;46.9;6.35;20/09/2026;01:00;9.1;0;SOLEIL;5.3;8.6;0
PONTARLIER;46.9;6.35;20/09/2026;02:00;6.6;0;SOLEIL;5.3;9.4;0
PONTARLIER;46.9;6.35;20/09/2026;03:00;6.6;0;SOLEIL;5.5;10.4;0
PONTARLIER;46.9;6.35;20/09/2026;04:00;6.6;0;SOLEIL;5.7;11.5;0
PONTARLIER;46.9;6.35;20/09/2026;05:00;8.7;0;SOLEIL;5.9;12.2;0
PONTARLIER;46.9;6.35;20/09/2026;06:00;8.7;0;SOLEIL;6.3;13.8;0
PONTARLIER;46.9;6.35;20/09/2026;07:00;8.7;0;SOLEIL;6.3;14.6;0
PONTARLIER;46.9;6.35;20/09/2026;08:00;10.1;0;SOLEIL;6.3;15.3;0
PONTARLIER;46.9;6.35;20/09/2026;09:00;11.9;0;SOLEIL;3.6;9.0;0
PONTARLIER;46.9;6.35;20/09/2026;10:00;13.6;0;SOLEIL;2.3;7.6;0
PONTARLIER;46.9;6.35;20/09/2026;11:00;21.6;0;SOLEIL;1.6;7.2;0
PONTARLIER;46.9;6.35;20/09/2026;12:00;21.6;0;SOLEIL;1.8;9.4;0
PONTARLIER;46.9;6.35;20/09/2026;13:00;21.6;0;SOLEIL;3.6;12.6;0
PONTARLIER;46.9;6.35;20/09/2026;14:00;20.6;0;SOLEIL;4.6;14.4;0
PONTARLIER;46.9;6.35;20/09/2026;15:00;22.4;0;SOLEIL;4.3;13.0;0
PONTARLIER;46.9;6.35;20/09/2026;16:00;20.6;0;SOLEIL;3.3;10.4;0
PONTARLIER;46.9;6.35;20/09/2026;17:00;15.1;0;SOLEIL;3.3;8.3;0
PONTARLIER;46.9;6.35;20/09/2026;18:00;15.1;0;SOLEIL;2.9;7.6;0
PONTARLIER;46.9;6.35;20/09/2026;19:00;15.1;0;SOLEIL;2.8;7.9;0
PONTARLIER;46.9;6.35;20/09/2026;20:00;13.6;0;SOLEIL;2.4;8.3;0
PONTARLIER;46.9;6.35;20/09/2026;21:00;11.9;0;SOLEIL;0.5;9.0;0
PONTARLIER;46.9;6.35;20/09/2026;22:00;10.1;0;SOLEIL;3.1;10.1;0
PONTARLIER;46.9;6.35;20/09/2026;23:00;10.1;0;SOLEIL;5.4;11.2;0
PONTARLIER;46.9;6.35;21/09/2026;00:00;10.1;0;SOLEIL;6.2;11.9;0
PONTARLIER;46.9;6.35;21/09/2026;01:00;10.1;0;SOLEIL;6.3;12.2;0
PONTARLIER;46.9;6.35;21/09/2026;02:00;7;0;SOLEIL;6.1;12.6;0
PONTARLIER;46.9;6.35;21/09/2026;03:00;7;0;SOLEIL;6.0;13.3;0
PONTARLIER;46.9;6.35;21/09/2026;04:00;7;0;SOLEIL;5.8;14.0;0
PONTARLIER;46.9;6.35;21/09/2026;05:00;8.7;0;SOLEIL;5.8;14.8;0
PONTARLIER;46.9;6.35;21/09/2026;06:00;8.7;0;SOLEIL;6.1;15.5;0
PONTARLIER;46.9;6.35;21/09/2026;07:00;8.7;0;SOLEIL;6.8;15.8;0
PONTARLIER;46.9;6.35;21/09/2026;08:00;10.4;0;SOLEIL;6.3;15.8;0
PONTARLIER;46.9;6.35;21/09/2026;09:00;12.0;0;SOLEIL;4.8;14.4;0
PONTARLIER;46.9;6.35;21/09/2026;10:00;13.7;0;SOLEIL;3.9;13.0;0
PONTARLIER;46.9;6.35;21/09/2026;11:00;21.4;0;SOLEIL;6.2;13.7;0
PONTARLIER;46.9;6.35;21/09/2026;12:00;21.4;0;SOLEIL;9.5;19.4;0
PONTARLIER;46.9;6.35;21/09/2026;13:00;21.4;0;SOLEIL;13.4;27.4;0
PONTARLIER;46.9;6.35;21/09/2026;14:00;20.4;0;SOLEIL;15.5;33.1;0
PONTARLIER;46.9;6.35;21/09/2026;15:00;22.1;0;SOLEIL;15.5;34.9;0
PONTARLIER;46.9;6.35;21/09/2026;16:00;20.4;0;SOLEIL;14.2;34.2;0
PONTARLIER;46.9;6.35;21/09/2026;17:00;14.9;0;SOLEIL;12.1;31.7;0
PONTARLIER;46.9;6.35;21/09/2026;18:00;14.9;0;SOLEIL;8.7;25.6;0
PONTARLIER;46.9;6.35;21/09/2026;19:00;14.9;0;SOLEIL;5.2;17.6;0
PONTARLIER;46.9;6.35;21/09/2026;20:00;13.7;0;SOLEIL;4.7;12.2;0
PONTARLIER;46.9;6.35;21/09/2026;21:00;12.0;0;SOLEIL;5.1;11.5;0
PONTARLIER;46.9;6.35;21/09/2026;22:00;10.4;0;SOLEIL;5.4;13.3;0
PONTARLIER;46.9;6.35;21/09/2026;23:00;9.4;0;SOLEIL;5.5;14.8;0
LA ROCHELLE;46.16;-1.15;15/09/2026;00:00;18.7;0;SOLEIL;8.4;15.1;0
LA ROCHELLE;46.16;-1.15;15/09/2026;01:00;18.7;0;SOLEIL;8.3;15.1;0
LA ROCHELLE;46.16;-1.15;15/09/2026;02:00;18;0;SOLEIL;8.0;14.8;0
LA ROCHELLE;46.16;-1.15;15/09/2026;03:00;17.7;0;SOLEIL;7.9;11.2;0
LA ROCHELLE;46.16;-1.15;15/09/2026;04:00;17.2;0;SOLEIL;6.3;10.4;0
LA ROCHELLE;46.16;-1.15;15/09/2026;05:00;17.3;0;SOLEIL;5.8;7.6;0
LA ROCHELLE;46.16;-1.15;15/09/2026;06:00;17.9;0;SOLEIL;5.1;7.2;0
LA ROCHELLE;46.16;-1.15;15/09/2026;07:00;21.3;0;SOLEIL;6.8;8.3;0
LA ROCHELLE;46.16;-1.15;15/09/2026;08:00;24.1;0;SOLEIL;6.5;9.7;0
LA ROCHELLE;46.16;-1.15;15/09/2026;09:00;26.3;0;SOLEIL;2.9;6.8;0
LA ROCHELLE;46.16;-1.15;15/09/2026;10:00;28.6;0;SOLEIL;1.9;6.8;0
LA ROCHELLE;46.16;-1.15;15/09/2026;11:00;28.2;0;SOLEIL;3.9;11.5;0
LA ROCHELLE;46.16;-1.15;15/09/2026;12:00;27.1;0;SOLEIL;6.3;15.5;0
LA ROCHELLE;46.16;-1.15;15/09/2026;13:00;27.2;0;SOLEIL;6.4;17.3;0
LA ROCHELLE;46.16;-1.15;15/09/2026;14:00;26.6;0;SOLEIL;10.6;20.2;0
LA ROCHELLE;46.16;-1.15;15/09/2026;15:00;25.5;0;SOLEIL;10.0;24.1;0
LA ROCHELLE;46.16;-1.15;15/09/2026;16:00;25.1;0;SOLEIL;9.7;20.9;0
LA ROCHELLE;46.16;-1.15;15/09/2026;17:00;22.8;0;SOLEIL;10.0;21.2;0
LA ROCHELLE;46.16;-1.15;15/09/2026;18:00;21;0;SOLEIL;13.2;24.5;0
LA ROCHELLE;46.16;-1.15;15/09/2026;19:00;20.6;5;SOLEIL VOILÉ;12.5;23.4;0
LA ROCHELLE;46.16;-1.15;15/09/2026;20:00;20.1;5;SOLEIL VOILÉ;9.1;19.3;0
LA ROCHELLE;46.16;-1.15;15/09/2026;21:00;20.4;5;SOLEIL VOILÉ;8.0;14.5;0
LA ROCHELLE;46.16;-1.15;15/09/2026;22:00;20.1;2;NUAGEUX;8.2;14.4;0
LA ROCHELLE;46.16;-1.15;15/09/2026;23:00;19.1;0;SOLEIL;8.2;14.0;0
LA ROCHELLE;46.16;-1.15;16/09/2026;00:00;18.6;2;NUAGEUX;6.6;12.2;0
LA ROCHELLE;46.16;-1.15;16/09/2026;01:00;18.6;2;NUAGEUX;6.6;9.4;0
LA ROCHELLE;46.16;-1.15;16/09/2026;02:00;16.4;0;SOLEIL;8.0;10.8;0
LA ROCHELLE;46.16;-1.15;16/09/2026;03:00;16.4;0;SOLEIL;6.4;11.5;0
LA ROCHELLE;46.16;-1.15;16/09/2026;04:00;16.4;0;SOLEIL;5.7;8.3;0
LA ROCHELLE;46.16;-1.15;16/09/2026;05:00;14.7;0;SOLEIL;4.9;6.8;0
LA ROCHELLE;46.16;-1.15;16/09/2026;06:00;14.7;0;SOLEIL;4.3;5.8;0
LA ROCHELLE;46.16;-1.15;16/09/2026;07:00;14.7;0;SOLEIL;4.2;5.8;0
LA ROCHELLE;46.16;-1.15;16/09/2026;08:00;18.6;0;SOLEIL;3.3;4.7;0
LA ROCHELLE;46.16;-1.15;16/09/2026;09:00;18.6;0;SOLEIL;3.1;5.8;0
LA ROCHELLE;46.16;-1.15;16/09/2026;10:00;18.6;0;SOLEIL;2.9;6.8;0
LA ROCHELLE;46.16;-1.15;16/09/2026;11:00;20.6;0;SOLEIL;5.4;12.2;0
LA ROCHELLE;46.16;-1.15;16/09/2026;12:00;20.6;0;SOLEIL;10.3;20.9;0
LA ROCHELLE;46.16;-1.15;16/09/2026;13:00;20.6;0;SOLEIL;14.4;28.1;0
LA ROCHELLE;46.16;-1.15;16/09/2026;14:00;20.7;0;SOLEIL;15.1;28.8;0
LA ROCHELLE;46.16;-1.15;16/09/2026;15:00;20.7;0;SOLEIL;15.1;29.5;0
LA ROCHELLE;46.16;-1.15;16/09/2026;16:00;20.7;0;SOLEIL;18.9;34.6;0
LA ROCHELLE;46.16;-1.15;16/09/2026;17:00;19;0;SOLEIL;21.5;38.9;0
LA ROCHELLE;46.16;-1.15;16/09/2026;18:00;19;0;SOLEIL;28.3;51.5;0
LA ROCHELLE;46.16;-1.15;16/09/2026;19:00;19;0;SOLEIL;29.5;54.4;0
LA ROCHELLE;46.16;-1.15;16/09/2026;20:00;18.4;0;SOLEIL;26.1;53.6;0
LA ROCHELLE;46.16;-1.15;16/09/2026;21:00;18.4;0;SOLEIL;25.0;47.9;0
LA ROCHELLE;46.16;-1.15;16/09/2026;22:00;18.4;0;SOLEIL;25.5;51.8;0
LA ROCHELLE;46.16;-1.15;16/09/2026;23:00;17.4;0;SOLEIL;19.6;46.8;0
LA ROCHELLE;46.16;-1.15;17/09/2026;00:00;17.4;0;SOLEIL;20.1;36.0;0
LA ROCHELLE;46.16;-1.15;17/09/2026;01:00;17.4;0;SOLEIL;17.7;39.2;0
LA ROCHELLE;46.16;-1.15;17/09/2026;02:00;15.1;5;SOLEIL VOILÉ;17.6;33.8;0
LA ROCHELLE;46.16;-1.15;17/09/2026;03:00;15.1;5;SOLEIL VOILÉ;17.0;32.8;0
LA ROCHELLE;46.16;-1.15;17/09/2026;04:00;15.1;5;SOLEIL VOILÉ;10.2;31.0;0
LA ROCHELLE;46.16;-1.15;17/09/2026;05:00;14.1;5;SOLEIL VOILÉ;7.5;17.6;0
LA ROCHELLE;46.16;-1.15;17/09/2026;06:00;14.1;5;SOLEIL VOILÉ;6.9;14.0;0
LA ROCHELLE;46.16;-1.15;17/09/2026;07:00;14.1;5;SOLEIL VOILÉ;9.5;16.2;0
LA ROCHELLE;46.16;-1.15;17/09/2026;08:00;18.5;5;SOLEIL VOILÉ;9.3;18.0;0
LA ROCHELLE;46.16;-1.15;17/09/2026;09:00;18.5;5;SOLEIL VOILÉ;11.1;21.2;0
LA ROCHELLE;46.16;-1.15;17/09/2026;10:00;18.5;5;SOLEIL VOILÉ;14.1;27.4;0
LA ROCHELLE;46.16;-1.15;17/09/2026;11:00;19.6;2;NUAGEUX;12.2;26.6;0
LA ROCHELLE;46.16;-1.15;17/09/2026;12:00;19.6;2;NUAGEUX;12.0;25.8;0
LA ROCHELLE;46.16;-1.15;17/09/2026;13:00;19.6;2;NUAGEUX;13.0;28.1;0
LA ROCHELLE;46.16;-1.15;17/09/2026;14:00;20.1;2;NUAGEUX;15.2;30.7;0
LA ROCHELLE;46.16;-1.15;17/09/2026;15:00;20.1;2;NUAGEUX;18.7;34.6;0
LA ROCHELLE;46.16;-1.15;17/09/2026;16:00;20.1;2;NUAGEUX;22.8;39.2;0
LA ROCHELLE;46.16;-1.15;17/09/2026;17:00;19.1;2;NUAGEUX;25.7;43.2;0
LA ROCHELLE;46.16;-1.15;17/09/2026;18:00;19.1;2;NUAGEUX;26.8;43.6;0
LA ROCHELLE;46.16;-1.15;17/09/2026;19:00;19.1;2;NUAGEUX;27.6;43.9;0
LA ROCHELLE;46.16;-1.15;17/09/2026;20:00;16.7;2;NUAGEUX;26.9;43.6;0
LA ROCHELLE;46.16;-1.15;17/09/2026;21:00;15.9;2;NUAGEUX;25.8;40.3;0
LA ROCHELLE;46.16;-1.15;17/09/2026;22:00;15.2;2;NUAGEUX;21.9;37.8;0
LA ROCHELLE;46.16;-1.15;17/09/2026;23:00;18.1;6;AVERSES;17.6;32.0;0
LA ROCHELLE;46.16;-1.15;18/09/2026;00:00;18.1;6;AVERSES;15.0;25.6;0
LA ROCHELLE;46.16;-1.15;18/09/2026;01:00;18.1;6;AVERSES;11.5;22.0;0
LA ROCHELLE;46.16;-1.15;18/09/2026;02:00;13.5;2;NUAGEUX;8.2;15.8;0
LA ROCHELLE;46.16;-1.15;18/09/2026;03:00;13.5;2;NUAGEUX;8.4;11.2;0
LA ROCHELLE;46.16;-1.15;18/09/2026;04:00;13.5;2;NUAGEUX;9.0;12.2;0
LA ROCHELLE;46.16;-1.15;18/09/2026;05:00;14.1;6;AVERSES;10.2;14.4;0
LA ROCHELLE;46.16;-1.15;18/09/2026;06:00;14.1;6;AVERSES;8.8;14.0;0
LA ROCHELLE;46.16;-1.15;18/09/2026;07:00;14.1;6;AVERSES;7.6;10.8;0
LA ROCHELLE;46.16;-1.15;18/09/2026;08:00;15.2;2;NUAGEUX;4.3;9.4;0
LA ROCHELLE;46.16;-1.15;18/09/2026;09:00;16.0;2;NUAGEUX;3.4;4.7;0
LA ROCHELLE;46.16;-1.15;18/09/2026;10:00;16.9;2;NUAGEUX;4.9;10.4;0
LA ROCHELLE;46.16;-1.15;18/09/2026;11:00;20.4;2;NUAGEUX;1.4;7.6;0
LA ROCHELLE;46.16;-1.15;18/09/2026;12:00;20.4;2;NUAGEUX;6.5;17.3;0
LA ROCHELLE;46.16;-1.15;18/09/2026;13:00;20.4;2;NUAGEUX;8.8;21.6;0
LA ROCHELLE;46.16;-1.15;18/09/2026;14:00;20.3;2;NUAGEUX;12.4;27.0;0
LA ROCHELLE;46.16;-1.15;18/09/2026;15:00;21.1;2;NUAGEUX;18.8;33.5;0
LA ROCHELLE;46.16;-1.15;18/09/2026;16:00;20.3;2;NUAGEUX;15.8;33.1;0
LA ROCHELLE;46.16;-1.15;18/09/2026;17:00;19.1;2;NUAGEUX;16.8;28.8;0
LA ROCHELLE;46.16;-1.15;18/09/2026;18:00;19.1;2;NUAGEUX;16.8;29.9;0
LA ROCHELLE;46.16;-1.15;18/09/2026;19:00;19.1;2;NUAGEUX;17.2;28.4;0
LA ROCHELLE;46.16;-1.15;18/09/2026;20:00;16.9;2;NUAGEUX;15.8;28.1;0
LA ROCHELLE;46.16;-1.15;18/09/2026;21:00;16.0;2;NUAGEUX;16.9;25.9;0
LA ROCHELLE;46.16;-1.15;18/09/2026;22:00;15.2;2;NUAGEUX;17.0;26.3;0
LA ROCHELLE;46.16;-1.15;18/09/2026;23:00;17.9;0;SOLEIL;16.6;25.9;0
LA ROCHELLE;46.16;-1.15;19/09/2026;00:00;17.9;0;SOLEIL;19.1;29.5;0
LA ROCHELLE;46.16;-1.15;19/09/2026;01:00;17.9;0;SOLEIL;14.4;29.2;0
LA ROCHELLE;46.16;-1.15;19/09/2026;02:00;15.5;0;SOLEIL;14.6;24.5;0
LA ROCHELLE;46.16;-1.15;19/09/2026;03:00;15.5;0;SOLEIL;11.2;20.9;0
LA ROCHELLE;46.16;-1.15;19/09/2026;04:00;15.5;0;SOLEIL;10.0;15.1;0
LA ROCHELLE;46.16;-1.15;19/09/2026;05:00;16.1;0;SOLEIL;10.4;15.8;0
LA ROCHELLE;46.16;-1.15;19/09/2026;06:00;16.1;0;SOLEIL;9.4;14.4;0
LA ROCHELLE;46.16;-1.15;19/09/2026;07:00;16.1;0;SOLEIL;9.4;13.3;0
LA ROCHELLE;46.16;-1.15;19/09/2026;08:00;17.2;0;SOLEIL;7.4;13.0;0
LA ROCHELLE;46.16;-1.15;19/09/2026;09:00;18.0;0;SOLEIL;8.4;10.4;0
LA ROCHELLE;46.16;-1.15;19/09/2026;10:00;18.9;0;SOLEIL;12.1;18.7;0
LA ROCHELLE;46.16;-1.15;19/09/2026;11:00;22.5;2;NUAGEUX;12.3;20.9;0
LA ROCHELLE;46.16;-1.15;19/09/2026;12:00;22.5;2;NUAGEUX;9.8;22.5;0
LA ROCHELLE;46.16;-1.15;19/09/2026;13:00;22.5;2;NUAGEUX;9.9;25.4;0
LA ROCHELLE;46.16;-1.15;19/09/2026;14:00;22.3;0;SOLEIL;13.7;32.8;0
LA ROCHELLE;46.16;-1.15;19/09/2026;15:00;23.1;0;SOLEIL;18.4;41.4;0
LA ROCHELLE;46.16;-1.15;19/09/2026;16:00;22.3;0;SOLEIL;21.9;47.2;0
LA ROCHELLE;46.16;-1.15;19/09/2026;17:00;20.7;0;SOLEIL;23.9;51.5;0
LA ROCHELLE;46.16;-1.15;19/09/2026;18:00;20.7;0;SOLEIL;23.2;54.0;0
LA ROCHELLE;46.16;-1.15;19/09/2026;19:00;20.7;0;SOLEIL;21.3;55.1;0
LA ROCHELLE;46.16;-1.15;19/09/2026;20:00;18.9;0;SOLEIL;19.4;54.0;0
LA ROCHELLE;46.16;-1.15;19/09/2026;21:00;18.0;0;SOLEIL;17.3;49.7;0
LA ROCHELLE;46.16;-1.15;19/09/2026;22:00;17.2;0;SOLEIL;14.8;43.2;0
LA ROCHELLE;46.16;-1.15;19/09/2026;23:00;17.1;0;SOLEIL;12.4;37.1;0
LA ROCHELLE;46.16;-1.15;20/09/2026;00:00;17.1;0;SOLEIL;9.8;32.0;0
LA ROCHELLE;46.16;-1.15;20/09/2026;01:00;17.1;0;SOLEIL;7.6;27.0;0
LA ROCHELLE;46.16;-1.15;20/09/2026;02:00;14.4;0;SOLEIL;6.2;23.0;0
LA ROCHELLE;46.16;-1.15;20/09/2026;03:00;14.4;0;SOLEIL;6.7;20.2;0
LA ROCHELLE;46.16;-1.15;20/09/2026;04:00;14.4;0;SOLEIL;8.5;18.4;0
LA ROCHELLE;46.16;-1.15;20/09/2026;05:00;15.2;0;SOLEIL;8.7;16.9;0
LA ROCHELLE;46.16;-1.15;20/09/2026;06:00;15.2;0;SOLEIL;5.9;15.8;0
LA ROCHELLE;46.16;-1.15;20/09/2026;07:00;15.2;0;SOLEIL;1.8;15.1;0
LA ROCHELLE;46.16;-1.15;20/09/2026;08:00;16.8;0;SOLEIL;1.1;15.5;0
LA ROCHELLE;46.16;-1.15;20/09/2026;09:00;18.0;0;SOLEIL;1.2;16.9;0
LA ROCHELLE;46.16;-1.15;20/09/2026;10:00;19.2;0;SOLEIL;5.4;19.1;0
LA ROCHELLE;46.16;-1.15;20/09/2026;11:00;24.5;0;SOLEIL;8.9;21.6;0
LA ROCHELLE;46.16;-1.15;20/09/2026;12:00;24.5;0;SOLEIL;10.3;24.5;0
LA ROCHELLE;46.16;-1.15;20/09/2026;13:00;24.5;0;SOLEIL;10.6;27.4;0
LA ROCHELLE;46.16;-1.15;20/09/2026;14:00;24.0;0;SOLEIL;11.2;29.9;0
LA ROCHELLE;46.16;-1.15;20/09/2026;15:00;25.2;0;SOLEIL;12.1;31.3;0
LA ROCHELLE;46.16;-1.15;20/09/2026;16:00;24.0;0;SOLEIL;12.8;32.0;0
LA ROCHELLE;46.16;-1.15;20/09/2026;17:00;21.2;0;SOLEIL;13.2;32.4;0
LA ROCHELLE;46.16;-1.15;20/09/2026;18:00;21.2;0;SOLEIL;13.2;32.8;0
LA ROCHELLE;46.16;-1.15;20/09/2026;19:00;21.2;0;SOLEIL;13.3;33.1;0
LA ROCHELLE;46.16;-1.15;20/09/2026;20:00;19.2;0;SOLEIL;13.0;32.4;0
LA ROCHELLE;46.16;-1.15;20/09/2026;21:00;18.0;0;SOLEIL;12.2;30.2;0
LA ROCHELLE;46.16;-1.15;20/09/2026;22:00;16.8;0;SOLEIL;11.1;27.4;0
LA ROCHELLE;46.16;-1.15;20/09/2026;23:00;17.5;0;SOLEIL;9.9;24.8;0
LA ROCHELLE;46.16;-1.15;21/09/2026;00:00;17.5;0;SOLEIL;8.8;23.0;0
LA ROCHELLE;46.16;-1.15;21/09/2026;01:00;17.5;0;SOLEIL;8.2;21.2;0
LA ROCHELLE;46.16;-1.15;21/09/2026;02:00;14.5;0;SOLEIL;7.6;19.4;0
LA ROCHELLE;46.16;-1.15;21/09/2026;03:00;14.5;0;SOLEIL;6.4;16.9;0
LA ROCHELLE;46.16;-1.15;21/09/2026;04:00;14.5;0;SOLEIL;5.3;14.8;0
LA ROCHELLE;46.16;-1.15;21/09/2026;05:00;15.2;0;SOLEIL;5.1;13.3;0
LA ROCHELLE;46.16;-1.15;21/09/2026;06:00;15.2;0;SOLEIL;5.9;14.0;0
LA ROCHELLE;46.16;-1.15;21/09/2026;07:00;15.2;0;SOLEIL;7.2;15.8;0
LA ROCHELLE;46.16;-1.15;21/09/2026;08:00;17.2;0;SOLEIL;8.1;17.3;0
LA ROCHELLE;46.16;-1.15;21/09/2026;09:00;18.5;0;SOLEIL;6.1;15.1;0
LA ROCHELLE;46.16;-1.15;21/09/2026;10:00;19.9;0;SOLEIL;4.4;15.8;0
LA ROCHELLE;46.16;-1.15;21/09/2026;11:00;25.2;0;SOLEIL;2.9;16.6;0
LA ROCHELLE;46.16;-1.15;21/09/2026;12:00;25.2;0;SOLEIL;2.8;17.6;0
LA ROCHELLE;46.16;-1.15;21/09/2026;13:00;25.2;0;SOLEIL;4.6;19.1;0
LA ROCHELLE;46.16;-1.15;21/09/2026;14:00;25.3;0;SOLEIL;6.1;20.5;0
LA ROCHELLE;46.16;-1.15;21/09/2026;15:00;26.6;0;SOLEIL;7.8;23.0;0
LA ROCHELLE;46.16;-1.15;21/09/2026;16:00;25.3;0;SOLEIL;9.6;25.9;0
LA ROCHELLE;46.16;-1.15;21/09/2026;17:00;23.6;0;SOLEIL;11.6;29.5;0
LA ROCHELLE;46.16;-1.15;21/09/2026;18:00;23.6;0;SOLEIL;13.3;32.4;0
LA ROCHELLE;46.16;-1.15;21/09/2026;19:00;23.6;0;SOLEIL;14.3;34.9;0
LA ROCHELLE;46.16;-1.15;21/09/2026;20:00;19.9;0;SOLEIL;14.4;36.4;0
LA ROCHELLE;46.16;-1.15;21/09/2026;21:00;18.5;0;SOLEIL;12.9;36.4;0
LA ROCHELLE;46.16;-1.15;21/09/2026;22:00;17.2;0;SOLEIL;10.2;34.9;0
LA ROCHELLE;46.16;-1.15;21/09/2026;23:00;18.4;0;SOLEIL;7.6;33.1;0
BORDEAUX;44.83;-0.57;15/09/2026;00:00;22.4;0;SOLEIL;5.8;13.0;0
BORDEAUX;44.83;-0.57;15/09/2026;01:00;21.2;0;SOLEIL;4.7;10.4;0
BORDEAUX;44.83;-0.57;15/09/2026;02:00;20.1;0;SOLEIL;4.3;8.6;0
BORDEAUX;44.83;-0.57;15/09/2026;03:00;20.2;0;SOLEIL;3.6;7.6;0
BORDEAUX;44.83;-0.57;15/09/2026;04:00;19.5;0;SOLEIL;3.3;6.5;0
BORDEAUX;44.83;-0.57;15/09/2026;05:00;19.3;0;SOLEIL;3.1;6.1;0
BORDEAUX;44.83;-0.57;15/09/2026;06:00;19.3;0;SOLEIL;2.8;5.4;0
BORDEAUX;44.83;-0.57;15/09/2026;07:00;21;0;SOLEIL;2.5;4.7;0
BORDEAUX;44.83;-0.57;15/09/2026;08:00;25.5;0;SOLEIL;2.4;4.3;0
BORDEAUX;44.83;-0.57;15/09/2026;09:00;27.5;0;SOLEIL;2.1;4.0;0
BORDEAUX;44.83;-0.57;15/09/2026;10:00;31;0;SOLEIL;2.4;5.8;0
BORDEAUX;44.83;-0.57;15/09/2026;11:00;33.9;0;SOLEIL;4.1;10.1;0
BORDEAUX;44.83;-0.57;15/09/2026;12:00;34;0;SOLEIL;4.6;10.8;0
BORDEAUX;44.83;-0.57;15/09/2026;13:00;35.7;0;SOLEIL;5.5;12.6;0
BORDEAUX;44.83;-0.57;15/09/2026;14:00;35;0;SOLEIL;5.6;14.0;0
BORDEAUX;44.83;-0.57;15/09/2026;15:00;31.5;0;SOLEIL;5.8;13.3;0
BORDEAUX;44.83;-0.57;15/09/2026;16:00;29;0;SOLEIL;6.5;11.9;0
BORDEAUX;44.83;-0.57;15/09/2026;17:00;27.5;0;SOLEIL;7.9;11.2;0
BORDEAUX;44.83;-0.57;15/09/2026;18:00;24.9;0;SOLEIL;8.8;14.0;0
BORDEAUX;44.83;-0.57;15/09/2026;19:00;23.5;0;SOLEIL;9.3;18.4;0
BORDEAUX;44.83;-0.57;15/09/2026;20:00;21.7;0;SOLEIL;10.9;20.2;0
BORDEAUX;44.83;-0.57;15/09/2026;21:00;20.8;0;SOLEIL;8.3;19.8;0
BORDEAUX;44.83;-0.57;15/09/2026;22:00;20.2;0;SOLEIL;6.1;15.1;0
BORDEAUX;44.83;-0.57;15/09/2026;23:00;19.5;0;SOLEIL;4.3;11.2;0
BORDEAUX;44.83;-0.57;16/09/2026;00:00;19.3;2;NUAGEUX;4.0;7.9;0
BORDEAUX;44.83;-0.57;16/09/2026;01:00;19.3;2;NUAGEUX;3.3;6.8;0
BORDEAUX;44.83;-0.57;16/09/2026;02:00;18.6;0;SOLEIL;3.1;5.4;0
BORDEAUX;44.83;-0.57;16/09/2026;03:00;18.6;0;SOLEIL;3.0;5.0;0
BORDEAUX;44.83;-0.57;16/09/2026;04:00;18.6;0;SOLEIL;2.1;4.7;0
BORDEAUX;44.83;-0.57;16/09/2026;05:00;17.4;0;SOLEIL;2.2;3.6;0
BORDEAUX;44.83;-0.57;16/09/2026;06:00;17.4;0;SOLEIL;3.0;5.0;0
BORDEAUX;44.83;-0.57;16/09/2026;07:00;17.4;0;SOLEIL;2.7;5.0;0
BORDEAUX;44.83;-0.57;16/09/2026;08:00;20.5;0;SOLEIL;3.1;5.8;0
BORDEAUX;44.83;-0.57;16/09/2026;09:00;20.5;0;SOLEIL;2.6;5.8;0
BORDEAUX;44.83;-0.57;16/09/2026;10:00;20.5;0;SOLEIL;2.2;5.0;0
BORDEAUX;44.83;-0.57;16/09/2026;11:00;23.6;0;SOLEIL;3.1;7.6;0
BORDEAUX;44.83;-0.57;16/09/2026;12:00;23.6;0;SOLEIL;5.9;13.0;0
BORDEAUX;44.83;-0.57;16/09/2026;13:00;23.6;0;SOLEIL;9.5;19.4;0
BORDEAUX;44.83;-0.57;16/09/2026;14:00;24.2;0;SOLEIL;12.0;20.5;0
BORDEAUX;44.83;-0.57;16/09/2026;15:00;24.2;0;SOLEIL;14.9;26.3;0
BORDEAUX;44.83;-0.57;16/09/2026;16:00;24.2;0;SOLEIL;15.9;29.5;0
BORDEAUX;44.83;-0.57;16/09/2026;17:00;20.7;0;SOLEIL;17.1;33.1;0
BORDEAUX;44.83;-0.57;16/09/2026;18:00;20.7;0;SOLEIL;17.5;34.2;0
BORDEAUX;44.83;-0.57;16/09/2026;19:00;20.7;0;SOLEIL;17.4;34.2;0
BORDEAUX;44.83;-0.57;16/09/2026;20:00;17.9;0;SOLEIL;15.8;33.1;0
BORDEAUX;44.83;-0.57;16/09/2026;21:00;17.9;0;SOLEIL;14.2;29.9;0
BORDEAUX;44.83;-0.57;16/09/2026;22:00;17.9;0;SOLEIL;11.4;26.3;0
BORDEAUX;44.83;-0.57;16/09/2026;23:00;16.6;0;SOLEIL;10.2;21.2;0
BORDEAUX;44.83;-0.57;17/09/2026;00:00;16.6;0;SOLEIL;9.4;18.7;0
BORDEAUX;44.83;-0.57;17/09/2026;01:00;16.6;0;SOLEIL;11.6;21.6;0
BORDEAUX;44.83;-0.57;17/09/2026;02:00;15.6;0;SOLEIL;10.5;22.0;0
BORDEAUX;44.83;-0.57;17/09/2026;03:00;15.6;0;SOLEIL;8.8;19.1;0
BORDEAUX;44.83;-0.57;17/09/2026;04:00;15.6;0;SOLEIL;7.4;15.8;0
BORDEAUX;44.83;-0.57;17/09/2026;05:00;15.1;5;SOLEIL VOILÉ;7.1;13.7;0
BORDEAUX;44.83;-0.57;17/09/2026;06:00;15.1;5;SOLEIL VOILÉ;9.7;18.0;0
BORDEAUX;44.83;-0.57;17/09/2026;07:00;15.1;5;SOLEIL VOILÉ;9.9;18.7;0
BORDEAUX;44.83;-0.57;17/09/2026;08:00;20.6;5;SOLEIL VOILÉ;10.8;20.5;0
BORDEAUX;44.83;-0.57;17/09/2026;09:00;20.6;5;SOLEIL VOILÉ;9.8;20.5;0
BORDEAUX;44.83;-0.57;17/09/2026;10:00;20.6;5;SOLEIL VOILÉ;9.7;19.1;0
BORDEAUX;44.83;-0.57;17/09/2026;11:00;23.1;2;NUAGEUX;12.0;23.8;0
BORDEAUX;44.83;-0.57;17/09/2026;12:00;23.1;2;NUAGEUX;13.2;27.6;0
BORDEAUX;44.83;-0.57;17/09/2026;13:00;23.1;2;NUAGEUX;12.9;28.8;0
BORDEAUX;44.83;-0.57;17/09/2026;14:00;22.7;2;NUAGEUX;12.2;28.4;0
BORDEAUX;44.83;-0.57;17/09/2026;15:00;22.7;2;NUAGEUX;13.2;31.0;0
BORDEAUX;44.83;-0.57;17/09/2026;16:00;22.7;2;NUAGEUX;14.2;32.0;0
BORDEAUX;44.83;-0.57;17/09/2026;17:00;20;5;SOLEIL VOILÉ;14.2;33.1;0
BORDEAUX;44.83;-0.57;17/09/2026;18:00;20;5;SOLEIL VOILÉ;14.6;34.6;0
BORDEAUX;44.83;-0.57;17/09/2026;19:00;20;5;SOLEIL VOILÉ;14.8;32.8;0
BORDEAUX;44.83;-0.57;17/09/2026;20:00;19.1;2;NUAGEUX;12.0;32.4;0
BORDEAUX;44.83;-0.57;17/09/2026;21:00;18.0;2;NUAGEUX;8.9;25.6;0
BORDEAUX;44.83;-0.57;17/09/2026;22:00;16.8;2;NUAGEUX;8.2;18.0;0
BORDEAUX;44.83;-0.57;17/09/2026;23:00;17.1;2;NUAGEUX;6.6;16.6;0
BORDEAUX;44.83;-0.57;18/09/2026;00:00;17.1;2;NUAGEUX;5.4;13.7;0
BORDEAUX;44.83;-0.57;18/09/2026;01:00;17.1;2;NUAGEUX;3.8;10.8;0
BORDEAUX;44.83;-0.57;18/09/2026;02:00;15;0;SOLEIL;2.7;7.2;0
BORDEAUX;44.83;-0.57;18/09/2026;03:00;15;0;SOLEIL;2.6;5.0;0
BORDEAUX;44.83;-0.57;18/09/2026;04:00;15;0;SOLEIL;2.5;4.3;0
BORDEAUX;44.83;-0.57;18/09/2026;05:00;15.6;6;AVERSES;2.5;4.7;0
BORDEAUX;44.83;-0.57;18/09/2026;06:00;15.6;6;AVERSES;2.6;4.3;0
BORDEAUX;44.83;-0.57;18/09/2026;07:00;15.6;6;AVERSES;2.0;4.0;0
BORDEAUX;44.83;-0.57;18/09/2026;08:00;16.8;0;SOLEIL;2.7;5.0;0
BORDEAUX;44.83;-0.57;18/09/2026;09:00;17.7;0;SOLEIL;1.6;5.0;0
BORDEAUX;44.83;-0.57;18/09/2026;10:00;18.6;0;SOLEIL;2.1;6.5;0
BORDEAUX;44.83;-0.57;18/09/2026;11:00;21.7;2;NUAGEUX;4.8;12.6;0
BORDEAUX;44.83;-0.57;18/09/2026;12:00;21.7;2;NUAGEUX;7.3;18.7;0
BORDEAUX;44.83;-0.57;18/09/2026;13:00;21.7;2;NUAGEUX;8.6;20.9;0
BORDEAUX;44.83;-0.57;18/09/2026;14:00;22.2;0;SOLEIL;9.2;22.3;0
BORDEAUX;44.83;-0.57;18/09/2026;15:00;23.1;0;SOLEIL;10.5;25.2;0
BORDEAUX;44.83;-0.57;18/09/2026;16:00;22.2;0;SOLEIL;12.0;27.7;0
BORDEAUX;44.83;-0.57;18/09/2026;17:00;20.1;0;SOLEIL;12.9;29.5;0
BORDEAUX;44.83;-0.57;18/09/2026;18:00;20.1;0;SOLEIL;13.0;30.6;0
BORDEAUX;44.83;-0.57;18/09/2026;19:00;20.1;0;SOLEIL;12.2;31.0;0
BORDEAUX;44.83;-0.57;18/09/2026;20:00;18.6;0;SOLEIL;10.8;29.2;0
BORDEAUX;44.83;-0.57;18/09/2026;21:00;17.7;0;SOLEIL;8.1;23.0;0
BORDEAUX;44.83;-0.57;18/09/2026;22:00;16.8;0;SOLEIL;4.8;15.1;0
BORDEAUX;44.83;-0.57;18/09/2026;23:00;15.2;0;SOLEIL;4.1;9.4;0
BORDEAUX;44.83;-0.57;19/09/2026;00:00;15.2;0;SOLEIL;4.6;8.6;0
BORDEAUX;44.83;-0.57;19/09/2026;01:00;15.2;0;SOLEIL;5.1;10.4;0
BORDEAUX;44.83;-0.57;19/09/2026;02:00;12.6;0;SOLEIL;5.4;11.9;0
BORDEAUX;44.83;-0.57;19/09/2026;03:00;12.6;0;SOLEIL;5.4;11.9;0
BORDEAUX;44.83;-0.57;19/09/2026;04:00;12.6;0;SOLEIL;5.2;11.9;0
BORDEAUX;44.83;-0.57;19/09/2026;05:00;13.2;0;SOLEIL;5.0;11.5;0
BORDEAUX;44.83;-0.57;19/09/2026;06:00;13.2;0;SOLEIL;4.8;10.8;0
BORDEAUX;44.83;-0.57;19/09/2026;07:00;13.2;0;SOLEIL;4.2;10.1;0
BORDEAUX;44.83;-0.57;19/09/2026;08:00;15.4;0;SOLEIL;3.3;10.4;0
BORDEAUX;44.83;-0.57;19/09/2026;09:00;16.8;0;SOLEIL;2.7;13.0;0
BORDEAUX;44.83;-0.57;19/09/2026;10:00;18.2;0;SOLEIL;5.8;16.9;0
BORDEAUX;44.83;-0.57;19/09/2026;11:00;22.6;0;SOLEIL;8.2;20.2;0
BORDEAUX;44.83;-0.57;19/09/2026;12:00;22.6;0;SOLEIL;8.9;21.6;0
BORDEAUX;44.83;-0.57;19/09/2026;13:00;22.6;0;SOLEIL;8.7;22.3;0
BORDEAUX;44.83;-0.57;19/09/2026;14:00;23.8;0;SOLEIL;9.3;23.4;0
BORDEAUX;44.83;-0.57;19/09/2026;15:00;25.2;0;SOLEIL;10.1;25.2;0
BORDEAUX;44.83;-0.57;19/09/2026;16:00;23.8;0;SOLEIL;11.0;27.4;0
BORDEAUX;44.83;-0.57;19/09/2026;17:00;22.5;0;SOLEIL;11.2;28.4;0
BORDEAUX;44.83;-0.57;19/09/2026;18:00;22.5;0;SOLEIL;11.5;28.8;0
BORDEAUX;44.83;-0.57;19/09/2026;19:00;22.5;0;SOLEIL;11.1;28.8;0
BORDEAUX;44.83;-0.57;19/09/2026;20:00;18.2;0;SOLEIL;10.4;26.6;0
BORDEAUX;44.83;-0.57;19/09/2026;21:00;16.8;0;SOLEIL;8.3;21.2;0
BORDEAUX;44.83;-0.57;19/09/2026;22:00;15.4;0;SOLEIL;5.7;14.0;0
BORDEAUX;44.83;-0.57;19/09/2026;23:00;16.9;0;SOLEIL;3.1;8.6;0
BORDEAUX;44.83;-0.57;20/09/2026;00:00;16.9;0;SOLEIL;1.4;6.8;0
BORDEAUX;44.83;-0.57;20/09/2026;01:00;16.9;0;SOLEIL;1.9;6.8;0
BORDEAUX;44.83;-0.57;20/09/2026;02:00;13.5;0;SOLEIL;3.2;7.2;0
BORDEAUX;44.83;-0.57;20/09/2026;03:00;13.5;0;SOLEIL;3.6;7.2;0
BORDEAUX;44.83;-0.57;20/09/2026;04:00;13.5;0;SOLEIL;3.7;7.2;0
BORDEAUX;44.83;-0.57;20/09/2026;05:00;14.5;0;SOLEIL;3.8;7.6;0
BORDEAUX;44.83;-0.57;20/09/2026;06:00;14.5;0;SOLEIL;4.0;7.8;0
BORDEAUX;44.83;-0.57;20/09/2026;07:00;14.5;0;SOLEIL;4.4;8.5;0
BORDEAUX;44.83;-0.57;20/09/2026;08:00;16.7;0;SOLEIL;4.6;9.0;0
BORDEAUX;44.83;-0.57;20/09/2026;09:00;18.3;0;SOLEIL;3.8;8.3;0
BORDEAUX;44.83;-0.57;20/09/2026;10:00;19.9;0;SOLEIL;4.6;11.5;0
BORDEAUX;44.83;-0.57;20/09/2026;11:00;26.1;0;SOLEIL;4.8;13.3;0
BORDEAUX;44.83;-0.57;20/09/2026;12:00;26.1;0;SOLEIL;3.7;12.6;0
BORDEAUX;44.83;-0.57;20/09/2026;13:00;26.1;0;SOLEIL;2.2;10.4;0
BORDEAUX;44.83;-0.57;20/09/2026;14:00;26.4;0;SOLEIL;2.4;9.4;0
BORDEAUX;44.83;-0.57;20/09/2026;15:00;28.0;0;SOLEIL;3.3;9.7;0
BORDEAUX;44.83;-0.57;20/09/2026;16:00;26.4;0;SOLEIL;4.0;11.2;0
BORDEAUX;44.83;-0.57;20/09/2026;17:00;25.2;0;SOLEIL;4.8;12.6;0
BORDEAUX;44.83;-0.57;20/09/2026;18:00;25.2;0;SOLEIL;6.3;14.8;0
BORDEAUX;44.83;-0.57;20/09/2026;19:00;25.2;0;SOLEIL;7.9;17.6;0
BORDEAUX;44.83;-0.57;20/09/2026;20:00;19.9;0;SOLEIL;9.1;19.4;0
BORDEAUX;44.83;-0.57;20/09/2026;21:00;18.3;0;SOLEIL;8.6;20.5;0
BORDEAUX;44.83;-0.57;20/09/2026;22:00;16.7;0;SOLEIL;7.4;20.5;0
BORDEAUX;44.83;-0.57;20/09/2026;23:00;18.5;0;SOLEIL;6.0;19.4;0
BORDEAUX;44.83;-0.57;21/09/2026;00:00;18.5;0;SOLEIL;4.8;15.8;0
BORDEAUX;44.83;-0.57;21/09/2026;01:00;18.5;0;SOLEIL;3.9;10.8;0
BORDEAUX;44.83;-0.57;21/09/2026;02:00;14.1;0;SOLEIL;3.1;6.8;0
BORDEAUX;44.83;-0.57;21/09/2026;03:00;14.1;0;SOLEIL;2.8;5.0;0
BORDEAUX;44.83;-0.57;21/09/2026;04:00;14.1;0;SOLEIL;2.9;4.3;0
BORDEAUX;44.83;-0.57;21/09/2026;05:00;15.1;0;SOLEIL;2.3;4.3;0
BORDEAUX;44.83;-0.57;21/09/2026;06:00;15.1;0;SOLEIL;1.6;4.7;0
BORDEAUX;44.83;-0.57;21/09/2026;07:00;15.1;0;SOLEIL;2.2;5.8;0
BORDEAUX;44.83;-0.57;21/09/2026;08:00;17.6;0;SOLEIL;3.3;6.5;0
BORDEAUX;44.83;-0.57;21/09/2026;09:00;19.4;0;SOLEIL;3.5;6.8;0
BORDEAUX;44.83;-0.57;21/09/2026;10:00;21.1;0;SOLEIL;2.6;7.2;0
BORDEAUX;44.83;-0.57;21/09/2026;11:00;27.9;0;SOLEIL;1.5;8.3;0
BORDEAUX;44.83;-0.57;21/09/2026;12:00;27.9;0;SOLEIL;0.8;10.8;0
BORDEAUX;44.83;-0.57;21/09/2026;13:00;27.9;0;SOLEIL;4.1;14.0;0
BORDEAUX;44.83;-0.57;21/09/2026;14:00;28.1;0;SOLEIL;7.1;18.0;0
BORDEAUX;44.83;-0.57;21/09/2026;15:00;29.9;0;SOLEIL;9.9;23.0;0
BORDEAUX;44.83;-0.57;21/09/2026;16:00;28.1;0;SOLEIL;13.0;28.8;0
BORDEAUX;44.83;-0.57;21/09/2026;17:00;27.1;0;SOLEIL;14.5;32.4;0
BORDEAUX;44.83;-0.57;21/09/2026;18:00;27.1;0;SOLEIL;14.3;33.1;0
BORDEAUX;44.83;-0.57;21/09/2026;19:00;27.1;0;SOLEIL;12.7;31.7;0
BORDEAUX;44.83;-0.57;21/09/2026;20:00;21.1;0;SOLEIL;10.9;28.8;0
BORDEAUX;44.83;-0.57;21/09/2026;21:00;19.4;0;SOLEIL;8.9;23.8;0
BORDEAUX;44.83;-0.57;21/09/2026;22:00;17.6;0;SOLEIL;6.7;16.9;0
BORDEAUX;44.83;-0.57;21/09/2026;23:00;19;0;SOLEIL;4.8;11.9;0
BIARRITZ;43.48;-1.56;15/09/2026;00:00;18.6;0;SOLEIL;7.4;17.3;0
BIARRITZ;43.48;-1.56;15/09/2026;01:00;18.1;0;SOLEIL;8.7;12.6;0
BIARRITZ;43.48;-1.56;15/09/2026;02:00;17.4;0;SOLEIL;7.9;9.4;0
BIARRITZ;43.48;-1.56;15/09/2026;03:00;17.1;0;SOLEIL;9.6;9.7;0
BIARRITZ;43.48;-1.56;15/09/2026;04:00;17.1;0;SOLEIL;8.4;11.2;0
BIARRITZ;43.48;-1.56;15/09/2026;05:00;16.6;0;SOLEIL;10.0;15.5;0
BIARRITZ;43.48;-1.56;15/09/2026;06:00;16.6;0;SOLEIL;9.1;13.7;0
BIARRITZ;43.48;-1.56;15/09/2026;07:00;18.9;0;SOLEIL;9.1;12.6;0
BIARRITZ;43.48;-1.56;15/09/2026;08:00;21.6;0;SOLEIL;10.0;14.0;0
BIARRITZ;43.48;-1.56;15/09/2026;09:00;24.1;0;SOLEIL;10.0;15.1;0
BIARRITZ;43.48;-1.56;15/09/2026;10:00;25.5;0;SOLEIL;5.2;10.8;0
BIARRITZ;43.48;-1.56;15/09/2026;11:00;24.6;0;SOLEIL;2.9;8.3;0
BIARRITZ;43.48;-1.56;15/09/2026;12:00;24.6;0;SOLEIL;6.5;15.8;0
BIARRITZ;43.48;-1.56;15/09/2026;13:00;25.1;2;NUAGEUX;6.2;17.6;0
BIARRITZ;43.48;-1.56;15/09/2026;14:00;24.6;2;NUAGEUX;10.6;18.4;0
BIARRITZ;43.48;-1.56;15/09/2026;15:00;23.6;2;NUAGEUX;11.8;19.4;0
BIARRITZ;43.48;-1.56;15/09/2026;16:00;24;2;NUAGEUX;12.6;23.8;0
BIARRITZ;43.48;-1.56;15/09/2026;17:00;23.4;2;NUAGEUX;13.7;25.6;0
BIARRITZ;43.48;-1.56;15/09/2026;18:00;22.1;2;NUAGEUX;14.0;24.1;0
BIARRITZ;43.48;-1.56;15/09/2026;19:00;21.6;2;NUAGEUX;10.5;20.8;0
BIARRITZ;43.48;-1.56;15/09/2026;20:00;21.5;6;AVERSES;7.0;16.4;0.1
BIARRITZ;43.48;-1.56;15/09/2026;21:00;20.9;2;NUAGEUX;8.4;13.4;0
BIARRITZ;43.48;-1.56;15/09/2026;22:00;20.7;2;NUAGEUX;7.4;12.6;0
BIARRITZ;43.48;-1.56;15/09/2026;23:00;20.2;2;NUAGEUX;6.9;11.2;0
BIARRITZ;43.48;-1.56;16/09/2026;00:00;19.8;2;NUAGEUX;7.3;9.7;0
BIARRITZ;43.48;-1.56;16/09/2026;01:00;19.8;2;NUAGEUX;6.1;11.2;0
BIARRITZ;43.48;-1.56;16/09/2026;02:00;19.1;6;AVERSES;6.6;9.0;0
BIARRITZ;43.48;-1.56;16/09/2026;03:00;19.1;6;AVERSES;3.7;9.0;0
BIARRITZ;43.48;-1.56;16/09/2026;04:00;19.1;6;AVERSES;2.9;5.0;0
BIARRITZ;43.48;-1.56;16/09/2026;05:00;18.6;6;AVERSES;5.5;7.2;0
BIARRITZ;43.48;-1.56;16/09/2026;06:00;18.6;6;AVERSES;7.6;10.4;0
BIARRITZ;43.48;-1.56;16/09/2026;07:00;18.6;6;AVERSES;8.3;11.9;0
BIARRITZ;43.48;-1.56;16/09/2026;08:00;19.6;6;AVERSES;10.0;14.8;0
BIARRITZ;43.48;-1.56;16/09/2026;09:00;19.6;6;AVERSES;11.0;18.7;0
BIARRITZ;43.48;-1.56;16/09/2026;10:00;19.6;6;AVERSES;22.5;36.4;0
BIARRITZ;43.48;-1.56;16/09/2026;11:00;20.1;0;SOLEIL;29.9;45.7;0
BIARRITZ;43.48;-1.56;16/09/2026;12:00;20.1;0;SOLEIL;36.0;54.4;0
BIARRITZ;43.48;-1.56;16/09/2026;13:00;20.1;0;SOLEIL;34.7;54.7;0
BIARRITZ;43.48;-1.56;16/09/2026;14:00;21.1;0;SOLEIL;32.4;52.6;0
BIARRITZ;43.48;-1.56;16/09/2026;15:00;21.1;0;SOLEIL;31.7;49.7;0
BIARRITZ;43.48;-1.56;16/09/2026;16:00;21.1;0;SOLEIL;30.6;48.6;0
BIARRITZ;43.48;-1.56;16/09/2026;17:00;19.5;0;SOLEIL;27.8;46.8;0
BIARRITZ;43.48;-1.56;16/09/2026;18:00;19.5;0;SOLEIL;26.1;42.8;0
BIARRITZ;43.48;-1.56;16/09/2026;19:00;19.5;0;SOLEIL;23.4;41.8;0
BIARRITZ;43.48;-1.56;16/09/2026;20:00;18.2;6;AVERSES;25.5;45.7;0
BIARRITZ;43.48;-1.56;16/09/2026;21:00;18.2;6;AVERSES;23.5;44.6;0
BIARRITZ;43.48;-1.56;16/09/2026;22:00;18.2;6;AVERSES;21.6;35.6;0
BIARRITZ;43.48;-1.56;16/09/2026;23:00;16.5;0;SOLEIL;19.7;34.6;0
BIARRITZ;43.48;-1.56;17/09/2026;00:00;16.5;0;SOLEIL;14.1;31.0;0
BIARRITZ;43.48;-1.56;17/09/2026;01:00;16.5;0;SOLEIL;10.1;22.3;0
BIARRITZ;43.48;-1.56;17/09/2026;02:00;15.4;0;SOLEIL;7.7;23.4;0
BIARRITZ;43.48;-1.56;17/09/2026;03:00;15.4;0;SOLEIL;15.1;28.1;0
BIARRITZ;43.48;-1.56;17/09/2026;04:00;15.4;0;SOLEIL;10.6;25.9;0
BIARRITZ;43.48;-1.56;17/09/2026;05:00;14.7;5;SOLEIL VOILÉ;8.1;23.0;0
BIARRITZ;43.48;-1.56;17/09/2026;06:00;14.7;5;SOLEIL VOILÉ;19.3;37.4;0
BIARRITZ;43.48;-1.56;17/09/2026;07:00;14.7;5;SOLEIL VOILÉ;18.0;40.0;0
BIARRITZ;43.48;-1.56;17/09/2026;08:00;18.7;5;SOLEIL VOILÉ;14.0;31.0;0
BIARRITZ;43.48;-1.56;17/09/2026;09:00;18.7;5;SOLEIL VOILÉ;15.8;25.9;0
BIARRITZ;43.48;-1.56;17/09/2026;10:00;18.7;5;SOLEIL VOILÉ;13.9;25.9;0
BIARRITZ;43.48;-1.56;17/09/2026;11:00;21.2;5;SOLEIL VOILÉ;9.5;23.4;0
BIARRITZ;43.48;-1.56;17/09/2026;12:00;21.2;5;SOLEIL VOILÉ;5.2;16.7;0
BIARRITZ;43.48;-1.56;17/09/2026;13:00;21.2;5;SOLEIL VOILÉ;7.2;17.6;0
BIARRITZ;43.48;-1.56;17/09/2026;14:00;20.6;0;SOLEIL;8.4;17.6;0
BIARRITZ;43.48;-1.56;17/09/2026;15:00;20.6;0;SOLEIL;12.1;22.0;0
BIARRITZ;43.48;-1.56;17/09/2026;16:00;20.6;0;SOLEIL;12.8;23.8;0
BIARRITZ;43.48;-1.56;17/09/2026;17:00;19.5;5;SOLEIL VOILÉ;12.5;22.7;0
BIARRITZ;43.48;-1.56;17/09/2026;18:00;19.5;5;SOLEIL VOILÉ;13.1;22.7;0
BIARRITZ;43.48;-1.56;17/09/2026;19:00;19.5;5;SOLEIL VOILÉ;14.1;22.3;0
BIARRITZ;43.48;-1.56;17/09/2026;20:00;17.6;5;SOLEIL VOILÉ;12.7;22.3;0
BIARRITZ;43.48;-1.56;17/09/2026;21:00;16.7;5;SOLEIL VOILÉ;10.7;18.7;0
BIARRITZ;43.48;-1.56;17/09/2026;22:00;15.9;5;SOLEIL VOILÉ;8.8;16.9;0
BIARRITZ;43.48;-1.56;17/09/2026;23:00;17;2;NUAGEUX;5.5;13.3;0
BIARRITZ;43.48;-1.56;18/09/2026;00:00;17;2;NUAGEUX;4.8;6.1;0
BIARRITZ;43.48;-1.56;18/09/2026;01:00;17;2;NUAGEUX;8.8;11.5;0
BIARRITZ;43.48;-1.56;18/09/2026;02:00;16.6;6;AVERSES;8.6;15.1;0
BIARRITZ;43.48;-1.56;18/09/2026;03:00;16.6;6;AVERSES;7.1;13.0;0
BIARRITZ;43.48;-1.56;18/09/2026;04:00;16.6;6;AVERSES;6.6;9.0;0
BIARRITZ;43.48;-1.56;18/09/2026;05:00;17.6;6;AVERSES;8.5;13.7;0
BIARRITZ;43.48;-1.56;18/09/2026;06:00;17.6;6;AVERSES;9.4;14.4;0
BIARRITZ;43.48;-1.56;18/09/2026;07:00;17.6;6;AVERSES;4.8;14.4;0
BIARRITZ;43.48;-1.56;18/09/2026;08:00;17.8;6;AVERSES;7.6;12.6;0
BIARRITZ;43.48;-1.56;18/09/2026;09:00;18.4;6;AVERSES;6.1;9.0;0
BIARRITZ;43.48;-1.56;18/09/2026;10:00;19.0;6;AVERSES;7.2;16.6;0
BIARRITZ;43.48;-1.56;18/09/2026;11:00;21;6;AVERSES;5.5;12.2;0
BIARRITZ;43.48;-1.56;18/09/2026;12:00;21;6;AVERSES;6.8;14.0;0
BIARRITZ;43.48;-1.56;18/09/2026;13:00;21;6;AVERSES;10.8;19.1;0
BIARRITZ;43.48;-1.56;18/09/2026;14:00;21.4;6;AVERSES;8.8;18.4;0
BIARRITZ;43.48;-1.56;18/09/2026;15:00;22.0;6;AVERSES;11.0;21.2;0
BIARRITZ;43.48;-1.56;18/09/2026;16:00;21.4;6;AVERSES;13.4;24.5;0
BIARRITZ;43.48;-1.56;18/09/2026;17:00;20.1;7;PLUIE FAIBLE;13.6;24.8;0
BIARRITZ;43.48;-1.56;18/09/2026;18:00;20.1;7;PLUIE FAIBLE;14.5;25.6;0
BIARRITZ;43.48;-1.56;18/09/2026;19:00;20.1;7;PLUIE FAIBLE;12.6;25.2;0
BIARRITZ;43.48;-1.56;18/09/2026;20:00;19.0;6;AVERSES;13.8;22.0;0
BIARRITZ;43.48;-1.56;18/09/2026;21:00;18.4;6;AVERSES;10.7;21.6;0
BIARRITZ;43.48;-1.56;18/09/2026;22:00;17.8;6;AVERSES;10.5;16.2;0
BIARRITZ;43.48;-1.56;18/09/2026;23:00;17;0;SOLEIL;10.7;15.8;0
BIARRITZ;43.48;-1.56;19/09/2026;00:00;17;0;SOLEIL;15.8;25.2;0
BIARRITZ;43.48;-1.56;19/09/2026;01:00;17;0;SOLEIL;11.1;25.2;0
BIARRITZ;43.48;-1.56;19/09/2026;02:00;14.4;0;SOLEIL;8.2;17.6;0
BIARRITZ;43.48;-1.56;19/09/2026;03:00;14.4;0;SOLEIL;7.1;12.6;0
BIARRITZ;43.48;-1.56;19/09/2026;04:00;14.4;0;SOLEIL;12.9;19.8;0
BIARRITZ;43.48;-1.56;19/09/2026;05:00;14.9;0;SOLEIL;11.8;20.2;0
BIARRITZ;43.48;-1.56;19/09/2026;06:00;14.9;0;SOLEIL;12.4;20.5;0
BIARRITZ;43.48;-1.56;19/09/2026;07:00;14.9;0;SOLEIL;10.3;18.4;0
BIARRITZ;43.48;-1.56;19/09/2026;08:00;16.4;0;SOLEIL;10.0;15.1;0
BIARRITZ;43.48;-1.56;19/09/2026;09:00;17.5;0;SOLEIL;8.2;14.8;0
BIARRITZ;43.48;-1.56;19/09/2026;10:00;18.5;0;SOLEIL;9.7;14.4;0
BIARRITZ;43.48;-1.56;19/09/2026;11:00;22.9;0;SOLEIL;15.1;25.6;0
BIARRITZ;43.48;-1.56;19/09/2026;12:00;22.9;0;SOLEIL;17.1;31.1;0
BIARRITZ;43.48;-1.56;19/09/2026;13:00;22.9;0;SOLEIL;14.6;30.2;0
BIARRITZ;43.48;-1.56;19/09/2026;14:00;22.6;0;SOLEIL;15.1;34.8;0
BIARRITZ;43.48;-1.56;19/09/2026;15:00;23.6;0;SOLEIL;14.0;36.7;0
BIARRITZ;43.48;-1.56;19/09/2026;16:00;22.6;0;SOLEIL;12.9;36.4;0
BIARRITZ;43.48;-1.56;19/09/2026;17:00;21.4;0;SOLEIL;11.5;34.9;0
BIARRITZ;43.48;-1.56;19/09/2026;18:00;21.4;0;SOLEIL;9.5;33.5;0
BIARRITZ;43.48;-1.56;19/09/2026;19:00;21.4;0;SOLEIL;7.4;31.0;0
BIARRITZ;43.48;-1.56;19/09/2026;20:00;18.5;0;SOLEIL;5.1;27.7;0
BIARRITZ;43.48;-1.56;19/09/2026;21:00;17.5;0;SOLEIL;3.1;22.0;0
BIARRITZ;43.48;-1.56;19/09/2026;22:00;16.4;0;SOLEIL;1.0;14.8;0
BIARRITZ;43.48;-1.56;19/09/2026;23:00;17.4;0;SOLEIL;1.1;9.7;0
BIARRITZ;43.48;-1.56;20/09/2026;00:00;17.4;0;SOLEIL;2.2;8.3;0
BIARRITZ;43.48;-1.56;20/09/2026;01:00;17.4;0;SOLEIL;3.0;9.0;0
BIARRITZ;43.48;-1.56;20/09/2026;02:00;14.1;0;SOLEIL;3.6;9.7;0
BIARRITZ;43.48;-1.56;20/09/2026;03:00;14.1;0;SOLEIL;4.6;10.1;0
BIARRITZ;43.48;-1.56;20/09/2026;04:00;14.1;0;SOLEIL;5.5;10.4;0
BIARRITZ;43.48;-1.56;20/09/2026;05:00;15.1;0;SOLEIL;6.1;10.8;0
BIARRITZ;43.48;-1.56;20/09/2026;06:00;15.1;0;SOLEIL;5.7;11.2;0
BIARRITZ;43.48;-1.56;20/09/2026;07:00;15.1;0;SOLEIL;4.9;11.5;0
BIARRITZ;43.48;-1.56;20/09/2026;08:00;16.8;0;SOLEIL;4.2;12.2;0
BIARRITZ;43.48;-1.56;20/09/2026;09:00;18.1;0;SOLEIL;3.9;13.3;0
BIARRITZ;43.48;-1.56;20/09/2026;10:00;19.4;0;SOLEIL;4.4;14.8;0
BIARRITZ;43.48;-1.56;20/09/2026;11:00;25.1;0;SOLEIL;5.4;16.6;0
BIARRITZ;43.48;-1.56;20/09/2026;12:00;25.1;0;SOLEIL;6.9;18.7;0
BIARRITZ;43.48;-1.56;20/09/2026;13:00;25.1;0;SOLEIL;8.4;21.6;0
BIARRITZ;43.48;-1.56;20/09/2026;14:00;24.8;0;SOLEIL;8.4;23.8;0
BIARRITZ;43.48;-1.56;20/09/2026;15:00;26.1;0;SOLEIL;7.1;25.6;0
BIARRITZ;43.48;-1.56;20/09/2026;16:00;24.8;0;SOLEIL;8.7;27.4;0
BIARRITZ;43.48;-1.56;20/09/2026;17:00;22.6;0;SOLEIL;11.3;28.4;0
BIARRITZ;43.48;-1.56;20/09/2026;18:00;22.6;0;SOLEIL;11.8;29.5;0
BIARRITZ;43.48;-1.56;20/09/2026;19:00;22.6;0;SOLEIL;10.7;29.9;0
BIARRITZ;43.48;-1.56;20/09/2026;20:00;19.4;0;SOLEIL;8.9;28.8;0
BIARRITZ;43.48;-1.56;20/09/2026;21:00;18.1;0;SOLEIL;5.8;25.6;0
BIARRITZ;43.48;-1.56;20/09/2026;22:00;16.8;0;SOLEIL;2.1;20.9;0
BIARRITZ;43.48;-1.56;20/09/2026;23:00;18.9;0;SOLEIL;2.3;16.6;0
BIARRITZ;43.48;-1.56;21/09/2026;00:00;18.9;0;SOLEIL;3.1;13.0;0
BIARRITZ;43.48;-1.56;21/09/2026;01:00;18.9;0;SOLEIL;2.9;9.7;0
BIARRITZ;43.48;-1.56;21/09/2026;02:00;16.1;0;SOLEIL;3.0;7.6;0
BIARRITZ;43.48;-1.56;21/09/2026;03:00;16.1;0;SOLEIL;3.4;7.2;0
BIARRITZ;43.48;-1.56;21/09/2026;04:00;16.1;0;SOLEIL;4.0;8.3;0
BIARRITZ;43.48;-1.56;21/09/2026;05:00;17.1;0;SOLEIL;4.6;9.0;0
BIARRITZ;43.48;-1.56;21/09/2026;06:00;17.1;0;SOLEIL;5.1;9.7;0
BIARRITZ;43.48;-1.56;21/09/2026;07:00;17.1;0;SOLEIL;5.6;10.4;0
BIARRITZ;43.48;-1.56;21/09/2026;08:00;18.3;0;SOLEIL;6.0;10.8;0
BIARRITZ;43.48;-1.56;21/09/2026;09:00;19.4;0;SOLEIL;6.5;14.8;0
BIARRITZ;43.48;-1.56;21/09/2026;10:00;20.5;0;SOLEIL;7.6;17.6;0
BIARRITZ;43.48;-1.56;21/09/2026;11:00;25.2;0;SOLEIL;8.8;20.5;0
BIARRITZ;43.48;-1.56;21/09/2026;12:00;25.2;0;SOLEIL;9.9;23.8;0
BIARRITZ;43.48;-1.56;21/09/2026;13:00;25.2;0;SOLEIL;10.7;26.3;0
BIARRITZ;43.48;-1.56;21/09/2026;14:00;24.9;0;SOLEIL;10.7;28.1;0
BIARRITZ;43.48;-1.56;21/09/2026;15:00;26.0;0;SOLEIL;9.8;29.2;0
BIARRITZ;43.48;-1.56;21/09/2026;16:00;24.9;0;SOLEIL;8.7;29.5;0
BIARRITZ;43.48;-1.56;21/09/2026;17:00;22.4;0;SOLEIL;7.7;29.5;0
BIARRITZ;43.48;-1.56;21/09/2026;18:00;22.4;0;SOLEIL;7.7;29.2;0
BIARRITZ;43.48;-1.56;21/09/2026;19:00;22.4;0;SOLEIL;8.3;28.4;0
BIARRITZ;43.48;-1.56;21/09/2026;20:00;20.5;0;SOLEIL;8.6;27.7;0
BIARRITZ;43.48;-1.56;21/09/2026;21:00;19.4;0;SOLEIL;7.9;26.3;0
BIARRITZ;43.48;-1.56;21/09/2026;22:00;18.3;0;SOLEIL;6.1;24.8;0
BIARRITZ;43.48;-1.56;21/09/2026;23:00;19.5;0;SOLEIL;4.1;22.7;0
TARBES;43.23;0.07;15/09/2026;00:00;19.7;0;SOLEIL;6.1;13.3;0
TARBES;43.23;0.07;15/09/2026;01:00;18.9;0;SOLEIL;6.1;13.0;0
TARBES;43.23;0.07;15/09/2026;02:00;17.7;0;SOLEIL;5.8;12.6;0
TARBES;43.23;0.07;15/09/2026;03:00;17.6;0;SOLEIL;6.5;13.0;0
TARBES;43.23;0.07;15/09/2026;04:00;18.1;0;SOLEIL;6.8;11.9;0
TARBES;43.23;0.07;15/09/2026;05:00;17.6;0;SOLEIL;6.5;10.8;0
TARBES;43.23;0.07;15/09/2026;06:00;17.4;0;SOLEIL;6.5;11.9;0
TARBES;43.23;0.07;15/09/2026;07:00;20.7;0;SOLEIL;6.5;13.3;0
TARBES;43.23;0.07;15/09/2026;08:00;24;0;SOLEIL;6.1;13.7;0
TARBES;43.23;0.07;15/09/2026;09:00;27.8;0;SOLEIL;5.4;12.6;0
TARBES;43.23;0.07;15/09/2026;10:00;31.1;0;SOLEIL;2.6;10.4;0
TARBES;43.23;0.07;15/09/2026;11:00;30.6;0;SOLEIL;1.9;7.2;0
TARBES;43.23;0.07;15/09/2026;12:00;31;0;SOLEIL;5.1;12.6;0
TARBES;43.23;0.07;15/09/2026;13:00;30.9;0;SOLEIL;7.1;17.3;0
TARBES;43.23;0.07;15/09/2026;14:00;30.1;0;SOLEIL;7.9;20.5;0
TARBES;43.23;0.07;15/09/2026;15:00;28.9;0;SOLEIL;8.9;20.2;0
TARBES;43.23;0.07;15/09/2026;16:00;26.1;0;SOLEIL;9.2;18.7;0
TARBES;43.23;0.07;15/09/2026;17:00;24.3;0;SOLEIL;9.0;17.6;0
TARBES;43.23;0.07;15/09/2026;18:00;22.4;0;SOLEIL;8.4;19.1;0
TARBES;43.23;0.07;15/09/2026;19:00;20.4;0;SOLEIL;6.5;19.1;0
TARBES;43.23;0.07;15/09/2026;20:00;19.6;0;SOLEIL;3.6;13.0;0
TARBES;43.23;0.07;15/09/2026;21:00;19.9;2;NUAGEUX;2.2;7.2;0
TARBES;43.23;0.07;15/09/2026;22:00;19.4;2;NUAGEUX;6.0;11.9;0
TARBES;43.23;0.07;15/09/2026;23:00;19.5;2;NUAGEUX;6.8;14.0;0
TARBES;43.23;0.07;16/09/2026;00:00;18.8;2;NUAGEUX;6.8;14.0;0
TARBES;43.23;0.07;16/09/2026;01:00;18.8;2;NUAGEUX;6.8;14.0;0
TARBES;43.23;0.07;16/09/2026;02:00;17.6;2;NUAGEUX;6.5;14.0;0
TARBES;43.23;0.07;16/09/2026;03:00;17.6;2;NUAGEUX;6.5;13.3;0
TARBES;43.23;0.07;16/09/2026;04:00;17.6;2;NUAGEUX;6.5;13.3;0
TARBES;43.23;0.07;16/09/2026;05:00;17.1;6;AVERSES;6.5;13.3;0
TARBES;43.23;0.07;16/09/2026;06:00;17.1;6;AVERSES;6.8;14.0;0
TARBES;43.23;0.07;16/09/2026;07:00;17.1;6;AVERSES;6.8;14.0;0
TARBES;43.23;0.07;16/09/2026;08:00;17.5;6;AVERSES;6.8;14.0;0
TARBES;43.23;0.07;16/09/2026;09:00;17.5;6;AVERSES;6.1;13.7;0
TARBES;43.23;0.07;16/09/2026;10:00;17.5;6;AVERSES;2.9;11.9;0
TARBES;43.23;0.07;16/09/2026;11:00;19.5;2;NUAGEUX;3.1;7.6;0
TARBES;43.23;0.07;16/09/2026;12:00;19.5;2;NUAGEUX;12.9;23.8;0
TARBES;43.23;0.07;16/09/2026;13:00;19.5;2;NUAGEUX;16.8;34.2;0
TARBES;43.23;0.07;16/09/2026;14:00;20.7;2;NUAGEUX;17.2;35.3;0
TARBES;43.23;0.07;16/09/2026;15:00;20.7;2;NUAGEUX;18.4;37.8;0
TARBES;43.23;0.07;16/09/2026;16:00;20.7;2;NUAGEUX;19.9;43.6;0
TARBES;43.23;0.07;16/09/2026;17:00;20.1;2;NUAGEUX;21.3;46.1;0
TARBES;43.23;0.07;16/09/2026;18:00;20.1;2;NUAGEUX;21.2;46.4;0
TARBES;43.23;0.07;16/09/2026;19:00;20.1;2;NUAGEUX;20.0;45.0;0
TARBES;43.23;0.07;16/09/2026;20:00;17.2;0;SOLEIL;18.8;42.5;0
TARBES;43.23;0.07;16/09/2026;21:00;17.2;0;SOLEIL;16.6;39.2;0
TARBES;43.23;0.07;16/09/2026;22:00;17.2;0;SOLEIL;14.4;34.6;0
TARBES;43.23;0.07;16/09/2026;23:00;15.7;0;SOLEIL;11.9;29.9;0
TARBES;43.23;0.07;17/09/2026;00:00;15.7;0;SOLEIL;8.7;24.1;0
TARBES;43.23;0.07;17/09/2026;01:00;15.7;0;SOLEIL;10.9;22.7;0
TARBES;43.23;0.07;17/09/2026;02:00;14.7;0;SOLEIL;10.5;23.0;0
TARBES;43.23;0.07;17/09/2026;03:00;14.7;0;SOLEIL;10.7;22.3;0
TARBES;43.23;0.07;17/09/2026;04:00;14.7;0;SOLEIL;8.6;21.6;0
TARBES;43.23;0.07;17/09/2026;05:00;13.4;0;SOLEIL;4.5;17.3;0
TARBES;43.23;0.07;17/09/2026;06:00;13.4;0;SOLEIL;2.6;9.0;0
TARBES;43.23;0.07;17/09/2026;07:00;13.4;0;SOLEIL;2.2;5.0;0
TARBES;43.23;0.07;17/09/2026;08:00;17.6;5;SOLEIL VOILÉ;1.1;4.3;0
TARBES;43.23;0.07;17/09/2026;09:00;17.6;5;SOLEIL VOILÉ;3.2;7.6;0
TARBES;43.23;0.07;17/09/2026;10:00;17.6;5;SOLEIL VOILÉ;11.8;24.5;0
TARBES;43.23;0.07;17/09/2026;11:00;20.2;5;SOLEIL VOILÉ;8.6;25.6;0
TARBES;43.23;0.07;17/09/2026;12:00;20.2;5;SOLEIL VOILÉ;13.3;31.2;0
TARBES;43.23;0.07;17/09/2026;13:00;20.2;5;SOLEIL VOILÉ;11.2;26.6;0
TARBES;43.23;0.07;17/09/2026;14:00;21.9;0;SOLEIL;9.1;22.2;0
TARBES;43.23;0.07;17/09/2026;15:00;21.9;0;SOLEIL;9.5;20.5;0
TARBES;43.23;0.07;17/09/2026;16:00;21.9;0;SOLEIL;9.1;20.2;0
TARBES;43.23;0.07;17/09/2026;17:00;20.1;5;SOLEIL VOILÉ;7.4;19.4;0
TARBES;43.23;0.07;17/09/2026;18:00;20.1;5;SOLEIL VOILÉ;7.9;17.3;0
TARBES;43.23;0.07;17/09/2026;19:00;20.1;5;SOLEIL VOILÉ;6.4;17.3;0
TARBES;43.23;0.07;17/09/2026;20:00;17.5;2;NUAGEUX;4.2;13.3;0
TARBES;43.23;0.07;17/09/2026;21:00;16.3;2;NUAGEUX;2.4;8.6;0
TARBES;43.23;0.07;17/09/2026;22:00;15.1;2;NUAGEUX;3.1;5.8;0
TARBES;43.23;0.07;17/09/2026;23:00;15;2;NUAGEUX;4.7;9.4;0
TARBES;43.23;0.07;18/09/2026;00:00;15;2;NUAGEUX;5.2;10.4;0
TARBES;43.23;0.07;18/09/2026;01:00;15;2;NUAGEUX;4.5;10.4;0
TARBES;43.23;0.07;18/09/2026;02:00;13.1;6;AVERSES;5.4;10.8;0
TARBES;43.23;0.07;18/09/2026;03:00;13.1;6;AVERSES;5.0;11.5;0
TARBES;43.23;0.07;18/09/2026;04:00;13.1;6;AVERSES;4.8;10.1;0
TARBES;43.23;0.07;18/09/2026;05:00;14.2;2;NUAGEUX;5.3;11.2;0
TARBES;43.23;0.07;18/09/2026;06:00;14.2;2;NUAGEUX;5.5;11.5;0
TARBES;43.23;0.07;18/09/2026;07:00;14.2;2;NUAGEUX;4.9;11.5;0
TARBES;43.23;0.07;18/09/2026;08:00;15.1;6;AVERSES;4.2;10.4;0
TARBES;43.23;0.07;18/09/2026;09:00;16.1;6;AVERSES;3.6;9.0;0
TARBES;43.23;0.07;18/09/2026;10:00;17.1;6;AVERSES;6.3;14.0;0
TARBES;43.23;0.07;18/09/2026;11:00;20.6;6;AVERSES;6.2;15.5;0
TARBES;43.23;0.07;18/09/2026;12:00;20.6;6;AVERSES;6.9;16.2;0
TARBES;43.23;0.07;18/09/2026;13:00;20.6;6;AVERSES;7.7;18.0;0
TARBES;43.23;0.07;18/09/2026;14:00;21.2;6;AVERSES;8.4;19.8;0
TARBES;43.23;0.07;18/09/2026;15:00;22.2;6;AVERSES;9.7;21.2;0
TARBES;43.23;0.07;18/09/2026;16:00;21.2;6;AVERSES;10.2;22.7;0
TARBES;43.23;0.07;18/09/2026;17:00;19;6;AVERSES;10.3;22.7;0
TARBES;43.23;0.07;18/09/2026;18:00;19;6;AVERSES;8.6;20.5;0
TARBES;43.23;0.07;18/09/2026;19:00;19;6;AVERSES;6.3;17.3;0
TARBES;43.23;0.07;18/09/2026;20:00;17.1;6;AVERSES;4.7;14.8;0
TARBES;43.23;0.07;18/09/2026;21:00;16.1;6;AVERSES;5.4;14.8;0
TARBES;43.23;0.07;18/09/2026;22:00;15.1;6;AVERSES;6.8;15.5;0
TARBES;43.23;0.07;18/09/2026;23:00;15.1;0;SOLEIL;7.9;15.8;0
TARBES;43.23;0.07;19/09/2026;00:00;15.1;0;SOLEIL;7.6;15.1;0
TARBES;43.23;0.07;19/09/2026;01:00;15.1;0;SOLEIL;7.0;14.4;0
TARBES;43.23;0.07;19/09/2026;02:00;12.4;0;SOLEIL;6.0;13.0;0
TARBES;43.23;0.07;19/09/2026;03:00;12.4;0;SOLEIL;4.9;11.2;0
TARBES;43.23;0.07;19/09/2026;04:00;12.4;0;SOLEIL;4.1;9.0;0
TARBES;43.23;0.07;19/09/2026;05:00;13.1;0;SOLEIL;3.1;7.9;0
TARBES;43.23;0.07;19/09/2026;06:00;13.1;0;SOLEIL;3.3;8.6;0
TARBES;43.23;0.07;19/09/2026;07:00;13.1;0;SOLEIL;4.9;10.4;0
TARBES;43.23;0.07;19/09/2026;08:00;15.0;0;SOLEIL;5.9;11.9;0
TARBES;43.23;0.07;19/09/2026;09:00;16.3;0;SOLEIL;5.6;11.5;0
TARBES;43.23;0.07;19/09/2026;10:00;17.6;0;SOLEIL;4.8;11.2;0
TARBES;43.23;0.07;19/09/2026;11:00;22.5;0;SOLEIL;4.4;12.2;0
TARBES;43.23;0.07;19/09/2026;12:00;22.5;0;SOLEIL;6.5;17.3;0
TARBES;43.23;0.07;19/09/2026;13:00;22.5;0;SOLEIL;10.3;24.5;0
TARBES;43.23;0.07;19/09/2026;14:00;22.9;0;SOLEIL;13.3;29.5;0
TARBES;43.23;0.07;19/09/2026;15:00;24.2;0;SOLEIL;14.4;31.3;0
TARBES;43.23;0.07;19/09/2026;16:00;22.9;0;SOLEIL;14.7;31.0;0
TARBES;43.23;0.07;19/09/2026;17:00;20.4;0;SOLEIL;14.0;29.9;0
TARBES;43.23;0.07;19/09/2026;18:00;20.4;0;SOLEIL;12.7;28.1;0
TARBES;43.23;0.07;19/09/2026;19:00;20.4;0;SOLEIL;10.5;25.6;0
TARBES;43.23;0.07;19/09/2026;20:00;17.6;0;SOLEIL;8.3;22.7;0
TARBES;43.23;0.07;19/09/2026;21:00;16.3;0;SOLEIL;6.6;20.2;0
TARBES;43.23;0.07;19/09/2026;22:00;15.0;0;SOLEIL;5.4;17.6;0
TARBES;43.23;0.07;19/09/2026;23:00;15.5;0;SOLEIL;4.3;15.1;0
TARBES;43.23;0.07;20/09/2026;00:00;15.5;0;SOLEIL;3.7;11.9;0
TARBES;43.23;0.07;20/09/2026;01:00;15.5;0;SOLEIL;3.3;9.0;0
TARBES;43.23;0.07;20/09/2026;02:00;12.5;0;SOLEIL;3.1;6.8;0
TARBES;43.23;0.07;20/09/2026;03:00;12.5;0;SOLEIL;3.3;6.8;0
TARBES;43.23;0.07;20/09/2026;04:00;12.5;0;SOLEIL;4.0;7.9;0
TARBES;43.23;0.07;20/09/2026;05:00;13.6;0;SOLEIL;4.6;9.0;0
TARBES;43.23;0.07;20/09/2026;06:00;13.6;0;SOLEIL;4.3;8.9;0
TARBES;43.23;0.07;20/09/2026;07:00;13.6;0;SOLEIL;3.7;9.0;0
TARBES;43.23;0.07;20/09/2026;08:00;16.0;0;SOLEIL;3.4;9.2;0
TARBES;43.23;0.07;20/09/2026;09:00;17.8;0;SOLEIL;3.7;9.4;0
TARBES;43.23;0.07;20/09/2026;10:00;19.6;0;SOLEIL;2.5;9.4;0
TARBES;43.23;0.07;20/09/2026;11:00;27.1;0;SOLEIL;4.3;10.1;0
TARBES;43.23;0.07;20/09/2026;12:00;27.1;0;SOLEIL;6.4;13.0;0
TARBES;43.23;0.07;20/09/2026;13:00;27.1;0;SOLEIL;8.4;16.6;0
TARBES;43.23;0.07;20/09/2026;14:00;26.6;0;SOLEIL;9.7;19.1;0
TARBES;43.23;0.07;20/09/2026;15:00;28.4;0;SOLEIL;10.2;19.8;0
TARBES;43.23;0.07;20/09/2026;16:00;26.6;0;SOLEIL;10.2;19.4;0
TARBES;43.23;0.07;20/09/2026;17:00;23.6;0;SOLEIL;9.2;18.4;0
TARBES;43.23;0.07;20/09/2026;18:00;23.6;0;SOLEIL;7.7;15.5;0
TARBES;43.23;0.07;20/09/2026;19:00;23.6;0;SOLEIL;5.3;11.9;0
TARBES;43.23;0.07;20/09/2026;20:00;19.6;0;SOLEIL;3.1;9.7;0
TARBES;43.23;0.07;20/09/2026;21:00;17.8;0;SOLEIL;0.8;10.1;0
TARBES;43.23;0.07;20/09/2026;22:00;16.0;0;SOLEIL;4.7;11.9;0
TARBES;43.23;0.07;20/09/2026;23:00;17.1;0;SOLEIL;7.6;13.3;0
TARBES;43.23;0.07;21/09/2026;00:00;17.1;0;SOLEIL;8.3;14.0;0
TARBES;43.23;0.07;21/09/2026;01:00;17.1;0;SOLEIL;8.0;14.0;0
TARBES;43.23;0.07;21/09/2026;02:00;13.2;0;SOLEIL;7.3;14.0;0
TARBES;43.23;0.07;21/09/2026;03:00;13.2;0;SOLEIL;7.1;13.3;0
TARBES;43.23;0.07;21/09/2026;04:00;13.2;0;SOLEIL;6.5;12.2;0
TARBES;43.23;0.07;21/09/2026;05:00;14.6;0;SOLEIL;6.3;11.2;0
TARBES;43.23;0.07;21/09/2026;06:00;14.6;0;SOLEIL;6.5;10.8;0
TARBES;43.23;0.07;21/09/2026;07:00;14.6;0;SOLEIL;6.7;10.8;0
TARBES;43.23;0.07;21/09/2026;08:00;16.6;0;SOLEIL;6.3;10.8;0
TARBES;43.23;0.07;21/09/2026;09:00;18.3;0;SOLEIL;5.5;10.1;0
TARBES;43.23;0.07;21/09/2026;10:00;20.0;0;SOLEIL;4.1;9.0;0
TARBES;43.23;0.07;21/09/2026;11:00;27;0;SOLEIL;3.7;9.4;0
TARBES;43.23;0.07;21/09/2026;12:00;27;0;SOLEIL;4.1;11.9;0
TARBES;43.23;0.07;21/09/2026;13:00;27;0;SOLEIL;6.5;15.5;0
TARBES;43.23;0.07;21/09/2026;14:00;26.7;0;SOLEIL;8.8;18.0;0
TARBES;43.23;0.07;21/09/2026;15:00;28.4;0;SOLEIL;9.7;19.1;0
TARBES;43.23;0.07;21/09/2026;16:00;26.7;0;SOLEIL;9.5;19.1;0
TARBES;43.23;0.07;21/09/2026;17:00;24.4;0;SOLEIL;8.9;18.7;0
TARBES;43.23;0.07;21/09/2026;18:00;24.4;0;SOLEIL;7.5;16.9;0
TARBES;43.23;0.07;21/09/2026;19:00;24.4;0;SOLEIL;5.1;14.8;0
TARBES;43.23;0.07;21/09/2026;20:00;20.0;0;SOLEIL;3.4;13.0;0
TARBES;43.23;0.07;21/09/2026;21:00;18.3;0;SOLEIL;3.6;12.6;0
TARBES;43.23;0.07;21/09/2026;22:00;16.6;0;SOLEIL;5.5;12.6;0
TARBES;43.23;0.07;21/09/2026;23:00;17;0;SOLEIL;6.9;12.2;0
TOULOUSE;43.6;1.44;15/09/2026;00:00;22.4;0;SOLEIL;2.2;5.4;0
TOULOUSE;43.6;1.44;15/09/2026;01:00;21.6;0;SOLEIL;1.5;2.9;0
TOULOUSE;43.6;1.44;15/09/2026;02:00;21.1;0;SOLEIL;2.8;5.0;0
TOULOUSE;43.6;1.44;15/09/2026;03:00;19.6;0;SOLEIL;3.2;6.5;0
TOULOUSE;43.6;1.44;15/09/2026;04:00;19.6;0;SOLEIL;3.1;6.1;0
TOULOUSE;43.6;1.44;15/09/2026;05:00;19.6;0;SOLEIL;3.2;7.9;0
TOULOUSE;43.6;1.44;15/09/2026;06:00;19.2;0;SOLEIL;3.9;8.6;0
TOULOUSE;43.6;1.44;15/09/2026;07:00;22.5;0;SOLEIL;3.7;9.0;0
TOULOUSE;43.6;1.44;15/09/2026;08:00;24.7;0;SOLEIL;3.9;8.3;0
TOULOUSE;43.6;1.44;15/09/2026;09:00;27.5;0;SOLEIL;2.9;7.9;0
TOULOUSE;43.6;1.44;15/09/2026;10:00;30.2;0;SOLEIL;1.3;6.1;0
TOULOUSE;43.6;1.44;15/09/2026;11:00;31.5;0;SOLEIL;1.1;5.0;0
TOULOUSE;43.6;1.44;15/09/2026;12:00;32.9;0;SOLEIL;3.0;9.0;0
TOULOUSE;43.6;1.44;15/09/2026;13:00;34;0;SOLEIL;4.2;11.2;0
TOULOUSE;43.6;1.44;15/09/2026;14:00;34.2;0;SOLEIL;5.8;13.7;0
TOULOUSE;43.6;1.44;15/09/2026;15:00;34.7;0;SOLEIL;6.2;15.1;0
TOULOUSE;43.6;1.44;15/09/2026;16:00;34.9;0;SOLEIL;7.3;16.9;0
TOULOUSE;43.6;1.44;15/09/2026;17:00;33.7;0;SOLEIL;8.3;16.9;0
TOULOUSE;43.6;1.44;15/09/2026;18:00;28.9;0;SOLEIL;8.0;16.6;0
TOULOUSE;43.6;1.44;15/09/2026;19:00;25.1;0;SOLEIL;7.2;16.6;0
TOULOUSE;43.6;1.44;15/09/2026;20:00;23.6;0;SOLEIL;4.8;15.1;0
TOULOUSE;43.6;1.44;15/09/2026;21:00;22.3;0;SOLEIL;2.5;9.0;0
TOULOUSE;43.6;1.44;15/09/2026;22:00;22.1;0;SOLEIL;2.3;4.3;0
TOULOUSE;43.6;1.44;15/09/2026;23:00;21.6;2;NUAGEUX;1.5;3.6;0
TOULOUSE;43.6;1.44;16/09/2026;00:00;21.4;2;NUAGEUX;2.5;5.0;0
TOULOUSE;43.6;1.44;16/09/2026;01:00;21.4;2;NUAGEUX;3.1;5.8;0
TOULOUSE;43.6;1.44;16/09/2026;02:00;19;2;NUAGEUX;3.1;6.1;0
TOULOUSE;43.6;1.44;16/09/2026;03:00;19;2;NUAGEUX;3.0;6.1;0
TOULOUSE;43.6;1.44;16/09/2026;04:00;19;2;NUAGEUX;3.5;7.2;0
TOULOUSE;43.6;1.44;16/09/2026;05:00;18.9;2;NUAGEUX;3.2;7.2;0
TOULOUSE;43.6;1.44;16/09/2026;06:00;18.9;2;NUAGEUX;1.8;6.8;0
TOULOUSE;43.6;1.44;16/09/2026;07:00;18.9;2;NUAGEUX;1.9;4.3;0
TOULOUSE;43.6;1.44;16/09/2026;08:00;20.7;2;NUAGEUX;2.3;4.7;0
TOULOUSE;43.6;1.44;16/09/2026;09:00;20.7;2;NUAGEUX;1.8;5.0;0
TOULOUSE;43.6;1.44;16/09/2026;10:00;20.7;2;NUAGEUX;1.1;5.0;0
TOULOUSE;43.6;1.44;16/09/2026;11:00;22.1;2;NUAGEUX;5.1;11.2;0
TOULOUSE;43.6;1.44;16/09/2026;12:00;22.1;2;NUAGEUX;8.0;18.4;0
TOULOUSE;43.6;1.44;16/09/2026;13:00;22.1;2;NUAGEUX;6.3;18.7;0
TOULOUSE;43.6;1.44;16/09/2026;14:00;23.4;2;NUAGEUX;0.7;13.7;0
TOULOUSE;43.6;1.44;16/09/2026;15:00;23.4;2;NUAGEUX;5.1;11.5;0
TOULOUSE;43.6;1.44;16/09/2026;16:00;23.4;2;NUAGEUX;5.9;14.0;0
TOULOUSE;43.6;1.44;16/09/2026;17:00;22.1;0;SOLEIL;11.9;23.8;0
TOULOUSE;43.6;1.44;16/09/2026;18:00;22.1;0;SOLEIL;14.4;29.9;0
TOULOUSE;43.6;1.44;16/09/2026;19:00;22.1;0;SOLEIL;20.0;41.4;0
TOULOUSE;43.6;1.44;16/09/2026;20:00;20.2;0;SOLEIL;19.5;41.4;0
TOULOUSE;43.6;1.44;16/09/2026;21:00;20.2;0;SOLEIL;15.3;40.0;0
TOULOUSE;43.6;1.44;16/09/2026;22:00;20.2;0;SOLEIL;14.6;30.6;0
TOULOUSE;43.6;1.44;16/09/2026;23:00;18.2;0;SOLEIL;15.5;32.0;0
TOULOUSE;43.6;1.44;17/09/2026;00:00;18.2;0;SOLEIL;14.1;32.0;0
TOULOUSE;43.6;1.44;17/09/2026;01:00;18.2;0;SOLEIL;13.1;28.4;0
TOULOUSE;43.6;1.44;17/09/2026;02:00;15.6;0;SOLEIL;12.0;27.4;0
TOULOUSE;43.6;1.44;17/09/2026;03:00;15.6;0;SOLEIL;10.2;24.1;0
TOULOUSE;43.6;1.44;17/09/2026;04:00;15.6;0;SOLEIL;10.0;20.9;0
TOULOUSE;43.6;1.44;17/09/2026;05:00;15.1;0;SOLEIL;8.4;20.9;0
TOULOUSE;43.6;1.44;17/09/2026;06:00;15.1;0;SOLEIL;7.9;17.6;0
TOULOUSE;43.6;1.44;17/09/2026;07:00;15.1;0;SOLEIL;8.6;19.1;0
TOULOUSE;43.6;1.44;17/09/2026;08:00;18.5;5;SOLEIL VOILÉ;9.5;19.1;0
TOULOUSE;43.6;1.44;17/09/2026;09:00;18.5;5;SOLEIL VOILÉ;9.1;20.9;0
TOULOUSE;43.6;1.44;17/09/2026;10:00;18.5;5;SOLEIL VOILÉ;10.7;23.0;0
TOULOUSE;43.6;1.44;17/09/2026;11:00;22.4;5;SOLEIL VOILÉ;12.5;26.3;0
TOULOUSE;43.6;1.44;17/09/2026;12:00;22.4;5;SOLEIL VOILÉ;14.5;32.1;0
TOULOUSE;43.6;1.44;17/09/2026;13:00;22.4;5;SOLEIL VOILÉ;15.6;36.4;0
TOULOUSE;43.6;1.44;17/09/2026;14:00;23.1;0;SOLEIL;13.1;37.4;0
TOULOUSE;43.6;1.44;17/09/2026;15:00;23.1;0;SOLEIL;11.3;28.4;0
TOULOUSE;43.6;1.44;17/09/2026;16:00;23.1;0;SOLEIL;11.9;27.4;0
TOULOUSE;43.6;1.44;17/09/2026;17:00;22.7;0;SOLEIL;12.4;28.4;0
TOULOUSE;43.6;1.44;17/09/2026;18:00;22.7;0;SOLEIL;11.7;28.1;0
TOULOUSE;43.6;1.44;17/09/2026;19:00;22.7;0;SOLEIL;11.2;27.0;0
TOULOUSE;43.6;1.44;17/09/2026;20:00;18.9;0;SOLEIL;10.0;25.6;0
TOULOUSE;43.6;1.44;17/09/2026;21:00;17.8;0;SOLEIL;7.4;23.0;0
TOULOUSE;43.6;1.44;17/09/2026;22:00;16.8;0;SOLEIL;6.8;16.9;0
TOULOUSE;43.6;1.44;17/09/2026;23:00;17.6;2;NUAGEUX;6.9;15.8;0
TOULOUSE;43.6;1.44;18/09/2026;00:00;17.6;2;NUAGEUX;6.6;15.1;0
TOULOUSE;43.6;1.44;18/09/2026;01:00;17.6;2;NUAGEUX;6.4;14.8;0
TOULOUSE;43.6;1.44;18/09/2026;02:00;15.4;7;PLUIE FAIBLE;6.1;14.8;0
TOULOUSE;43.6;1.44;18/09/2026;03:00;15.4;7;PLUIE FAIBLE;5.1;13.7;0
TOULOUSE;43.6;1.44;18/09/2026;04:00;15.4;7;PLUIE FAIBLE;4.0;10.4;0
TOULOUSE;43.6;1.44;18/09/2026;05:00;16.4;0;SOLEIL;4.3;9.0;0
TOULOUSE;43.6;1.44;18/09/2026;06:00;16.4;0;SOLEIL;4.0;9.4;0
TOULOUSE;43.6;1.44;18/09/2026;07:00;16.4;0;SOLEIL;3.7;8.6;0
TOULOUSE;43.6;1.44;18/09/2026;08:00;17.5;7;PLUIE FAIBLE;3.9;8.3;0
TOULOUSE;43.6;1.44;18/09/2026;09:00;18.5;7;PLUIE FAIBLE;5.1;12.2;0
TOULOUSE;43.6;1.44;18/09/2026;10:00;19.5;7;PLUIE FAIBLE;8.0;20.2;0
TOULOUSE;43.6;1.44;18/09/2026;11:00;22.4;7;PLUIE FAIBLE;9.5;23.4;0
TOULOUSE;43.6;1.44;18/09/2026;12:00;22.4;7;PLUIE FAIBLE;10.5;25.6;0
TOULOUSE;43.6;1.44;18/09/2026;13:00;22.4;7;PLUIE FAIBLE;11.8;28.4;0
TOULOUSE;43.6;1.44;18/09/2026;14:00;23.7;7;PLUIE FAIBLE;12.3;29.9;0
TOULOUSE;43.6;1.44;18/09/2026;15:00;24.7;7;PLUIE FAIBLE;13.0;31.3;0
TOULOUSE;43.6;1.44;18/09/2026;16:00;23.7;7;PLUIE FAIBLE;13.7;32.0;0
TOULOUSE;43.6;1.44;18/09/2026;17:00;22.6;7;PLUIE FAIBLE;13.5;32.0;0
TOULOUSE;43.6;1.44;18/09/2026;18:00;22.6;7;PLUIE FAIBLE;11.8;31.3;0
TOULOUSE;43.6;1.44;18/09/2026;19:00;22.6;7;PLUIE FAIBLE;9.4;29.9;0
TOULOUSE;43.6;1.44;18/09/2026;20:00;19.5;7;PLUIE FAIBLE;7.8;27.4;0
TOULOUSE;43.6;1.44;18/09/2026;21:00;18.5;7;PLUIE FAIBLE;6.9;22.3;0
TOULOUSE;43.6;1.44;18/09/2026;22:00;17.5;7;PLUIE FAIBLE;6.2;16.6;0
TOULOUSE;43.6;1.44;18/09/2026;23:00;17.5;0;SOLEIL;5.8;12.2;0
TOULOUSE;43.6;1.44;19/09/2026;00:00;17.5;0;SOLEIL;5.8;11.5;0
TOULOUSE;43.6;1.44;19/09/2026;01:00;17.5;0;SOLEIL;5.9;12.6;0
TOULOUSE;43.6;1.44;19/09/2026;02:00;13.6;0;SOLEIL;5.9;13.3;0
TOULOUSE;43.6;1.44;19/09/2026;03:00;13.6;0;SOLEIL;5.4;12.2;0
TOULOUSE;43.6;1.44;19/09/2026;04:00;13.6;0;SOLEIL;5.1;10.8;0
TOULOUSE;43.6;1.44;19/09/2026;05:00;14.1;0;SOLEIL;4.3;9.4;0
TOULOUSE;43.6;1.44;19/09/2026;06:00;14.1;0;SOLEIL;3.3;7.9;0
TOULOUSE;43.6;1.44;19/09/2026;07:00;14.1;0;SOLEIL;2.4;6.5;0
TOULOUSE;43.6;1.44;19/09/2026;08:00;16.4;0;SOLEIL;2.1;6.1;0
TOULOUSE;43.6;1.44;19/09/2026;09:00;17.9;0;SOLEIL;2.6;7.9;0
TOULOUSE;43.6;1.44;19/09/2026;10:00;19.3;0;SOLEIL;3.6;11.2;0
TOULOUSE;43.6;1.44;19/09/2026;11:00;23.6;0;SOLEIL;5.2;14.4;0
TOULOUSE;43.6;1.44;19/09/2026;12:00;23.6;0;SOLEIL;6.4;17.6;0
TOULOUSE;43.6;1.44;19/09/2026;13:00;23.6;0;SOLEIL;7.5;20.9;0
TOULOUSE;43.6;1.44;19/09/2026;14:00;25.0;0;SOLEIL;8.4;23.4;0
TOULOUSE;43.6;1.44;19/09/2026;15:00;26.4;0;SOLEIL;9.4;25.2;0
TOULOUSE;43.6;1.44;19/09/2026;16:00;25.0;0;SOLEIL;10.5;26.3;0
TOULOUSE;43.6;1.44;19/09/2026;17:00;24.2;0;SOLEIL;10.6;26.6;0
TOULOUSE;43.6;1.44;19/09/2026;18:00;24.2;0;SOLEIL;9.0;26.6;0
TOULOUSE;43.6;1.44;19/09/2026;19:00;24.2;0;SOLEIL;6.6;25.6;0
TOULOUSE;43.6;1.44;19/09/2026;20:00;19.3;0;SOLEIL;4.5;23.4;0
TOULOUSE;43.6;1.44;19/09/2026;21:00;17.9;0;SOLEIL;3.4;18.4;0
TOULOUSE;43.6;1.44;19/09/2026;22:00;16.4;0;SOLEIL;3.3;11.9;0
TOULOUSE;43.6;1.44;19/09/2026;23:00;17.7;0;SOLEIL;3.6;7.6;0
TOULOUSE;43.6;1.44;20/09/2026;00:00;17.7;0;SOLEIL;4.0;7.9;0
TOULOUSE;43.6;1.44;20/09/2026;01:00;17.7;0;SOLEIL;4.7;10.8;0
TOULOUSE;43.6;1.44;20/09/2026;02:00;13.6;0;SOLEIL;5.0;12.2;0
TOULOUSE;43.6;1.44;20/09/2026;03:00;13.6;0;SOLEIL;4.7;10.8;0
TOULOUSE;43.6;1.44;20/09/2026;04:00;13.6;0;SOLEIL;3.7;8.6;0
TOULOUSE;43.6;1.44;20/09/2026;05:00;14.6;0;SOLEIL;2.7;6.5;0
TOULOUSE;43.6;1.44;20/09/2026;06:00;14.6;0;SOLEIL;2.2;5.8;0
TOULOUSE;43.6;1.44;20/09/2026;07:00;14.6;0;SOLEIL;2.1;4.9;0
TOULOUSE;43.6;1.44;20/09/2026;08:00;17.1;0;SOLEIL;2.1;4.0;0
TOULOUSE;43.6;1.44;20/09/2026;09:00;18.9;0;SOLEIL;1.8;2.5;0
TOULOUSE;43.6;1.44;20/09/2026;10:00;20.7;0;SOLEIL;0.8;2.9;0
TOULOUSE;43.6;1.44;20/09/2026;11:00;27.2;0;SOLEIL;0.5;4.0;0
TOULOUSE;43.6;1.44;20/09/2026;12:00;27.2;0;SOLEIL;1.5;6.1;0
TOULOUSE;43.6;1.44;20/09/2026;13:00;27.2;0;SOLEIL;2.9;8.6;0
TOULOUSE;43.6;1.44;20/09/2026;14:00;27.7;0;SOLEIL;4.3;11.2;0
TOULOUSE;43.6;1.44;20/09/2026;15:00;29.5;0;SOLEIL;6.1;13.7;0
TOULOUSE;43.6;1.44;20/09/2026;16:00;27.7;0;SOLEIL;8.3;16.2;0
TOULOUSE;43.6;1.44;20/09/2026;17:00;26.9;0;SOLEIL;9.1;17.3;0
TOULOUSE;43.6;1.44;20/09/2026;18:00;26.9;0;SOLEIL;8.1;16.2;0
TOULOUSE;43.6;1.44;20/09/2026;19:00;26.9;0;SOLEIL;6.4;14.0;0
TOULOUSE;43.6;1.44;20/09/2026;20:00;20.7;0;SOLEIL;4.8;11.9;0
TOULOUSE;43.6;1.44;20/09/2026;21:00;18.9;0;SOLEIL;2.7;9.7;0
TOULOUSE;43.6;1.44;20/09/2026;22:00;17.1;0;SOLEIL;2.3;7.2;0
TOULOUSE;43.6;1.44;20/09/2026;23:00;19.1;0;SOLEIL;3.3;5.4;0
TOULOUSE;43.6;1.44;21/09/2026;00:00;19.1;0;SOLEIL;3.3;4.0;0
TOULOUSE;43.6;1.44;21/09/2026;01:00;19.1;0;SOLEIL;2.9;3.2;0
TOULOUSE;43.6;1.44;21/09/2026;02:00;15.2;0;SOLEIL;2.2;2.9;0
TOULOUSE;43.6;1.44;21/09/2026;03:00;15.2;0;SOLEIL;2.3;3.2;0
TOULOUSE;43.6;1.44;21/09/2026;04:00;15.2;0;SOLEIL;2.7;4.3;0
TOULOUSE;43.6;1.44;21/09/2026;05:00;16.6;0;SOLEIL;2.7;4.7;0
TOULOUSE;43.6;1.44;21/09/2026;06:00;16.6;0;SOLEIL;2.6;4.0;0
TOULOUSE;43.6;1.44;21/09/2026;07:00;16.6;0;SOLEIL;2.5;2.5;0
TOULOUSE;43.6;1.44;21/09/2026;08:00;18.6;0;SOLEIL;2.3;2.9;0
TOULOUSE;43.6;1.44;21/09/2026;09:00;20.3;0;SOLEIL;3.4;6.1;0
TOULOUSE;43.6;1.44;21/09/2026;10:00;22.0;0;SOLEIL;5.9;11.2;0
TOULOUSE;43.6;1.44;21/09/2026;11:00;28.4;0;SOLEIL;7.9;15.5;0
TOULOUSE;43.6;1.44;21/09/2026;12:00;28.4;0;SOLEIL;8.9;18.4;0
TOULOUSE;43.6;1.44;21/09/2026;13:00;28.4;0;SOLEIL;10.4;20.2;0
TOULOUSE;43.6;1.44;21/09/2026;14:00;28.8;0;SOLEIL;12.2;22.3;0
TOULOUSE;43.6;1.44;21/09/2026;15:00;30.5;0;SOLEIL;14.1;24.8;0
TOULOUSE;43.6;1.44;21/09/2026;16:00;28.8;0;SOLEIL;15.9;27.7;0
TOULOUSE;43.6;1.44;21/09/2026;17:00;27.9;0;SOLEIL;16.2;29.2;0
TOULOUSE;43.6;1.44;21/09/2026;18:00;27.9;0;SOLEIL;14.3;28.8;0
TOULOUSE;43.6;1.44;21/09/2026;19:00;27.9;0;SOLEIL;11.2;27.4;0
TOULOUSE;43.6;1.44;21/09/2026;20:00;22.0;0;SOLEIL;8.7;25.2;0
TOULOUSE;43.6;1.44;21/09/2026;21:00;20.3;0;SOLEIL;7.8;21.2;0
TOULOUSE;43.6;1.44;21/09/2026;22:00;18.6;0;SOLEIL;7.1;16.6;0
TOULOUSE;43.6;1.44;21/09/2026;23:00;18.7;0;SOLEIL;6.9;13.0;0
AURILLAC;44.92;2.44;15/09/2026;00:00;18.9;0;SOLEIL;6.8;13.7;0
AURILLAC;44.92;2.44;15/09/2026;01:00;18.8;0;SOLEIL;6.9;13.3;0
AURILLAC;44.92;2.44;15/09/2026;02:00;18.4;0;SOLEIL;7.6;12.6;0
AURILLAC;44.92;2.44;15/09/2026;03:00;18.2;0;SOLEIL;7.2;13.7;0
AURILLAC;44.92;2.44;15/09/2026;04:00;17.6;0;SOLEIL;6.4;13.0;0
AURILLAC;44.92;2.44;15/09/2026;05:00;17.2;0;SOLEIL;6.9;11.9;0
AURILLAC;44.92;2.44;15/09/2026;06:00;18.1;0;SOLEIL;6.6;12.2;0
AURILLAC;44.92;2.44;15/09/2026;07:00;20.7;0;SOLEIL;6.0;12.2;0
AURILLAC;44.92;2.44;15/09/2026;08:00;23.5;0;SOLEIL;5.5;10.8;0
AURILLAC;44.92;2.44;15/09/2026;09:00;25.1;0;SOLEIL;3.0;10.1;0
AURILLAC;44.92;2.44;15/09/2026;10:00;27.1;0;SOLEIL;1.3;5.0;0
AURILLAC;44.92;2.44;15/09/2026;11:00;27.8;0;SOLEIL;3.8;9.0;0
AURILLAC;44.92;2.44;15/09/2026;12:00;28.6;0;SOLEIL;6.5;14.0;0
AURILLAC;44.92;2.44;15/09/2026;13:00;29.5;0;SOLEIL;8.6;18.4;0
AURILLAC;44.92;2.44;15/09/2026;14:00;29.6;0;SOLEIL;9.3;21.2;0
AURILLAC;44.92;2.44;15/09/2026;15:00;29.7;0;SOLEIL;12.0;25.2;0
AURILLAC;44.92;2.44;15/09/2026;16:00;29.6;0;SOLEIL;14.3;25.6;0
AURILLAC;44.92;2.44;15/09/2026;17:00;28.4;0;SOLEIL;16.5;32.8;0
AURILLAC;44.92;2.44;15/09/2026;18:00;26.6;0;SOLEIL;15.9;33.5;0
AURILLAC;44.92;2.44;15/09/2026;19:00;24.6;0;SOLEIL;10.9;29.9;0
AURILLAC;44.92;2.44;15/09/2026;20:00;22.6;0;SOLEIL;4.1;19.1;0
AURILLAC;44.92;2.44;15/09/2026;21:00;21.1;0;SOLEIL;8.6;15.5;0
AURILLAC;44.92;2.44;15/09/2026;22:00;19.1;0;SOLEIL;8.4;16.6;0
AURILLAC;44.92;2.44;15/09/2026;23:00;18.4;0;SOLEIL;8.7;15.8;0
AURILLAC;44.92;2.44;16/09/2026;00:00;18;0;SOLEIL;8.0;15.8;0
AURILLAC;44.92;2.44;16/09/2026;01:00;18;0;SOLEIL;8.0;14.8;0
AURILLAC;44.92;2.44;16/09/2026;02:00;15.5;2;NUAGEUX;7.8;14.8;0
AURILLAC;44.92;2.44;16/09/2026;03:00;15.5;2;NUAGEUX;7.8;14.8;0
AURILLAC;44.92;2.44;16/09/2026;04:00;15.5;2;NUAGEUX;8.1;15.1;0
AURILLAC;44.92;2.44;16/09/2026;05:00;14.6;2;NUAGEUX;7.7;15.1;0
AURILLAC;44.92;2.44;16/09/2026;06:00;14.6;2;NUAGEUX;7.6;14.4;0
AURILLAC;44.92;2.44;16/09/2026;07:00;14.6;2;NUAGEUX;8.4;15.5;0
AURILLAC;44.92;2.44;16/09/2026;08:00;16;6;AVERSES;8.0;15.5;0
AURILLAC;44.92;2.44;16/09/2026;09:00;16;6;AVERSES;6.2;14.8;0
AURILLAC;44.92;2.44;16/09/2026;10:00;16;6;AVERSES;5.2;11.9;0
AURILLAC;44.92;2.44;16/09/2026;11:00;17.5;0;SOLEIL;7.7;15.8;0
AURILLAC;44.92;2.44;16/09/2026;12:00;17.5;0;SOLEIL;7.1;16.2;0
AURILLAC;44.92;2.44;16/09/2026;13:00;17.5;0;SOLEIL;10.3;18.0;0
AURILLAC;44.92;2.44;16/09/2026;14:00;19.5;0;SOLEIL;10.5;20.9;0
AURILLAC;44.92;2.44;16/09/2026;15:00;19.5;0;SOLEIL;15.5;24.8;0
AURILLAC;44.92;2.44;16/09/2026;16:00;19.5;0;SOLEIL;12.9;24.1;0
AURILLAC;44.92;2.44;16/09/2026;17:00;17.9;0;SOLEIL;11.2;23.8;0
AURILLAC;44.92;2.44;16/09/2026;18:00;17.9;0;SOLEIL;12.3;25.2;0
AURILLAC;44.92;2.44;16/09/2026;19:00;17.9;0;SOLEIL;8.0;23.4;0
AURILLAC;44.92;2.44;16/09/2026;20:00;14.9;0;SOLEIL;3.4;14.0;0
AURILLAC;44.92;2.44;16/09/2026;21:00;14.9;0;SOLEIL;4.1;7.6;0
AURILLAC;44.92;2.44;16/09/2026;22:00;14.9;0;SOLEIL;7.1;12.2;0
AURILLAC;44.92;2.44;16/09/2026;23:00;12.7;0;SOLEIL;7.2;12.6;0
AURILLAC;44.92;2.44;17/09/2026;00:00;12.7;0;SOLEIL;2.6;12.6;0
AURILLAC;44.92;2.44;17/09/2026;01:00;12.7;0;SOLEIL;2.7;6.1;0
AURILLAC;44.92;2.44;17/09/2026;02:00;10.6;0;SOLEIL;2.1;4.3;0
AURILLAC;44.92;2.44;17/09/2026;03:00;10.6;0;SOLEIL;2.9;4.3;0
AURILLAC;44.92;2.44;17/09/2026;04:00;10.6;0;SOLEIL;1.0;5.4;0
AURILLAC;44.92;2.44;17/09/2026;05:00;10.2;0;SOLEIL;1.8;4.0;0
AURILLAC;44.92;2.44;17/09/2026;06:00;10.2;0;SOLEIL;1.8;3.6;0
AURILLAC;44.92;2.44;17/09/2026;07:00;10.2;0;SOLEIL;2.3;4.3;0
AURILLAC;44.92;2.44;17/09/2026;08:00;16.7;0;SOLEIL;2.7;5.4;0
AURILLAC;44.92;2.44;17/09/2026;09:00;16.7;0;SOLEIL;2.3;5.4;0
AURILLAC;44.92;2.44;17/09/2026;10:00;16.7;0;SOLEIL;2.2;5.0;0
AURILLAC;44.92;2.44;17/09/2026;11:00;18.9;2;NUAGEUX;7.8;16.2;0
AURILLAC;44.92;2.44;17/09/2026;12:00;18.9;2;NUAGEUX;10.2;19.7;0
AURILLAC;44.92;2.44;17/09/2026;13:00;18.9;2;NUAGEUX;13.7;25.4;0
AURILLAC;44.92;2.44;17/09/2026;14:00;20;0;SOLEIL;13.2;25.3;0
AURILLAC;44.92;2.44;17/09/2026;15:00;20;0;SOLEIL;14.1;25.9;0
AURILLAC;44.92;2.44;17/09/2026;16:00;20;0;SOLEIL;14.9;26.3;0
AURILLAC;44.92;2.44;17/09/2026;17:00;18.2;5;SOLEIL VOILÉ;14.9;26.6;0
AURILLAC;44.92;2.44;17/09/2026;18:00;18.2;5;SOLEIL VOILÉ;12.6;26.6;0
AURILLAC;44.92;2.44;17/09/2026;19:00;18.2;5;SOLEIL VOILÉ;11.3;22.0;0
AURILLAC;44.92;2.44;17/09/2026;20:00;14.8;0;SOLEIL;4.6;19.8;0
AURILLAC;44.92;2.44;17/09/2026;21:00;13.6;0;SOLEIL;3.1;8.6;0
AURILLAC;44.92;2.44;17/09/2026;22:00;12.4;0;SOLEIL;2.7;6.5;0
AURILLAC;44.92;2.44;17/09/2026;23:00;13.4;2;NUAGEUX;4.1;6.8;0
AURILLAC;44.92;2.44;18/09/2026;00:00;13.4;2;NUAGEUX;8.2;14.4;0
AURILLAC;44.92;2.44;18/09/2026;01:00;13.4;2;NUAGEUX;8.1;14.8;0
AURILLAC;44.92;2.44;18/09/2026;02:00;11.1;7;PLUIE FAIBLE;7.6;14.4;0
AURILLAC;44.92;2.44;18/09/2026;03:00;11.1;7;PLUIE FAIBLE;8.0;14.4;0
AURILLAC;44.92;2.44;18/09/2026;04:00;11.1;7;PLUIE FAIBLE;8.0;14.8;0
AURILLAC;44.92;2.44;18/09/2026;05:00;12.4;7;PLUIE FAIBLE;7.7;14.4;0
AURILLAC;44.92;2.44;18/09/2026;06:00;12.4;7;PLUIE FAIBLE;7.6;14.0;0
AURILLAC;44.92;2.44;18/09/2026;07:00;12.4;7;PLUIE FAIBLE;7.2;14.0;0
AURILLAC;44.92;2.44;18/09/2026;08:00;13.1;7;PLUIE FAIBLE;6.9;13.3;0
AURILLAC;44.92;2.44;18/09/2026;09:00;14.1;7;PLUIE FAIBLE;4.6;13.0;0
AURILLAC;44.92;2.44;18/09/2026;10:00;15.1;7;PLUIE FAIBLE;3.3;9.0;0
AURILLAC;44.92;2.44;18/09/2026;11:00;17.4;6;AVERSES;6.3;13.7;0
AURILLAC;44.92;2.44;18/09/2026;12:00;17.4;6;AVERSES;13.7;24.5;0
AURILLAC;44.92;2.44;18/09/2026;13:00;17.4;6;AVERSES;15.2;27.7;0
AURILLAC;44.92;2.44;18/09/2026;14:00;19.0;7;PLUIE FAIBLE;15.4;27.7;0
AURILLAC;44.92;2.44;18/09/2026;15:00;20.0;7;PLUIE FAIBLE;16.5;29.5;0
AURILLAC;44.92;2.44;18/09/2026;16:00;19.0;7;PLUIE FAIBLE;16.6;29.9;0
AURILLAC;44.92;2.44;18/09/2026;17:00;16.6;7;PLUIE FAIBLE;16.1;29.2;0
AURILLAC;44.92;2.44;18/09/2026;18:00;16.6;7;PLUIE FAIBLE;14.4;27.0;0
AURILLAC;44.92;2.44;18/09/2026;19:00;16.6;7;PLUIE FAIBLE;12.4;23.8;0
AURILLAC;44.92;2.44;18/09/2026;20:00;15.1;7;PLUIE FAIBLE;9.8;20.2;0
AURILLAC;44.92;2.44;18/09/2026;21:00;14.1;7;PLUIE FAIBLE;6.6;15.1;0
AURILLAC;44.92;2.44;18/09/2026;22:00;13.1;7;PLUIE FAIBLE;3.1;9.7;0
AURILLAC;44.92;2.44;18/09/2026;23:00;11.5;0;SOLEIL;1.5;6.1;0
AURILLAC;44.92;2.44;19/09/2026;00:00;11.5;0;SOLEIL;2.6;6.1;0
AURILLAC;44.92;2.44;19/09/2026;01:00;11.5;0;SOLEIL;4.0;7.9;0
AURILLAC;44.92;2.44;19/09/2026;02:00;9.1;0;SOLEIL;4.7;9.4;0
AURILLAC;44.92;2.44;19/09/2026;03:00;9.1;0;SOLEIL;4.3;9.4;0
AURILLAC;44.92;2.44;19/09/2026;04:00;9.1;0;SOLEIL;2.9;8.6;0
AURILLAC;44.92;2.44;19/09/2026;05:00;10.1;0;SOLEIL;2.3;7.9;0
AURILLAC;44.92;2.44;19/09/2026;06:00;10.1;0;SOLEIL;2.9;7.6;0
AURILLAC;44.92;2.44;19/09/2026;07:00;10.1;0;SOLEIL;3.9;7.6;0
AURILLAC;44.92;2.44;19/09/2026;08:00;12.3;0;SOLEIL;3.9;7.6;0
AURILLAC;44.92;2.44;19/09/2026;09:00;13.9;0;SOLEIL;1.8;7.9;0
AURILLAC;44.92;2.44;19/09/2026;10:00;15.5;0;SOLEIL;1.6;8.3;0
AURILLAC;44.92;2.44;19/09/2026;11:00;21.1;0;SOLEIL;4.5;10.1;0
AURILLAC;44.92;2.44;19/09/2026;12:00;21.1;0;SOLEIL;7.4;14.4;0
AURILLAC;44.92;2.44;19/09/2026;13:00;21.1;0;SOLEIL;11.0;20.2;0
AURILLAC;44.92;2.44;19/09/2026;14:00;21.9;0;SOLEIL;13.8;24.5;0
AURILLAC;44.92;2.44;19/09/2026;15:00;23.5;0;SOLEIL;15.1;26.3;0
AURILLAC;44.92;2.44;19/09/2026;16:00;21.9;0;SOLEIL;15.4;26.6;0
AURILLAC;44.92;2.44;19/09/2026;17:00;19.2;0;SOLEIL;14.8;25.9;0
AURILLAC;44.92;2.44;19/09/2026;18:00;19.2;0;SOLEIL;12.8;24.5;0
AURILLAC;44.92;2.44;19/09/2026;19:00;19.2;0;SOLEIL;9.5;22.3;0
AURILLAC;44.92;2.44;19/09/2026;20:00;15.5;0;SOLEIL;6.3;19.8;0
AURILLAC;44.92;2.44;19/09/2026;21:00;13.9;0;SOLEIL;3.1;17.6;0
AURILLAC;44.92;2.44;19/09/2026;22:00;12.3;0;SOLEIL;4.8;15.1;0
AURILLAC;44.92;2.44;19/09/2026;23:00;13.9;0;SOLEIL;7.6;13.3;0
AURILLAC;44.92;2.44;20/09/2026;00:00;13.9;0;SOLEIL;8.1;12.6;0
AURILLAC;44.92;2.44;20/09/2026;01:00;13.9;0;SOLEIL;7.3;12.2;0
AURILLAC;44.92;2.44;20/09/2026;02:00;10.6;0;SOLEIL;6.5;12.2;0
AURILLAC;44.92;2.44;20/09/2026;03:00;10.6;0;SOLEIL;6.4;12.2;0
AURILLAC;44.92;2.44;20/09/2026;04:00;10.6;0;SOLEIL;6.6;12.2;0
AURILLAC;44.92;2.44;20/09/2026;05:00;12.4;0;SOLEIL;6.9;12.2;0
AURILLAC;44.92;2.44;20/09/2026;06:00;12.4;0;SOLEIL;6.5;11.7;0
AURILLAC;44.92;2.44;20/09/2026;07:00;12.4;0;SOLEIL;6.1;11.2;0
AURILLAC;44.92;2.44;20/09/2026;08:00;14.2;0;SOLEIL;5.8;10.4;0
AURILLAC;44.92;2.44;20/09/2026;09:00;16.0;0;SOLEIL;4.0;10.4;0
AURILLAC;44.92;2.44;20/09/2026;10:00;17.8;0;SOLEIL;1.8;9.4;0
AURILLAC;44.92;2.44;20/09/2026;11:00;25.5;0;SOLEIL;2.4;9.7;0
AURILLAC;44.92;2.44;20/09/2026;12:00;25.5;0;SOLEIL;5.2;13.7;0
AURILLAC;44.92;2.44;20/09/2026;13:00;25.5;0;SOLEIL;8.4;19.8;0
AURILLAC;44.92;2.44;20/09/2026;14:00;24.9;0;SOLEIL;10.9;24.1;0
AURILLAC;44.92;2.44;20/09/2026;15:00;26.7;0;SOLEIL;11.8;25.9;0
AURILLAC;44.92;2.44;20/09/2026;16:00;24.9;0;SOLEIL;12.0;26.6;0
AURILLAC;44.92;2.44;20/09/2026;17:00;22.1;0;SOLEIL;11.5;26.3;0
AURILLAC;44.92;2.44;20/09/2026;18:00;22.1;0;SOLEIL;10.2;25.2;0
AURILLAC;44.92;2.44;20/09/2026;19:00;22.1;0;SOLEIL;8.4;23.0;0
AURILLAC;44.92;2.44;20/09/2026;20:00;17.8;0;SOLEIL;6.4;20.9;0
AURILLAC;44.92;2.44;20/09/2026;21:00;16.0;0;SOLEIL;5.2;19.1;0
AURILLAC;44.92;2.44;20/09/2026;22:00;14.2;0;SOLEIL;5.4;16.9;0
AURILLAC;44.92;2.44;20/09/2026;23:00;15.5;0;SOLEIL;6.2;15.1;0
AURILLAC;44.92;2.44;21/09/2026;00:00;15.5;0;SOLEIL;6.3;13.3;0
AURILLAC;44.92;2.44;21/09/2026;01:00;15.5;0;SOLEIL;6.2;11.9;0
AURILLAC;44.92;2.44;21/09/2026;02:00;11.7;0;SOLEIL;5.9;11.2;0
AURILLAC;44.92;2.44;21/09/2026;03:00;11.7;0;SOLEIL;5.9;11.9;0
AURILLAC;44.92;2.44;21/09/2026;04:00;11.7;0;SOLEIL;6.0;13.0;0
AURILLAC;44.92;2.44;21/09/2026;05:00;13.6;0;SOLEIL;6.0;14.0;0
AURILLAC;44.92;2.44;21/09/2026;06:00;13.6;0;SOLEIL;6.2;14.4;0
AURILLAC;44.92;2.44;21/09/2026;07:00;13.6;0;SOLEIL;6.4;14.4;0
AURILLAC;44.92;2.44;21/09/2026;08:00;15.3;0;SOLEIL;5.9;14.0;0
AURILLAC;44.92;2.44;21/09/2026;09:00;17.1;0;SOLEIL;3.4;12.6;0
AURILLAC;44.92;2.44;21/09/2026;10:00;18.9;0;SOLEIL;1.0;11.2;0
AURILLAC;44.92;2.44;21/09/2026;11:00;26.9;0;SOLEIL;3.6;11.9;0
AURILLAC;44.92;2.44;21/09/2026;12:00;26.9;0;SOLEIL;6.8;16.9;0
AURILLAC;44.92;2.44;21/09/2026;13:00;26.9;0;SOLEIL;10.7;24.1;0
AURILLAC;44.92;2.44;21/09/2026;14:00;26.2;0;SOLEIL;13.7;29.5;0
AURILLAC;44.92;2.44;21/09/2026;15:00;28.0;0;SOLEIL;15.1;32.0;0
AURILLAC;44.92;2.44;21/09/2026;16:00;26.2;0;SOLEIL;15.6;33.1;0
AURILLAC;44.92;2.44;21/09/2026;17:00;22.2;0;SOLEIL;15.3;32.8;0
AURILLAC;44.92;2.44;21/09/2026;18:00;22.2;0;SOLEIL;13.5;31.3;0
AURILLAC;44.92;2.44;21/09/2026;19:00;22.2;0;SOLEIL;10.7;28.8;0
AURILLAC;44.92;2.44;21/09/2026;20:00;18.9;0;SOLEIL;8.2;25.9;0
AURILLAC;44.92;2.44;21/09/2026;21:00;17.1;0;SOLEIL;7.0;22.7;0
AURILLAC;44.92;2.44;21/09/2026;22:00;15.3;0;SOLEIL;6.0;19.4;0
AURILLAC;44.92;2.44;21/09/2026;23:00;16.1;0;SOLEIL;5.6;16.9;0
MONTÉLIMAR;44.55;4.75;15/09/2026;00:00;20.9;0;SOLEIL;9.4;16.2;0
MONTÉLIMAR;44.55;4.75;15/09/2026;01:00;21.2;0;SOLEIL;7.9;15.5;0
MONTÉLIMAR;44.55;4.75;15/09/2026;02:00;19.3;0;SOLEIL;8.4;11.9;0
MONTÉLIMAR;44.55;4.75;15/09/2026;03:00;18.4;0;SOLEIL;4.9;13.0;0
MONTÉLIMAR;44.55;4.75;15/09/2026;04:00;17.1;0;SOLEIL;5.2;7.6;0
MONTÉLIMAR;44.55;4.75;15/09/2026;05:00;16.8;0;SOLEIL;19.3;25.6;0
MONTÉLIMAR;44.55;4.75;15/09/2026;06:00;16.3;0;SOLEIL;25.7;42.1;0
MONTÉLIMAR;44.55;4.75;15/09/2026;07:00;19.2;0;SOLEIL;26.0;43.6;0
MONTÉLIMAR;44.55;4.75;15/09/2026;08:00;22.8;0;SOLEIL;23.7;45.4;0
MONTÉLIMAR;44.55;4.75;15/09/2026;09:00;25;0;SOLEIL;22.3;38.5;0
MONTÉLIMAR;44.55;4.75;15/09/2026;10:00;27.7;0;SOLEIL;26.7;44.3;0
MONTÉLIMAR;44.55;4.75;15/09/2026;11:00;29;0;SOLEIL;33.1;60.1;0
MONTÉLIMAR;44.55;4.75;15/09/2026;12:00;30.9;0;SOLEIL;35.5;61.6;0
MONTÉLIMAR;44.55;4.75;15/09/2026;13:00;31.5;0;SOLEIL;35.8;62.6;0
MONTÉLIMAR;44.55;4.75;15/09/2026;14:00;32.4;0;SOLEIL;30.5;61.6;0
MONTÉLIMAR;44.55;4.75;15/09/2026;15:00;32.5;0;SOLEIL;31.0;54.4;0
MONTÉLIMAR;44.55;4.75;15/09/2026;16:00;32;0;SOLEIL;30.2;53.6;0
MONTÉLIMAR;44.55;4.75;15/09/2026;17:00;31.1;0;SOLEIL;28.4;51.8;0
MONTÉLIMAR;44.55;4.75;15/09/2026;18:00;28.6;0;SOLEIL;24.9;47.9;0
MONTÉLIMAR;44.55;4.75;15/09/2026;19:00;27.2;0;SOLEIL;19.8;41.0;0
MONTÉLIMAR;44.55;4.75;15/09/2026;20:00;25.4;0;SOLEIL;13.1;31.3;0
MONTÉLIMAR;44.55;4.75;15/09/2026;21:00;23.4;0;SOLEIL;11.6;20.5;0
MONTÉLIMAR;44.55;4.75;15/09/2026;22:00;22;0;SOLEIL;12.7;20.5;0
MONTÉLIMAR;44.55;4.75;15/09/2026;23:00;21.1;0;SOLEIL;15.0;24.5;0
MONTÉLIMAR;44.55;4.75;16/09/2026;00:00;19.9;0;SOLEIL;9.4;24.5;0
MONTÉLIMAR;44.55;4.75;16/09/2026;01:00;19.9;0;SOLEIL;9.4;15.1;0
MONTÉLIMAR;44.55;4.75;16/09/2026;02:00;17.9;0;SOLEIL;9.6;16.6;0
MONTÉLIMAR;44.55;4.75;16/09/2026;03:00;17.9;0;SOLEIL;6.5;15.1;0
MONTÉLIMAR;44.55;4.75;16/09/2026;04:00;17.9;0;SOLEIL;4.6;10.1;0
MONTÉLIMAR;44.55;4.75;16/09/2026;05:00;18.5;2;NUAGEUX;4.4;7.2;0
MONTÉLIMAR;44.55;4.75;16/09/2026;06:00;18.5;2;NUAGEUX;4.1;7.9;0
MONTÉLIMAR;44.55;4.75;16/09/2026;07:00;18.5;2;NUAGEUX;3.8;6.5;0
MONTÉLIMAR;44.55;4.75;16/09/2026;08:00;23.7;0;SOLEIL;3.3;6.8;0
MONTÉLIMAR;44.55;4.75;16/09/2026;09:00;23.7;0;SOLEIL;1.5;5.0;0
MONTÉLIMAR;44.55;4.75;16/09/2026;10:00;23.7;0;SOLEIL;2.6;6.5;0
MONTÉLIMAR;44.55;4.75;16/09/2026;11:00;27.2;0;SOLEIL;2.9;7.2;0
MONTÉLIMAR;44.55;4.75;16/09/2026;12:00;27.2;0;SOLEIL;8.0;15.1;0
MONTÉLIMAR;44.55;4.75;16/09/2026;13:00;27.2;0;SOLEIL;16.2;24.1;0
MONTÉLIMAR;44.55;4.75;16/09/2026;14:00;26;0;SOLEIL;18.2;25.9;0
MONTÉLIMAR;44.55;4.75;16/09/2026;15:00;26;0;SOLEIL;20.1;29.9;0
MONTÉLIMAR;44.55;4.75;16/09/2026;16:00;26;0;SOLEIL;19.4;29.9;0
MONTÉLIMAR;44.55;4.75;16/09/2026;17:00;20.6;0;SOLEIL;18.5;29.2;0
MONTÉLIMAR;44.55;4.75;16/09/2026;18:00;20.6;0;SOLEIL;17.5;30.6;0
MONTÉLIMAR;44.55;4.75;16/09/2026;19:00;20.6;0;SOLEIL;16.6;30.6;0
MONTÉLIMAR;44.55;4.75;16/09/2026;20:00;18.9;0;SOLEIL;15.9;28.1;0
MONTÉLIMAR;44.55;4.75;16/09/2026;21:00;18.9;0;SOLEIL;13.7;24.8;0
MONTÉLIMAR;44.55;4.75;16/09/2026;22:00;18.9;0;SOLEIL;11.7;22.3;0
MONTÉLIMAR;44.55;4.75;16/09/2026;23:00;17.7;0;SOLEIL;9.4;18.4;0
MONTÉLIMAR;44.55;4.75;17/09/2026;00:00;17.7;0;SOLEIL;8.3;15.8;0
MONTÉLIMAR;44.55;4.75;17/09/2026;01:00;17.7;0;SOLEIL;6.3;12.6;0
MONTÉLIMAR;44.55;4.75;17/09/2026;02:00;16.6;0;SOLEIL;6.7;10.8;0
MONTÉLIMAR;44.55;4.75;17/09/2026;03:00;16.6;0;SOLEIL;6.3;11.2;0
MONTÉLIMAR;44.55;4.75;17/09/2026;04:00;16.6;0;SOLEIL;6.4;11.2;0
MONTÉLIMAR;44.55;4.75;17/09/2026;05:00;15.7;0;SOLEIL;4.8;10.4;0
MONTÉLIMAR;44.55;4.75;17/09/2026;06:00;15.7;0;SOLEIL;3.0;7.6;0
MONTÉLIMAR;44.55;4.75;17/09/2026;07:00;15.7;0;SOLEIL;3.8;6.5;0
MONTÉLIMAR;44.55;4.75;17/09/2026;08:00;20.6;0;SOLEIL;4.5;7.6;0
MONTÉLIMAR;44.55;4.75;17/09/2026;09:00;20.6;0;SOLEIL;4.6;7.9;0
MONTÉLIMAR;44.55;4.75;17/09/2026;10:00;20.6;0;SOLEIL;9.2;15.5;0
MONTÉLIMAR;44.55;4.75;17/09/2026;11:00;23.6;0;SOLEIL;24.3;42.1;0
MONTÉLIMAR;44.55;4.75;17/09/2026;12:00;23.6;0;SOLEIL;27.0;47.1;0
MONTÉLIMAR;44.55;4.75;17/09/2026;13:00;23.6;0;SOLEIL;29.3;51.1;0
MONTÉLIMAR;44.55;4.75;17/09/2026;14:00;24.6;0;SOLEIL;32.3;57.9;0
MONTÉLIMAR;44.55;4.75;17/09/2026;15:00;24.6;0;SOLEIL;32.7;60.5;0
MONTÉLIMAR;44.55;4.75;17/09/2026;16:00;24.6;0;SOLEIL;33.8;60.8;0
MONTÉLIMAR;44.55;4.75;17/09/2026;17:00;22.2;0;SOLEIL;35.6;64.1;0
MONTÉLIMAR;44.55;4.75;17/09/2026;18:00;22.2;0;SOLEIL;35.9;65.5;0
MONTÉLIMAR;44.55;4.75;17/09/2026;19:00;22.2;0;SOLEIL;34.9;66.2;0
MONTÉLIMAR;44.55;4.75;17/09/2026;20:00;19.5;0;SOLEIL;33.1;63.4;0
MONTÉLIMAR;44.55;4.75;17/09/2026;21:00;18.4;0;SOLEIL;31.5;59.8;0
MONTÉLIMAR;44.55;4.75;17/09/2026;22:00;17.3;0;SOLEIL;29.9;56.2;0
MONTÉLIMAR;44.55;4.75;17/09/2026;23:00;17.1;0;SOLEIL;26.9;52.2;0
MONTÉLIMAR;44.55;4.75;18/09/2026;00:00;17.1;0;SOLEIL;23.9;46.4;0
MONTÉLIMAR;44.55;4.75;18/09/2026;01:00;17.1;0;SOLEIL;18.8;41.4;0
MONTÉLIMAR;44.55;4.75;18/09/2026;02:00;14.6;0;SOLEIL;15.7;32.0;0
MONTÉLIMAR;44.55;4.75;18/09/2026;03:00;14.6;0;SOLEIL;13.1;26.3;0
MONTÉLIMAR;44.55;4.75;18/09/2026;04:00;14.6;0;SOLEIL;13.5;22.7;0
MONTÉLIMAR;44.55;4.75;18/09/2026;05:00;15.4;0;SOLEIL;13.0;22.3;0
MONTÉLIMAR;44.55;4.75;18/09/2026;06:00;15.4;0;SOLEIL;13.5;22.7;0
MONTÉLIMAR;44.55;4.75;18/09/2026;07:00;15.4;0;SOLEIL;14.6;24.1;0
MONTÉLIMAR;44.55;4.75;18/09/2026;08:00;17.3;0;SOLEIL;16.6;28.1;0
MONTÉLIMAR;44.55;4.75;18/09/2026;09:00;18.6;0;SOLEIL;22.5;38.2;0
MONTÉLIMAR;44.55;4.75;18/09/2026;10:00;19.9;0;SOLEIL;29.1;51.5;0
MONTÉLIMAR;44.55;4.75;18/09/2026;11:00;25.2;0;SOLEIL;33.8;60.8;0
MONTÉLIMAR;44.55;4.75;18/09/2026;12:00;25.2;0;SOLEIL;37.1;67.0;0
MONTÉLIMAR;44.55;4.75;18/09/2026;13:00;25.2;0;SOLEIL;36.2;67.3;0
MONTÉLIMAR;44.55;4.75;18/09/2026;14:00;25.3;0;SOLEIL;35.2;65.9;0
MONTÉLIMAR;44.55;4.75;18/09/2026;15:00;26.6;0;SOLEIL;34.0;64.1;0
MONTÉLIMAR;44.55;4.75;18/09/2026;16:00;25.3;0;SOLEIL;32.6;60.5;0
MONTÉLIMAR;44.55;4.75;18/09/2026;17:00;22.6;0;SOLEIL;30.4;56.5;0
MONTÉLIMAR;44.55;4.75;18/09/2026;18:00;22.6;0;SOLEIL;27.8;52.9;0
MONTÉLIMAR;44.55;4.75;18/09/2026;19:00;22.6;0;SOLEIL;24.6;49.0;0
MONTÉLIMAR;44.55;4.75;18/09/2026;20:00;19.9;0;SOLEIL;21.6;44.3;0
MONTÉLIMAR;44.55;4.75;18/09/2026;21:00;18.6;0;SOLEIL;18.6;37.4;0
MONTÉLIMAR;44.55;4.75;18/09/2026;22:00;17.3;0;SOLEIL;15.3;29.5;0
MONTÉLIMAR;44.55;4.75;18/09/2026;23:00;18;0;SOLEIL;13.1;23.4;0
MONTÉLIMAR;44.55;4.75;19/09/2026;00:00;18;0;SOLEIL;12.0;21.2;0
MONTÉLIMAR;44.55;4.75;19/09/2026;01:00;18;0;SOLEIL;11.2;20.9;0
MONTÉLIMAR;44.55;4.75;19/09/2026;02:00;15.1;0;SOLEIL;10.5;20.2;0
MONTÉLIMAR;44.55;4.75;19/09/2026;03:00;15.1;0;SOLEIL;9.4;17.6;0
MONTÉLIMAR;44.55;4.75;19/09/2026;04:00;15.1;0;SOLEIL;8.4;15.1;0
MONTÉLIMAR;44.55;4.75;19/09/2026;05:00;15.7;0;SOLEIL;7.6;13.3;0
MONTÉLIMAR;44.55;4.75;19/09/2026;06:00;15.7;0;SOLEIL;7.6;12.6;0
MONTÉLIMAR;44.55;4.75;19/09/2026;07:00;15.7;0;SOLEIL;8.0;13.3;0
MONTÉLIMAR;44.55;4.75;19/09/2026;08:00;17.9;0;SOLEIL;9.8;16.6;0
MONTÉLIMAR;44.55;4.75;19/09/2026;09:00;19.3;0;SOLEIL;14.3;25.2;0
MONTÉLIMAR;44.55;4.75;19/09/2026;10:00;20.7;0;SOLEIL;20.9;36.4;0
MONTÉLIMAR;44.55;4.75;19/09/2026;11:00;25.6;0;SOLEIL;25.5;45.0;0
MONTÉLIMAR;44.55;4.75;19/09/2026;12:00;25.6;0;SOLEIL;27.0;48.2;0
MONTÉLIMAR;44.55;4.75;19/09/2026;13:00;25.6;0;SOLEIL;27.0;49.0;0
MONTÉLIMAR;44.55;4.75;19/09/2026;14:00;26.2;0;SOLEIL;26.7;49.0;0
MONTÉLIMAR;44.55;4.75;19/09/2026;15:00;27.6;0;SOLEIL;27.2;49.3;0
MONTÉLIMAR;44.55;4.75;19/09/2026;16:00;26.2;0;SOLEIL;27.8;49.3;0
MONTÉLIMAR;44.55;4.75;19/09/2026;17:00;24;0;SOLEIL;27.4;48.6;0
MONTÉLIMAR;44.55;4.75;19/09/2026;18:00;24;0;SOLEIL;26.2;47.5;0
MONTÉLIMAR;44.55;4.75;19/09/2026;19:00;24;0;SOLEIL;23.8;46.1;0
MONTÉLIMAR;44.55;4.75;19/09/2026;20:00;20.7;0;SOLEIL;21.3;43.2;0
MONTÉLIMAR;44.55;4.75;19/09/2026;21:00;19.3;0;SOLEIL;18.1;37.4;0
MONTÉLIMAR;44.55;4.75;19/09/2026;22:00;17.9;0;SOLEIL;14.5;30.2;0
MONTÉLIMAR;44.55;4.75;19/09/2026;23:00;18.4;0;SOLEIL;11.5;24.1;0
MONTÉLIMAR;44.55;4.75;20/09/2026;00:00;18.4;0;SOLEIL;9.7;19.4;0
MONTÉLIMAR;44.55;4.75;20/09/2026;01:00;18.4;0;SOLEIL;7.9;15.8;0
MONTÉLIMAR;44.55;4.75;20/09/2026;02:00;15.6;0;SOLEIL;6.8;13.0;0
MONTÉLIMAR;44.55;4.75;20/09/2026;03:00;15.6;0;SOLEIL;5.8;10.8;0
MONTÉLIMAR;44.55;4.75;20/09/2026;04:00;15.6;0;SOLEIL;5.2;9.4;0
MONTÉLIMAR;44.55;4.75;20/09/2026;05:00;16.9;0;SOLEIL;4.8;8.6;0
MONTÉLIMAR;44.55;4.75;20/09/2026;06:00;16.9;0;SOLEIL;5.7;12.2;0
MONTÉLIMAR;44.55;4.75;20/09/2026;07:00;16.9;0;SOLEIL;6.4;15.7;0
MONTÉLIMAR;44.55;4.75;20/09/2026;08:00;18.6;0;SOLEIL;7.0;18.8;0
MONTÉLIMAR;44.55;4.75;20/09/2026;09:00;20.1;0;SOLEIL;20.5;49.7;0
MONTÉLIMAR;44.55;4.75;20/09/2026;10:00;21.6;0;SOLEIL;23.8;53.6;0
MONTÉLIMAR;44.55;4.75;20/09/2026;11:00;27.7;0;SOLEIL;25.6;56.2;0
MONTÉLIMAR;44.55;4.75;20/09/2026;12:00;27.7;0;SOLEIL;25.2;56.2;0
MONTÉLIMAR;44.55;4.75;20/09/2026;13:00;27.7;0;SOLEIL;23.8;54.7;0
MONTÉLIMAR;44.55;4.75;20/09/2026;14:00;27.6;0;SOLEIL;22.7;53.3;0
MONTÉLIMAR;44.55;4.75;20/09/2026;15:00;29.1;0;SOLEIL;22.4;52.2;0
MONTÉLIMAR;44.55;4.75;20/09/2026;16:00;27.6;0;SOLEIL;22.4;51.1;0
MONTÉLIMAR;44.55;4.75;20/09/2026;17:00;26;0;SOLEIL;21.4;48.6;0
MONTÉLIMAR;44.55;4.75;20/09/2026;18:00;26;0;SOLEIL;18.8;44.3;0
MONTÉLIMAR;44.55;4.75;20/09/2026;19:00;26;0;SOLEIL;15.1;38.5;0
MONTÉLIMAR;44.55;4.75;20/09/2026;20:00;21.6;0;SOLEIL;12.2;33.5;0
MONTÉLIMAR;44.55;4.75;20/09/2026;21:00;20.1;0;SOLEIL;10.1;29.2;0
MONTÉLIMAR;44.55;4.75;20/09/2026;22:00;18.6;0;SOLEIL;8.3;25.6;0
MONTÉLIMAR;44.55;4.75;20/09/2026;23:00;19.6;0;SOLEIL;7.2;22.7;0
MONTÉLIMAR;44.55;4.75;21/09/2026;00:00;19.6;0;SOLEIL;6.9;21.6;0
MONTÉLIMAR;44.55;4.75;21/09/2026;01:00;19.6;0;SOLEIL;7.2;21.6;0
MONTÉLIMAR;44.55;4.75;21/09/2026;02:00;16.5;0;SOLEIL;7.6;21.6;0
MONTÉLIMAR;44.55;4.75;21/09/2026;03:00;16.5;0;SOLEIL;7.6;21.2;0
MONTÉLIMAR;44.55;4.75;21/09/2026;04:00;16.5;0;SOLEIL;7.3;21.2;0
MONTÉLIMAR;44.55;4.75;21/09/2026;05:00;17.5;0;SOLEIL;7.3;21.2;0
MONTÉLIMAR;44.55;4.75;21/09/2026;06:00;17.5;0;SOLEIL;7.0;20.9;0
MONTÉLIMAR;44.55;4.75;21/09/2026;07:00;17.5;0;SOLEIL;7.1;20.9;0
MONTÉLIMAR;44.55;4.75;21/09/2026;08:00;19.3;0;SOLEIL;7.7;22.3;0
MONTÉLIMAR;44.55;4.75;21/09/2026;09:00;20.7;0;SOLEIL;9.7;25.6;0
MONTÉLIMAR;44.55;4.75;21/09/2026;10:00;22.1;0;SOLEIL;13.0;30.2;0
MONTÉLIMAR;44.55;4.75;21/09/2026;11:00;28.1;0;SOLEIL;16.4;35.6;0
MONTÉLIMAR;44.55;4.75;21/09/2026;12:00;28.1;0;SOLEIL;19.6;42.1;0
MONTÉLIMAR;44.55;4.75;21/09/2026;13:00;28.1;0;SOLEIL;22.3;49.0;0
MONTÉLIMAR;44.55;4.75;21/09/2026;14:00;27.7;0;SOLEIL;24.8;54.4;0
MONTÉLIMAR;44.55;4.75;21/09/2026;15:00;29.1;0;SOLEIL;26.3;57.6;0
MONTÉLIMAR;44.55;4.75;21/09/2026;16:00;27.7;0;SOLEIL;27.4;59.4;0
MONTÉLIMAR;44.55;4.75;21/09/2026;17:00;24.6;0;SOLEIL;27.5;59.8;0
MONTÉLIMAR;44.55;4.75;21/09/2026;18:00;24.6;0;SOLEIL;26.1;58.3;0
MONTÉLIMAR;44.55;4.75;21/09/2026;19:00;24.6;0;SOLEIL;23.9;55.4;0
MONTÉLIMAR;44.55;4.75;21/09/2026;20:00;22.1;0;SOLEIL;22.1;52.6;0
MONTÉLIMAR;44.55;4.75;21/09/2026;21:00;20.7;0;SOLEIL;20.5;50.0;0
MONTÉLIMAR;44.55;4.75;21/09/2026;22:00;19.3;0;SOLEIL;19.1;47.2;0
MONTÉLIMAR;44.55;4.75;21/09/2026;23:00;19.1;0;SOLEIL;18.4;45.4;0
GAP;44.55;6.07;15/09/2026;00:00;17.1;0;SOLEIL;3.9;4.3;0
GAP;44.55;6.07;15/09/2026;01:00;16.7;0;SOLEIL;3.1;6.1;0
GAP;44.55;6.07;15/09/2026;02:00;16;0;SOLEIL;3.6;3.6;0
GAP;44.55;6.07;15/09/2026;03:00;15.4;0;SOLEIL;3.1;4.7;0
GAP;44.55;6.07;15/09/2026;04:00;15.1;0;SOLEIL;1.6;3.2;0
GAP;44.55;6.07;15/09/2026;05:00;14.4;0;SOLEIL;3.7;2.9;0
GAP;44.55;6.07;15/09/2026;06:00;16;0;SOLEIL;3.6;6.5;0
GAP;44.55;6.07;15/09/2026;07:00;18.7;0;SOLEIL;3.9;5.4;0
GAP;44.55;6.07;15/09/2026;08:00;21.1;0;SOLEIL;4.2;5.8;0
GAP;44.55;6.07;15/09/2026;09:00;23.1;0;SOLEIL;4.5;8.3;0
GAP;44.55;6.07;15/09/2026;10:00;25.4;0;SOLEIL;4.7;9.7;0
GAP;44.55;6.07;15/09/2026;11:00;27.2;0;SOLEIL;3.3;7.6;0
GAP;44.55;6.07;15/09/2026;12:00;28;0;SOLEIL;2.1;6.5;0
GAP;44.55;6.07;15/09/2026;13:00;29;0;SOLEIL;3.3;8.3;0
GAP;44.55;6.07;15/09/2026;14:00;29.5;0;SOLEIL;4.5;9.4;0
GAP;44.55;6.07;15/09/2026;15:00;29;0;SOLEIL;5.1;10.8;0
GAP;44.55;6.07;15/09/2026;16:00;28;0;SOLEIL;6.2;13.0;0
GAP;44.55;6.07;15/09/2026;17:00;26.2;0;SOLEIL;3.6;11.9;0
GAP;44.55;6.07;15/09/2026;18:00;24;0;SOLEIL;7.1;12.6;0
GAP;44.55;6.07;15/09/2026;19:00;22.5;0;SOLEIL;7.9;17.6;0
GAP;44.55;6.07;15/09/2026;20:00;21.4;0;SOLEIL;4.3;12.6;0
GAP;44.55;6.07;15/09/2026;21:00;20;0;SOLEIL;2.2;6.1;0
GAP;44.55;6.07;15/09/2026;22:00;19.5;0;SOLEIL;2.2;3.2;0
GAP;44.55;6.07;15/09/2026;23:00;18.7;0;SOLEIL;1.8;2.5;0
GAP;44.55;6.07;16/09/2026;00:00;17.7;0;SOLEIL;1.6;2.2;0
GAP;44.55;6.07;16/09/2026;01:00;17.7;0;SOLEIL;1.1;1.8;0
GAP;44.55;6.07;16/09/2026;02:00;15.4;0;SOLEIL;0.7;1.1;0
GAP;44.55;6.07;16/09/2026;03:00;15.4;0;SOLEIL;0.8;1.1;0
GAP;44.55;6.07;16/09/2026;04:00;15.4;0;SOLEIL;1.9;2.2;0
GAP;44.55;6.07;16/09/2026;05:00;16.4;0;SOLEIL;1.5;2.2;0
GAP;44.55;6.07;16/09/2026;06:00;16.4;0;SOLEIL;1.8;2.2;0
GAP;44.55;6.07;16/09/2026;07:00;16.4;0;SOLEIL;3.1;4.3;0
GAP;44.55;6.07;16/09/2026;08:00;22.5;0;SOLEIL;2.4;4.3;0
GAP;44.55;6.07;16/09/2026;09:00;22.5;0;SOLEIL;2.3;5.0;0
GAP;44.55;6.07;16/09/2026;10:00;22.5;0;SOLEIL;0.5;3.2;0
GAP;44.55;6.07;16/09/2026;11:00;27.1;0;SOLEIL;1.8;5.0;0
GAP;44.55;6.07;16/09/2026;12:00;27.1;0;SOLEIL;4.0;9.0;0
GAP;44.55;6.07;16/09/2026;13:00;27.1;0;SOLEIL;11.1;18.4;0
GAP;44.55;6.07;16/09/2026;14:00;28;0;SOLEIL;12.2;18.0;0
GAP;44.55;6.07;16/09/2026;15:00;28;0;SOLEIL;12.0;16.6;0
GAP;44.55;6.07;16/09/2026;16:00;28;0;SOLEIL;12.0;16.9;0
GAP;44.55;6.07;16/09/2026;17:00;21.6;0;SOLEIL;10.7;18.0;0
GAP;44.55;6.07;16/09/2026;18:00;21.6;0;SOLEIL;9.9;19.1;0
GAP;44.55;6.07;16/09/2026;19:00;21.6;0;SOLEIL;7.5;17.6;0
GAP;44.55;6.07;16/09/2026;20:00;17;0;SOLEIL;2.9;11.5;0
GAP;44.55;6.07;16/09/2026;21:00;17;0;SOLEIL;3.1;4.0;0
GAP;44.55;6.07;16/09/2026;22:00;17;0;SOLEIL;2.2;4.7;0
GAP;44.55;6.07;16/09/2026;23:00;14.9;0;SOLEIL;2.5;2.9;0
GAP;44.55;6.07;17/09/2026;00:00;14.9;0;SOLEIL;1.1;2.9;0
GAP;44.55;6.07;17/09/2026;01:00;14.9;0;SOLEIL;1.8;1.8;0
GAP;44.55;6.07;17/09/2026;02:00;13.6;0;SOLEIL;1.4;1.8;0
GAP;44.55;6.07;17/09/2026;03:00;13.6;0;SOLEIL;2.3;2.5;0
GAP;44.55;6.07;17/09/2026;04:00;13.6;0;SOLEIL;2.6;4.0;0
GAP;44.55;6.07;17/09/2026;05:00;14.2;0;SOLEIL;2.5;3.2;0
GAP;44.55;6.07;17/09/2026;06:00;14.2;0;SOLEIL;3.4;4.0;0
GAP;44.55;6.07;17/09/2026;07:00;14.2;0;SOLEIL;1.9;5.0;0
GAP;44.55;6.07;17/09/2026;08:00;19.1;0;SOLEIL;3.4;4.3;0
GAP;44.55;6.07;17/09/2026;09:00;19.1;0;SOLEIL;1.9;5.8;0
GAP;44.55;6.07;17/09/2026;10:00;19.1;0;SOLEIL;0.8;3.2;0
GAP;44.55;6.07;17/09/2026;11:00;23.5;0;SOLEIL;2.0;5.8;0
GAP;44.55;6.07;17/09/2026;12:00;23.5;0;SOLEIL;3.9;9.4;0
GAP;44.55;6.07;17/09/2026;13:00;23.5;0;SOLEIL;7.1;14.4;0
GAP;44.55;6.07;17/09/2026;14:00;24.1;0;SOLEIL;11.2;21.3;0
GAP;44.55;6.07;17/09/2026;15:00;24.1;0;SOLEIL;12.2;23.4;0
GAP;44.55;6.07;17/09/2026;16:00;24.1;0;SOLEIL;13.5;25.2;0
GAP;44.55;6.07;17/09/2026;17:00;19.2;0;SOLEIL;6.5;25.6;0
GAP;44.55;6.07;17/09/2026;18:00;19.2;0;SOLEIL;3.3;14.8;0
GAP;44.55;6.07;17/09/2026;19:00;19.2;0;SOLEIL;2.2;13.0;0
GAP;44.55;6.07;17/09/2026;20:00;18.4;0;SOLEIL;1.3;15.1;0
GAP;44.55;6.07;17/09/2026;21:00;17.0;0;SOLEIL;1.9;8.6;0
GAP;44.55;6.07;17/09/2026;22:00;15.5;0;SOLEIL;2.3;4.7;0
GAP;44.55;6.07;17/09/2026;23:00;13.4;0;SOLEIL;3.6;7.2;0
GAP;44.55;6.07;18/09/2026;00:00;13.4;0;SOLEIL;3.9;5.8;0
GAP;44.55;6.07;18/09/2026;01:00;13.4;0;SOLEIL;4.5;7.2;0
GAP;44.55;6.07;18/09/2026;02:00;8.9;0;SOLEIL;4.4;8.6;0
GAP;44.55;6.07;18/09/2026;03:00;8.9;0;SOLEIL;4.0;7.2;0
GAP;44.55;6.07;18/09/2026;04:00;8.9;0;SOLEIL;4.7;7.6;0
GAP;44.55;6.07;18/09/2026;05:00;10.1;0;SOLEIL;4.7;8.3;0
GAP;44.55;6.07;18/09/2026;06:00;10.1;0;SOLEIL;3.6;8.3;0
GAP;44.55;6.07;18/09/2026;07:00;10.1;0;SOLEIL;4.3;6.8;0
GAP;44.55;6.07;18/09/2026;08:00;12.3;0;SOLEIL;4.7;7.9;0
GAP;44.55;6.07;18/09/2026;09:00;14.0;0;SOLEIL;3.4;7.9;0
GAP;44.55;6.07;18/09/2026;10:00;15.7;0;SOLEIL;3.4;8.6;0
GAP;44.55;6.07;18/09/2026;11:00;23;0;SOLEIL;3.0;9.0;0
GAP;44.55;6.07;18/09/2026;12:00;23;0;SOLEIL;2.2;9.0;0
GAP;44.55;6.07;18/09/2026;13:00;23;0;SOLEIL;1.9;7.9;0
GAP;44.55;6.07;18/09/2026;14:00;22.4;0;SOLEIL;3.2;8.6;0
GAP;44.55;6.07;18/09/2026;15:00;24.1;0;SOLEIL;4.8;10.1;0
GAP;44.55;6.07;18/09/2026;16:00;22.4;0;SOLEIL;6.8;12.6;0
GAP;44.55;6.07;18/09/2026;17:00;16.6;0;SOLEIL;7.0;13.7;0
GAP;44.55;6.07;18/09/2026;18:00;16.6;0;SOLEIL;4.7;13.0;0
GAP;44.55;6.07;18/09/2026;19:00;16.6;0;SOLEIL;0.7;11.5;0
GAP;44.55;6.07;18/09/2026;20:00;15.7;0;SOLEIL;2.3;10.1;0
GAP;44.55;6.07;18/09/2026;21:00;14.0;0;SOLEIL;3.6;9.7;0
GAP;44.55;6.07;18/09/2026;22:00;12.3;0;SOLEIL;4.8;9.4;0
GAP;44.55;6.07;18/09/2026;23:00;12;0;SOLEIL;5.4;9.0;0
GAP;44.55;6.07;19/09/2026;00:00;12;0;SOLEIL;5.2;8.3;0
GAP;44.55;6.07;19/09/2026;01:00;12;0;SOLEIL;4.7;7.2;0
GAP;44.55;6.07;19/09/2026;02:00;9.6;0;SOLEIL;4.3;6.5;0
GAP;44.55;6.07;19/09/2026;03:00;9.6;0;SOLEIL;4.0;6.1;0
GAP;44.55;6.07;19/09/2026;04:00;9.6;0;SOLEIL;3.6;5.8;0
GAP;44.55;6.07;19/09/2026;05:00;11.1;6;AVERSES;3.3;5.8;0
GAP;44.55;6.07;19/09/2026;06:00;11.1;6;AVERSES;3.3;6.1;0
GAP;44.55;6.07;19/09/2026;07:00;11.1;6;AVERSES;3.7;6.5;0
GAP;44.55;6.07;19/09/2026;08:00;13.2;0;SOLEIL;3.4;6.5;0
GAP;44.55;6.07;19/09/2026;09:00;15.1;0;SOLEIL;2.7;6.1;0
GAP;44.55;6.07;19/09/2026;10:00;16.9;0;SOLEIL;1.8;5.4;0
GAP;44.55;6.07;19/09/2026;11:00;24.1;0;SOLEIL;1.1;5.4;0
GAP;44.55;6.07;19/09/2026;12:00;24.1;0;SOLEIL;1.8;6.5;0
GAP;44.55;6.07;19/09/2026;13:00;24.1;0;SOLEIL;3.0;8.3;0
GAP;44.55;6.07;19/09/2026;14:00;24.2;0;SOLEIL;4.3;10.1;0
GAP;44.55;6.07;19/09/2026;15:00;26.0;0;SOLEIL;6.2;11.5;0
GAP;44.55;6.07;19/09/2026;16:00;24.2;0;SOLEIL;7.9;13.3;0
GAP;44.55;6.07;19/09/2026;17:00;18.7;0;SOLEIL;7.8;14.4;0
GAP;44.55;6.07;19/09/2026;18:00;18.7;0;SOLEIL;3.6;15.5;0
GAP;44.55;6.07;19/09/2026;19:00;18.7;0;SOLEIL;4.0;16.2;0
GAP;44.55;6.07;19/09/2026;20:00;16.9;0;SOLEIL;8.3;15.8;0
GAP;44.55;6.07;19/09/2026;21:00;15.1;0;SOLEIL;8.6;14.0;0
GAP;44.55;6.07;19/09/2026;22:00;13.2;0;SOLEIL;6.5;11.5;0
GAP;44.55;6.07;19/09/2026;23:00;14.1;0;SOLEIL;5.2;9.4;0
GAP;44.55;6.07;20/09/2026;00:00;14.1;0;SOLEIL;4.7;8.6;0
GAP;44.55;6.07;20/09/2026;01:00;14.1;0;SOLEIL;5.1;8.6;0
GAP;44.55;6.07;20/09/2026;02:00;11.1;0;SOLEIL;5.0;8.6;0
GAP;44.55;6.07;20/09/2026;03:00;11.1;0;SOLEIL;4.7;7.9;0
GAP;44.55;6.07;20/09/2026;04:00;11.1;0;SOLEIL;4.3;7.2;0
GAP;44.55;6.07;20/09/2026;05:00;12.7;0;SOLEIL;4.3;6.8;0
GAP;44.55;6.07;20/09/2026;06:00;12.7;0;SOLEIL;4.2;6.8;0
GAP;44.55;6.07;20/09/2026;07:00;12.7;0;SOLEIL;4.4;7.0;0
GAP;44.55;6.07;20/09/2026;08:00;14.7;0;SOLEIL;4.3;6.9;0
GAP;44.55;6.07;20/09/2026;09:00;16.5;0;SOLEIL;3.6;6.5;0
GAP;44.55;6.07;20/09/2026;10:00;18.3;0;SOLEIL;2.2;5.8;0
GAP;44.55;6.07;20/09/2026;11:00;26.4;0;SOLEIL;1.6;6.5;0
GAP;44.55;6.07;20/09/2026;12:00;26.4;0;SOLEIL;3.2;9.7;0
GAP;44.55;6.07;20/09/2026;13:00;26.4;0;SOLEIL;5.9;14.4;0
GAP;44.55;6.07;20/09/2026;14:00;25.4;0;SOLEIL;7.9;17.6;0
GAP;44.55;6.07;20/09/2026;15:00;27.2;0;SOLEIL;8.7;19.1;0
GAP;44.55;6.07;20/09/2026;16:00;25.4;0;SOLEIL;8.9;19.4;0
GAP;44.55;6.07;20/09/2026;17:00;20.1;0;SOLEIL;8.3;18.4;0
GAP;44.55;6.07;20/09/2026;18:00;20.1;0;SOLEIL;6.9;15.1;0
GAP;44.55;6.07;20/09/2026;19:00;20.1;0;SOLEIL;4.8;10.8;0
GAP;44.55;6.07;20/09/2026;20:00;18.3;0;SOLEIL;3.3;7.6;0
GAP;44.55;6.07;20/09/2026;21:00;16.5;0;SOLEIL;2.6;6.8;0
GAP;44.55;6.07;20/09/2026;22:00;14.7;0;SOLEIL;2.9;7.2;0
GAP;44.55;6.07;20/09/2026;23:00;15.6;0;SOLEIL;4.0;7.2;0
GAP;44.55;6.07;21/09/2026;00:00;15.6;0;SOLEIL;4.2;6.5;0
GAP;44.55;6.07;21/09/2026;01:00;15.6;0;SOLEIL;3.4;5.0;0
GAP;44.55;6.07;21/09/2026;02:00;12.6;0;SOLEIL;2.9;4.3;0
GAP;44.55;6.07;21/09/2026;03:00;12.6;0;SOLEIL;2.8;4.0;0
GAP;44.55;6.07;21/09/2026;04:00;12.6;0;SOLEIL;2.8;3.6;0
GAP;44.55;6.07;21/09/2026;05:00;14.2;0;SOLEIL;3.1;3.6;0
GAP;44.55;6.07;21/09/2026;06:00;14.2;0;SOLEIL;3.1;3.6;0
GAP;44.55;6.07;21/09/2026;07:00;14.2;0;SOLEIL;3.6;3.6;0
GAP;44.55;6.07;21/09/2026;08:00;16.0;0;SOLEIL;3.3;3.6;0
GAP;44.55;6.07;21/09/2026;09:00;17.7;0;SOLEIL;2.6;3.2;0
GAP;44.55;6.07;21/09/2026;10:00;19.4;0;SOLEIL;1.4;2.9;0
GAP;44.55;6.07;21/09/2026;11:00;27.1;0;SOLEIL;0.8;3.6;0
GAP;44.55;6.07;21/09/2026;12:00;27.1;0;SOLEIL;1.1;6.1;0
GAP;44.55;6.07;21/09/2026;13:00;27.1;0;SOLEIL;2.5;10.1;0
GAP;44.55;6.07;21/09/2026;14:00;26.3;0;SOLEIL;4.1;13.0;0
GAP;44.55;6.07;21/09/2026;15:00;28.0;0;SOLEIL;5.4;14.4;0
GAP;44.55;6.07;21/09/2026;16:00;26.3;0;SOLEIL;6.4;15.1;0
GAP;44.55;6.07;21/09/2026;17:00;20.6;0;SOLEIL;7.1;15.1;0
GAP;44.55;6.07;21/09/2026;18:00;20.6;0;SOLEIL;7.2;14.8;0
GAP;44.55;6.07;21/09/2026;19:00;20.6;0;SOLEIL;6.9;13.7;0
GAP;44.55;6.07;21/09/2026;20:00;19.4;0;SOLEIL;6.6;12.2;0
GAP;44.55;6.07;21/09/2026;21:00;17.7;0;SOLEIL;5.9;10.8;0
GAP;44.55;6.07;21/09/2026;22:00;16.0;0;SOLEIL;4.7;9.0;0
GAP;44.55;6.07;21/09/2026;23:00;15.6;0;SOLEIL;3.7;7.6;0
PERPIGNAN;42.69;2.89;15/09/2026;00:00;25.6;0;SOLEIL;11.4;20.2;0
PERPIGNAN;42.69;2.89;15/09/2026;01:00;24;0;SOLEIL;11.2;29.2;0
PERPIGNAN;42.69;2.89;15/09/2026;02:00;23.5;0;SOLEIL;10.3;22.0;0
PERPIGNAN;42.69;2.89;15/09/2026;03:00;21.6;0;SOLEIL;10.8;19.4;0
PERPIGNAN;42.69;2.89;15/09/2026;04:00;21.9;0;SOLEIL;10.8;16.9;0
PERPIGNAN;42.69;2.89;15/09/2026;05:00;20.6;0;SOLEIL;8.9;11.2;0
PERPIGNAN;42.69;2.89;15/09/2026;06:00;22.3;0;SOLEIL;5.8;10.1;0
PERPIGNAN;42.69;2.89;15/09/2026;07:00;24;0;SOLEIL;4.6;9.4;0
PERPIGNAN;42.69;2.89;15/09/2026;08:00;26.3;0;SOLEIL;8.7;16.6;0
PERPIGNAN;42.69;2.89;15/09/2026;09:00;27.7;0;SOLEIL;7.6;30.6;0
PERPIGNAN;42.69;2.89;15/09/2026;10:00;28.1;0;SOLEIL;14.0;29.5;0
PERPIGNAN;42.69;2.89;15/09/2026;11:00;28.4;0;SOLEIL;9.4;26.3;0
PERPIGNAN;42.69;2.89;15/09/2026;12:00;28.1;0;SOLEIL;13.0;27.7;0
PERPIGNAN;42.69;2.89;15/09/2026;13:00;28.1;0;SOLEIL;9.4;21.2;0
PERPIGNAN;42.69;2.89;15/09/2026;14:00;27.7;0;SOLEIL;3.6;16.9;0
PERPIGNAN;42.69;2.89;15/09/2026;15:00;27.2;0;SOLEIL;2.5;19.4;0
PERPIGNAN;42.69;2.89;15/09/2026;16:00;26.2;0;SOLEIL;4.8;20.5;0
PERPIGNAN;42.69;2.89;15/09/2026;17:00;25.2;0;SOLEIL;11.6;27.4;0
PERPIGNAN;42.69;2.89;15/09/2026;18:00;24.4;0;SOLEIL;10.7;22.0;0
PERPIGNAN;42.69;2.89;15/09/2026;19:00;23.6;0;SOLEIL;8.4;18.4;0
PERPIGNAN;42.69;2.89;15/09/2026;20:00;23.6;0;SOLEIL;6.4;12.8;0
PERPIGNAN;42.69;2.89;15/09/2026;21:00;23.9;0;SOLEIL;9.7;15.9;0
PERPIGNAN;42.69;2.89;15/09/2026;22:00;24.6;0;SOLEIL;10.8;17.6;0
PERPIGNAN;42.69;2.89;15/09/2026;23:00;25.4;0;SOLEIL;9.1;17.3;0
PERPIGNAN;42.69;2.89;16/09/2026;00:00;24.3;0;SOLEIL;11.4;19.8;0
PERPIGNAN;42.69;2.89;16/09/2026;01:00;24.3;0;SOLEIL;5.6;20.2;0
PERPIGNAN;42.69;2.89;16/09/2026;02:00;22.5;0;SOLEIL;5.1;7.9;0
PERPIGNAN;42.69;2.89;16/09/2026;03:00;22.5;0;SOLEIL;6.5;11.5;0
PERPIGNAN;42.69;2.89;16/09/2026;04:00;22.5;0;SOLEIL;6.8;10.1;0
PERPIGNAN;42.69;2.89;16/09/2026;05:00;21.2;0;SOLEIL;6.1;10.8;0
PERPIGNAN;42.69;2.89;16/09/2026;06:00;21.2;0;SOLEIL;4.6;6.8;0
PERPIGNAN;42.69;2.89;16/09/2026;07:00;21.2;0;SOLEIL;7.6;13.0;0
PERPIGNAN;42.69;2.89;16/09/2026;08:00;24.6;0;SOLEIL;7.9;14.0;0
PERPIGNAN;42.69;2.89;16/09/2026;09:00;24.6;0;SOLEIL;7.6;15.1;0
PERPIGNAN;42.69;2.89;16/09/2026;10:00;24.6;0;SOLEIL;6.1;15.1;0
PERPIGNAN;42.69;2.89;16/09/2026;11:00;25.5;0;SOLEIL;7.4;18.4;0
PERPIGNAN;42.69;2.89;16/09/2026;12:00;25.5;0;SOLEIL;11.1;24.1;0
PERPIGNAN;42.69;2.89;16/09/2026;13:00;25.5;0;SOLEIL;12.5;26.6;0
PERPIGNAN;42.69;2.89;16/09/2026;14:00;24.1;2;NUAGEUX;12.3;26.6;0
PERPIGNAN;42.69;2.89;16/09/2026;15:00;24.1;2;NUAGEUX;13.0;27.4;0
PERPIGNAN;42.69;2.89;16/09/2026;16:00;24.1;2;NUAGEUX;13.0;27.4;0
PERPIGNAN;42.69;2.89;16/09/2026;17:00;22.7;10;ORAGEUX;13.0;26.6;0
PERPIGNAN;42.69;2.89;16/09/2026;18:00;22.7;10;ORAGEUX;10.5;25.9;0
PERPIGNAN;42.69;2.89;16/09/2026;19:00;22.7;10;ORAGEUX;8.9;21.6;0
PERPIGNAN;42.69;2.89;16/09/2026;20:00;21.7;10;ORAGEUX;6.6;17.6;0
PERPIGNAN;42.69;2.89;16/09/2026;21:00;21.7;10;ORAGEUX;5.4;11.5;0
PERPIGNAN;42.69;2.89;16/09/2026;22:00;21.7;10;ORAGEUX;5.0;8.6;0
PERPIGNAN;42.69;2.89;16/09/2026;23:00;22;0;SOLEIL;5.4;12.6;0
PERPIGNAN;42.69;2.89;17/09/2026;00:00;22;0;SOLEIL;4.9;10.1;0
PERPIGNAN;42.69;2.89;17/09/2026;01:00;22;0;SOLEIL;14.8;28.8;0
PERPIGNAN;42.69;2.89;17/09/2026;02:00;19.7;0;SOLEIL;22.5;46.4;0
PERPIGNAN;42.69;2.89;17/09/2026;03:00;19.7;0;SOLEIL;26.6;54.4;0
PERPIGNAN;42.69;2.89;17/09/2026;04:00;19.7;0;SOLEIL;24.7;53.6;0
PERPIGNAN;42.69;2.89;17/09/2026;05:00;17.9;0;SOLEIL;23.4;51.5;0
PERPIGNAN;42.69;2.89;17/09/2026;06:00;17.9;0;SOLEIL;20.5;47.2;0
PERPIGNAN;42.69;2.89;17/09/2026;07:00;17.9;0;SOLEIL;19.2;42.5;0
PERPIGNAN;42.69;2.89;17/09/2026;08:00;21.9;0;SOLEIL;21.9;44.6;0
PERPIGNAN;42.69;2.89;17/09/2026;09:00;21.9;0;SOLEIL;19.4;44.3;0
PERPIGNAN;42.69;2.89;17/09/2026;10:00;21.9;0;SOLEIL;18.6;38.5;0
PERPIGNAN;42.69;2.89;17/09/2026;11:00;24.5;0;SOLEIL;20.6;40.7;0
PERPIGNAN;42.69;2.89;17/09/2026;12:00;24.5;0;SOLEIL;24.2;46.8;0
PERPIGNAN;42.69;2.89;17/09/2026;13:00;24.5;0;SOLEIL;27.1;50.6;0
PERPIGNAN;42.69;2.89;17/09/2026;14:00;25.4;0;SOLEIL;28.5;52.3;0
PERPIGNAN;42.69;2.89;17/09/2026;15:00;25.4;0;SOLEIL;29.5;54.4;0
PERPIGNAN;42.69;2.89;17/09/2026;16:00;25.4;0;SOLEIL;29.6;56.2;0
PERPIGNAN;42.69;2.89;17/09/2026;17:00;23.2;0;SOLEIL;26.9;55.1;0
PERPIGNAN;42.69;2.89;17/09/2026;18:00;23.2;0;SOLEIL;25.7;50.4;0
PERPIGNAN;42.69;2.89;17/09/2026;19:00;23.2;0;SOLEIL;25.4;49.3;0
PERPIGNAN;42.69;2.89;17/09/2026;20:00;21.5;0;SOLEIL;26.0;46.8;0
PERPIGNAN;42.69;2.89;17/09/2026;21:00;20.5;0;SOLEIL;29.2;49.3;0
PERPIGNAN;42.69;2.89;17/09/2026;22:00;19.4;0;SOLEIL;29.1;50.0;0
PERPIGNAN;42.69;2.89;17/09/2026;23:00;21.4;2;NUAGEUX;26.6;50.0;0
PERPIGNAN;42.69;2.89;18/09/2026;00:00;21.4;2;NUAGEUX;25.3;44.6;0
PERPIGNAN;42.69;2.89;18/09/2026;01:00;21.4;2;NUAGEUX;27.3;43.6;0
PERPIGNAN;42.69;2.89;18/09/2026;02:00;17.5;0;SOLEIL;28.1;46.4;0
PERPIGNAN;42.69;2.89;18/09/2026;03:00;17.5;0;SOLEIL;28.5;47.9;0
PERPIGNAN;42.69;2.89;18/09/2026;04:00;17.5;0;SOLEIL;27.5;46.8;0
PERPIGNAN;42.69;2.89;18/09/2026;05:00;18.4;0;SOLEIL;23.9;45.4;0
PERPIGNAN;42.69;2.89;18/09/2026;06:00;18.4;0;SOLEIL;22.9;39.2;0
PERPIGNAN;42.69;2.89;18/09/2026;07:00;18.4;0;SOLEIL;22.7;37.4;0
PERPIGNAN;42.69;2.89;18/09/2026;08:00;19.9;0;SOLEIL;24.4;40.0;0
PERPIGNAN;42.69;2.89;18/09/2026;09:00;21.1;0;SOLEIL;24.4;40.7;0
PERPIGNAN;42.69;2.89;18/09/2026;10:00;22.3;0;SOLEIL;25.5;43.2;0
PERPIGNAN;42.69;2.89;18/09/2026;11:00;27;0;SOLEIL;24.8;43.6;0
PERPIGNAN;42.69;2.89;18/09/2026;12:00;27;0;SOLEIL;25.4;45.7;0
PERPIGNAN;42.69;2.89;18/09/2026;13:00;27;0;SOLEIL;26.9;49.0;0
PERPIGNAN;42.69;2.89;18/09/2026;14:00;27.2;0;SOLEIL;26.2;49.0;0
PERPIGNAN;42.69;2.89;18/09/2026;15:00;28.4;0;SOLEIL;25.4;47.9;0
PERPIGNAN;42.69;2.89;18/09/2026;16:00;27.2;0;SOLEIL;25.0;46.4;0
PERPIGNAN;42.69;2.89;18/09/2026;17:00;25.2;0;SOLEIL;25.3;45.7;0
PERPIGNAN;42.69;2.89;18/09/2026;18:00;25.2;0;SOLEIL;27.2;47.2;0
PERPIGNAN;42.69;2.89;18/09/2026;19:00;25.2;0;SOLEIL;27.0;47.2;0
PERPIGNAN;42.69;2.89;18/09/2026;20:00;22.3;0;SOLEIL;24.3;45.4;0
PERPIGNAN;42.69;2.89;18/09/2026;21:00;21.1;0;SOLEIL;21.2;38.9;0
PERPIGNAN;42.69;2.89;18/09/2026;22:00;19.9;0;SOLEIL;18.6;33.1;0
PERPIGNAN;42.69;2.89;18/09/2026;23:00;21.1;0;SOLEIL;18.8;29.9;0
PERPIGNAN;42.69;2.89;19/09/2026;00:00;21.1;0;SOLEIL;20.4;33.1;0
PERPIGNAN;42.69;2.89;19/09/2026;01:00;21.1;0;SOLEIL;17.3;32.4;0
PERPIGNAN;42.69;2.89;19/09/2026;02:00;18.1;0;SOLEIL;22.2;34.9;0
PERPIGNAN;42.69;2.89;19/09/2026;03:00;18.1;0;SOLEIL;25.9;41.8;0
PERPIGNAN;42.69;2.89;19/09/2026;04:00;18.1;0;SOLEIL;26.2;42.8;0
PERPIGNAN;42.69;2.89;19/09/2026;05:00;19.2;0;SOLEIL;26.2;42.8;0
PERPIGNAN;42.69;2.89;19/09/2026;06:00;19.2;0;SOLEIL;24.5;42.8;0
PERPIGNAN;42.69;2.89;19/09/2026;07:00;19.2;0;SOLEIL;23.2;40.0;0
PERPIGNAN;42.69;2.89;19/09/2026;08:00;20.4;0;SOLEIL;25.2;42.1;0
PERPIGNAN;42.69;2.89;19/09/2026;09:00;21.5;0;SOLEIL;24.7;42.8;0
PERPIGNAN;42.69;2.89;19/09/2026;10:00;22.7;0;SOLEIL;26.2;47.2;0
PERPIGNAN;42.69;2.89;19/09/2026;11:00;27;0;SOLEIL;28.5;51.5;0
PERPIGNAN;42.69;2.89;19/09/2026;12:00;27;0;SOLEIL;25.0;48.6;0
PERPIGNAN;42.69;2.89;19/09/2026;13:00;27;0;SOLEIL;21.0;45.0;0
PERPIGNAN;42.69;2.89;19/09/2026;14:00;27.3;0;SOLEIL;17.7;43.4;0
PERPIGNAN;42.69;2.89;19/09/2026;15:00;28.4;0;SOLEIL;17.2;45.4;0
PERPIGNAN;42.69;2.89;19/09/2026;16:00;27.3;0;SOLEIL;20.6;50.4;0
PERPIGNAN;42.69;2.89;19/09/2026;17:00;24.6;0;SOLEIL;22.8;53.6;0
PERPIGNAN;42.69;2.89;19/09/2026;18:00;24.6;0;SOLEIL;22.1;54.4;0
PERPIGNAN;42.69;2.89;19/09/2026;19:00;24.6;0;SOLEIL;19.8;54.0;0
PERPIGNAN;42.69;2.89;19/09/2026;20:00;22.7;0;SOLEIL;18.2;51.8;0
PERPIGNAN;42.69;2.89;19/09/2026;21:00;21.5;0;SOLEIL;17.9;47.5;0
PERPIGNAN;42.69;2.89;19/09/2026;22:00;20.4;0;SOLEIL;18.2;41.8;0
PERPIGNAN;42.69;2.89;19/09/2026;23:00;21.1;0;SOLEIL;18.4;37.8;0
PERPIGNAN;42.69;2.89;20/09/2026;00:00;21.1;0;SOLEIL;18.3;36.7;0
PERPIGNAN;42.69;2.89;20/09/2026;01:00;21.1;0;SOLEIL;18.0;37.4;0
PERPIGNAN;42.69;2.89;20/09/2026;02:00;18.2;0;SOLEIL;17.2;37.4;0
PERPIGNAN;42.69;2.89;20/09/2026;03:00;18.2;0;SOLEIL;15.6;36.4;0
PERPIGNAN;42.69;2.89;20/09/2026;04:00;18.2;0;SOLEIL;13.5;34.6;0
PERPIGNAN;42.69;2.89;20/09/2026;05:00;19.6;0;SOLEIL;11.9;32.4;0
PERPIGNAN;42.69;2.89;20/09/2026;06:00;19.6;0;SOLEIL;11.0;28.8;0
PERPIGNAN;42.69;2.89;20/09/2026;07:00;19.6;0;SOLEIL;11.4;24.5;0
PERPIGNAN;42.69;2.89;20/09/2026;08:00;20.5;0;SOLEIL;12.4;23.4;0
PERPIGNAN;42.69;2.89;20/09/2026;09:00;21.7;0;SOLEIL;14.4;27.7;0
PERPIGNAN;42.69;2.89;20/09/2026;10:00;22.8;0;SOLEIL;17.0;34.9;0
PERPIGNAN;42.69;2.89;20/09/2026;11:00;27.5;0;SOLEIL;18.7;40.7;0
PERPIGNAN;42.69;2.89;20/09/2026;12:00;27.5;0;SOLEIL;18.3;43.2;0
PERPIGNAN;42.69;2.89;20/09/2026;13:00;27.5;0;SOLEIL;17.1;43.9;0
PERPIGNAN;42.69;2.89;20/09/2026;14:00;27.4;0;SOLEIL;15.8;43.6;0
PERPIGNAN;42.69;2.89;20/09/2026;15:00;28.6;0;SOLEIL;14.9;42.1;0
PERPIGNAN;42.69;2.89;20/09/2026;16:00;27.4;0;SOLEIL;14.0;39.6;0
PERPIGNAN;42.69;2.89;20/09/2026;17:00;25.2;0;SOLEIL;13.5;37.1;0
PERPIGNAN;42.69;2.89;20/09/2026;18:00;25.2;0;SOLEIL;12.9;35.3;0
PERPIGNAN;42.69;2.89;20/09/2026;19:00;25.2;0;SOLEIL;13.1;33.5;0
PERPIGNAN;42.69;2.89;20/09/2026;20:00;22.8;0;SOLEIL;14.0;32.0;0
PERPIGNAN;42.69;2.89;20/09/2026;21:00;21.7;0;SOLEIL;15.0;31.3;0
PERPIGNAN;42.69;2.89;20/09/2026;22:00;20.5;0;SOLEIL;15.9;31.0;0
PERPIGNAN;42.69;2.89;20/09/2026;23:00;22.4;0;SOLEIL;16.1;30.6;0
PERPIGNAN;42.69;2.89;21/09/2026;00:00;22.4;0;SOLEIL;14.9;31.0;0
PERPIGNAN;42.69;2.89;21/09/2026;01:00;22.4;0;SOLEIL;12.7;31.3;0
PERPIGNAN;42.69;2.89;21/09/2026;02:00;19.6;0;SOLEIL;10.8;30.6;0
PERPIGNAN;42.69;2.89;21/09/2026;03:00;19.6;0;SOLEIL;9.2;27.7;0
PERPIGNAN;42.69;2.89;21/09/2026;04:00;19.6;0;SOLEIL;7.9;23.4;0
PERPIGNAN;42.69;2.89;21/09/2026;05:00;20.9;0;SOLEIL;7.1;19.8;0
PERPIGNAN;42.69;2.89;21/09/2026;06:00;20.9;0;SOLEIL;7.0;17.3;0
PERPIGNAN;42.69;2.89;21/09/2026;07:00;20.9;0;SOLEIL;7.2;15.1;0
PERPIGNAN;42.69;2.89;21/09/2026;08:00;21.8;0;SOLEIL;7.3;13.7;0
PERPIGNAN;42.69;2.89;21/09/2026;09:00;22.9;0;SOLEIL;5.2;26.3;0
PERPIGNAN;42.69;2.89;21/09/2026;10:00;24.0;0;SOLEIL;4.3;27.4;0
PERPIGNAN;42.69;2.89;21/09/2026;11:00;28.5;0;SOLEIL;6.1;29.2;0
PERPIGNAN;42.69;2.89;21/09/2026;12:00;28.5;0;SOLEIL;9.1;30.6;0
PERPIGNAN;42.69;2.89;21/09/2026;13:00;28.5;0;SOLEIL;11.4;32.0;0
PERPIGNAN;42.69;2.89;21/09/2026;14:00;28.4;0;SOLEIL;12.4;33.1;0
PERPIGNAN;42.69;2.89;21/09/2026;15:00;29.5;0;SOLEIL;11.5;33.5;0
PERPIGNAN;42.69;2.89;21/09/2026;16:00;28.4;0;SOLEIL;9.0;33.5;0
PERPIGNAN;42.69;2.89;21/09/2026;17:00;25.6;0;SOLEIL;5.7;33.5;0
PERPIGNAN;42.69;2.89;21/09/2026;18:00;25.6;0;SOLEIL;2.0;33.1;0
PERPIGNAN;42.69;2.89;21/09/2026;19:00;25.6;0;SOLEIL;2.2;33.1;0
PERPIGNAN;42.69;2.89;21/09/2026;20:00;24.0;0;SOLEIL;5.2;33.5;0
PERPIGNAN;42.69;2.89;21/09/2026;21:00;22.9;0;SOLEIL;8.0;34.2;0
PERPIGNAN;42.69;2.89;21/09/2026;22:00;21.8;0;SOLEIL;10.7;35.6;0
PERPIGNAN;42.69;2.89;21/09/2026;23:00;21.7;0;SOLEIL;13.5;37.1;0
MONTPELLIER;43.61;3.87;15/09/2026;00:00;23.4;0;SOLEIL;4.3;8.3;0
MONTPELLIER;43.61;3.87;15/09/2026;01:00;22.3;0;SOLEIL;4.3;8.6;0
MONTPELLIER;43.61;3.87;15/09/2026;02:00;22;0;SOLEIL;4.8;9.4;0
MONTPELLIER;43.61;3.87;15/09/2026;03:00;21.6;0;SOLEIL;5.3;10.4;0
MONTPELLIER;43.61;3.87;15/09/2026;04:00;21.1;0;SOLEIL;5.1;10.4;0
MONTPELLIER;43.61;3.87;15/09/2026;05:00;20.3;0;SOLEIL;5.5;10.1;0
MONTPELLIER;43.61;3.87;15/09/2026;06:00;20.6;0;SOLEIL;5.2;10.8;0
MONTPELLIER;43.61;3.87;15/09/2026;07:00;22.3;0;SOLEIL;5.3;10.4;0
MONTPELLIER;43.61;3.87;15/09/2026;08:00;23.6;0;SOLEIL;5.4;10.1;0
MONTPELLIER;43.61;3.87;15/09/2026;09:00;24.7;0;SOLEIL;4.3;10.1;0
MONTPELLIER;43.61;3.87;15/09/2026;10:00;25.5;0;SOLEIL;4.4;9.0;0
MONTPELLIER;43.61;3.87;15/09/2026;11:00;26.9;0;SOLEIL;7.0;12.6;0
MONTPELLIER;43.61;3.87;15/09/2026;12:00;27.4;0;SOLEIL;6.4;15.8;0
MONTPELLIER;43.61;3.87;15/09/2026;13:00;27.9;0;SOLEIL;6.1;15.1;0
MONTPELLIER;43.61;3.87;15/09/2026;14:00;27.2;0;SOLEIL;6.3;14.8;0
MONTPELLIER;43.61;3.87;15/09/2026;15:00;26.6;0;SOLEIL;6.1;14.4;0
MONTPELLIER;43.61;3.87;15/09/2026;16:00;25.5;0;SOLEIL;5.2;14.4;0
MONTPELLIER;43.61;3.87;15/09/2026;17:00;24.7;0;SOLEIL;2.3;12.2;0
MONTPELLIER;43.61;3.87;15/09/2026;18:00;23.8;0;SOLEIL;5.0;11.2;0
MONTPELLIER;43.61;3.87;15/09/2026;19:00;23.2;0;SOLEIL;8.3;17.3;0
MONTPELLIER;43.61;3.87;15/09/2026;20:00;22.7;0;SOLEIL;5.1;17.3;0
MONTPELLIER;43.61;3.87;15/09/2026;21:00;22.3;0;SOLEIL;3.7;9.0;0
MONTPELLIER;43.61;3.87;15/09/2026;22:00;21.6;0;SOLEIL;1.8;6.8;0
MONTPELLIER;43.61;3.87;15/09/2026;23:00;21.4;0;SOLEIL;1.1;2.5;0
MONTPELLIER;43.61;3.87;16/09/2026;00:00;21.2;0;SOLEIL;1.9;1.8;0
MONTPELLIER;43.61;3.87;16/09/2026;01:00;21.2;0;SOLEIL;2.9;4.7;0
MONTPELLIER;43.61;3.87;16/09/2026;02:00;22;0;SOLEIL;3.6;6.1;0
MONTPELLIER;43.61;3.87;16/09/2026;03:00;22;0;SOLEIL;2.9;6.5;0
MONTPELLIER;43.61;3.87;16/09/2026;04:00;22;0;SOLEIL;2.6;5.0;0
MONTPELLIER;43.61;3.87;16/09/2026;05:00;22;0;SOLEIL;3.0;6.1;0
MONTPELLIER;43.61;3.87;16/09/2026;06:00;22;0;SOLEIL;3.3;6.5;0
MONTPELLIER;43.61;3.87;16/09/2026;07:00;22;0;SOLEIL;3.3;6.8;0
MONTPELLIER;43.61;3.87;16/09/2026;08:00;26;0;SOLEIL;2.9;6.5;0
MONTPELLIER;43.61;3.87;16/09/2026;09:00;26;0;SOLEIL;1.9;5.4;0
MONTPELLIER;43.61;3.87;16/09/2026;10:00;26;0;SOLEIL;4.7;10.4;0
MONTPELLIER;43.61;3.87;16/09/2026;11:00;29.1;0;SOLEIL;5.2;12.2;0
MONTPELLIER;43.61;3.87;16/09/2026;12:00;29.1;0;SOLEIL;7.2;16.6;0
MONTPELLIER;43.61;3.87;16/09/2026;13:00;29.1;0;SOLEIL;10.8;18.0;0
MONTPELLIER;43.61;3.87;16/09/2026;14:00;27.1;0;SOLEIL;13.3;21.2;0
MONTPELLIER;43.61;3.87;16/09/2026;15:00;27.1;0;SOLEIL;14.8;24.8;0
MONTPELLIER;43.61;3.87;16/09/2026;16:00;27.1;0;SOLEIL;14.3;24.8;0
MONTPELLIER;43.61;3.87;16/09/2026;17:00;23.4;10;ORAGEUX;14.1;27.4;0
MONTPELLIER;43.61;3.87;16/09/2026;18:00;23.4;10;ORAGEUX;13.3;29.9;0
MONTPELLIER;43.61;3.87;16/09/2026;19:00;23.4;10;ORAGEUX;11.5;27.4;0
MONTPELLIER;43.61;3.87;16/09/2026;20:00;22.4;10;ORAGEUX;8.7;23.4;0
MONTPELLIER;43.61;3.87;16/09/2026;21:00;22.4;10;ORAGEUX;6.0;15.5;0
MONTPELLIER;43.61;3.87;16/09/2026;22:00;22.4;10;ORAGEUX;4.6;11.5;0
MONTPELLIER;43.61;3.87;16/09/2026;23:00;21.1;0;SOLEIL;3.5;9.0;0
MONTPELLIER;43.61;3.87;17/09/2026;00:00;21.1;0;SOLEIL;3.2;7.2;0
MONTPELLIER;43.61;3.87;17/09/2026;01:00;21.1;0;SOLEIL;1.9;5.8;0
MONTPELLIER;43.61;3.87;17/09/2026;02:00;19.6;0;SOLEIL;0.4;3.6;0
MONTPELLIER;43.61;3.87;17/09/2026;03:00;19.6;0;SOLEIL;3.6;6.5;0
MONTPELLIER;43.61;3.87;17/09/2026;04:00;19.6;0;SOLEIL;3.6;7.2;0
MONTPELLIER;43.61;3.87;17/09/2026;05:00;19;0;SOLEIL;2.9;7.2;0
MONTPELLIER;43.61;3.87;17/09/2026;06:00;19;0;SOLEIL;2.4;5.4;0
MONTPELLIER;43.61;3.87;17/09/2026;07:00;19;0;SOLEIL;2.9;5.8;0
MONTPELLIER;43.61;3.87;17/09/2026;08:00;23;0;SOLEIL;3.2;6.5;0
MONTPELLIER;43.61;3.87;17/09/2026;09:00;23;0;SOLEIL;3.3;6.5;0
MONTPELLIER;43.61;3.87;17/09/2026;10:00;23;0;SOLEIL;6.5;13.7;0
MONTPELLIER;43.61;3.87;17/09/2026;11:00;26.9;0;SOLEIL;10.7;22.7;0
MONTPELLIER;43.61;3.87;17/09/2026;12:00;26.9;0;SOLEIL;9.4;23.7;0
MONTPELLIER;43.61;3.87;17/09/2026;13:00;26.9;0;SOLEIL;7.3;20.7;0
MONTPELLIER;43.61;3.87;17/09/2026;14:00;28.5;0;SOLEIL;8.2;19.0;0
MONTPELLIER;43.61;3.87;17/09/2026;15:00;28.5;0;SOLEIL;11.2;24.8;0
MONTPELLIER;43.61;3.87;17/09/2026;16:00;28.5;0;SOLEIL;16.7;32.8;0
MONTPELLIER;43.61;3.87;17/09/2026;17:00;25.6;0;SOLEIL;19.4;38.9;0
MONTPELLIER;43.61;3.87;17/09/2026;18:00;25.6;0;SOLEIL;19.1;38.9;0
MONTPELLIER;43.61;3.87;17/09/2026;19:00;25.6;0;SOLEIL;22.2;44.6;0
MONTPELLIER;43.61;3.87;17/09/2026;20:00;23.2;0;SOLEIL;21.7;45.4;0
MONTPELLIER;43.61;3.87;17/09/2026;21:00;22.0;0;SOLEIL;9.7;43.2;0
MONTPELLIER;43.61;3.87;17/09/2026;22:00;20.8;0;SOLEIL;4.3;18.7;0
MONTPELLIER;43.61;3.87;17/09/2026;23:00;21;2;NUAGEUX;3.0;6.1;0
MONTPELLIER;43.61;3.87;18/09/2026;00:00;21;2;NUAGEUX;4.0;6.5;0
MONTPELLIER;43.61;3.87;18/09/2026;01:00;21;2;NUAGEUX;4.0;8.3;0
MONTPELLIER;43.61;3.87;18/09/2026;02:00;17.1;0;SOLEIL;4.6;9.0;0
MONTPELLIER;43.61;3.87;18/09/2026;03:00;17.1;0;SOLEIL;5.9;11.9;0
MONTPELLIER;43.61;3.87;18/09/2026;04:00;17.1;0;SOLEIL;6.3;12.2;0
MONTPELLIER;43.61;3.87;18/09/2026;05:00;18.1;0;SOLEIL;5.5;12.2;0
MONTPELLIER;43.61;3.87;18/09/2026;06:00;18.1;0;SOLEIL;6.2;12.2;0
MONTPELLIER;43.61;3.87;18/09/2026;07:00;18.1;0;SOLEIL;7.0;14.0;0
MONTPELLIER;43.61;3.87;18/09/2026;08:00;19.5;0;SOLEIL;7.4;14.4;0
MONTPELLIER;43.61;3.87;18/09/2026;09:00;20.7;0;SOLEIL;10.6;20.5;0
MONTPELLIER;43.61;3.87;18/09/2026;10:00;21.9;0;SOLEIL;13.6;27.4;0
MONTPELLIER;43.61;3.87;18/09/2026;11:00;26.5;0;SOLEIL;13.5;28.4;0
MONTPELLIER;43.61;3.87;18/09/2026;12:00;26.5;0;SOLEIL;12.5;28.1;0
MONTPELLIER;43.61;3.87;18/09/2026;13:00;26.5;0;SOLEIL;10.6;26.3;0
MONTPELLIER;43.61;3.87;18/09/2026;14:00;26.7;0;SOLEIL;8.4;22.7;0
MONTPELLIER;43.61;3.87;18/09/2026;15:00;27.9;0;SOLEIL;5.1;18.0;0
MONTPELLIER;43.61;3.87;18/09/2026;16:00;26.7;0;SOLEIL;3.3;12.6;0
MONTPELLIER;43.61;3.87;18/09/2026;17:00;24.6;0;SOLEIL;2.7;12.2;0
MONTPELLIER;43.61;3.87;18/09/2026;18:00;24.6;0;SOLEIL;5.4;21.6;0
MONTPELLIER;43.61;3.87;18/09/2026;19:00;24.6;0;SOLEIL;15.6;35.6;0
MONTPELLIER;43.61;3.87;18/09/2026;20:00;21.9;0;SOLEIL;22.0;43.9;0
MONTPELLIER;43.61;3.87;18/09/2026;21:00;20.7;0;SOLEIL;21.5;41.0;0
MONTPELLIER;43.61;3.87;18/09/2026;22:00;19.5;0;SOLEIL;17.3;32.8;0
MONTPELLIER;43.61;3.87;18/09/2026;23:00;18.5;0;SOLEIL;13.2;25.2;0
MONTPELLIER;43.61;3.87;19/09/2026;00:00;18.5;0;SOLEIL;10.2;21.2;0
MONTPELLIER;43.61;3.87;19/09/2026;01:00;18.5;0;SOLEIL;7.6;18.4;0
MONTPELLIER;43.61;3.87;19/09/2026;02:00;14.9;0;SOLEIL;6.2;16.2;0
MONTPELLIER;43.61;3.87;19/09/2026;03:00;14.9;0;SOLEIL;5.8;14.4;0
MONTPELLIER;43.61;3.87;19/09/2026;04:00;14.9;0;SOLEIL;5.9;13.0;0
MONTPELLIER;43.61;3.87;19/09/2026;05:00;16.2;0;SOLEIL;6.2;12.2;0
MONTPELLIER;43.61;3.87;19/09/2026;06:00;16.2;0;SOLEIL;5.8;11.2;0
MONTPELLIER;43.61;3.87;19/09/2026;07:00;16.2;0;SOLEIL;5.8;10.8;0
MONTPELLIER;43.61;3.87;19/09/2026;08:00;17.9;0;SOLEIL;6.0;11.5;0
MONTPELLIER;43.61;3.87;19/09/2026;09:00;19.5;0;SOLEIL;7.5;14.8;0
MONTPELLIER;43.61;3.87;19/09/2026;10:00;21.0;0;SOLEIL;9.4;19.4;0
MONTPELLIER;43.61;3.87;19/09/2026;11:00;27.1;0;SOLEIL;10.7;22.3;0
MONTPELLIER;43.61;3.87;19/09/2026;12:00;27.1;0;SOLEIL;9.7;20.5;0
MONTPELLIER;43.61;3.87;19/09/2026;13:00;27.1;0;SOLEIL;7.7;17.3;0
MONTPELLIER;43.61;3.87;19/09/2026;14:00;27.1;0;SOLEIL;5.3;15.5;0
MONTPELLIER;43.61;3.87;19/09/2026;15:00;28.6;0;SOLEIL;2.5;17.6;0
MONTPELLIER;43.61;3.87;19/09/2026;16:00;27.1;0;SOLEIL;3.3;22.0;0
MONTPELLIER;43.61;3.87;19/09/2026;17:00;24.6;0;SOLEIL;4.0;26.3;0
MONTPELLIER;43.61;3.87;19/09/2026;18:00;24.6;0;SOLEIL;3.6;32.4;0
MONTPELLIER;43.61;3.87;19/09/2026;19:00;24.6;0;SOLEIL;11.2;38.9;0
MONTPELLIER;43.61;3.87;19/09/2026;20:00;21.0;0;SOLEIL;16.0;40.0;0
MONTPELLIER;43.61;3.87;19/09/2026;21:00;19.5;0;SOLEIL;13.5;30.2;0
MONTPELLIER;43.61;3.87;19/09/2026;22:00;17.9;0;SOLEIL;7.2;15.5;0
MONTPELLIER;43.61;3.87;19/09/2026;23:00;18.6;0;SOLEIL;3.1;4.7;0
MONTPELLIER;43.61;3.87;20/09/2026;00:00;18.6;0;SOLEIL;2.4;3.2;0
MONTPELLIER;43.61;3.87;20/09/2026;01:00;18.6;0;SOLEIL;3.6;6.1;0
MONTPELLIER;43.61;3.87;20/09/2026;02:00;15.5;0;SOLEIL;4.6;9.0;0
MONTPELLIER;43.61;3.87;20/09/2026;03:00;15.5;0;SOLEIL;5.1;10.1;0
MONTPELLIER;43.61;3.87;20/09/2026;04:00;15.5;0;SOLEIL;5.4;11.2;0
MONTPELLIER;43.61;3.87;20/09/2026;05:00;17;0;SOLEIL;5.6;11.5;0
MONTPELLIER;43.61;3.87;20/09/2026;06:00;17;0;SOLEIL;5.7;11.4;0
MONTPELLIER;43.61;3.87;20/09/2026;07:00;17;0;SOLEIL;5.9;11.0;0
MONTPELLIER;43.61;3.87;20/09/2026;08:00;18.8;0;SOLEIL;5.7;10.8;0
MONTPELLIER;43.61;3.87;20/09/2026;09:00;20.4;0;SOLEIL;5.1;10.1;0
MONTPELLIER;43.61;3.87;20/09/2026;10:00;22.0;0;SOLEIL;4.4;9.7;0
MONTPELLIER;43.61;3.87;20/09/2026;11:00;29.1;0;SOLEIL;3.5;9.7;0
MONTPELLIER;43.61;3.87;20/09/2026;12:00;29.1;0;SOLEIL;3.2;10.1;0
MONTPELLIER;43.61;3.87;20/09/2026;13:00;29.1;0;SOLEIL;3.7;10.8;0
MONTPELLIER;43.61;3.87;20/09/2026;14:00;28.6;0;SOLEIL;5.1;12.6;0
MONTPELLIER;43.61;3.87;20/09/2026;15:00;30.2;0;SOLEIL;7.6;16.6;0
MONTPELLIER;43.61;3.87;20/09/2026;16:00;28.6;0;SOLEIL;10.9;21.6;0
MONTPELLIER;43.61;3.87;20/09/2026;17:00;25.2;0;SOLEIL;12.7;24.5;0
MONTPELLIER;43.61;3.87;20/09/2026;18:00;25.2;0;SOLEIL;11.1;23.8;0
MONTPELLIER;43.61;3.87;20/09/2026;19:00;25.2;0;SOLEIL;7.9;21.2;0
MONTPELLIER;43.61;3.87;20/09/2026;20:00;22.0;0;SOLEIL;5.7;18.0;0
MONTPELLIER;43.61;3.87;20/09/2026;21:00;20.4;0;SOLEIL;4.0;14.0;0
MONTPELLIER;43.61;3.87;20/09/2026;22:00;18.8;0;SOLEIL;2.6;9.4;0
MONTPELLIER;43.61;3.87;20/09/2026;23:00;19.7;0;SOLEIL;3.5;6.5;0
MONTPELLIER;43.61;3.87;21/09/2026;00:00;19.7;0;SOLEIL;4.3;6.5;0
MONTPELLIER;43.61;3.87;21/09/2026;01:00;19.7;0;SOLEIL;5.1;8.3;0
MONTPELLIER;43.61;3.87;21/09/2026;02:00;16.2;0;SOLEIL;5.6;9.7;0
MONTPELLIER;43.61;3.87;21/09/2026;03:00;16.2;0;SOLEIL;5.9;10.1;0
MONTPELLIER;43.61;3.87;21/09/2026;04:00;16.2;0;SOLEIL;5.9;10.4;0
MONTPELLIER;43.61;3.87;21/09/2026;05:00;17.9;0;SOLEIL;5.9;10.4;0
MONTPELLIER;43.61;3.87;21/09/2026;06:00;17.9;0;SOLEIL;6.1;10.4;0
MONTPELLIER;43.61;3.87;21/09/2026;07:00;17.9;0;SOLEIL;6.1;10.8;0
MONTPELLIER;43.61;3.87;21/09/2026;08:00;19.3;0;SOLEIL;5.9;10.4;0
MONTPELLIER;43.61;3.87;21/09/2026;09:00;20.9;0;SOLEIL;4.8;9.4;0
MONTPELLIER;43.61;3.87;21/09/2026;10:00;22.4;0;SOLEIL;3.3;8.3;0
MONTPELLIER;43.61;3.87;21/09/2026;11:00;29.2;0;SOLEIL;1.3;7.9;0
MONTPELLIER;43.61;3.87;21/09/2026;12:00;29.2;0;SOLEIL;1.5;9.7;0
MONTPELLIER;43.61;3.87;21/09/2026;13:00;29.2;0;SOLEIL;4.9;12.6;0
MONTPELLIER;43.61;3.87;21/09/2026;14:00;28.6;0;SOLEIL;7.1;15.5;0
MONTPELLIER;43.61;3.87;21/09/2026;15:00;30.2;0;SOLEIL;8.2;18.4;0
MONTPELLIER;43.61;3.87;21/09/2026;16:00;28.6;0;SOLEIL;8.9;20.9;0
MONTPELLIER;43.61;3.87;21/09/2026;17:00;24.7;0;SOLEIL;8.3;21.2;0
MONTPELLIER;43.61;3.87;21/09/2026;18:00;24.7;0;SOLEIL;5.4;17.3;0
MONTPELLIER;43.61;3.87;21/09/2026;19:00;24.7;0;SOLEIL;1.8;11.5;0
MONTPELLIER;43.61;3.87;21/09/2026;20:00;22.4;0;SOLEIL;3.1;7.2;0
MONTPELLIER;43.61;3.87;21/09/2026;21:00;20.9;0;SOLEIL;4.3;6.8;0
MONTPELLIER;43.61;3.87;21/09/2026;22:00;19.3;0;SOLEIL;4.9;7.9;0
MONTPELLIER;43.61;3.87;21/09/2026;23:00;19.2;0;SOLEIL;5.2;9.0;0
MARSEILLE;43.296;5.381;15/09/2026;00:00;21.2;0;SOLEIL;2.3;6.1;0
MARSEILLE;43.296;5.381;15/09/2026;01:00;20.8;0;SOLEIL;7.6;11.2;0
MARSEILLE;43.296;5.381;15/09/2026;02:00;20.9;0;SOLEIL;5.2;10.1;0
MARSEILLE;43.296;5.381;15/09/2026;03:00;19.7;0;SOLEIL;5.4;7.9;0
MARSEILLE;43.296;5.381;15/09/2026;04:00;19.1;0;SOLEIL;4.5;6.8;0
MARSEILLE;43.296;5.381;15/09/2026;05:00;18.8;0;SOLEIL;3.0;7.9;0
MARSEILLE;43.296;5.381;15/09/2026;06:00;19.5;0;SOLEIL;3.7;5.8;0
MARSEILLE;43.296;5.381;15/09/2026;07:00;22.1;0;SOLEIL;2.7;10.4;0
MARSEILLE;43.296;5.381;15/09/2026;08:00;24.8;0;SOLEIL;5.8;14.4;0
MARSEILLE;43.296;5.381;15/09/2026;09:00;24.5;0;SOLEIL;2.5;14.8;0
MARSEILLE;43.296;5.381;15/09/2026;10:00;25.4;0;SOLEIL;3.6;9.7;0
MARSEILLE;43.296;5.381;15/09/2026;11:00;27.2;0;SOLEIL;7.1;13.0;0
MARSEILLE;43.296;5.381;15/09/2026;12:00;27.6;0;SOLEIL;11.5;19.8;0
MARSEILLE;43.296;5.381;15/09/2026;13:00;27.1;0;SOLEIL;10.9;23.8;0
MARSEILLE;43.296;5.381;15/09/2026;14:00;26.6;0;SOLEIL;9.6;22.0;0
MARSEILLE;43.296;5.381;15/09/2026;15:00;26.1;0;SOLEIL;8.2;20.9;0
MARSEILLE;43.296;5.381;15/09/2026;16:00;25.1;0;SOLEIL;8.4;19.4;0
MARSEILLE;43.296;5.381;15/09/2026;17:00;24.9;0;SOLEIL;5.5;14.8;0
MARSEILLE;43.296;5.381;15/09/2026;18:00;24;0;SOLEIL;5.8;9.7;0
MARSEILLE;43.296;5.381;15/09/2026;19:00;23.5;0;SOLEIL;8.7;15.8;0
MARSEILLE;43.296;5.381;15/09/2026;20:00;23.1;0;SOLEIL;6.7;14.9;0
MARSEILLE;43.296;5.381;15/09/2026;21:00;22.7;0;SOLEIL;3.8;11.1;0
MARSEILLE;43.296;5.381;15/09/2026;22:00;22.4;0;SOLEIL;3.3;7.9;0
MARSEILLE;43.296;5.381;15/09/2026;23:00;21.9;0;SOLEIL;3.3;6.5;0
MARSEILLE;43.296;5.381;16/09/2026;00:00;21.2;0;SOLEIL;2.5;6.1;0
MARSEILLE;43.296;5.381;16/09/2026;01:00;21.2;0;SOLEIL;1.6;4.7;0
MARSEILLE;43.296;5.381;16/09/2026;02:00;20.6;0;SOLEIL;2.5;4.0;0
MARSEILLE;43.296;5.381;16/09/2026;03:00;20.6;0;SOLEIL;5.6;9.4;0
MARSEILLE;43.296;5.381;16/09/2026;04:00;20.6;0;SOLEIL;1.5;9.4;0
MARSEILLE;43.296;5.381;16/09/2026;05:00;19.7;0;SOLEIL;3.4;4.3;0
MARSEILLE;43.296;5.381;16/09/2026;06:00;19.7;0;SOLEIL;5.4;8.6;0
MARSEILLE;43.296;5.381;16/09/2026;07:00;19.7;0;SOLEIL;6.1;8.6;0
MARSEILLE;43.296;5.381;16/09/2026;08:00;24.1;0;SOLEIL;6.1;11.5;0
MARSEILLE;43.296;5.381;16/09/2026;09:00;24.1;0;SOLEIL;3.0;10.4;0
MARSEILLE;43.296;5.381;16/09/2026;10:00;24.1;0;SOLEIL;0.7;4.7;0
MARSEILLE;43.296;5.381;16/09/2026;11:00;26.1;0;SOLEIL;4.4;13.3;0
MARSEILLE;43.296;5.381;16/09/2026;12:00;26.1;0;SOLEIL;8.4;19.8;0
MARSEILLE;43.296;5.381;16/09/2026;13:00;26.1;0;SOLEIL;9.9;21.2;0
MARSEILLE;43.296;5.381;16/09/2026;14:00;25.4;0;SOLEIL;11.8;25.9;0
MARSEILLE;43.296;5.381;16/09/2026;15:00;25.4;0;SOLEIL;13.2;28.4;0
MARSEILLE;43.296;5.381;16/09/2026;16:00;25.4;0;SOLEIL;11.8;28.1;0
MARSEILLE;43.296;5.381;16/09/2026;17:00;25.7;0;SOLEIL;10.5;25.2;0
MARSEILLE;43.296;5.381;16/09/2026;18:00;25.7;0;SOLEIL;9.2;22.7;0
MARSEILLE;43.296;5.381;16/09/2026;19:00;25.7;0;SOLEIL;7.3;19.4;0
MARSEILLE;43.296;5.381;16/09/2026;20:00;22.6;0;SOLEIL;4.9;15.1;0
MARSEILLE;43.296;5.381;16/09/2026;21:00;22.6;0;SOLEIL;5.4;9.7;0
MARSEILLE;43.296;5.381;16/09/2026;22:00;22.6;0;SOLEIL;2.9;9.7;0
MARSEILLE;43.296;5.381;16/09/2026;23:00;20.4;0;SOLEIL;4.7;4.0;0
MARSEILLE;43.296;5.381;17/09/2026;00:00;20.4;0;SOLEIL;3.2;7.2;0
MARSEILLE;43.296;5.381;17/09/2026;01:00;20.4;0;SOLEIL;6.0;9.7;0
MARSEILLE;43.296;5.381;17/09/2026;02:00;19.4;0;SOLEIL;5.2;9.4;0
MARSEILLE;43.296;5.381;17/09/2026;03:00;19.4;0;SOLEIL;8.4;12.6;0
MARSEILLE;43.296;5.381;17/09/2026;04:00;19.4;0;SOLEIL;3.0;14.4;0
MARSEILLE;43.296;5.381;17/09/2026;05:00;18.9;0;SOLEIL;3.6;5.8;0
MARSEILLE;43.296;5.381;17/09/2026;06:00;18.9;0;SOLEIL;1.8;3.2;0
MARSEILLE;43.296;5.381;17/09/2026;07:00;18.9;0;SOLEIL;6.9;13.0;0
MARSEILLE;43.296;5.381;17/09/2026;08:00;21.2;0;SOLEIL;6.0;13.3;0
MARSEILLE;43.296;5.381;17/09/2026;09:00;21.2;0;SOLEIL;5.2;12.2;0
MARSEILLE;43.296;5.381;17/09/2026;10:00;21.2;0;SOLEIL;6.8;15.5;0
MARSEILLE;43.296;5.381;17/09/2026;11:00;24.5;0;SOLEIL;8.4;18.0;0
MARSEILLE;43.296;5.381;17/09/2026;12:00;24.5;0;SOLEIL;11.1;22.1;0
MARSEILLE;43.296;5.381;17/09/2026;13:00;24.5;0;SOLEIL;15.7;28.6;0
MARSEILLE;43.296;5.381;17/09/2026;14:00;25.2;0;SOLEIL;18.0;32.3;0
MARSEILLE;43.296;5.381;17/09/2026;15:00;25.2;0;SOLEIL;15.2;31.0;0
MARSEILLE;43.296;5.381;17/09/2026;16:00;25.2;0;SOLEIL;15.5;27.7;0
MARSEILLE;43.296;5.381;17/09/2026;17:00;23.7;0;SOLEIL;19.8;32.8;0
MARSEILLE;43.296;5.381;17/09/2026;18:00;23.7;0;SOLEIL;24.5;38.5;0
MARSEILLE;43.296;5.381;17/09/2026;19:00;23.7;0;SOLEIL;19.1;38.9;0
MARSEILLE;43.296;5.381;17/09/2026;20:00;21.7;0;SOLEIL;9.0;30.6;0
MARSEILLE;43.296;5.381;17/09/2026;21:00;20.8;0;SOLEIL;13.4;20.2;0
MARSEILLE;43.296;5.381;17/09/2026;22:00;20.0;0;SOLEIL;20.2;31.7;0
MARSEILLE;43.296;5.381;17/09/2026;23:00;20.4;0;SOLEIL;23.8;38.9;0
MARSEILLE;43.296;5.381;18/09/2026;00:00;20.4;0;SOLEIL;20.5;39.2;0
MARSEILLE;43.296;5.381;18/09/2026;01:00;20.4;0;SOLEIL;19.6;34.6;0
MARSEILLE;43.296;5.381;18/09/2026;02:00;18.1;0;SOLEIL;18.3;32.8;0
MARSEILLE;43.296;5.381;18/09/2026;03:00;18.1;0;SOLEIL;19.5;31.7;0
MARSEILLE;43.296;5.381;18/09/2026;04:00;18.1;0;SOLEIL;19.4;32.4;0
MARSEILLE;43.296;5.381;18/09/2026;05:00;18.5;2;NUAGEUX;19.0;32.0;0
MARSEILLE;43.296;5.381;18/09/2026;06:00;18.5;2;NUAGEUX;17.0;31.3;0
MARSEILLE;43.296;5.381;18/09/2026;07:00;18.5;2;NUAGEUX;17.5;28.8;0
MARSEILLE;43.296;5.381;18/09/2026;08:00;19.9;0;SOLEIL;17.0;29.2;0
MARSEILLE;43.296;5.381;18/09/2026;09:00;20.8;0;SOLEIL;17.9;29.9;0
MARSEILLE;43.296;5.381;18/09/2026;10:00;21.7;0;SOLEIL;19.1;32.4;0
MARSEILLE;43.296;5.381;18/09/2026;11:00;24.6;0;SOLEIL;20.4;34.9;0
MARSEILLE;43.296;5.381;18/09/2026;12:00;24.6;0;SOLEIL;19.4;35.3;0
MARSEILLE;43.296;5.381;18/09/2026;13:00;24.6;0;SOLEIL;21.3;36.0;0
MARSEILLE;43.296;5.381;18/09/2026;14:00;25.2;0;SOLEIL;22.5;38.5;0
MARSEILLE;43.296;5.381;18/09/2026;15:00;26.1;0;SOLEIL;25.0;41.4;0
MARSEILLE;43.296;5.381;18/09/2026;16:00;25.2;0;SOLEIL;25.9;42.1;0
MARSEILLE;43.296;5.381;18/09/2026;17:00;24.1;0;SOLEIL;25.7;43.2;0
MARSEILLE;43.296;5.381;18/09/2026;18:00;24.1;0;SOLEIL;22.7;41.0;0
MARSEILLE;43.296;5.381;18/09/2026;19:00;24.1;0;SOLEIL;20.2;35.6;0
MARSEILLE;43.296;5.381;18/09/2026;20:00;21.7;0;SOLEIL;16.2;31.0;0
MARSEILLE;43.296;5.381;18/09/2026;21:00;20.8;0;SOLEIL;12.3;24.1;0
MARSEILLE;43.296;5.381;18/09/2026;22:00;19.9;0;SOLEIL;11.2;18.7;0
MARSEILLE;43.296;5.381;18/09/2026;23:00;21;0;SOLEIL;10.9;16.9;0
MARSEILLE;43.296;5.381;19/09/2026;00:00;21;0;SOLEIL;12.5;19.1;0
MARSEILLE;43.296;5.381;19/09/2026;01:00;21;0;SOLEIL;16.9;27.4;0
MARSEILLE;43.296;5.381;19/09/2026;02:00;18;0;SOLEIL;20.5;32.8;0
MARSEILLE;43.296;5.381;19/09/2026;03:00;18;0;SOLEIL;20.7;33.5;0
MARSEILLE;43.296;5.381;19/09/2026;04:00;18;0;SOLEIL;21.4;34.6;0
MARSEILLE;43.296;5.381;19/09/2026;05:00;18.2;0;SOLEIL;19.8;34.6;0
MARSEILLE;43.296;5.381;19/09/2026;06:00;18.2;0;SOLEIL;20.0;32.0;0
MARSEILLE;43.296;5.381;19/09/2026;07:00;18.2;0;SOLEIL;19.9;32.8;0
MARSEILLE;43.296;5.381;19/09/2026;08:00;19.8;0;SOLEIL;20.4;33.1;0
MARSEILLE;43.296;5.381;19/09/2026;09:00;20.7;0;SOLEIL;21.1;36.0;0
MARSEILLE;43.296;5.381;19/09/2026;10:00;21.6;0;SOLEIL;20.6;35.6;0
MARSEILLE;43.296;5.381;19/09/2026;11:00;24.6;0;SOLEIL;19.2;35.3;0
MARSEILLE;43.296;5.381;19/09/2026;12:00;24.6;0;SOLEIL;21.7;41.3;0
MARSEILLE;43.296;5.381;19/09/2026;13:00;24.6;0;SOLEIL;24.2;49.5;0
MARSEILLE;43.296;5.381;19/09/2026;14:00;25.1;0;SOLEIL;26.9;58.9;0
MARSEILLE;43.296;5.381;19/09/2026;15:00;26.0;0;SOLEIL;25.5;67.7;0
MARSEILLE;43.296;5.381;19/09/2026;16:00;25.1;0;SOLEIL;21.2;68.4;0
MARSEILLE;43.296;5.381;19/09/2026;17:00;24;0;SOLEIL;17.9;66.6;0
MARSEILLE;43.296;5.381;19/09/2026;18:00;24;0;SOLEIL;15.8;60.5;0
MARSEILLE;43.296;5.381;19/09/2026;19:00;24;0;SOLEIL;14.7;51.8;0
MARSEILLE;43.296;5.381;19/09/2026;20:00;21.6;0;SOLEIL;14.8;44.6;0
MARSEILLE;43.296;5.381;19/09/2026;21:00;20.7;0;SOLEIL;15.3;40.0;0
MARSEILLE;43.296;5.381;19/09/2026;22:00;19.8;0;SOLEIL;16.0;36.4;0
MARSEILLE;43.296;5.381;19/09/2026;23:00;20.7;0;SOLEIL;16.5;34.2;0
MARSEILLE;43.296;5.381;20/09/2026;00:00;20.7;0;SOLEIL;16.9;33.8;0
MARSEILLE;43.296;5.381;20/09/2026;01:00;20.7;0;SOLEIL;17.4;34.9;0
MARSEILLE;43.296;5.381;20/09/2026;02:00;18.2;0;SOLEIL;17.3;36.0;0
MARSEILLE;43.296;5.381;20/09/2026;03:00;18.2;0;SOLEIL;16.9;36.4;0
MARSEILLE;43.296;5.381;20/09/2026;04:00;18.2;0;SOLEIL;16.4;36.7;0
MARSEILLE;43.296;5.381;20/09/2026;05:00;18.7;0;SOLEIL;15.4;36.4;0
MARSEILLE;43.296;5.381;20/09/2026;06:00;18.7;0;SOLEIL;14.3;34.9;0
MARSEILLE;43.296;5.381;20/09/2026;07:00;18.7;0;SOLEIL;12.9;32.8;0
MARSEILLE;43.296;5.381;20/09/2026;08:00;20.1;0;SOLEIL;11.6;30.6;0
MARSEILLE;43.296;5.381;20/09/2026;09:00;21.0;0;SOLEIL;10.6;28.4;0
MARSEILLE;43.296;5.381;20/09/2026;10:00;21.9;0;SOLEIL;9.8;26.3;0
MARSEILLE;43.296;5.381;20/09/2026;11:00;25.6;0;SOLEIL;8.9;25.2;0
MARSEILLE;43.296;5.381;20/09/2026;12:00;25.6;0;SOLEIL;7.8;25.9;0
MARSEILLE;43.296;5.381;20/09/2026;13:00;25.6;0;SOLEIL;8.3;27.7;0
MARSEILLE;43.296;5.381;20/09/2026;14:00;25.7;0;SOLEIL;9.6;29.2;0
MARSEILLE;43.296;5.381;20/09/2026;15:00;26.6;0;SOLEIL;10.4;29.9;0
MARSEILLE;43.296;5.381;20/09/2026;16:00;25.7;0;SOLEIL;10.3;30.2;0
MARSEILLE;43.296;5.381;20/09/2026;17:00;24.1;0;SOLEIL;9.6;29.9;0
MARSEILLE;43.296;5.381;20/09/2026;18:00;24.1;0;SOLEIL;7.9;29.5;0
MARSEILLE;43.296;5.381;20/09/2026;19:00;24.1;0;SOLEIL;5.7;28.8;0
MARSEILLE;43.296;5.381;20/09/2026;20:00;21.9;0;SOLEIL;4.3;26.3;0
MARSEILLE;43.296;5.381;20/09/2026;21:00;21.0;0;SOLEIL;3.1;20.5;0
MARSEILLE;43.296;5.381;20/09/2026;22:00;20.1;0;SOLEIL;2.2;13.0;0
MARSEILLE;43.296;5.381;20/09/2026;23:00;21.5;0;SOLEIL;1.7;7.6;0
MARSEILLE;43.296;5.381;21/09/2026;00:00;21.5;0;SOLEIL;1.5;5.4;0
MARSEILLE;43.296;5.381;21/09/2026;01:00;21.5;0;SOLEIL;1.2;5.4;0
MARSEILLE;43.296;5.381;21/09/2026;02:00;18.6;0;SOLEIL;0.9;5.4;0
MARSEILLE;43.296;5.381;21/09/2026;03:00;18.6;0;SOLEIL;1.3;5.4;0
MARSEILLE;43.296;5.381;21/09/2026;04:00;18.6;0;SOLEIL;2.3;6.1;0
MARSEILLE;43.296;5.381;21/09/2026;05:00;19.2;0;SOLEIL;3.3;6.8;0
MARSEILLE;43.296;5.381;21/09/2026;06:00;19.2;0;SOLEIL;4.4;8.3;0
MARSEILLE;43.296;5.381;21/09/2026;07:00;19.2;0;SOLEIL;5.6;10.4;0
MARSEILLE;43.296;5.381;21/09/2026;08:00;20.4;0;SOLEIL;6.4;11.9;0
MARSEILLE;43.296;5.381;21/09/2026;09:00;21.3;0;SOLEIL;3.4;12.6;0
MARSEILLE;43.296;5.381;21/09/2026;10:00;22.2;0;SOLEIL;1.2;15.8;0
MARSEILLE;43.296;5.381;21/09/2026;11:00;25.7;0;SOLEIL;2.8;19.8;0
MARSEILLE;43.296;5.381;21/09/2026;12:00;25.7;0;SOLEIL;6.0;23.4;0
MARSEILLE;43.296;5.381;21/09/2026;13:00;25.7;0;SOLEIL;8.5;26.6;0
MARSEILLE;43.296;5.381;21/09/2026;14:00;25.7;0;SOLEIL;9.8;28.8;0
MARSEILLE;43.296;5.381;21/09/2026;15:00;26.6;0;SOLEIL;9.6;30.2;0
MARSEILLE;43.296;5.381;21/09/2026;16:00;25.7;0;SOLEIL;8.5;31.0;0
MARSEILLE;43.296;5.381;21/09/2026;17:00;24.2;0;SOLEIL;6.8;31.0;0
MARSEILLE;43.296;5.381;21/09/2026;18:00;24.2;0;SOLEIL;5.2;31.0;0
MARSEILLE;43.296;5.381;21/09/2026;19:00;24.2;0;SOLEIL;3.9;30.2;0
MARSEILLE;43.296;5.381;21/09/2026;20:00;22.2;0;SOLEIL;3.2;28.8;0
MARSEILLE;43.296;5.381;21/09/2026;21:00;21.3;0;SOLEIL;2.3;26.6;0
MARSEILLE;43.296;5.381;21/09/2026;22:00;20.4;0;SOLEIL;1.7;23.0;0
MARSEILLE;43.296;5.381;21/09/2026;23:00;20.5;0;SOLEIL;2.2;19.1;0
AMIENS;49.894;2.295;15/09/2026;00:00;17.4;0;SOLEIL;5.0;9.0;0
AMIENS;49.894;2.295;15/09/2026;01:00;16;0;SOLEIL;5.8;10.4;0
AMIENS;49.894;2.295;15/09/2026;02:00;15.8;2;NUAGEUX;7.9;14.8;0
AMIENS;49.894;2.295;15/09/2026;03:00;15.5;2;NUAGEUX;7.6;13.0;0
AMIENS;49.894;2.295;15/09/2026;04:00;14.5;3;TRÈS NUAGEUX;9.0;16.2;0
AMIENS;49.894;2.295;15/09/2026;05:00;14.3;3;TRÈS NUAGEUX;7.2;12.6;0
AMIENS;49.894;2.295;15/09/2026;06:00;14.9;3;TRÈS NUAGEUX;6.5;11.5;0
AMIENS;49.894;2.295;15/09/2026;07:00;15.8;3;TRÈS NUAGEUX;7.2;12.6;0
AMIENS;49.894;2.295;15/09/2026;08:00;18.5;0;SOLEIL;7.6;13.7;0
AMIENS;49.894;2.295;15/09/2026;09:00;23.6;0;SOLEIL;7.2;14.0;0
AMIENS;49.894;2.295;15/09/2026;10:00;26.1;0;SOLEIL;7.9;15.5;0
AMIENS;49.894;2.295;15/09/2026;11:00;28;0;SOLEIL;9.0;17.3;0
AMIENS;49.894;2.295;15/09/2026;12:00;28.7;0;SOLEIL;7.2;15.1;0
AMIENS;49.894;2.295;15/09/2026;13:00;29.4;0;SOLEIL;6.8;15.5;0
AMIENS;49.894;2.295;15/09/2026;14:00;29.1;5;SOLEIL VOILÉ;8.3;18.4;0
AMIENS;49.894;2.295;15/09/2026;15:00;24.1;5;SOLEIL VOILÉ;7.6;19.4;0
AMIENS;49.894;2.295;15/09/2026;16:00;22.1;5;SOLEIL VOILÉ;7.2;17.6;0
AMIENS;49.894;2.295;15/09/2026;17:00;19.9;5;SOLEIL VOILÉ;5.0;17.3;0
AMIENS;49.894;2.295;15/09/2026;18:00;19.5;5;SOLEIL VOILÉ;4.0;14.4;0
AMIENS;49.894;2.295;15/09/2026;19:00;18.7;2;NUAGEUX;3.2;11.9;0
AMIENS;49.894;2.295;15/09/2026;20:00;18.4;2;NUAGEUX;5.0;9.0;0
AMIENS;49.894;2.295;15/09/2026;21:00;18.1;2;NUAGEUX;4.7;8.3;0
AMIENS;49.894;2.295;15/09/2026;22:00;16.6;0;SOLEIL;4.7;9.0;0
AMIENS;49.894;2.295;15/09/2026;23:00;17;0;SOLEIL;2.9;7.2;0
AMIENS;49.894;2.295;16/09/2026;00:00;16.1;0;SOLEIL;5.0;7.9;0
AMIENS;49.894;2.295;16/09/2026;01:00;16.1;0;SOLEIL;4.3;8.3;0
AMIENS;49.894;2.295;16/09/2026;02:00;14.7;0;SOLEIL;1.4;6.5;0
AMIENS;49.894;2.295;16/09/2026;03:00;14.7;0;SOLEIL;3.2;5.4;0
AMIENS;49.894;2.295;16/09/2026;04:00;14.7;0;SOLEIL;4.0;6.5;0
AMIENS;49.894;2.295;16/09/2026;05:00;13.6;0;SOLEIL;5.4;7.9;0
AMIENS;49.894;2.295;16/09/2026;06:00;13.6;0;SOLEIL;6.1;9.0;0
AMIENS;49.894;2.295;16/09/2026;07:00;13.6;0;SOLEIL;5.8;9.4;0
AMIENS;49.894;2.295;16/09/2026;08:00;17.5;0;SOLEIL;7.2;11.9;0
AMIENS;49.894;2.295;16/09/2026;09:00;17.5;0;SOLEIL;6.1;12.2;0
AMIENS;49.894;2.295;16/09/2026;10:00;17.5;0;SOLEIL;5.4;13.0;0
AMIENS;49.894;2.295;16/09/2026;11:00;19.1;0;SOLEIL;7.2;16.2;0
AMIENS;49.894;2.295;16/09/2026;12:00;19.1;0;SOLEIL;10.1;21.6;0
AMIENS;49.894;2.295;16/09/2026;13:00;19.1;0;SOLEIL;12.2;26.3;0
AMIENS;49.894;2.295;16/09/2026;14:00;19.4;0;SOLEIL;12.6;28.4;0
AMIENS;49.894;2.295;16/09/2026;15:00;19.4;0;SOLEIL;16.9;34.2;0
AMIENS;49.894;2.295;16/09/2026;16:00;19.4;0;SOLEIL;18.0;36.0;0
AMIENS;49.894;2.295;16/09/2026;17:00;17.6;0;SOLEIL;19.8;38.2;0
AMIENS;49.894;2.295;16/09/2026;18:00;17.6;0;SOLEIL;18.7;43.2;0
AMIENS;49.894;2.295;16/09/2026;19:00;17.6;0;SOLEIL;15.1;36.4;0
AMIENS;49.894;2.295;16/09/2026;20:00;14.7;0;SOLEIL;14.8;32.0;0
AMIENS;49.894;2.295;16/09/2026;21:00;14.7;0;SOLEIL;15.1;28.4;0
AMIENS;49.894;2.295;16/09/2026;22:00;14.7;0;SOLEIL;16.6;34.6;0
AMIENS;49.894;2.295;16/09/2026;23:00;13.2;0;SOLEIL;13.3;31.3;0
AMIENS;49.894;2.295;17/09/2026;00:00;13.2;0;SOLEIL;11.5;24.8;0
AMIENS;49.894;2.295;17/09/2026;01:00;13.2;0;SOLEIL;10.4;20.5;0
AMIENS;49.894;2.295;17/09/2026;02:00;13.2;5;SOLEIL VOILÉ;10.8;20.9;0
AMIENS;49.894;2.295;17/09/2026;03:00;13.2;5;SOLEIL VOILÉ;10.1;19.8;0
AMIENS;49.894;2.295;17/09/2026;04:00;13.2;5;SOLEIL VOILÉ;8.3;17.3;0
AMIENS;49.894;2.295;17/09/2026;05:00;13.4;2;NUAGEUX;7.2;13.7;0
AMIENS;49.894;2.295;17/09/2026;06:00;13.4;2;NUAGEUX;5.8;11.2;0
AMIENS;49.894;2.295;17/09/2026;07:00;13.4;2;NUAGEUX;5.8;10.1;0
AMIENS;49.894;2.295;17/09/2026;08:00;16.9;2;NUAGEUX;6.1;9.7;0
AMIENS;49.894;2.295;17/09/2026;09:00;16.9;2;NUAGEUX;5.4;11.2;0
AMIENS;49.894;2.295;17/09/2026;10:00;16.9;2;NUAGEUX;6.8;15.1;0
AMIENS;49.894;2.295;17/09/2026;11:00;19.1;2;NUAGEUX;11.2;24.1;0
AMIENS;49.894;2.295;17/09/2026;12:00;19.1;2;NUAGEUX;12.6;27.7;0
AMIENS;49.894;2.295;17/09/2026;13:00;19.1;2;NUAGEUX;16.6;34.2;0
AMIENS;49.894;2.295;17/09/2026;14:00;18.9;2;NUAGEUX;17.3;37.1;0
AMIENS;49.894;2.295;17/09/2026;15:00;18.9;2;NUAGEUX;19.1;38.5;0
AMIENS;49.894;2.295;17/09/2026;16:00;18.9;2;NUAGEUX;19.1;40.0;0
AMIENS;49.894;2.295;17/09/2026;17:00;17.7;6;AVERSES;18.0;38.2;0
AMIENS;49.894;2.295;17/09/2026;18:00;17.7;6;AVERSES;16.9;36.4;0
AMIENS;49.894;2.295;17/09/2026;19:00;17.7;6;AVERSES;16.6;33.5;0
AMIENS;49.894;2.295;17/09/2026;20:00;15.7;6;AVERSES;14.8;31.7;0
AMIENS;49.894;2.295;17/09/2026;21:00;14.8;6;AVERSES;9.4;27.0;0
AMIENS;49.894;2.295;17/09/2026;22:00;14.0;6;AVERSES;9.3;17.2;0
AMIENS;49.894;2.295;17/09/2026;23:00;13.9;0;SOLEIL;9.7;17.3;0
AMIENS;49.894;2.295;18/09/2026;00:00;13.9;0;SOLEIL;8.8;16.7;0
AMIENS;49.894;2.295;18/09/2026;01:00;13.9;0;SOLEIL;9.4;17.3;0
AMIENS;49.894;2.295;18/09/2026;02:00;11.4;7;PLUIE FAIBLE;9.6;18.0;0
AMIENS;49.894;2.295;18/09/2026;03:00;11.4;7;PLUIE FAIBLE;9.9;18.4;0
AMIENS;49.894;2.295;18/09/2026;04:00;11.4;7;PLUIE FAIBLE;10.7;19.8;0
AMIENS;49.894;2.295;18/09/2026;05:00;12.1;7;PLUIE FAIBLE;11.2;20.9;0
AMIENS;49.894;2.295;18/09/2026;06:00;12.1;7;PLUIE FAIBLE;11.1;21.2;0
AMIENS;49.894;2.295;18/09/2026;07:00;12.1;7;PLUIE FAIBLE;11.1;20.9;0
AMIENS;49.894;2.295;18/09/2026;08:00;13.3;7;PLUIE FAIBLE;11.6;21.6;0
AMIENS;49.894;2.295;18/09/2026;09:00;14.2;7;PLUIE FAIBLE;10.4;22.3;0
AMIENS;49.894;2.295;18/09/2026;10:00;15.2;7;PLUIE FAIBLE;12.4;27.0;0
AMIENS;49.894;2.295;18/09/2026;11:00;19.1;7;PLUIE FAIBLE;15.2;34.2;0
AMIENS;49.894;2.295;18/09/2026;12:00;19.1;7;PLUIE FAIBLE;16.2;36.0;0
AMIENS;49.894;2.295;18/09/2026;13:00;19.1;7;PLUIE FAIBLE;19.1;41.8;0
AMIENS;49.894;2.295;18/09/2026;14:00;19.0;7;PLUIE FAIBLE;21.1;44.6;0
AMIENS;49.894;2.295;18/09/2026;15:00;19.9;7;PLUIE FAIBLE;20.1;45.4;0
AMIENS;49.894;2.295;18/09/2026;16:00;19.0;7;PLUIE FAIBLE;19.7;43.2;0
AMIENS;49.894;2.295;18/09/2026;17:00;16.7;2;NUAGEUX;18.6;42.1;0
AMIENS;49.894;2.295;18/09/2026;18:00;16.7;2;NUAGEUX;16.9;39.2;0
AMIENS;49.894;2.295;18/09/2026;19:00;16.7;2;NUAGEUX;16.9;34.6;0
AMIENS;49.894;2.295;18/09/2026;20:00;15.2;7;PLUIE FAIBLE;14.6;34.2;0
AMIENS;49.894;2.295;18/09/2026;21:00;14.2;7;PLUIE FAIBLE;13.6;26.6;0
AMIENS;49.894;2.295;18/09/2026;22:00;13.3;7;PLUIE FAIBLE;14.8;26.3;0
AMIENS;49.894;2.295;18/09/2026;23:00;15.5;2;NUAGEUX;15.6;28.8;0
AMIENS;49.894;2.295;19/09/2026;00:00;15.5;2;NUAGEUX;14.1;29.2;0
AMIENS;49.894;2.295;19/09/2026;01:00;15.5;2;NUAGEUX;12.2;26.3;0
AMIENS;49.894;2.295;19/09/2026;02:00;14.1;7;PLUIE FAIBLE;12.2;22.7;0
AMIENS;49.894;2.295;19/09/2026;03:00;14.1;7;PLUIE FAIBLE;11.1;22.3;0
AMIENS;49.894;2.295;19/09/2026;04:00;14.1;7;PLUIE FAIBLE;10.1;22.7;0
AMIENS;49.894;2.295;19/09/2026;05:00;15;7;PLUIE FAIBLE;9.4;22.7;0
AMIENS;49.894;2.295;19/09/2026;06:00;15;7;PLUIE FAIBLE;9.1;20.9;0
AMIENS;49.894;2.295;19/09/2026;07:00;15;7;PLUIE FAIBLE;9.3;18.4;0
AMIENS;49.894;2.295;19/09/2026;08:00;15.8;7;PLUIE FAIBLE;10.1;18.4;0
AMIENS;49.894;2.295;19/09/2026;09:00;16.6;7;PLUIE FAIBLE;11.9;23.0;0
AMIENS;49.894;2.295;19/09/2026;10:00;17.4;7;PLUIE FAIBLE;14.2;29.9;0
AMIENS;49.894;2.295;19/09/2026;11:00;20.4;7;PLUIE FAIBLE;16.0;35.3;0
AMIENS;49.894;2.295;19/09/2026;12:00;20.4;7;PLUIE FAIBLE;16.1;36.7;0
AMIENS;49.894;2.295;19/09/2026;13:00;20.4;7;PLUIE FAIBLE;15.4;36.7;0
AMIENS;49.894;2.295;19/09/2026;14:00;20.8;7;PLUIE FAIBLE;15.1;36.7;0
AMIENS;49.894;2.295;19/09/2026;15:00;21.6;7;PLUIE FAIBLE;16.2;37.8;0
AMIENS;49.894;2.295;19/09/2026;16:00;20.8;7;PLUIE FAIBLE;17.8;38.9;0
AMIENS;49.894;2.295;19/09/2026;17:00;19;6;AVERSES;18.4;40.0;0
AMIENS;49.894;2.295;19/09/2026;18:00;19;6;AVERSES;17.1;40.7;0
AMIENS;49.894;2.295;19/09/2026;19:00;19;6;AVERSES;14.8;41.0;0
AMIENS;49.894;2.295;19/09/2026;20:00;17.4;7;PLUIE FAIBLE;12.7;40.0;0
AMIENS;49.894;2.295;19/09/2026;21:00;16.6;7;PLUIE FAIBLE;11.0;35.3;0
AMIENS;49.894;2.295;19/09/2026;22:00;15.8;7;PLUIE FAIBLE;10.5;29.2;0
AMIENS;49.894;2.295;19/09/2026;23:00;16.7;0;SOLEIL;10.9;24.8;0
AMIENS;49.894;2.295;20/09/2026;00:00;16.7;0;SOLEIL;12.0;24.1;0
AMIENS;49.894;2.295;20/09/2026;01:00;16.7;0;SOLEIL;13.0;25.6;0
AMIENS;49.894;2.295;20/09/2026;02:00;14;0;SOLEIL;13.9;26.6;0
AMIENS;49.894;2.295;20/09/2026;03:00;14;0;SOLEIL;14.3;27.0;0
AMIENS;49.894;2.295;20/09/2026;04:00;14;0;SOLEIL;14.6;27.7;0
AMIENS;49.894;2.295;20/09/2026;05:00;14.6;0;SOLEIL;15.0;28.8;0
AMIENS;49.894;2.295;20/09/2026;06:00;14.6;0;SOLEIL;16.0;31.0;0
AMIENS;49.894;2.295;20/09/2026;07:00;14.6;0;SOLEIL;17.3;33.8;0
AMIENS;49.894;2.295;20/09/2026;08:00;15.8;0;SOLEIL;18.1;35.6;0
AMIENS;49.894;2.295;20/09/2026;09:00;16.7;0;SOLEIL;17.7;35.3;0
AMIENS;49.894;2.295;20/09/2026;10:00;17.6;0;SOLEIL;16.9;34.2;0
AMIENS;49.894;2.295;20/09/2026;11:00;21.5;7;PLUIE FAIBLE;16.4;34.9;0
AMIENS;49.894;2.295;20/09/2026;12:00;21.5;7;PLUIE FAIBLE;17.4;40.0;0
AMIENS;49.894;2.295;20/09/2026;13:00;21.5;7;PLUIE FAIBLE;19.8;46.8;0
AMIENS;49.894;2.295;20/09/2026;14:00;21.3;0;SOLEIL;22.0;51.1;0
AMIENS;49.894;2.295;20/09/2026;15:00;22.2;0;SOLEIL;22.0;51.1;0
AMIENS;49.894;2.295;20/09/2026;16:00;21.3;0;SOLEIL;21.0;48.6;0
AMIENS;49.894;2.295;20/09/2026;17:00;18;2;NUAGEUX;19.7;46.1;0
AMIENS;49.894;2.295;20/09/2026;18:00;18;2;NUAGEUX;18.4;45.0;0
AMIENS;49.894;2.295;20/09/2026;19:00;18;2;NUAGEUX;16.8;43.9;0
AMIENS;49.894;2.295;20/09/2026;20:00;17.6;0;SOLEIL;15.6;42.1;0
AMIENS;49.894;2.295;20/09/2026;21:00;16.7;0;SOLEIL;14.8;38.5;0
AMIENS;49.894;2.295;20/09/2026;22:00;15.8;0;SOLEIL;14.6;34.2;0
AMIENS;49.894;2.295;20/09/2026;23:00;14.6;0;SOLEIL;14.5;30.6;0
AMIENS;49.894;2.295;21/09/2026;00:00;14.6;0;SOLEIL;14.3;28.8;0
AMIENS;49.894;2.295;21/09/2026;01:00;14.6;0;SOLEIL;14.0;28.1;0
AMIENS;49.894;2.295;21/09/2026;02:00;12.5;0;SOLEIL;13.9;27.7;0
AMIENS;49.894;2.295;21/09/2026;03:00;12.5;0;SOLEIL;13.5;27.4;0
AMIENS;49.894;2.295;21/09/2026;04:00;12.5;0;SOLEIL;13.1;27.0;0
AMIENS;49.894;2.295;21/09/2026;05:00;13.5;0;SOLEIL;12.8;26.6;0
AMIENS;49.894;2.295;21/09/2026;06:00;13.5;0;SOLEIL;12.5;26.3;0
AMIENS;49.894;2.295;21/09/2026;07:00;13.5;0;SOLEIL;12.2;25.9;0
AMIENS;49.894;2.295;21/09/2026;08:00;14.8;0;SOLEIL;12.0;25.9;0
AMIENS;49.894;2.295;21/09/2026;09:00;16.0;0;SOLEIL;8.9;28.8;0
AMIENS;49.894;2.295;21/09/2026;10:00;17.2;0;SOLEIL;9.1;28.8;0
AMIENS;49.894;2.295;21/09/2026;11:00;21.7;0;SOLEIL;9.6;29.2;0
AMIENS;49.894;2.295;21/09/2026;12:00;21.7;0;SOLEIL;10.1;29.2;0
AMIENS;49.894;2.295;21/09/2026;13:00;21.7;0;SOLEIL;10.4;29.5;0
AMIENS;49.894;2.295;21/09/2026;14:00;21.8;0;SOLEIL;10.6;29.5;0
AMIENS;49.894;2.295;21/09/2026;15:00;23.0;0;SOLEIL;10.5;29.5;0
AMIENS;49.894;2.295;21/09/2026;16:00;21.8;0;SOLEIL;10.6;29.5;0
AMIENS;49.894;2.295;21/09/2026;17:00;19.6;0;SOLEIL;10.6;29.5;0
AMIENS;49.894;2.295;21/09/2026;18:00;19.6;0;SOLEIL;10.6;29.5;0
AMIENS;49.894;2.295;21/09/2026;19:00;19.6;0;SOLEIL;10.5;29.2;0
AMIENS;49.894;2.295;21/09/2026;20:00;17.2;0;SOLEIL;10.2;28.4;0
AMIENS;49.894;2.295;21/09/2026;21:00;16.0;0;SOLEIL;9.5;27.4;0
AMIENS;49.894;2.295;21/09/2026;22:00;14.8;0;SOLEIL;8.2;25.9;0
AMIENS;49.894;2.295;21/09/2026;23:00;15.6;0;SOLEIL;7.0;24.5;0
NICE;43.71;7.26;15/09/2026;00:00;23.5;0;SOLEIL;7.2;12.2;0
NICE;43.71;7.26;15/09/2026;01:00;22.9;0;SOLEIL;6.1;11.9;0
NICE;43.71;7.26;15/09/2026;02:00;22.6;0;SOLEIL;6.5;10.4;0
NICE;43.71;7.26;15/09/2026;03:00;22.1;0;SOLEIL;6.2;10.4;0
NICE;43.71;7.26;15/09/2026;04:00;21.6;0;SOLEIL;6.1;10.4;0
NICE;43.71;7.26;15/09/2026;05:00;21.8;0;SOLEIL;6.8;11.2;0
NICE;43.71;7.26;15/09/2026;06:00;22.8;0;SOLEIL;7.2;10.4;0
NICE;43.71;7.26;15/09/2026;07:00;24.3;0;SOLEIL;7.6;11.5;0
NICE;43.71;7.26;15/09/2026;08:00;26.4;0;SOLEIL;7.6;12.2;0
NICE;43.71;7.26;15/09/2026;09:00;25.8;0;SOLEIL;5.4;11.9;0
NICE;43.71;7.26;15/09/2026;10:00;25.7;0;SOLEIL;2.1;8.3;0
NICE;43.71;7.26;15/09/2026;11:00;26.2;0;SOLEIL;4.3;9.0;0
NICE;43.71;7.26;15/09/2026;12:00;26.6;0;SOLEIL;7.9;15.1;0
NICE;43.71;7.26;15/09/2026;13:00;27.1;0;SOLEIL;8.6;16.9;0
NICE;43.71;7.26;15/09/2026;14:00;27.9;0;SOLEIL;9.4;18.4;0
NICE;43.71;7.26;15/09/2026;15:00;27.6;0;SOLEIL;9.0;17.6;0
NICE;43.71;7.26;15/09/2026;16:00;26.6;0;SOLEIL;7.7;16.9;0
NICE;43.71;7.26;15/09/2026;17:00;26.3;0;SOLEIL;6.3;15.1;0
NICE;43.71;7.26;15/09/2026;18:00;25.2;0;SOLEIL;4.8;11.9;0
NICE;43.71;7.26;15/09/2026;19:00;24.9;0;SOLEIL;2.5;9.4;0
NICE;43.71;7.26;15/09/2026;20:00;24.6;0;SOLEIL;1.8;5.0;0
NICE;43.71;7.26;15/09/2026;21:00;23.8;0;SOLEIL;2.3;3.6;0
NICE;43.71;7.26;15/09/2026;22:00;23.9;0;SOLEIL;4.2;6.8;0
NICE;43.71;7.26;15/09/2026;23:00;23.6;0;SOLEIL;4.1;7.2;0
NICE;43.71;7.26;16/09/2026;00:00;22.8;0;SOLEIL;4.0;6.8;0
NICE;43.71;7.26;16/09/2026;01:00;22.8;0;SOLEIL;5.1;8.6;0
NICE;43.71;7.26;16/09/2026;02:00;22.4;0;SOLEIL;6.1;9.7;0
NICE;43.71;7.26;16/09/2026;03:00;22.4;0;SOLEIL;7.2;10.8;0
NICE;43.71;7.26;16/09/2026;04:00;22.4;0;SOLEIL;7.2;11.5;0
NICE;43.71;7.26;16/09/2026;05:00;22.1;0;SOLEIL;7.2;11.5;0
NICE;43.71;7.26;16/09/2026;06:00;22.1;0;SOLEIL;7.2;11.5;0
NICE;43.71;7.26;16/09/2026;07:00;22.1;0;SOLEIL;7.2;11.9;0
NICE;43.71;7.26;16/09/2026;08:00;26.2;0;SOLEIL;6.8;11.9;0
NICE;43.71;7.26;16/09/2026;09:00;26.2;0;SOLEIL;4.7;10.8;0
NICE;43.71;7.26;16/09/2026;10:00;26.2;0;SOLEIL;1.6;7.2;0
NICE;43.71;7.26;16/09/2026;11:00;26.1;0;SOLEIL;3.1;7.2;0
NICE;43.71;7.26;16/09/2026;12:00;26.1;0;SOLEIL;6.8;10.1;0
NICE;43.71;7.26;16/09/2026;13:00;26.1;0;SOLEIL;9.4;11.2;0
NICE;43.71;7.26;16/09/2026;14:00;25.7;0;SOLEIL;10.3;13.0;0
NICE;43.71;7.26;16/09/2026;15:00;25.7;0;SOLEIL;10.0;13.0;0
NICE;43.71;7.26;16/09/2026;16:00;25.7;0;SOLEIL;9.7;15.1;0
NICE;43.71;7.26;16/09/2026;17:00;25;0;SOLEIL;7.8;17.3;0
NICE;43.71;7.26;16/09/2026;18:00;25;0;SOLEIL;5.8;14.4;0
NICE;43.71;7.26;16/09/2026;19:00;25;0;SOLEIL;4.0;10.8;0
NICE;43.71;7.26;16/09/2026;20:00;23.5;0;SOLEIL;2.4;7.6;0
NICE;43.71;7.26;16/09/2026;21:00;23.5;0;SOLEIL;1.3;4.0;0
NICE;43.71;7.26;16/09/2026;22:00;23.5;0;SOLEIL;5.1;8.3;0
NICE;43.71;7.26;16/09/2026;23:00;22.4;0;SOLEIL;6.5;10.8;0
NICE;43.71;7.26;17/09/2026;00:00;22.4;0;SOLEIL;6.5;10.8;0
NICE;43.71;7.26;17/09/2026;01:00;22.4;0;SOLEIL;6.5;10.8;0
NICE;43.71;7.26;17/09/2026;02:00;21.1;0;SOLEIL;6.9;11.2;0
NICE;43.71;7.26;17/09/2026;03:00;21.1;0;SOLEIL;6.9;11.5;0
NICE;43.71;7.26;17/09/2026;04:00;21.1;0;SOLEIL;7.2;12.2;0
NICE;43.71;7.26;17/09/2026;05:00;22.1;0;SOLEIL;7.2;12.2;0
NICE;43.71;7.26;17/09/2026;06:00;22.1;0;SOLEIL;7.2;12.2;0
NICE;43.71;7.26;17/09/2026;07:00;22.1;0;SOLEIL;8.0;13.3;0
NICE;43.71;7.26;17/09/2026;08:00;25;6;AVERSES;7.9;13.3;0
NICE;43.71;7.26;17/09/2026;09:00;25;6;AVERSES;5.9;12.6;0
NICE;43.71;7.26;17/09/2026;10:00;25;6;AVERSES;3.4;9.4;0
NICE;43.71;7.26;17/09/2026;11:00;24.1;0;SOLEIL;6.0;10.1;0
NICE;43.71;7.26;17/09/2026;12:00;24.1;0;SOLEIL;8.3;11.5;0
NICE;43.71;7.26;17/09/2026;13:00;24.1;0;SOLEIL;10.4;16.6;0
NICE;43.71;7.26;17/09/2026;14:00;24.2;0;SOLEIL;11.5;20.3;0
NICE;43.71;7.26;17/09/2026;15:00;24.2;0;SOLEIL;9.2;22.3;0
NICE;43.71;7.26;17/09/2026;16:00;24.2;0;SOLEIL;8.2;17.6;0
NICE;43.71;7.26;17/09/2026;17:00;23.6;0;SOLEIL;8.0;16.2;0
NICE;43.71;7.26;17/09/2026;18:00;23.6;0;SOLEIL;8.0;15.8;0
NICE;43.71;7.26;17/09/2026;19:00;23.6;0;SOLEIL;5.4;18.0;0
NICE;43.71;7.26;17/09/2026;20:00;23.2;6;AVERSES;3.6;20.5;0
NICE;43.71;7.26;17/09/2026;21:00;22.5;6;AVERSES;0.8;6.5;0
NICE;43.71;7.26;17/09/2026;22:00;21.9;6;AVERSES;5.2;8.6;0
NICE;43.71;7.26;17/09/2026;23:00;21;0;SOLEIL;5.8;10.1;0
NICE;43.71;7.26;18/09/2026;00:00;21;0;SOLEIL;5.9;10.1;0
NICE;43.71;7.26;18/09/2026;01:00;21;0;SOLEIL;5.8;10.1;0
NICE;43.71;7.26;18/09/2026;02:00;19.1;6;AVERSES;7.2;12.6;0
NICE;43.71;7.26;18/09/2026;03:00;19.1;6;AVERSES;7.0;12.6;0
NICE;43.71;7.26;18/09/2026;04:00;19.1;6;AVERSES;7.9;13.7;0
NICE;43.71;7.26;18/09/2026;05:00;20.4;2;NUAGEUX;7.9;14.0;0
NICE;43.71;7.26;18/09/2026;06:00;20.4;2;NUAGEUX;6.8;13.3;0
NICE;43.71;7.26;18/09/2026;07:00;20.4;2;NUAGEUX;6.2;12.2;0
NICE;43.71;7.26;18/09/2026;08:00;20.4;6;AVERSES;6.5;11.5;0
NICE;43.71;7.26;18/09/2026;09:00;21.1;6;AVERSES;5.2;11.5;0
NICE;43.71;7.26;18/09/2026;10:00;21.8;6;AVERSES;1.8;9.4;0
NICE;43.71;7.26;18/09/2026;11:00;24.1;6;AVERSES;5.7;11.5;0
NICE;43.71;7.26;18/09/2026;12:00;24.1;6;AVERSES;9.2;18.0;0
NICE;43.71;7.26;18/09/2026;13:00;24.1;6;AVERSES;12.0;22.3;0
NICE;43.71;7.26;18/09/2026;14:00;24.4;6;AVERSES;11.5;22.7;0
NICE;43.71;7.26;18/09/2026;15:00;25.1;6;AVERSES;9.2;22.7;0
NICE;43.71;7.26;18/09/2026;16:00;24.4;6;AVERSES;4.7;20.9;0
NICE;43.71;7.26;18/09/2026;17:00;23.7;7;PLUIE FAIBLE;2.2;18.0;0
NICE;43.71;7.26;18/09/2026;18:00;23.7;7;PLUIE FAIBLE;1.5;13.3;0
NICE;43.71;7.26;18/09/2026;19:00;23.7;7;PLUIE FAIBLE;1.1;7.6;0
NICE;43.71;7.26;18/09/2026;20:00;21.8;6;AVERSES;1.1;4.0;0
NICE;43.71;7.26;18/09/2026;21:00;21.1;6;AVERSES;1.5;4.7;0
NICE;43.71;7.26;18/09/2026;22:00;20.4;6;AVERSES;3.8;7.2;0
NICE;43.71;7.26;18/09/2026;23:00;21.1;0;SOLEIL;5.5;9.7;0
NICE;43.71;7.26;19/09/2026;00:00;21.1;0;SOLEIL;6.5;10.8;0
NICE;43.71;7.26;19/09/2026;01:00;21.1;0;SOLEIL;7.2;11.9;0
NICE;43.71;7.26;19/09/2026;02:00;19.1;0;SOLEIL;7.2;12.2;0
NICE;43.71;7.26;19/09/2026;03:00;19.1;0;SOLEIL;6.5;11.5;0
NICE;43.71;7.26;19/09/2026;04:00;19.1;0;SOLEIL;5.6;10.4;0
NICE;43.71;7.26;19/09/2026;05:00;20.5;0;SOLEIL;5.0;10.1;0
NICE;43.71;7.26;19/09/2026;06:00;20.5;0;SOLEIL;5.7;11.2;0
NICE;43.71;7.26;19/09/2026;07:00;20.5;0;SOLEIL;7.1;12.6;0
NICE;43.71;7.26;19/09/2026;08:00;20.5;0;SOLEIL;7.0;13.3;0
NICE;43.71;7.26;19/09/2026;09:00;21.3;0;SOLEIL;4.1;12.2;0
NICE;43.71;7.26;19/09/2026;10:00;22.0;0;SOLEIL;0.5;10.4;0
NICE;43.71;7.26;19/09/2026;11:00;25.1;6;AVERSES;4.3;10.1;0
NICE;43.71;7.26;19/09/2026;12:00;25.1;6;AVERSES;7.2;13.3;0
NICE;43.71;7.26;19/09/2026;13:00;25.1;6;AVERSES;9.4;18.0;0
NICE;43.71;7.26;19/09/2026;14:00;24.9;0;SOLEIL;10.9;21.2;0
NICE;43.71;7.26;19/09/2026;15:00;25.6;0;SOLEIL;10.8;21.6;0
NICE;43.71;7.26;19/09/2026;16:00;24.9;0;SOLEIL;10.1;20.2;0
NICE;43.71;7.26;19/09/2026;17:00;24;7;PLUIE FAIBLE;8.7;18.0;0
NICE;43.71;7.26;19/09/2026;18:00;24;7;PLUIE FAIBLE;6.8;15.1;0
NICE;43.71;7.26;19/09/2026;19:00;24;7;PLUIE FAIBLE;4.8;11.5;0
NICE;43.71;7.26;19/09/2026;20:00;22.0;0;SOLEIL;3.7;9.0;0
NICE;43.71;7.26;19/09/2026;21:00;21.3;0;SOLEIL;2.3;8.3;0
NICE;43.71;7.26;19/09/2026;22:00;20.5;0;SOLEIL;3.6;8.6;0
NICE;43.71;7.26;19/09/2026;23:00;22.4;0;SOLEIL;5.4;9.4;0
NICE;43.71;7.26;20/09/2026;00:00;22.4;0;SOLEIL;6.2;9.7;0
NICE;43.71;7.26;20/09/2026;01:00;22.4;0;SOLEIL;6.1;10.4;0
NICE;43.71;7.26;20/09/2026;02:00;20.5;0;SOLEIL;6.1;10.8;0
NICE;43.71;7.26;20/09/2026;03:00;20.5;0;SOLEIL;6.1;11.2;0
NICE;43.71;7.26;20/09/2026;04:00;20.5;0;SOLEIL;6.1;11.2;0
NICE;43.71;7.26;20/09/2026;05:00;21.6;0;SOLEIL;6.5;11.5;0
NICE;43.71;7.26;20/09/2026;06:00;21.6;0;SOLEIL;7.4;12.6;0
NICE;43.71;7.26;20/09/2026;07:00;21.6;0;SOLEIL;8.4;13.9;0
NICE;43.71;7.26;20/09/2026;08:00;21.8;0;SOLEIL;8.9;14.9;0
NICE;43.71;7.26;20/09/2026;09:00;22.5;0;SOLEIL;6.1;14.0;0
NICE;43.71;7.26;20/09/2026;10:00;23.1;0;SOLEIL;2.2;10.4;0
NICE;43.71;7.26;20/09/2026;11:00;25.6;0;SOLEIL;4.1;9.4;0
NICE;43.71;7.26;20/09/2026;12:00;25.6;0;SOLEIL;7.2;12.6;0
NICE;43.71;7.26;20/09/2026;13:00;25.6;0;SOLEIL;10.3;18.4;0
NICE;43.71;7.26;20/09/2026;14:00;25.7;0;SOLEIL;12.0;22.3;0
NICE;43.71;7.26;20/09/2026;15:00;26.4;0;SOLEIL;12.1;23.0;0
NICE;43.71;7.26;20/09/2026;16:00;25.7;0;SOLEIL;10.6;22.0;0
NICE;43.71;7.26;20/09/2026;17:00;24.4;0;SOLEIL;9.0;20.5;0
NICE;43.71;7.26;20/09/2026;18:00;24.4;0;SOLEIL;7.7;18.0;0
NICE;43.71;7.26;20/09/2026;19:00;24.4;0;SOLEIL;6.5;15.1;0
NICE;43.71;7.26;20/09/2026;20:00;23.1;0;SOLEIL;4.9;13.0;0
NICE;43.71;7.26;20/09/2026;21:00;22.5;0;SOLEIL;1.6;12.2;0
NICE;43.71;7.26;20/09/2026;22:00;21.8;0;SOLEIL;4.1;12.6;0
NICE;43.71;7.26;20/09/2026;23:00;22.9;0;SOLEIL;7.6;13.0;0
NICE;43.71;7.26;21/09/2026;00:00;22.9;0;SOLEIL;8.8;13.3;0
NICE;43.71;7.26;21/09/2026;01:00;22.9;0;SOLEIL;8.7;14.0;0
NICE;43.71;7.26;21/09/2026;02:00;20.7;0;SOLEIL;8.4;14.4;0
NICE;43.71;7.26;21/09/2026;03:00;20.7;0;SOLEIL;8.8;14.8;0
NICE;43.71;7.26;21/09/2026;04:00;20.7;0;SOLEIL;8.7;14.8;0
NICE;43.71;7.26;21/09/2026;05:00;21.7;0;SOLEIL;8.9;15.1;0
NICE;43.71;7.26;21/09/2026;06:00;21.7;0;SOLEIL;9.7;15.8;0
NICE;43.71;7.26;21/09/2026;07:00;21.7;0;SOLEIL;10.9;16.9;0
NICE;43.71;7.26;21/09/2026;08:00;22.1;0;SOLEIL;10.1;16.9;0
NICE;43.71;7.26;21/09/2026;09:00;22.8;0;SOLEIL;6.2;14.8;0
NICE;43.71;7.26;21/09/2026;10:00;23.5;0;SOLEIL;2.1;11.9;0
NICE;43.71;7.26;21/09/2026;11:00;26.4;0;SOLEIL;4.9;10.8;0
NICE;43.71;7.26;21/09/2026;12:00;26.4;0;SOLEIL;7.6;13.3;0
NICE;43.71;7.26;21/09/2026;13:00;26.4;0;SOLEIL;9.2;17.3;0
NICE;43.71;7.26;21/09/2026;14:00;26.4;0;SOLEIL;10.2;20.2;0
NICE;43.71;7.26;21/09/2026;15:00;27.1;0;SOLEIL;10.7;21.2;0
NICE;43.71;7.26;21/09/2026;16:00;26.4;0;SOLEIL;10.5;20.9;0
NICE;43.71;7.26;21/09/2026;17:00;25.1;0;SOLEIL;9.6;19.4;0
NICE;43.71;7.26;21/09/2026;18:00;25.1;0;SOLEIL;7.3;15.8;0
NICE;43.71;7.26;21/09/2026;19:00;25.1;0;SOLEIL;3.9;10.8;0
NICE;43.71;7.26;21/09/2026;20:00;23.5;0;SOLEIL;1.1;7.6;0
NICE;43.71;7.26;21/09/2026;21:00;22.8;0;SOLEIL;2.2;7.9;0
NICE;43.71;7.26;21/09/2026;22:00;22.1;0;SOLEIL;5.2;10.1;0
NICE;43.71;7.26;21/09/2026;23:00;23.1;0;SOLEIL;7.2;11.9;0
AJACCIO;41.92;8.73;15/09/2026;00:00;21.7;0;SOLEIL;4.6;9.0;0
AJACCIO;41.92;8.73;15/09/2026;01:00;21.6;0;SOLEIL;5.4;10.1;0
AJACCIO;41.92;8.73;15/09/2026;02:00;21.5;0;SOLEIL;5.4;11.2;0
AJACCIO;41.92;8.73;15/09/2026;03:00;21.1;0;SOLEIL;5.6;11.2;0
AJACCIO;41.92;8.73;15/09/2026;04:00;20.9;0;SOLEIL;5.4;10.8;0
AJACCIO;41.92;8.73;15/09/2026;05:00;20.7;0;SOLEIL;5.7;11.2;0
AJACCIO;41.92;8.73;15/09/2026;06:00;22.2;0;SOLEIL;5.4;11.5;0
AJACCIO;41.92;8.73;15/09/2026;07:00;24.9;0;SOLEIL;5.6;11.2;0
AJACCIO;41.92;8.73;15/09/2026;08:00;27;0;SOLEIL;5.7;11.5;0
AJACCIO;41.92;8.73;15/09/2026;09:00;27.6;0;SOLEIL;3.1;11.5;0
AJACCIO;41.92;8.73;15/09/2026;10:00;29.1;0;SOLEIL;2.7;8.3;0
AJACCIO;41.92;8.73;15/09/2026;11:00;30;0;SOLEIL;7.2;14.4;0
AJACCIO;41.92;8.73;15/09/2026;12:00;30.6;0;SOLEIL;11.4;24.5;0
AJACCIO;41.92;8.73;15/09/2026;13:00;30.9;0;SOLEIL;13.2;27.7;0
AJACCIO;41.92;8.73;15/09/2026;14:00;30.7;0;SOLEIL;14.0;28.8;0
AJACCIO;41.92;8.73;15/09/2026;15:00;30;0;SOLEIL;14.0;29.5;0
AJACCIO;41.92;8.73;15/09/2026;16:00;28.1;0;SOLEIL;13.5;29.5;0
AJACCIO;41.92;8.73;15/09/2026;17:00;26.6;0;SOLEIL;10.8;27.7;0
AJACCIO;41.92;8.73;15/09/2026;18:00;25.1;0;SOLEIL;7.9;22.3;0
AJACCIO;41.92;8.73;15/09/2026;19:00;24.2;0;SOLEIL;5.9;16.9;0
AJACCIO;41.92;8.73;15/09/2026;20:00;23.6;0;SOLEIL;4.1;12.2;0
AJACCIO;41.92;8.73;15/09/2026;21:00;23.4;0;SOLEIL;3.3;6.5;0
AJACCIO;41.92;8.73;15/09/2026;22:00;23.1;0;SOLEIL;4.6;8.6;0
AJACCIO;41.92;8.73;15/09/2026;23:00;23.1;0;SOLEIL;5.1;10.1;0
AJACCIO;41.92;8.73;16/09/2026;00:00;22.5;0;SOLEIL;5.6;10.8;0
AJACCIO;41.92;8.73;16/09/2026;01:00;22.5;0;SOLEIL;5.1;10.8;0
AJACCIO;41.92;8.73;16/09/2026;02:00;19.5;0;SOLEIL;5.4;10.8;0
AJACCIO;41.92;8.73;16/09/2026;03:00;19.5;0;SOLEIL;6.1;11.5;0
AJACCIO;41.92;8.73;16/09/2026;04:00;19.5;0;SOLEIL;6.1;11.5;0
AJACCIO;41.92;8.73;16/09/2026;05:00;19.9;0;SOLEIL;6.6;12.2;0
AJACCIO;41.92;8.73;16/09/2026;06:00;19.9;0;SOLEIL;6.4;12.2;0
AJACCIO;41.92;8.73;16/09/2026;07:00;19.9;0;SOLEIL;6.4;12.6;0
AJACCIO;41.92;8.73;16/09/2026;08:00;28;0;SOLEIL;6.4;12.2;0
AJACCIO;41.92;8.73;16/09/2026;09:00;28;0;SOLEIL;4.3;11.9;0
AJACCIO;41.92;8.73;16/09/2026;10:00;28;0;SOLEIL;1.6;7.9;0
AJACCIO;41.92;8.73;16/09/2026;11:00;29.1;0;SOLEIL;7.1;16.2;0
AJACCIO;41.92;8.73;16/09/2026;12:00;29.1;0;SOLEIL;10.8;23.0;0
AJACCIO;41.92;8.73;16/09/2026;13:00;29.1;0;SOLEIL;12.7;26.6;0
AJACCIO;41.92;8.73;16/09/2026;14:00;28.5;0;SOLEIL;14.0;29.2;0
AJACCIO;41.92;8.73;16/09/2026;15:00;28.5;0;SOLEIL;13.7;30.2;0
AJACCIO;41.92;8.73;16/09/2026;16:00;28.5;0;SOLEIL;12.7;29.2;0
AJACCIO;41.92;8.73;16/09/2026;17:00;25;0;SOLEIL;10.2;27.0;0
AJACCIO;41.92;8.73;16/09/2026;18:00;25;0;SOLEIL;7.6;22.0;0
AJACCIO;41.92;8.73;16/09/2026;19:00;25;0;SOLEIL;6.2;16.6;0
AJACCIO;41.92;8.73;16/09/2026;20:00;22.5;0;SOLEIL;3.2;12.6;0
AJACCIO;41.92;8.73;16/09/2026;21:00;22.5;0;SOLEIL;2.0;5.4;0
AJACCIO;41.92;8.73;16/09/2026;22:00;22.5;0;SOLEIL;4.8;9.4;0
AJACCIO;41.92;8.73;16/09/2026;23:00;20.5;0;SOLEIL;5.4;10.4;0
AJACCIO;41.92;8.73;17/09/2026;00:00;20.5;0;SOLEIL;6.1;11.5;0
AJACCIO;41.92;8.73;17/09/2026;01:00;20.5;0;SOLEIL;6.1;11.5;0
AJACCIO;41.92;8.73;17/09/2026;02:00;19.6;0;SOLEIL;5.5;11.2;0
AJACCIO;41.92;8.73;17/09/2026;03:00;19.6;0;SOLEIL;5.7;10.4;0
AJACCIO;41.92;8.73;17/09/2026;04:00;19.6;0;SOLEIL;5.9;10.4;0
AJACCIO;41.92;8.73;17/09/2026;05:00;20.6;0;SOLEIL;5.5;10.8;0
AJACCIO;41.92;8.73;17/09/2026;06:00;20.6;0;SOLEIL;5.4;10.4;0
AJACCIO;41.92;8.73;17/09/2026;07:00;20.6;0;SOLEIL;6.1;11.9;0
AJACCIO;41.92;8.73;17/09/2026;08:00;27.7;0;SOLEIL;6.4;12.2;0
AJACCIO;41.92;8.73;17/09/2026;09:00;27.7;0;SOLEIL;4.3;11.9;0
AJACCIO;41.92;8.73;17/09/2026;10:00;27.7;0;SOLEIL;0.8;8.3;0
AJACCIO;41.92;8.73;17/09/2026;11:00;27.5;0;SOLEIL;5.1;12.2;0
AJACCIO;41.92;8.73;17/09/2026;12:00;27.5;0;SOLEIL;9.4;20.5;0
AJACCIO;41.92;8.73;17/09/2026;13:00;27.5;0;SOLEIL;12.0;25.6;0
AJACCIO;41.92;8.73;17/09/2026;14:00;27.1;0;SOLEIL;14.5;30.6;0
AJACCIO;41.92;8.73;17/09/2026;15:00;27.1;0;SOLEIL;14.0;32.8;0
AJACCIO;41.92;8.73;17/09/2026;16:00;27.1;0;SOLEIL;10.9;28.8;0
AJACCIO;41.92;8.73;17/09/2026;17:00;23.4;0;SOLEIL;8.3;23.0;0
AJACCIO;41.92;8.73;17/09/2026;18:00;23.4;0;SOLEIL;6.5;18.4;0
AJACCIO;41.92;8.73;17/09/2026;19:00;23.4;0;SOLEIL;5.0;14.0;0
AJACCIO;41.92;8.73;17/09/2026;20:00;23.0;0;SOLEIL;4.5;10.8;0
AJACCIO;41.92;8.73;17/09/2026;21:00;21.9;0;SOLEIL;4.6;11.5;0
AJACCIO;41.92;8.73;17/09/2026;22:00;20.8;0;SOLEIL;3.3;7.2;0
AJACCIO;41.92;8.73;17/09/2026;23:00;19.5;0;SOLEIL;6.5;11.9;0
AJACCIO;41.92;8.73;18/09/2026;00:00;19.5;0;SOLEIL;6.2;12.2;0
AJACCIO;41.92;8.73;18/09/2026;01:00;19.5;0;SOLEIL;5.6;12.6;0
AJACCIO;41.92;8.73;18/09/2026;02:00;17.6;0;SOLEIL;6.8;13.3;0
AJACCIO;41.92;8.73;18/09/2026;03:00;17.6;0;SOLEIL;8.3;15.8;0
AJACCIO;41.92;8.73;18/09/2026;04:00;17.6;0;SOLEIL;8.4;16.2;0
AJACCIO;41.92;8.73;18/09/2026;05:00;19;2;NUAGEUX;7.8;16.2;0
AJACCIO;41.92;8.73;18/09/2026;06:00;19;2;NUAGEUX;6.2;15.1;0
AJACCIO;41.92;8.73;18/09/2026;07:00;19;2;NUAGEUX;6.4;15.1;0
AJACCIO;41.92;8.73;18/09/2026;08:00;19.7;0;SOLEIL;7.2;16.2;0
AJACCIO;41.92;8.73;18/09/2026;09:00;20.7;0;SOLEIL;5.2;13.7;0
AJACCIO;41.92;8.73;18/09/2026;10:00;21.7;0;SOLEIL;3.4;11.2;0
AJACCIO;41.92;8.73;18/09/2026;11:00;26.1;0;SOLEIL;9.5;20.2;0
AJACCIO;41.92;8.73;18/09/2026;12:00;26.1;0;SOLEIL;11.9;24.5;0
AJACCIO;41.92;8.73;18/09/2026;13:00;26.1;0;SOLEIL;13.2;27.7;0
AJACCIO;41.92;8.73;18/09/2026;14:00;25.9;0;SOLEIL;13.7;28.4;0
AJACCIO;41.92;8.73;18/09/2026;15:00;26.9;0;SOLEIL;13.0;29.5;0
AJACCIO;41.92;8.73;18/09/2026;16:00;25.9;0;SOLEIL;11.0;29.2;0
AJACCIO;41.92;8.73;18/09/2026;17:00;22.7;0;SOLEIL;9.3;27.7;0
AJACCIO;41.92;8.73;18/09/2026;18:00;22.7;0;SOLEIL;8.0;23.4;0
AJACCIO;41.92;8.73;18/09/2026;19:00;22.7;0;SOLEIL;7.0;17.6;0
AJACCIO;41.92;8.73;18/09/2026;20:00;21.7;0;SOLEIL;5.2;13.0;0
AJACCIO;41.92;8.73;18/09/2026;21:00;20.7;0;SOLEIL;2.2;10.8;0
AJACCIO;41.92;8.73;18/09/2026;22:00;19.7;0;SOLEIL;1.8;9.7;0
AJACCIO;41.92;8.73;18/09/2026;23:00;18.4;0;SOLEIL;4.3;9.4;0
AJACCIO;41.92;8.73;19/09/2026;00:00;18.4;0;SOLEIL;5.5;9.7;0
AJACCIO;41.92;8.73;19/09/2026;01:00;18.4;0;SOLEIL;5.7;10.4;0
AJACCIO;41.92;8.73;19/09/2026;02:00;16.6;0;SOLEIL;5.8;11.2;0
AJACCIO;41.92;8.73;19/09/2026;03:00;16.6;0;SOLEIL;6.1;11.9;0
AJACCIO;41.92;8.73;19/09/2026;04:00;16.6;0;SOLEIL;6.4;12.6;0
AJACCIO;41.92;8.73;19/09/2026;05:00;17.7;0;SOLEIL;6.6;13.3;0
AJACCIO;41.92;8.73;19/09/2026;06:00;17.7;0;SOLEIL;7.1;13.7;0
AJACCIO;41.92;8.73;19/09/2026;07:00;17.7;0;SOLEIL;7.4;14.4;0
AJACCIO;41.92;8.73;19/09/2026;08:00;19.0;0;SOLEIL;6.6;14.4;0
AJACCIO;41.92;8.73;19/09/2026;09:00;20.3;0;SOLEIL;3.6;13.3;0
AJACCIO;41.92;8.73;19/09/2026;10:00;21.5;0;SOLEIL;2.1;11.5;0
AJACCIO;41.92;8.73;19/09/2026;11:00;27.1;0;SOLEIL;5.8;13.0;0
AJACCIO;41.92;8.73;19/09/2026;12:00;27.1;0;SOLEIL;10.1;19.8;0
AJACCIO;41.92;8.73;19/09/2026;13:00;27.1;0;SOLEIL;14.8;29.5;0
AJACCIO;41.92;8.73;19/09/2026;14:00;26.4;0;SOLEIL;17.7;36.4;0
AJACCIO;41.92;8.73;19/09/2026;15:00;27.6;0;SOLEIL;17.9;37.8;0
AJACCIO;41.92;8.73;19/09/2026;16:00;26.4;0;SOLEIL;16.2;36.0;0
AJACCIO;41.92;8.73;19/09/2026;17:00;23.1;7;PLUIE FAIBLE;14.0;32.8;0
AJACCIO;41.92;8.73;19/09/2026;18:00;23.1;7;PLUIE FAIBLE;11.1;27.7;0
AJACCIO;41.92;8.73;19/09/2026;19:00;23.1;7;PLUIE FAIBLE;7.6;21.2;0
AJACCIO;41.92;8.73;19/09/2026;20:00;21.5;0;SOLEIL;4.2;16.2;0
AJACCIO;41.92;8.73;19/09/2026;21:00;20.3;0;SOLEIL;2.2;13.3;0
AJACCIO;41.92;8.73;19/09/2026;22:00;19.0;0;SOLEIL;3.8;11.5;0
AJACCIO;41.92;8.73;19/09/2026;23:00;18.9;0;SOLEIL;5.8;10.8;0
AJACCIO;41.92;8.73;20/09/2026;00:00;18.9;0;SOLEIL;6.6;11.5;0
AJACCIO;41.92;8.73;20/09/2026;01:00;18.9;0;SOLEIL;7.0;13.0;0
AJACCIO;41.92;8.73;20/09/2026;02:00;17.1;0;SOLEIL;7.2;14.0;0
AJACCIO;41.92;8.73;20/09/2026;03:00;17.1;0;SOLEIL;7.4;14.4;0
AJACCIO;41.92;8.73;20/09/2026;04:00;17.1;0;SOLEIL;7.1;14.0;0
AJACCIO;41.92;8.73;20/09/2026;05:00;18.1;0;SOLEIL;7.4;14.0;0
AJACCIO;41.92;8.73;20/09/2026;06:00;18.1;0;SOLEIL;7.4;13.8;0
AJACCIO;41.92;8.73;20/09/2026;07:00;18.1;0;SOLEIL;7.7;13.9;0
AJACCIO;41.92;8.73;20/09/2026;08:00;19.6;0;SOLEIL;7.7;13.9;0
AJACCIO;41.92;8.73;20/09/2026;09:00;20.9;0;SOLEIL;5.9;13.7;0
AJACCIO;41.92;8.73;20/09/2026;10:00;22.1;0;SOLEIL;4.0;12.2;0
AJACCIO;41.92;8.73;20/09/2026;11:00;27.6;0;SOLEIL;5.5;12.2;0
AJACCIO;41.92;8.73;20/09/2026;12:00;27.6;0;SOLEIL;7.7;15.8;0
AJACCIO;41.92;8.73;20/09/2026;13:00;27.6;0;SOLEIL;11.0;21.2;0
AJACCIO;41.92;8.73;20/09/2026;14:00;27.1;0;SOLEIL;12.8;25.2;0
AJACCIO;41.92;8.73;20/09/2026;15:00;28.4;0;SOLEIL;11.9;26.3;0
AJACCIO;41.92;8.73;20/09/2026;16:00;27.1;0;SOLEIL;9.8;25.2;0
AJACCIO;41.92;8.73;20/09/2026;17:00;23.5;0;SOLEIL;7.6;23.0;0
AJACCIO;41.92;8.73;20/09/2026;18:00;23.5;0;SOLEIL;5.4;18.0;0
AJACCIO;41.92;8.73;20/09/2026;19:00;23.5;0;SOLEIL;3.0;11.2;0
AJACCIO;41.92;8.73;20/09/2026;20:00;22.1;0;SOLEIL;0.8;6.8;0
AJACCIO;41.92;8.73;20/09/2026;21:00;20.9;0;SOLEIL;2.2;7.6;0
AJACCIO;41.92;8.73;20/09/2026;22:00;19.6;0;SOLEIL;5.1;10.4;0
AJACCIO;41.92;8.73;20/09/2026;23:00;19.1;0;SOLEIL;7.2;13.0;0
AJACCIO;41.92;8.73;21/09/2026;00:00;19.1;0;SOLEIL;8.0;13.3;0
AJACCIO;41.92;8.73;21/09/2026;01:00;19.1;0;SOLEIL;7.6;13.0;0
AJACCIO;41.92;8.73;21/09/2026;02:00;17;0;SOLEIL;7.2;13.0;0
AJACCIO;41.92;8.73;21/09/2026;03:00;17;0;SOLEIL;7.6;13.3;0
AJACCIO;41.92;8.73;21/09/2026;04:00;17;0;SOLEIL;8.0;13.3;0
AJACCIO;41.92;8.73;21/09/2026;05:00;18.2;0;SOLEIL;8.0;13.7;0
AJACCIO;41.92;8.73;21/09/2026;06:00;18.2;0;SOLEIL;8.3;14.0;0
AJACCIO;41.92;8.73;21/09/2026;07:00;18.2;0;SOLEIL;8.3;14.4;0
AJACCIO;41.92;8.73;21/09/2026;08:00;19.6;0;SOLEIL;7.2;14.0;0
AJACCIO;41.92;8.73;21/09/2026;09:00;20.8;0;SOLEIL;4.4;11.9;0
AJACCIO;41.92;8.73;21/09/2026;10:00;22.1;0;SOLEIL;1.0;9.4;0
AJACCIO;41.92;8.73;21/09/2026;11:00;27.6;0;SOLEIL;3.4;9.4;0
AJACCIO;41.92;8.73;21/09/2026;12:00;27.6;0;SOLEIL;7.5;14.8;0
AJACCIO;41.92;8.73;21/09/2026;13:00;27.6;0;SOLEIL;11.7;23.0;0
AJACCIO;41.92;8.73;21/09/2026;14:00;27.2;0;SOLEIL;14.3;28.4;0
AJACCIO;41.92;8.73;21/09/2026;15:00;28.5;0;SOLEIL;13.9;28.4;0
AJACCIO;41.92;8.73;21/09/2026;16:00;27.2;0;SOLEIL;11.5;25.9;0
AJACCIO;41.92;8.73;21/09/2026;17:00;23.2;0;SOLEIL;9.2;22.3;0
AJACCIO;41.92;8.73;21/09/2026;18:00;23.2;0;SOLEIL;6.9;17.3;0
AJACCIO;41.92;8.73;21/09/2026;19:00;23.2;0;SOLEIL;4.4;10.8;0
AJACCIO;41.92;8.73;21/09/2026;20:00;22.1;0;SOLEIL;2.0;7.2;0
AJACCIO;41.92;8.73;21/09/2026;21:00;20.8;0;SOLEIL;2.3;7.9;0
AJACCIO;41.92;8.73;21/09/2026;22:00;19.6;0;SOLEIL;5.1;11.2;0
AJACCIO;41.92;8.73;21/09/2026;23:00;19.5;0;SOLEIL;7.6;13.7;0
BASTIA;42.69;9.45;15/09/2026;00:00;24.1;0;SOLEIL;9.4;18.0;0
BASTIA;42.69;9.45;15/09/2026;01:00;24;0;SOLEIL;9.7;18.7;0
BASTIA;42.69;9.45;15/09/2026;02:00;24;0;SOLEIL;9.7;19.1;0
BASTIA;42.69;9.45;15/09/2026;03:00;23.9;0;SOLEIL;9.7;19.1;0
BASTIA;42.69;9.45;15/09/2026;04:00;24;0;SOLEIL;9.4;18.7;0
BASTIA;42.69;9.45;15/09/2026;05:00;24.4;0;SOLEIL;9.0;18.0;0
BASTIA;42.69;9.45;15/09/2026;06:00;24.7;0;SOLEIL;9.4;17.6;0
BASTIA;42.69;9.45;15/09/2026;07:00;24.3;0;SOLEIL;9.0;17.6;0
BASTIA;42.69;9.45;15/09/2026;08:00;28.7;0;SOLEIL;8.3;16.9;0
BASTIA;42.69;9.45;15/09/2026;09:00;29.3;0;SOLEIL;4.9;15.1;0
BASTIA;42.69;9.45;15/09/2026;10:00;28.9;0;SOLEIL;3.0;9.0;0
BASTIA;42.69;9.45;15/09/2026;11:00;29.5;0;SOLEIL;3.1;6.1;0
BASTIA;42.69;9.45;15/09/2026;12:00;29.6;0;SOLEIL;6.3;11.5;0
BASTIA;42.69;9.45;15/09/2026;13:00;29.9;0;SOLEIL;9.1;19.4;0
BASTIA;42.69;9.45;15/09/2026;14:00;28.6;0;SOLEIL;8.1;20.2;0
BASTIA;42.69;9.45;15/09/2026;15:00;28.4;0;SOLEIL;8.7;18.0;0
BASTIA;42.69;9.45;15/09/2026;16:00;28.6;0;SOLEIL;8.1;19.1;0
BASTIA;42.69;9.45;15/09/2026;17:00;26.5;0;SOLEIL;6.6;16.9;0
BASTIA;42.69;9.45;15/09/2026;18:00;25.7;0;SOLEIL;5.2;13.7;0
BASTIA;42.69;9.45;15/09/2026;19:00;26.1;0;SOLEIL;4.0;11.2;0
BASTIA;42.69;9.45;15/09/2026;20:00;25.7;0;SOLEIL;2.0;6.5;0
BASTIA;42.69;9.45;15/09/2026;21:00;25.4;0;SOLEIL;6.3;11.5;0
BASTIA;42.69;9.45;15/09/2026;22:00;26.2;0;SOLEIL;8.3;16.6;0
BASTIA;42.69;9.45;15/09/2026;23:00;25.5;0;SOLEIL;8.6;16.6;0
BASTIA;42.69;9.45;16/09/2026;00:00;24.9;0;SOLEIL;9.4;18.0;0
BASTIA;42.69;9.45;16/09/2026;01:00;24.9;0;SOLEIL;8.7;17.6;0
BASTIA;42.69;9.45;16/09/2026;02:00;23.7;0;SOLEIL;8.8;17.6;0
BASTIA;42.69;9.45;16/09/2026;03:00;23.7;0;SOLEIL;8.6;17.3;0
BASTIA;42.69;9.45;16/09/2026;04:00;23.7;0;SOLEIL;8.1;15.1;0
BASTIA;42.69;9.45;16/09/2026;05:00;24.5;0;SOLEIL;8.2;15.5;0
BASTIA;42.69;9.45;16/09/2026;06:00;24.5;0;SOLEIL;9.0;16.9;0
BASTIA;42.69;9.45;16/09/2026;07:00;24.5;0;SOLEIL;8.9;16.9;0
BASTIA;42.69;9.45;16/09/2026;08:00;28.2;0;SOLEIL;8.6;15.8;0
BASTIA;42.69;9.45;16/09/2026;09:00;28.2;0;SOLEIL;3.5;14.4;0
BASTIA;42.69;9.45;16/09/2026;10:00;28.2;0;SOLEIL;4.0;9.0;0
BASTIA;42.69;9.45;16/09/2026;11:00;29.4;0;SOLEIL;7.2;16.2;0
BASTIA;42.69;9.45;16/09/2026;12:00;29.4;0;SOLEIL;8.3;18.7;0
BASTIA;42.69;9.45;16/09/2026;13:00;29.4;0;SOLEIL;8.7;19.8;0
BASTIA;42.69;9.45;16/09/2026;14:00;28.1;0;SOLEIL;9.4;22.0;0
BASTIA;42.69;9.45;16/09/2026;15:00;28.1;0;SOLEIL;9.8;22.3;0
BASTIA;42.69;9.45;16/09/2026;16:00;28.1;0;SOLEIL;9.0;22.3;0
BASTIA;42.69;9.45;16/09/2026;17:00;26.1;0;SOLEIL;7.2;20.2;0
BASTIA;42.69;9.45;16/09/2026;18:00;26.1;0;SOLEIL;5.2;16.6;0
BASTIA;42.69;9.45;16/09/2026;19:00;26.1;0;SOLEIL;2.1;11.9;0
BASTIA;42.69;9.45;16/09/2026;20:00;24.2;0;SOLEIL;4.6;6.5;0
BASTIA;42.69;9.45;16/09/2026;21:00;24.2;0;SOLEIL;8.8;18.4;0
BASTIA;42.69;9.45;16/09/2026;22:00;24.2;0;SOLEIL;10.1;20.2;0
BASTIA;42.69;9.45;16/09/2026;23:00;23.9;0;SOLEIL;11.2;20.9;0
BASTIA;42.69;9.45;17/09/2026;00:00;23.9;0;SOLEIL;11.2;21.2;0
BASTIA;42.69;9.45;17/09/2026;01:00;23.9;0;SOLEIL;11.2;21.2;0
BASTIA;42.69;9.45;17/09/2026;02:00;24.1;0;SOLEIL;10.9;20.9;0
BASTIA;42.69;9.45;17/09/2026;03:00;24.1;0;SOLEIL;10.1;20.5;0
BASTIA;42.69;9.45;17/09/2026;04:00;24.1;0;SOLEIL;10.5;19.1;0
BASTIA;42.69;9.45;17/09/2026;05:00;24.6;0;SOLEIL;9.4;19.1;0
BASTIA;42.69;9.45;17/09/2026;06:00;24.6;0;SOLEIL;8.6;17.6;0
BASTIA;42.69;9.45;17/09/2026;07:00;24.6;0;SOLEIL;8.3;16.9;0
BASTIA;42.69;9.45;17/09/2026;08:00;27.9;0;SOLEIL;7.6;16.6;0
BASTIA;42.69;9.45;17/09/2026;09:00;27.9;0;SOLEIL;3.6;15.1;0
BASTIA;42.69;9.45;17/09/2026;10:00;27.9;0;SOLEIL;2.2;9.0;0
BASTIA;42.69;9.45;17/09/2026;11:00;28.9;0;SOLEIL;6.1;15.1;0
BASTIA;42.69;9.45;17/09/2026;12:00;28.9;0;SOLEIL;10.1;22.3;0
BASTIA;42.69;9.45;17/09/2026;13:00;28.9;0;SOLEIL;11.8;26.6;0
BASTIA;42.69;9.45;17/09/2026;14:00;27.1;10;ORAGEUX;11.4;27.7;0
BASTIA;42.69;9.45;17/09/2026;15:00;27.1;10;ORAGEUX;9.7;28.4;0
BASTIA;42.69;9.45;17/09/2026;16:00;27.1;10;ORAGEUX;5.1;20.5;0
BASTIA;42.69;9.45;17/09/2026;17:00;24;0;SOLEIL;4.2;10.1;0
BASTIA;42.69;9.45;17/09/2026;18:00;24;0;SOLEIL;1.8;9.0;0
BASTIA;42.69;9.45;17/09/2026;19:00;24;0;SOLEIL;0.7;4.3;0
BASTIA;42.69;9.45;17/09/2026;20:00;26.3;10;ORAGEUX;3.7;8.3;0
BASTIA;42.69;9.45;17/09/2026;21:00;25.3;10;ORAGEUX;7.1;13.7;0
BASTIA;42.69;9.45;17/09/2026;22:00;24.2;10;ORAGEUX;7.3;15.8;0
BASTIA;42.69;9.45;17/09/2026;23:00;23;0;SOLEIL;7.2;14.8;0
BASTIA;42.69;9.45;18/09/2026;00:00;23;0;SOLEIL;7.2;15.1;0
BASTIA;42.69;9.45;18/09/2026;01:00;23;0;SOLEIL;6.9;13.7;0
BASTIA;42.69;9.45;18/09/2026;02:00;20.1;6;AVERSES;6.9;13.3;0
BASTIA;42.69;9.45;18/09/2026;03:00;20.1;6;AVERSES;7.6;14.8;0
BASTIA;42.69;9.45;18/09/2026;04:00;20.1;6;AVERSES;7.3;14.8;0
BASTIA;42.69;9.45;18/09/2026;05:00;21.1;2;NUAGEUX;6.7;14.4;0
BASTIA;42.69;9.45;18/09/2026;06:00;21.1;2;NUAGEUX;8.0;15.8;0
BASTIA;42.69;9.45;18/09/2026;07:00;21.1;2;NUAGEUX;7.6;15.8;0
BASTIA;42.69;9.45;18/09/2026;08:00;21.7;6;AVERSES;6.6;15.1;0
BASTIA;42.69;9.45;18/09/2026;09:00;22.4;6;AVERSES;2.3;13.0;0
BASTIA;42.69;9.45;18/09/2026;10:00;23.2;6;AVERSES;5.2;13.7;0
BASTIA;42.69;9.45;18/09/2026;11:00;26.5;6;AVERSES;7.5;17.6;0
BASTIA;42.69;9.45;18/09/2026;12:00;26.5;6;AVERSES;9.5;22.0;0
BASTIA;42.69;9.45;18/09/2026;13:00;26.5;6;AVERSES;8.6;22.3;0
BASTIA;42.69;9.45;18/09/2026;14:00;26.3;6;AVERSES;6.9;22.3;0
BASTIA;42.69;9.45;18/09/2026;15:00;27.1;6;AVERSES;5.9;20.2;0
BASTIA;42.69;9.45;18/09/2026;16:00;26.3;6;AVERSES;4.3;16.2;0
BASTIA;42.69;9.45;18/09/2026;17:00;23.1;7;PLUIE FAIBLE;3.3;12.6;0
BASTIA;42.69;9.45;18/09/2026;18:00;23.1;7;PLUIE FAIBLE;2.9;9.7;0
BASTIA;42.69;9.45;18/09/2026;19:00;23.1;7;PLUIE FAIBLE;2.6;6.8;0
BASTIA;42.69;9.45;18/09/2026;20:00;23.2;6;AVERSES;2.2;5.8;0
BASTIA;42.69;9.45;18/09/2026;21:00;22.4;6;AVERSES;2.6;7.6;0
BASTIA;42.69;9.45;18/09/2026;22:00;21.7;6;AVERSES;4.3;10.8;0
BASTIA;42.69;9.45;18/09/2026;23:00;21.1;0;SOLEIL;6.1;13.0;0
BASTIA;42.69;9.45;19/09/2026;00:00;21.1;0;SOLEIL;6.5;12.6;0
BASTIA;42.69;9.45;19/09/2026;01:00;21.1;0;SOLEIL;6.1;11.2;0
BASTIA;42.69;9.45;19/09/2026;02:00;20;7;PLUIE FAIBLE;5.8;10.4;0
BASTIA;42.69;9.45;19/09/2026;03:00;20;7;PLUIE FAIBLE;5.6;11.5;0
BASTIA;42.69;9.45;19/09/2026;04:00;20;7;PLUIE FAIBLE;6.0;13.0;0
BASTIA;42.69;9.45;19/09/2026;05:00;21.1;7;PLUIE FAIBLE;6.1;14.0;0
BASTIA;42.69;9.45;19/09/2026;06:00;21.1;7;PLUIE FAIBLE;6.0;13.7;0
BASTIA;42.69;9.45;19/09/2026;07:00;21.1;7;PLUIE FAIBLE;5.7;12.6;0
BASTIA;42.69;9.45;19/09/2026;08:00;21.5;7;PLUIE FAIBLE;4.4;12.2;0
BASTIA;42.69;9.45;19/09/2026;09:00;22.2;7;PLUIE FAIBLE;0.8;13.7;0
BASTIA;42.69;9.45;19/09/2026;10:00;23.0;7;PLUIE FAIBLE;4.0;15.5;0
BASTIA;42.69;9.45;19/09/2026;11:00;26.1;7;PLUIE FAIBLE;7.6;17.6;0
BASTIA;42.69;9.45;19/09/2026;12:00;26.1;7;PLUIE FAIBLE;9.0;19.4;0
BASTIA;42.69;9.45;19/09/2026;13:00;26.1;7;PLUIE FAIBLE;9.4;20.9;0
BASTIA;42.69;9.45;19/09/2026;14:00;26.0;7;PLUIE FAIBLE;8.4;22.3;0
BASTIA;42.69;9.45;19/09/2026;15:00;26.7;7;PLUIE FAIBLE;6.6;23.8;0
BASTIA;42.69;9.45;19/09/2026;16:00;26.0;7;PLUIE FAIBLE;8.6;24.5;0
BASTIA;42.69;9.45;19/09/2026;17:00;23;0;SOLEIL;11.6;24.1;0
BASTIA;42.69;9.45;19/09/2026;18:00;23;0;SOLEIL;11.0;20.9;0
BASTIA;42.69;9.45;19/09/2026;19:00;23;0;SOLEIL;8.4;16.6;0
BASTIA;42.69;9.45;19/09/2026;20:00;23.0;7;PLUIE FAIBLE;6.6;13.7;0
BASTIA;42.69;9.45;19/09/2026;21:00;22.2;7;PLUIE FAIBLE;6.6;13.7;0
BASTIA;42.69;9.45;19/09/2026;22:00;21.5;7;PLUIE FAIBLE;7.2;15.1;0
BASTIA;42.69;9.45;19/09/2026;23:00;21.2;0;SOLEIL;8.0;16.6;0
BASTIA;42.69;9.45;20/09/2026;00:00;21.2;0;SOLEIL;8.3;16.9;0
BASTIA;42.69;9.45;20/09/2026;01:00;21.2;0;SOLEIL;8.6;16.9;0
BASTIA;42.69;9.45;20/09/2026;02:00;19.7;6;AVERSES;8.6;16.9;0
BASTIA;42.69;9.45;20/09/2026;03:00;19.7;6;AVERSES;8.6;17.6;0
BASTIA;42.69;9.45;20/09/2026;04:00;19.7;6;AVERSES;8.6;18.4;0
BASTIA;42.69;9.45;20/09/2026;05:00;20.7;6;AVERSES;8.3;18.7;0
BASTIA;42.69;9.45;20/09/2026;06:00;20.7;6;AVERSES;6.8;15.0;0
BASTIA;42.69;9.45;20/09/2026;07:00;20.7;6;AVERSES;5.0;11.7;0
BASTIA;42.69;9.45;20/09/2026;08:00;21.4;6;AVERSES;4.3;9.3;0
BASTIA;42.69;9.45;20/09/2026;09:00;22.3;6;AVERSES;4.5;10.8;0
BASTIA;42.69;9.45;20/09/2026;10:00;23.1;6;AVERSES;5.9;13.3;0
BASTIA;42.69;9.45;20/09/2026;11:00;27;6;AVERSES;7.9;15.8;0
BASTIA;42.69;9.45;20/09/2026;12:00;27;6;AVERSES;9.5;18.4;0
BASTIA;42.69;9.45;20/09/2026;13:00;27;6;AVERSES;11.2;21.2;0
BASTIA;42.69;9.45;20/09/2026;14:00;26.5;6;AVERSES;11.8;23.0;0
BASTIA;42.69;9.45;20/09/2026;15:00;27.4;6;AVERSES;11.8;23.4;0
BASTIA;42.69;9.45;20/09/2026;16:00;26.5;6;AVERSES;11.0;23.0;0
BASTIA;42.69;9.45;20/09/2026;17:00;23.1;0;SOLEIL;9.6;21.6;0
BASTIA;42.69;9.45;20/09/2026;18:00;23.1;0;SOLEIL;7.2;18.4;0
BASTIA;42.69;9.45;20/09/2026;19:00;23.1;0;SOLEIL;5.4;14.4;0
BASTIA;42.69;9.45;20/09/2026;20:00;23.1;6;AVERSES;4.7;11.2;0
BASTIA;42.69;9.45;20/09/2026;21:00;22.3;6;AVERSES;4.9;10.4;0
BASTIA;42.69;9.45;20/09/2026;22:00;21.4;6;AVERSES;5.4;10.8;0
BASTIA;42.69;9.45;20/09/2026;23:00;21.4;0;SOLEIL;5.9;10.8;0
BASTIA;42.69;9.45;21/09/2026;00:00;21.4;0;SOLEIL;5.8;10.4;0
BASTIA;42.69;9.45;21/09/2026;01:00;21.4;0;SOLEIL;5.0;10.1;0
BASTIA;42.69;9.45;21/09/2026;02:00;20;0;SOLEIL;4.7;9.4;0
BASTIA;42.69;9.45;21/09/2026;03:00;20;0;SOLEIL;4.4;8.3;0
BASTIA;42.69;9.45;21/09/2026;04:00;20;0;SOLEIL;4.5;7.2;0
BASTIA;42.69;9.45;21/09/2026;05:00;21.1;0;SOLEIL;4.5;6.5;0
BASTIA;42.69;9.45;21/09/2026;06:00;21.1;0;SOLEIL;4.8;6.5;0
BASTIA;42.69;9.45;21/09/2026;07:00;21.1;0;SOLEIL;4.7;6.8;0
BASTIA;42.69;9.45;21/09/2026;08:00;21.7;0;SOLEIL;4.4;7.2;0
BASTIA;42.69;9.45;21/09/2026;09:00;22.5;0;SOLEIL;2.9;7.6;0
BASTIA;42.69;9.45;21/09/2026;10:00;23.4;0;SOLEIL;2.2;7.9;0
BASTIA;42.69;9.45;21/09/2026;11:00;27.1;0;SOLEIL;3.7;9.4;0
BASTIA;42.69;9.45;21/09/2026;12:00;27.1;0;SOLEIL;5.9;12.6;0
BASTIA;42.69;9.45;21/09/2026;13:00;27.1;0;SOLEIL;8.2;16.6;0
BASTIA;42.69;9.45;21/09/2026;14:00;26.8;0;SOLEIL;9.7;19.4;0
BASTIA;42.69;9.45;21/09/2026;15:00;27.6;0;SOLEIL;10.5;20.9;0
BASTIA;42.69;9.45;21/09/2026;16:00;26.8;0;SOLEIL;11.0;21.2;0
BASTIA;42.69;9.45;21/09/2026;17:00;23.6;0;SOLEIL;10.3;20.2;0
BASTIA;42.69;9.45;21/09/2026;18:00;23.6;0;SOLEIL;8.0;16.6;0
BASTIA;42.69;9.45;21/09/2026;19:00;23.6;0;SOLEIL;5.2;11.5;0
BASTIA;42.69;9.45;21/09/2026;20:00;23.4;0;SOLEIL;2.4;7.6;0
BASTIA;42.69;9.45;21/09/2026;21:00;22.5;0;SOLEIL;1.3;6.5;0
BASTIA;42.69;9.45;21/09/2026;22:00;21.7;0;SOLEIL;3.2;6.5;0
BASTIA;42.69;9.45;21/09/2026;23:00;21.6;0;SOLEIL;4.7;6.8;0
ALENÇON;48.43;0.09;15/09/2026;00:00;18.2;0;SOLEIL;5.5;11.9;0
ALENÇON;48.43;0.09;15/09/2026;01:00;17.7;0;SOLEIL;4.0;10.1;0
ALENÇON;48.43;0.09;15/09/2026;02:00;16.7;0;SOLEIL;3.1;7.2;0
ALENÇON;48.43;0.09;15/09/2026;03:00;16.1;0;SOLEIL;2.3;5.8;0
ALENÇON;48.43;0.09;15/09/2026;04:00;15.9;0;SOLEIL;2.3;4.3;0
ALENÇON;48.43;0.09;15/09/2026;05:00;16;5;SOLEIL VOILÉ;2.3;5.0;0
ALENÇON;48.43;0.09;15/09/2026;06:00;16.2;0;SOLEIL;2.6;5.0;0
ALENÇON;48.43;0.09;15/09/2026;07:00;19;0;SOLEIL;2.1;4.7;0
ALENÇON;48.43;0.09;15/09/2026;08:00;21.7;0;SOLEIL;2.3;4.7;0
ALENÇON;48.43;0.09;15/09/2026;09:00;23.8;0;SOLEIL;2.3;5.4;0
ALENÇON;48.43;0.09;15/09/2026;10:00;26.9;0;SOLEIL;3.4;7.9;0
ALENÇON;48.43;0.09;15/09/2026;11:00;28.4;0;SOLEIL;3.8;12.6;0
ALENÇON;48.43;0.09;15/09/2026;12:00;29.6;0;SOLEIL;0.5;9.0;0
ALENÇON;48.43;0.09;15/09/2026;13:00;29.2;0;SOLEIL;2.9;9.4;0
ALENÇON;48.43;0.09;15/09/2026;14:00;28.7;5;SOLEIL VOILÉ;3.8;11.2;0
ALENÇON;48.43;0.09;15/09/2026;15:00;27.4;5;SOLEIL VOILÉ;3.9;11.2;0
ALENÇON;48.43;0.09;15/09/2026;16:00;25.5;5;SOLEIL VOILÉ;5.8;13.7;0
ALENÇON;48.43;0.09;15/09/2026;17:00;23.3;5;SOLEIL VOILÉ;2.9;13.7;0
ALENÇON;48.43;0.09;15/09/2026;18:00;21.3;2;NUAGEUX;1.8;6.5;0
ALENÇON;48.43;0.09;15/09/2026;19:00;19.4;0;SOLEIL;3.1;6.8;0
ALENÇON;48.43;0.09;15/09/2026;20:00;17.9;0;SOLEIL;0.8;6.8;0
ALENÇON;48.43;0.09;15/09/2026;21:00;17;0;SOLEIL;2.5;2.9;0
ALENÇON;48.43;0.09;15/09/2026;22:00;16.7;0;SOLEIL;4.7;14.0;0
ALENÇON;48.43;0.09;15/09/2026;23:00;15.7;0;SOLEIL;3.2;7.2;0
ALENÇON;48.43;0.09;16/09/2026;00:00;14.5;0;SOLEIL;3.8;6.8;0
ALENÇON;48.43;0.09;16/09/2026;01:00;14.5;0;SOLEIL;3.4;6.8;0
ALENÇON;48.43;0.09;16/09/2026;02:00;13.5;0;SOLEIL;2.5;5.8;0
ALENÇON;48.43;0.09;16/09/2026;03:00;13.5;0;SOLEIL;2.2;4.7;0
ALENÇON;48.43;0.09;16/09/2026;04:00;13.5;0;SOLEIL;1.1;3.6;0
ALENÇON;48.43;0.09;16/09/2026;05:00;12.6;0;SOLEIL;1.5;3.2;0
ALENÇON;48.43;0.09;16/09/2026;06:00;12.6;0;SOLEIL;1.3;3.2;0
ALENÇON;48.43;0.09;16/09/2026;07:00;12.6;0;SOLEIL;0.4;2.9;0
ALENÇON;48.43;0.09;16/09/2026;08:00;17.7;0;SOLEIL;1.0;2.5;0
ALENÇON;48.43;0.09;16/09/2026;09:00;17.7;0;SOLEIL;1.3;3.2;0
ALENÇON;48.43;0.09;16/09/2026;10:00;17.7;0;SOLEIL;2.5;6.5;0
ALENÇON;48.43;0.09;16/09/2026;11:00;21.9;0;SOLEIL;8.0;16.9;0
ALENÇON;48.43;0.09;16/09/2026;12:00;21.9;0;SOLEIL;10.8;22.0;0
ALENÇON;48.43;0.09;16/09/2026;13:00;21.9;0;SOLEIL;12.2;25.2;0
ALENÇON;48.43;0.09;16/09/2026;14:00;21.6;0;SOLEIL;15.2;30.6;0
ALENÇON;48.43;0.09;16/09/2026;15:00;21.6;0;SOLEIL;16.7;33.5;0
ALENÇON;48.43;0.09;16/09/2026;16:00;21.6;0;SOLEIL;17.6;34.9;0
ALENÇON;48.43;0.09;16/09/2026;17:00;19.7;0;SOLEIL;13.9;38.5;0
ALENÇON;48.43;0.09;16/09/2026;18:00;19.7;0;SOLEIL;20.3;39.2;0
ALENÇON;48.43;0.09;16/09/2026;19:00;19.7;0;SOLEIL;21.2;45.0;0
ALENÇON;48.43;0.09;16/09/2026;20:00;14.6;0;SOLEIL;17.6;39.6;0
ALENÇON;48.43;0.09;16/09/2026;21:00;14.6;0;SOLEIL;14.3;33.1;0
ALENÇON;48.43;0.09;16/09/2026;22:00;14.6;0;SOLEIL;12.3;27.0;0
ALENÇON;48.43;0.09;16/09/2026;23:00;12.4;5;SOLEIL VOILÉ;8.7;23.4;0
ALENÇON;48.43;0.09;17/09/2026;00:00;12.4;5;SOLEIL VOILÉ;6.4;15.5;0
ALENÇON;48.43;0.09;17/09/2026;01:00;12.4;5;SOLEIL VOILÉ;7.4;13.3;0
ALENÇON;48.43;0.09;17/09/2026;02:00;12.1;5;SOLEIL VOILÉ;8.0;14.4;0
ALENÇON;48.43;0.09;17/09/2026;03:00;12.1;5;SOLEIL VOILÉ;8.0;14.8;0
ALENÇON;48.43;0.09;17/09/2026;04:00;12.1;5;SOLEIL VOILÉ;7.8;15.1;0
ALENÇON;48.43;0.09;17/09/2026;05:00;11.4;5;SOLEIL VOILÉ;6.9;14.4;0
ALENÇON;48.43;0.09;17/09/2026;06:00;11.4;5;SOLEIL VOILÉ;6.1;12.2;0
ALENÇON;48.43;0.09;17/09/2026;07:00;11.4;5;SOLEIL VOILÉ;4.4;11.2;0
ALENÇON;48.43;0.09;17/09/2026;08:00;16.6;5;SOLEIL VOILÉ;3.6;7.9;0
ALENÇON;48.43;0.09;17/09/2026;09:00;16.6;5;SOLEIL VOILÉ;5.2;9.4;0
ALENÇON;48.43;0.09;17/09/2026;10:00;16.6;5;SOLEIL VOILÉ;9.1;18.0;0
ALENÇON;48.43;0.09;17/09/2026;11:00;19;2;NUAGEUX;11.4;25.2;0
ALENÇON;48.43;0.09;17/09/2026;12:00;19;2;NUAGEUX;11.8;24.6;0
ALENÇON;48.43;0.09;17/09/2026;13:00;19;2;NUAGEUX;12.7;25.4;0
ALENÇON;48.43;0.09;17/09/2026;14:00;19.1;2;NUAGEUX;13.6;26.2;0
ALENÇON;48.43;0.09;17/09/2026;15:00;19.1;2;NUAGEUX;14.5;27.7;0
ALENÇON;48.43;0.09;17/09/2026;16:00;19.1;2;NUAGEUX;16.1;30.6;0
ALENÇON;48.43;0.09;17/09/2026;17:00;17.9;2;NUAGEUX;17.9;33.8;0
ALENÇON;48.43;0.09;17/09/2026;18:00;17.9;2;NUAGEUX;18.1;34.6;0
ALENÇON;48.43;0.09;17/09/2026;19:00;17.9;2;NUAGEUX;16.8;33.8;0
ALENÇON;48.43;0.09;17/09/2026;20:00;15.0;2;NUAGEUX;12.2;31.3;0
ALENÇON;48.43;0.09;17/09/2026;21:00;14.0;2;NUAGEUX;8.3;22.3;0
ALENÇON;48.43;0.09;17/09/2026;22:00;12.9;2;NUAGEUX;6.6;14.8;0
ALENÇON;48.43;0.09;17/09/2026;23:00;13.5;0;SOLEIL;4.6;10.8;0
ALENÇON;48.43;0.09;18/09/2026;00:00;13.5;0;SOLEIL;4.5;7.9;0
ALENÇON;48.43;0.09;18/09/2026;01:00;13.5;0;SOLEIL;4.0;7.6;0
ALENÇON;48.43;0.09;18/09/2026;02:00;10.7;0;SOLEIL;3.2;6.8;0
ALENÇON;48.43;0.09;18/09/2026;03:00;10.7;0;SOLEIL;2.9;5.4;0
ALENÇON;48.43;0.09;18/09/2026;04:00;10.7;0;SOLEIL;2.7;5.4;0
ALENÇON;48.43;0.09;18/09/2026;05:00;12;0;SOLEIL;3.4;6.8;0
ALENÇON;48.43;0.09;18/09/2026;06:00;12;0;SOLEIL;3.9;7.9;0
ALENÇON;48.43;0.09;18/09/2026;07:00;12;0;SOLEIL;4.1;7.9;0
ALENÇON;48.43;0.09;18/09/2026;08:00;13.0;0;SOLEIL;4.8;8.6;0
ALENÇON;48.43;0.09;18/09/2026;09:00;14.1;0;SOLEIL;6.2;10.8;0
ALENÇON;48.43;0.09;18/09/2026;10:00;15.3;0;SOLEIL;11.5;21.2;0
ALENÇON;48.43;0.09;18/09/2026;11:00;19.2;6;AVERSES;14.6;28.1;0
ALENÇON;48.43;0.09;18/09/2026;12:00;19.2;6;AVERSES;18.4;34.6;0
ALENÇON;48.43;0.09;18/09/2026;13:00;19.2;6;AVERSES;19.3;37.4;0
ALENÇON;48.43;0.09;18/09/2026;14:00;19.9;0;SOLEIL;19.0;37.1;0
ALENÇON;48.43;0.09;18/09/2026;15:00;21.0;0;SOLEIL;19.9;38.5;0
ALENÇON;48.43;0.09;18/09/2026;16:00;19.9;0;SOLEIL;20.4;38.9;0
ALENÇON;48.43;0.09;18/09/2026;17:00;18.2;7;PLUIE FAIBLE;20.2;38.5;0
ALENÇON;48.43;0.09;18/09/2026;18:00;18.2;7;PLUIE FAIBLE;19.4;36.7;0
ALENÇON;48.43;0.09;18/09/2026;19:00;18.2;7;PLUIE FAIBLE;17.6;33.8;0
ALENÇON;48.43;0.09;18/09/2026;20:00;15.3;0;SOLEIL;15.5;30.6;0
ALENÇON;48.43;0.09;18/09/2026;21:00;14.1;0;SOLEIL;13.2;27.4;0
ALENÇON;48.43;0.09;18/09/2026;22:00;13.0;0;SOLEIL;12.0;23.8;0
ALENÇON;48.43;0.09;18/09/2026;23:00;14.5;0;SOLEIL;11.2;20.2;0
ALENÇON;48.43;0.09;19/09/2026;00:00;14.5;0;SOLEIL;9.2;16.6;0
ALENÇON;48.43;0.09;19/09/2026;01:00;14.5;0;SOLEIL;6.6;13.3;0
ALENÇON;48.43;0.09;19/09/2026;02:00;12.7;2;NUAGEUX;4.6;10.8;0
ALENÇON;48.43;0.09;19/09/2026;03:00;12.7;2;NUAGEUX;3.8;9.0;0
ALENÇON;48.43;0.09;19/09/2026;04:00;12.7;2;NUAGEUX;4.0;8.3;0
ALENÇON;48.43;0.09;19/09/2026;05:00;14.1;2;NUAGEUX;4.0;7.6;0
ALENÇON;48.43;0.09;19/09/2026;06:00;14.1;2;NUAGEUX;3.7;6.8;0
ALENÇON;48.43;0.09;19/09/2026;07:00;14.1;2;NUAGEUX;3.3;6.5;0
ALENÇON;48.43;0.09;19/09/2026;08:00;15.0;2;NUAGEUX;4.0;7.6;0
ALENÇON;48.43;0.09;19/09/2026;09:00;16.1;2;NUAGEUX;6.2;11.5;0
ALENÇON;48.43;0.09;19/09/2026;10:00;17.3;2;NUAGEUX;9.2;17.3;0
ALENÇON;48.43;0.09;19/09/2026;11:00;21;7;PLUIE FAIBLE;11.5;22.0;0
ALENÇON;48.43;0.09;19/09/2026;12:00;21;7;PLUIE FAIBLE;13.0;24.8;0
ALENÇON;48.43;0.09;19/09/2026;13:00;21;7;PLUIE FAIBLE;14.0;27.0;0
ALENÇON;48.43;0.09;19/09/2026;14:00;21.9;2;NUAGEUX;14.8;28.4;0
ALENÇON;48.43;0.09;19/09/2026;15:00;23.0;2;NUAGEUX;15.1;29.9;0
ALENÇON;48.43;0.09;19/09/2026;16:00;21.9;2;NUAGEUX;15.3;30.6;0
ALENÇON;48.43;0.09;19/09/2026;17:00;20.6;2;NUAGEUX;14.8;30.6;0
ALENÇON;48.43;0.09;19/09/2026;18:00;20.6;2;NUAGEUX;13.9;28.8;0
ALENÇON;48.43;0.09;19/09/2026;19:00;20.6;2;NUAGEUX;12.2;25.9;0
ALENÇON;48.43;0.09;19/09/2026;20:00;17.3;2;NUAGEUX;11.5;24.1;0
ALENÇON;48.43;0.09;19/09/2026;21:00;16.1;2;NUAGEUX;12.2;24.5;0
ALENÇON;48.43;0.09;19/09/2026;22:00;15.0;2;NUAGEUX;13.5;25.6;0
ALENÇON;48.43;0.09;19/09/2026;23:00;15.7;0;SOLEIL;14.5;26.3;0
ALENÇON;48.43;0.09;20/09/2026;00:00;15.7;0;SOLEIL;14.4;26.3;0
ALENÇON;48.43;0.09;20/09/2026;01:00;15.7;0;SOLEIL;13.8;25.9;0
ALENÇON;48.43;0.09;20/09/2026;02:00;12.6;2;NUAGEUX;13.0;25.2;0
ALENÇON;48.43;0.09;20/09/2026;03:00;12.6;2;NUAGEUX;12.2;24.1;0
ALENÇON;48.43;0.09;20/09/2026;04:00;12.6;2;NUAGEUX;11.5;23.4;0
ALENÇON;48.43;0.09;20/09/2026;05:00;13.5;0;SOLEIL;11.3;22.7;0
ALENÇON;48.43;0.09;20/09/2026;06:00;13.5;0;SOLEIL;12.3;23.6;0
ALENÇON;48.43;0.09;20/09/2026;07:00;13.5;0;SOLEIL;13.5;24.8;0
ALENÇON;48.43;0.09;20/09/2026;08:00;15.0;2;NUAGEUX;14.5;25.6;0
ALENÇON;48.43;0.09;20/09/2026;09:00;16.2;2;NUAGEUX;9.6;16.9;0
ALENÇON;48.43;0.09;20/09/2026;10:00;17.4;2;NUAGEUX;13.4;23.4;0
ALENÇON;48.43;0.09;20/09/2026;11:00;22.1;2;NUAGEUX;16.1;29.5;0
ALENÇON;48.43;0.09;20/09/2026;12:00;22.1;2;NUAGEUX;18.3;35.3;0
ALENÇON;48.43;0.09;20/09/2026;13:00;22.1;2;NUAGEUX;21.1;40.7;0
ALENÇON;48.43;0.09;20/09/2026;14:00;22.3;2;NUAGEUX;24.0;44.6;0
ALENÇON;48.43;0.09;20/09/2026;15:00;23.5;2;NUAGEUX;25.6;46.4;0
ALENÇON;48.43;0.09;20/09/2026;16:00;22.3;2;NUAGEUX;26.1;47.2;0
ALENÇON;48.43;0.09;20/09/2026;17:00;20.7;2;NUAGEUX;25.8;46.8;0
ALENÇON;48.43;0.09;20/09/2026;18:00;20.7;2;NUAGEUX;23.8;46.1;0
ALENÇON;48.43;0.09;20/09/2026;19:00;20.7;2;NUAGEUX;20.8;44.6;0
ALENÇON;48.43;0.09;20/09/2026;20:00;17.4;2;NUAGEUX;18.4;41.8;0
ALENÇON;48.43;0.09;20/09/2026;21:00;16.2;2;NUAGEUX;16.8;36.4;0
ALENÇON;48.43;0.09;20/09/2026;22:00;15.0;2;NUAGEUX;15.4;29.9;0
ALENÇON;48.43;0.09;20/09/2026;23:00;14.6;0;SOLEIL;14.5;25.2;0
ALENÇON;48.43;0.09;21/09/2026;00:00;14.6;0;SOLEIL;14.0;24.1;0
ALENÇON;48.43;0.09;21/09/2026;01:00;14.6;0;SOLEIL;13.9;24.5;0
ALENÇON;48.43;0.09;21/09/2026;02:00;11.6;0;SOLEIL;13.5;24.5;0
ALENÇON;48.43;0.09;21/09/2026;03:00;11.6;0;SOLEIL;12.2;23.4;0
ALENÇON;48.43;0.09;21/09/2026;04:00;11.6;0;SOLEIL;10.6;21.6;0
ALENÇON;48.43;0.09;21/09/2026;05:00;13;0;SOLEIL;8.8;19.4;0
ALENÇON;48.43;0.09;21/09/2026;06:00;13;0;SOLEIL;6.8;16.6;0
ALENÇON;48.43;0.09;21/09/2026;07:00;13;0;SOLEIL;4.7;13.3;0
ALENÇON;48.43;0.09;21/09/2026;08:00;14.5;0;SOLEIL;4.0;11.5;0
ALENÇON;48.43;0.09;21/09/2026;09:00;15.9;0;SOLEIL;4.9;12.2;0
ALENÇON;48.43;0.09;21/09/2026;10:00;17.3;0;SOLEIL;6.2;14.8;0
ALENÇON;48.43;0.09;21/09/2026;11:00;22.7;0;SOLEIL;7.6;16.9;0
ALENÇON;48.43;0.09;21/09/2026;12:00;22.7;0;SOLEIL;8.4;18.0;0
ALENÇON;48.43;0.09;21/09/2026;13:00;22.7;0;SOLEIL;9.4;18.7;0
ALENÇON;48.43;0.09;21/09/2026;14:00;23.1;0;SOLEIL;11.2;20.5;0
ALENÇON;48.43;0.09;21/09/2026;15:00;24.5;0;SOLEIL;14.0;25.2;0
ALENÇON;48.43;0.09;21/09/2026;16:00;23.1;0;SOLEIL;16.9;31.3;0
ALENÇON;48.43;0.09;21/09/2026;17:00;22.1;0;SOLEIL;17.7;34.6;0
ALENÇON;48.43;0.09;21/09/2026;18:00;22.1;0;SOLEIL;15.2;32.8;0
ALENÇON;48.43;0.09;21/09/2026;19:00;22.1;0;SOLEIL;11.1;28.1;0
ALENÇON;48.43;0.09;21/09/2026;20:00;17.3;0;SOLEIL;8.4;23.0;0
ALENÇON;48.43;0.09;21/09/2026;21:00;15.9;0;SOLEIL;6.3;17.6;0
ALENÇON;48.43;0.09;21/09/2026;22:00;14.5;0;SOLEIL;3.9;12.2;0
ALENÇON;48.43;0.09;21/09/2026;23:00;15.6;0;SOLEIL;1.8;8.3;0
BOURG-ST-MAURICE;45.62;6.77;15/09/2026;00:00;14.2;0;SOLEIL;3.7;5.8;0
BOURG-ST-MAURICE;45.62;6.77;15/09/2026;01:00;13.4;0;SOLEIL;4.0;5.4;0
BOURG-ST-MAURICE;45.62;6.77;15/09/2026;02:00;13.6;0;SOLEIL;2.2;5.8;0
BOURG-ST-MAURICE;45.62;6.77;15/09/2026;03:00;12.7;0;SOLEIL;4.7;5.8;0
BOURG-ST-MAURICE;45.62;6.77;15/09/2026;04:00;12.5;0;SOLEIL;3.9;6.5;0
BOURG-ST-MAURICE;45.62;6.77;15/09/2026;05:00;11.5;0;SOLEIL;1.6;5.0;0
BOURG-ST-MAURICE;45.62;6.77;15/09/2026;06:00;12;0;SOLEIL;3.1;3.2;0
BOURG-ST-MAURICE;45.62;6.77;15/09/2026;07:00;14.9;0;SOLEIL;4.3;5.4;0
BOURG-ST-MAURICE;45.62;6.77;15/09/2026;08:00;18.6;0;SOLEIL;1.1;5.4;0
BOURG-ST-MAURICE;45.62;6.77;15/09/2026;09:00;21.1;0;SOLEIL;2.3;3.2;0
BOURG-ST-MAURICE;45.62;6.77;15/09/2026;10:00;24.5;0;SOLEIL;2.0;5.0;0
BOURG-ST-MAURICE;45.62;6.77;15/09/2026;11:00;27;0;SOLEIL;2.4;4.3;0
BOURG-ST-MAURICE;45.62;6.77;15/09/2026;12:00;27.7;0;SOLEIL;2.1;7.9;0
BOURG-ST-MAURICE;45.62;6.77;15/09/2026;13:00;28.7;0;SOLEIL;3.4;8.6;0
BOURG-ST-MAURICE;45.62;6.77;15/09/2026;14:00;29.1;0;SOLEIL;10.4;17.3;0
BOURG-ST-MAURICE;45.62;6.77;15/09/2026;15:00;28.2;0;SOLEIL;10.5;22.3;0
BOURG-ST-MAURICE;45.62;6.77;15/09/2026;16:00;26.4;0;SOLEIL;10.0;19.1;0
BOURG-ST-MAURICE;45.62;6.77;15/09/2026;17:00;23;0;SOLEIL;9.7;19.1;0
BOURG-ST-MAURICE;45.62;6.77;15/09/2026;18:00;21;0;SOLEIL;9.0;16.9;0
BOURG-ST-MAURICE;45.62;6.77;15/09/2026;19:00;19.1;0;SOLEIL;5.6;15.5;0
BOURG-ST-MAURICE;45.62;6.77;15/09/2026;20:00;18.1;0;SOLEIL;1.8;8.3;0
BOURG-ST-MAURICE;45.62;6.77;15/09/2026;21:00;16.8;0;SOLEIL;2.9;4.7;0
BOURG-ST-MAURICE;45.62;6.77;15/09/2026;22:00;16.2;0;SOLEIL;4.0;4.3;0
BOURG-ST-MAURICE;45.62;6.77;15/09/2026;23:00;15.5;0;SOLEIL;2.9;4.3;0
BOURG-ST-MAURICE;45.62;6.77;16/09/2026;00:00;14.6;0;SOLEIL;3.2;3.6;0
BOURG-ST-MAURICE;45.62;6.77;16/09/2026;01:00;14.6;0;SOLEIL;3.1;3.2;0
BOURG-ST-MAURICE;45.62;6.77;16/09/2026;02:00;13.7;0;SOLEIL;1.8;2.9;0
BOURG-ST-MAURICE;45.62;6.77;16/09/2026;03:00;13.7;0;SOLEIL;2.3;2.9;0
BOURG-ST-MAURICE;45.62;6.77;16/09/2026;04:00;13.7;0;SOLEIL;2.4;2.9;0
BOURG-ST-MAURICE;45.62;6.77;16/09/2026;05:00;13.1;0;SOLEIL;4.0;4.0;0
BOURG-ST-MAURICE;45.62;6.77;16/09/2026;06:00;13.1;0;SOLEIL;4.2;4.3;0
BOURG-ST-MAURICE;45.62;6.77;16/09/2026;07:00;13.1;0;SOLEIL;4.2;4.3;0
BOURG-ST-MAURICE;45.62;6.77;16/09/2026;08:00;20.2;0;SOLEIL;3.4;4.3;0
BOURG-ST-MAURICE;45.62;6.77;16/09/2026;09:00;20.2;0;SOLEIL;2.1;3.6;0
BOURG-ST-MAURICE;45.62;6.77;16/09/2026;10:00;20.2;0;SOLEIL;1.4;4.0;0
BOURG-ST-MAURICE;45.62;6.77;16/09/2026;11:00;22.9;0;SOLEIL;0.8;4.3;0
BOURG-ST-MAURICE;45.62;6.77;16/09/2026;12:00;22.9;0;SOLEIL;2.1;6.5;0
BOURG-ST-MAURICE;45.62;6.77;16/09/2026;13:00;22.9;0;SOLEIL;4.0;9.7;0
BOURG-ST-MAURICE;45.62;6.77;16/09/2026;14:00;20.4;6;AVERSES;6.5;11.2;0
BOURG-ST-MAURICE;45.62;6.77;16/09/2026;15:00;20.4;6;AVERSES;8.4;13.0;0
BOURG-ST-MAURICE;45.62;6.77;16/09/2026;16:00;20.4;6;AVERSES;11.6;16.9;0
BOURG-ST-MAURICE;45.62;6.77;16/09/2026;17:00;16.7;6;AVERSES;9.6;17.6;0
BOURG-ST-MAURICE;45.62;6.77;16/09/2026;18:00;16.7;6;AVERSES;7.3;16.2;0
BOURG-ST-MAURICE;45.62;6.77;16/09/2026;19:00;16.7;6;AVERSES;4.0;13.0;0
BOURG-ST-MAURICE;45.62;6.77;16/09/2026;20:00;14.5;6;AVERSES;2.9;5.4;0
BOURG-ST-MAURICE;45.62;6.77;16/09/2026;21:00;14.5;6;AVERSES;5.4;7.2;0
BOURG-ST-MAURICE;45.62;6.77;16/09/2026;22:00;14.5;6;AVERSES;5.0;7.9;0
BOURG-ST-MAURICE;45.62;6.77;16/09/2026;23:00;13.9;6;AVERSES;6.3;9.0;0
BOURG-ST-MAURICE;45.62;6.77;17/09/2026;00:00;13.9;6;AVERSES;5.8;8.6;0
BOURG-ST-MAURICE;45.62;6.77;17/09/2026;01:00;13.9;6;AVERSES;5.4;6.8;0
BOURG-ST-MAURICE;45.62;6.77;17/09/2026;02:00;12.9;2;NUAGEUX;5.5;5.8;0
BOURG-ST-MAURICE;45.62;6.77;17/09/2026;03:00;12.9;2;NUAGEUX;5.2;7.6;0
BOURG-ST-MAURICE;45.62;6.77;17/09/2026;04:00;12.9;2;NUAGEUX;4.2;7.2;0
BOURG-ST-MAURICE;45.62;6.77;17/09/2026;05:00;12.6;2;NUAGEUX;4.0;6.1;0
BOURG-ST-MAURICE;45.62;6.77;17/09/2026;06:00;12.6;2;NUAGEUX;5.6;7.9;0
BOURG-ST-MAURICE;45.62;6.77;17/09/2026;07:00;12.6;2;NUAGEUX;4.7;8.3;0
BOURG-ST-MAURICE;45.62;6.77;17/09/2026;08:00;16.1;0;SOLEIL;3.8;7.2;0
BOURG-ST-MAURICE;45.62;6.77;17/09/2026;09:00;16.1;0;SOLEIL;0.4;4.7;0
BOURG-ST-MAURICE;45.62;6.77;17/09/2026;10:00;16.1;0;SOLEIL;1.0;3.2;0
BOURG-ST-MAURICE;45.62;6.77;17/09/2026;11:00;21.1;0;SOLEIL;0.5;3.2;0
BOURG-ST-MAURICE;45.62;6.77;17/09/2026;12:00;21.1;0;SOLEIL;2.3;6.7;0
BOURG-ST-MAURICE;45.62;6.77;17/09/2026;13:00;21.1;0;SOLEIL;4.7;11.7;0
BOURG-ST-MAURICE;45.62;6.77;17/09/2026;14:00;20.4;0;SOLEIL;10.3;24.9;0
BOURG-ST-MAURICE;45.62;6.77;17/09/2026;15:00;20.4;0;SOLEIL;9.1;31.3;0
BOURG-ST-MAURICE;45.62;6.77;17/09/2026;16:00;20.4;0;SOLEIL;6.9;27.4;0
BOURG-ST-MAURICE;45.62;6.77;17/09/2026;17:00;16;2;NUAGEUX;5.8;24.1;0
BOURG-ST-MAURICE;45.62;6.77;17/09/2026;18:00;16;2;NUAGEUX;3.7;23.0;0
BOURG-ST-MAURICE;45.62;6.77;17/09/2026;19:00;16;2;NUAGEUX;3.6;19.1;0
BOURG-ST-MAURICE;45.62;6.77;17/09/2026;20:00;16.8;2;NUAGEUX;2.1;9.4;0
BOURG-ST-MAURICE;45.62;6.77;17/09/2026;21:00;15.6;2;NUAGEUX;3.5;7.2;0
BOURG-ST-MAURICE;45.62;6.77;17/09/2026;22:00;14.4;2;NUAGEUX;5.3;16.2;0
BOURG-ST-MAURICE;45.62;6.77;17/09/2026;23:00;12.6;2;NUAGEUX;3.6;14.4;0
BOURG-ST-MAURICE;45.62;6.77;18/09/2026;00:00;12.6;2;NUAGEUX;5.1;13.3;0
BOURG-ST-MAURICE;45.62;6.77;18/09/2026;01:00;12.6;2;NUAGEUX;5.1;13.0;0
BOURG-ST-MAURICE;45.62;6.77;18/09/2026;02:00;9.5;2;NUAGEUX;4.0;11.2;0
BOURG-ST-MAURICE;45.62;6.77;18/09/2026;03:00;9.5;2;NUAGEUX;3.8;11.5;0
BOURG-ST-MAURICE;45.62;6.77;18/09/2026;04:00;9.5;2;NUAGEUX;3.6;12.6;0
BOURG-ST-MAURICE;45.62;6.77;18/09/2026;05:00;10.1;7;PLUIE FAIBLE;1.8;10.1;0
BOURG-ST-MAURICE;45.62;6.77;18/09/2026;06:00;10.1;7;PLUIE FAIBLE;0.4;7.2;0
BOURG-ST-MAURICE;45.62;6.77;18/09/2026;07:00;10.1;7;PLUIE FAIBLE;0.7;4.3;0
BOURG-ST-MAURICE;45.62;6.77;18/09/2026;08:00;11.7;2;NUAGEUX;1.8;6.5;0
BOURG-ST-MAURICE;45.62;6.77;18/09/2026;09:00;12.7;2;NUAGEUX;1.1;6.8;0
BOURG-ST-MAURICE;45.62;6.77;18/09/2026;10:00;13.8;2;NUAGEUX;2.9;5.4;0
BOURG-ST-MAURICE;45.62;6.77;18/09/2026;11:00;18.1;2;NUAGEUX;3.4;7.9;0
BOURG-ST-MAURICE;45.62;6.77;18/09/2026;12:00;18.1;2;NUAGEUX;4.0;9.0;0
BOURG-ST-MAURICE;45.62;6.77;18/09/2026;13:00;18.1;2;NUAGEUX;3.9;11.9;0
BOURG-ST-MAURICE;45.62;6.77;18/09/2026;14:00;18.1;2;NUAGEUX;5.9;15.8;0
BOURG-ST-MAURICE;45.62;6.77;18/09/2026;15:00;19.2;2;NUAGEUX;7.0;18.7;0
BOURG-ST-MAURICE;45.62;6.77;18/09/2026;16:00;18.1;2;NUAGEUX;8.6;21.2;0
BOURG-ST-MAURICE;45.62;6.77;18/09/2026;17:00;14.4;2;NUAGEUX;8.9;22.3;0
BOURG-ST-MAURICE;45.62;6.77;18/09/2026;18:00;14.4;2;NUAGEUX;7.9;21.6;0
BOURG-ST-MAURICE;45.62;6.77;18/09/2026;19:00;14.4;2;NUAGEUX;6.1;19.8;0
BOURG-ST-MAURICE;45.62;6.77;18/09/2026;20:00;13.8;2;NUAGEUX;4.7;16.9;0
BOURG-ST-MAURICE;45.62;6.77;18/09/2026;21:00;12.7;2;NUAGEUX;3.9;13.0;0
BOURG-ST-MAURICE;45.62;6.77;18/09/2026;22:00;11.7;2;NUAGEUX;3.1;7.9;0
BOURG-ST-MAURICE;45.62;6.77;18/09/2026;23:00;11.1;0;SOLEIL;2.3;4.3;0
BOURG-ST-MAURICE;45.62;6.77;19/09/2026;00:00;11.1;0;SOLEIL;1.8;3.2;0
BOURG-ST-MAURICE;45.62;6.77;19/09/2026;01:00;11.1;0;SOLEIL;1.4;3.2;0
BOURG-ST-MAURICE;45.62;6.77;19/09/2026;02:00;8.1;0;SOLEIL;1.5;3.6;0
BOURG-ST-MAURICE;45.62;6.77;19/09/2026;03:00;8.1;0;SOLEIL;1.8;4.0;0
BOURG-ST-MAURICE;45.62;6.77;19/09/2026;04:00;8.1;0;SOLEIL;2.5;4.3;0
BOURG-ST-MAURICE;45.62;6.77;19/09/2026;05:00;9.2;6;AVERSES;2.6;4.3;0
BOURG-ST-MAURICE;45.62;6.77;19/09/2026;06:00;9.2;6;AVERSES;1.8;3.6;0
BOURG-ST-MAURICE;45.62;6.77;19/09/2026;07:00;9.2;6;AVERSES;0.5;2.9;0
BOURG-ST-MAURICE;45.62;6.77;19/09/2026;08:00;11.1;0;SOLEIL;0.8;2.9;0
BOURG-ST-MAURICE;45.62;6.77;19/09/2026;09:00;12.5;0;SOLEIL;0.4;4.0;0
BOURG-ST-MAURICE;45.62;6.77;19/09/2026;10:00;14.0;0;SOLEIL;1.5;5.8;0
BOURG-ST-MAURICE;45.62;6.77;19/09/2026;11:00;20.2;0;SOLEIL;2.2;7.6;0
BOURG-ST-MAURICE;45.62;6.77;19/09/2026;12:00;20.2;0;SOLEIL;3.1;9.7;0
BOURG-ST-MAURICE;45.62;6.77;19/09/2026;13:00;20.2;0;SOLEIL;3.9;11.9;0
BOURG-ST-MAURICE;45.62;6.77;19/09/2026;14:00;19.9;0;SOLEIL;5.4;14.4;0
BOURG-ST-MAURICE;45.62;6.77;19/09/2026;15:00;21.4;0;SOLEIL;6.6;17.3;0
BOURG-ST-MAURICE;45.62;6.77;19/09/2026;16:00;19.9;0;SOLEIL;7.9;19.8;0
BOURG-ST-MAURICE;45.62;6.77;19/09/2026;17:00;15.7;0;SOLEIL;8.7;21.2;0
BOURG-ST-MAURICE;45.62;6.77;19/09/2026;18:00;15.7;0;SOLEIL;7.9;20.2;0
BOURG-ST-MAURICE;45.62;6.77;19/09/2026;19:00;15.7;0;SOLEIL;6.9;18.0;0
BOURG-ST-MAURICE;45.62;6.77;19/09/2026;20:00;14.0;0;SOLEIL;5.4;14.8;0
BOURG-ST-MAURICE;45.62;6.77;19/09/2026;21:00;12.5;0;SOLEIL;3.4;10.4;0
BOURG-ST-MAURICE;45.62;6.77;19/09/2026;22:00;11.1;0;SOLEIL;1.1;5.4;0
BOURG-ST-MAURICE;45.62;6.77;19/09/2026;23:00;12;0;SOLEIL;1.3;2.2;0
BOURG-ST-MAURICE;45.62;6.77;20/09/2026;00:00;12;0;SOLEIL;2.0;1.8;0
BOURG-ST-MAURICE;45.62;6.77;20/09/2026;01:00;12;0;SOLEIL;2.6;2.9;0
BOURG-ST-MAURICE;45.62;6.77;20/09/2026;02:00;9.1;0;SOLEIL;2.6;4.0;0
BOURG-ST-MAURICE;45.62;6.77;20/09/2026;03:00;9.1;0;SOLEIL;2.8;4.0;0
BOURG-ST-MAURICE;45.62;6.77;20/09/2026;04:00;9.1;0;SOLEIL;2.8;4.0;0
BOURG-ST-MAURICE;45.62;6.77;20/09/2026;05:00;10.4;0;SOLEIL;2.9;4.0;0
BOURG-ST-MAURICE;45.62;6.77;20/09/2026;06:00;10.4;0;SOLEIL;3.4;6.2;0
BOURG-ST-MAURICE;45.62;6.77;20/09/2026;07:00;10.4;0;SOLEIL;3.3;7.9;0
BOURG-ST-MAURICE;45.62;6.77;20/09/2026;08:00;12.3;0;SOLEIL;3.4;9.8;0
BOURG-ST-MAURICE;45.62;6.77;20/09/2026;09:00;14.0;0;SOLEIL;3.2;18.7;0
BOURG-ST-MAURICE;45.62;6.77;20/09/2026;10:00;15.6;0;SOLEIL;0.8;19.4;0
BOURG-ST-MAURICE;45.62;6.77;20/09/2026;11:00;22.9;0;SOLEIL;4.0;20.2;0
BOURG-ST-MAURICE;45.62;6.77;20/09/2026;12:00;22.9;0;SOLEIL;6.1;21.6;0
BOURG-ST-MAURICE;45.62;6.77;20/09/2026;13:00;22.9;0;SOLEIL;8.3;23.0;0
BOURG-ST-MAURICE;45.62;6.77;20/09/2026;14:00;22.1;0;SOLEIL;9.4;24.1;0
BOURG-ST-MAURICE;45.62;6.77;20/09/2026;15:00;23.7;0;SOLEIL;9.7;24.8;0
BOURG-ST-MAURICE;45.62;6.77;20/09/2026;16:00;22.1;0;SOLEIL;9.7;25.2;0
BOURG-ST-MAURICE;45.62;6.77;20/09/2026;17:00;17.9;0;SOLEIL;9.0;25.2;0
BOURG-ST-MAURICE;45.62;6.77;20/09/2026;18:00;17.9;0;SOLEIL;7.6;24.5;0
BOURG-ST-MAURICE;45.62;6.77;20/09/2026;19:00;17.9;0;SOLEIL;5.8;23.0;0
BOURG-ST-MAURICE;45.62;6.77;20/09/2026;20:00;15.6;0;SOLEIL;3.6;21.6;0
BOURG-ST-MAURICE;45.62;6.77;20/09/2026;21:00;14.0;0;SOLEIL;0.8;20.2;0
BOURG-ST-MAURICE;45.62;6.77;20/09/2026;22:00;12.3;0;SOLEIL;2.2;19.1;0
BOURG-ST-MAURICE;45.62;6.77;20/09/2026;23:00;13.5;0;SOLEIL;4.3;17.6;0
BOURG-ST-MAURICE;45.62;6.77;21/09/2026;00:00;13.5;0;SOLEIL;4.7;16.2;0
BOURG-ST-MAURICE;45.62;6.77;21/09/2026;01:00;13.5;0;SOLEIL;3.6;14.8;0
BOURG-ST-MAURICE;45.62;6.77;21/09/2026;02:00;10.1;0;SOLEIL;2.9;13.7;0
BOURG-ST-MAURICE;45.62;6.77;21/09/2026;03:00;10.1;0;SOLEIL;2.3;13.0;0
BOURG-ST-MAURICE;45.62;6.77;21/09/2026;04:00;10.1;0;SOLEIL;1.8;12.2;0
BOURG-ST-MAURICE;45.62;6.77;21/09/2026;05:00;11.6;0;SOLEIL;1.8;11.9;0
BOURG-ST-MAURICE;45.62;6.77;21/09/2026;06:00;11.6;0;SOLEIL;1.9;11.9;0
BOURG-ST-MAURICE;45.62;6.77;21/09/2026;07:00;11.6;0;SOLEIL;2.6;12.6;0
BOURG-ST-MAURICE;45.62;6.77;21/09/2026;08:00;13.5;0;SOLEIL;2.5;13.7;0
BOURG-ST-MAURICE;45.62;6.77;21/09/2026;09:00;15.3;0;SOLEIL;1.5;15.5;0
BOURG-ST-MAURICE;45.62;6.77;21/09/2026;10:00;17.0;0;SOLEIL;1.8;17.6;0
BOURG-ST-MAURICE;45.62;6.77;21/09/2026;11:00;24.9;0;SOLEIL;3.3;20.2;0
BOURG-ST-MAURICE;45.62;6.77;21/09/2026;12:00;24.9;0;SOLEIL;5.8;22.7;0
BOURG-ST-MAURICE;45.62;6.77;21/09/2026;13:00;24.9;0;SOLEIL;8.6;24.8;0
BOURG-ST-MAURICE;45.62;6.77;21/09/2026;14:00;23.9;0;SOLEIL;10.5;27.0;0
BOURG-ST-MAURICE;45.62;6.77;21/09/2026;15:00;25.6;0;SOLEIL;11.4;28.4;0
BOURG-ST-MAURICE;45.62;6.77;21/09/2026;16:00;23.9;0;SOLEIL;11.3;29.9;0
BOURG-ST-MAURICE;45.62;6.77;21/09/2026;17:00;18;0;SOLEIL;10.8;29.9;0
BOURG-ST-MAURICE;45.62;6.77;21/09/2026;18:00;18;0;SOLEIL;9.7;28.4;0
BOURG-ST-MAURICE;45.62;6.77;21/09/2026;19:00;18;0;SOLEIL;8.2;25.9;0
BOURG-ST-MAURICE;45.62;6.77;21/09/2026;20:00;17.0;0;SOLEIL;6.6;23.0;0
BOURG-ST-MAURICE;45.62;6.77;21/09/2026;21:00;15.3;0;SOLEIL;4.8;19.4;0
BOURG-ST-MAURICE;45.62;6.77;21/09/2026;22:00;13.5;0;SOLEIL;3.6;15.8;0
BOURG-ST-MAURICE;45.62;6.77;21/09/2026;23:00;12.6;0;SOLEIL;2.6;13.3;0
CHALON/SAÔNE;46.78;4.85;15/09/2026;00:00;18.1;0;SOLEIL;9.7;19.8;0
CHALON/SAÔNE;46.78;4.85;15/09/2026;01:00;17.5;0;SOLEIL;8.6;20.5;0
CHALON/SAÔNE;46.78;4.85;15/09/2026;02:00;17.1;0;SOLEIL;8.0;18.4;0
CHALON/SAÔNE;46.78;4.85;15/09/2026;03:00;16.6;0;SOLEIL;6.2;17.3;0
CHALON/SAÔNE;46.78;4.85;15/09/2026;04:00;15.5;0;SOLEIL;4.3;12.6;0
CHALON/SAÔNE;46.78;4.85;15/09/2026;05:00;16.3;0;SOLEIL;4.3;10.1;0
CHALON/SAÔNE;46.78;4.85;15/09/2026;06:00;16.6;0;SOLEIL;5.4;10.8;0
CHALON/SAÔNE;46.78;4.85;15/09/2026;07:00;19.6;0;SOLEIL;5.2;10.8;0
CHALON/SAÔNE;46.78;4.85;15/09/2026;08:00;21.5;0;SOLEIL;3.9;10.1;0
CHALON/SAÔNE;46.78;4.85;15/09/2026;09:00;23.5;0;SOLEIL;3.6;9.0;0
CHALON/SAÔNE;46.78;4.85;15/09/2026;10:00;25.9;0;SOLEIL;4.3;10.8;0
CHALON/SAÔNE;46.78;4.85;15/09/2026;11:00;27.1;0;SOLEIL;6.6;15.1;0
CHALON/SAÔNE;46.78;4.85;15/09/2026;12:00;29.2;0;SOLEIL;7.5;17.3;0
CHALON/SAÔNE;46.78;4.85;15/09/2026;13:00;30.5;0;SOLEIL;7.9;18.4;0
CHALON/SAÔNE;46.78;4.85;15/09/2026;14:00;31;0;SOLEIL;6.9;19.8;0
CHALON/SAÔNE;46.78;4.85;15/09/2026;15:00;31.1;0;SOLEIL;7.9;19.1;0
CHALON/SAÔNE;46.78;4.85;15/09/2026;16:00;31.2;0;SOLEIL;8.7;20.2;0
CHALON/SAÔNE;46.78;4.85;15/09/2026;17:00;29.8;0;SOLEIL;10.2;23.0;0
CHALON/SAÔNE;46.78;4.85;15/09/2026;18:00;27.6;0;SOLEIL;10.8;24.8;0
CHALON/SAÔNE;46.78;4.85;15/09/2026;19:00;25;0;SOLEIL;10.0;23.4;0
CHALON/SAÔNE;46.78;4.85;15/09/2026;20:00;22.7;0;SOLEIL;6.2;20.2;0
CHALON/SAÔNE;46.78;4.85;15/09/2026;21:00;21.5;0;SOLEIL;4.5;11.5;0
CHALON/SAÔNE;46.78;4.85;15/09/2026;22:00;21.2;0;SOLEIL;3.9;9.0;0
CHALON/SAÔNE;46.78;4.85;15/09/2026;23:00;20.5;0;SOLEIL;3.7;7.9;0
CHALON/SAÔNE;46.78;4.85;16/09/2026;00:00;18.5;0;SOLEIL;3.9;7.6;0
CHALON/SAÔNE;46.78;4.85;16/09/2026;01:00;18.5;0;SOLEIL;4.6;9.4;0
CHALON/SAÔNE;46.78;4.85;16/09/2026;02:00;17.7;0;SOLEIL;3.6;9.0;0
CHALON/SAÔNE;46.78;4.85;16/09/2026;03:00;17.7;0;SOLEIL;3.7;8.3;0
CHALON/SAÔNE;46.78;4.85;16/09/2026;04:00;17.7;0;SOLEIL;3.7;7.6;0
CHALON/SAÔNE;46.78;4.85;16/09/2026;05:00;17.5;2;NUAGEUX;0.8;6.8;0
CHALON/SAÔNE;46.78;4.85;16/09/2026;06:00;17.5;2;NUAGEUX;1.6;2.9;0
CHALON/SAÔNE;46.78;4.85;16/09/2026;07:00;17.5;2;NUAGEUX;1.9;4.3;0
CHALON/SAÔNE;46.78;4.85;16/09/2026;08:00;18.9;6;AVERSES;1.8;4.3;0
CHALON/SAÔNE;46.78;4.85;16/09/2026;09:00;18.9;6;AVERSES;0.4;3.6;0
CHALON/SAÔNE;46.78;4.85;16/09/2026;10:00;18.9;6;AVERSES;1.6;5.4;0
CHALON/SAÔNE;46.78;4.85;16/09/2026;11:00;19.6;2;NUAGEUX;2.1;7.6;0
CHALON/SAÔNE;46.78;4.85;16/09/2026;12:00;19.6;2;NUAGEUX;3.8;10.4;0
CHALON/SAÔNE;46.78;4.85;16/09/2026;13:00;19.6;2;NUAGEUX;5.9;14.8;0
CHALON/SAÔNE;46.78;4.85;16/09/2026;14:00;21.5;2;NUAGEUX;7.4;17.6;0
CHALON/SAÔNE;46.78;4.85;16/09/2026;15:00;21.5;2;NUAGEUX;7.7;19.1;0
CHALON/SAÔNE;46.78;4.85;16/09/2026;16:00;21.5;2;NUAGEUX;10.7;23.4;0
CHALON/SAÔNE;46.78;4.85;16/09/2026;17:00;19.5;0;SOLEIL;11.7;26.6;0
CHALON/SAÔNE;46.78;4.85;16/09/2026;18:00;19.5;0;SOLEIL;10.0;25.9;0
CHALON/SAÔNE;46.78;4.85;16/09/2026;19:00;19.5;0;SOLEIL;9.8;21.6;0
CHALON/SAÔNE;46.78;4.85;16/09/2026;20:00;16.4;0;SOLEIL;6.0;20.2;0
CHALON/SAÔNE;46.78;4.85;16/09/2026;21:00;16.4;0;SOLEIL;5.1;11.5;0
CHALON/SAÔNE;46.78;4.85;16/09/2026;22:00;16.4;0;SOLEIL;3.5;9.7;0
CHALON/SAÔNE;46.78;4.85;16/09/2026;23:00;12.7;0;SOLEIL;3.1;7.2;0
CHALON/SAÔNE;46.78;4.85;17/09/2026;00:00;12.7;0;SOLEIL;3.1;6.8;0
CHALON/SAÔNE;46.78;4.85;17/09/2026;01:00;12.7;0;SOLEIL;1.1;6.5;0
CHALON/SAÔNE;46.78;4.85;17/09/2026;02:00;10.6;0;SOLEIL;3.2;5.8;0
CHALON/SAÔNE;46.78;4.85;17/09/2026;03:00;10.6;0;SOLEIL;7.2;14.0;0
CHALON/SAÔNE;46.78;4.85;17/09/2026;04:00;10.6;0;SOLEIL;8.0;15.8;0
CHALON/SAÔNE;46.78;4.85;17/09/2026;05:00;10.4;0;SOLEIL;7.3;15.8;0
CHALON/SAÔNE;46.78;4.85;17/09/2026;06:00;10.4;0;SOLEIL;9.0;18.4;0
CHALON/SAÔNE;46.78;4.85;17/09/2026;07:00;10.4;0;SOLEIL;9.4;19.1;0
CHALON/SAÔNE;46.78;4.85;17/09/2026;08:00;19;0;SOLEIL;9.5;20.5;0
CHALON/SAÔNE;46.78;4.85;17/09/2026;09:00;19;0;SOLEIL;10.8;22.7;0
CHALON/SAÔNE;46.78;4.85;17/09/2026;10:00;19;0;SOLEIL;10.5;23.0;0
CHALON/SAÔNE;46.78;4.85;17/09/2026;11:00;22.9;0;SOLEIL;11.6;24.8;0
CHALON/SAÔNE;46.78;4.85;17/09/2026;12:00;22.9;0;SOLEIL;10.6;23.7;0
CHALON/SAÔNE;46.78;4.85;17/09/2026;13:00;22.9;0;SOLEIL;9.7;21.4;0
CHALON/SAÔNE;46.78;4.85;17/09/2026;14:00;23.9;0;SOLEIL;9.5;20.6;0
CHALON/SAÔNE;46.78;4.85;17/09/2026;15:00;23.9;0;SOLEIL;7.4;19.1;0
CHALON/SAÔNE;46.78;4.85;17/09/2026;16:00;23.9;0;SOLEIL;7.1;14.8;0
CHALON/SAÔNE;46.78;4.85;17/09/2026;17:00;21.1;5;SOLEIL VOILÉ;4.4;13.7;0
CHALON/SAÔNE;46.78;4.85;17/09/2026;18:00;21.1;5;SOLEIL VOILÉ;1.6;7.9;0
CHALON/SAÔNE;46.78;4.85;17/09/2026;19:00;21.1;5;SOLEIL VOILÉ;5.1;9.4;0
CHALON/SAÔNE;46.78;4.85;17/09/2026;20:00;16.2;0;SOLEIL;6.6;10.8;0
CHALON/SAÔNE;46.78;4.85;17/09/2026;21:00;14.4;0;SOLEIL;4.8;11.2;0
CHALON/SAÔNE;46.78;4.85;17/09/2026;22:00;12.6;0;SOLEIL;3.3;7.9;0
CHALON/SAÔNE;46.78;4.85;17/09/2026;23:00;14.9;2;NUAGEUX;3.1;5.4;0
CHALON/SAÔNE;46.78;4.85;18/09/2026;00:00;14.9;2;NUAGEUX;2.0;5.0;0
CHALON/SAÔNE;46.78;4.85;18/09/2026;01:00;14.9;2;NUAGEUX;2.4;3.2;0
CHALON/SAÔNE;46.78;4.85;18/09/2026;02:00;13.1;6;AVERSES;3.0;4.0;0
CHALON/SAÔNE;46.78;4.85;18/09/2026;03:00;13.1;6;AVERSES;2.8;4.0;0
CHALON/SAÔNE;46.78;4.85;18/09/2026;04:00;13.1;6;AVERSES;2.5;4.3;0
CHALON/SAÔNE;46.78;4.85;18/09/2026;05:00;14.2;7;PLUIE FAIBLE;2.3;4.0;0
CHALON/SAÔNE;46.78;4.85;18/09/2026;06:00;14.2;7;PLUIE FAIBLE;2.3;4.0;0
CHALON/SAÔNE;46.78;4.85;18/09/2026;07:00;14.2;7;PLUIE FAIBLE;2.3;4.0;0
CHALON/SAÔNE;46.78;4.85;18/09/2026;08:00;15.3;6;AVERSES;2.4;4.0;0
CHALON/SAÔNE;46.78;4.85;18/09/2026;09:00;16.4;6;AVERSES;1.0;4.0;0
CHALON/SAÔNE;46.78;4.85;18/09/2026;10:00;17.5;6;AVERSES;1.8;5.0;0
CHALON/SAÔNE;46.78;4.85;18/09/2026;11:00;21.2;6;AVERSES;2.9;8.3;0
CHALON/SAÔNE;46.78;4.85;18/09/2026;12:00;21.2;6;AVERSES;2.8;9.0;0
CHALON/SAÔNE;46.78;4.85;18/09/2026;13:00;21.2;6;AVERSES;2.6;8.6;0
CHALON/SAÔNE;46.78;4.85;18/09/2026;14:00;21.9;6;AVERSES;3.7;10.1;0
CHALON/SAÔNE;46.78;4.85;18/09/2026;15:00;23.0;6;AVERSES;6.2;13.3;0
CHALON/SAÔNE;46.78;4.85;18/09/2026;16:00;21.9;6;AVERSES;9.4;17.6;0
CHALON/SAÔNE;46.78;4.85;18/09/2026;17:00;19.2;2;NUAGEUX;10.8;20.2;0
CHALON/SAÔNE;46.78;4.85;18/09/2026;18:00;19.2;2;NUAGEUX;9.7;20.2;0
CHALON/SAÔNE;46.78;4.85;18/09/2026;19:00;19.2;2;NUAGEUX;6.8;18.7;0
CHALON/SAÔNE;46.78;4.85;18/09/2026;20:00;17.5;6;AVERSES;4.7;16.2;0
CHALON/SAÔNE;46.78;4.85;18/09/2026;21:00;16.4;6;AVERSES;3.6;12.6;0
CHALON/SAÔNE;46.78;4.85;18/09/2026;22:00;15.3;6;AVERSES;3.1;8.3;0
CHALON/SAÔNE;46.78;4.85;18/09/2026;23:00;14;0;SOLEIL;2.9;5.4;0
CHALON/SAÔNE;46.78;4.85;19/09/2026;00:00;14;0;SOLEIL;3.1;4.7;0
CHALON/SAÔNE;46.78;4.85;19/09/2026;01:00;14;0;SOLEIL;3.4;5.4;0
CHALON/SAÔNE;46.78;4.85;19/09/2026;02:00;11;0;SOLEIL;3.6;6.1;0
CHALON/SAÔNE;46.78;4.85;19/09/2026;03:00;11;0;SOLEIL;3.6;6.5;0
CHALON/SAÔNE;46.78;4.85;19/09/2026;04:00;11;0;SOLEIL;3.8;6.8;0
CHALON/SAÔNE;46.78;4.85;19/09/2026;05:00;12.6;0;SOLEIL;4.0;7.2;0
CHALON/SAÔNE;46.78;4.85;19/09/2026;06:00;12.6;0;SOLEIL;4.3;6.8;0
CHALON/SAÔNE;46.78;4.85;19/09/2026;07:00;12.6;0;SOLEIL;4.3;6.5;0
CHALON/SAÔNE;46.78;4.85;19/09/2026;08:00;14.0;0;SOLEIL;4.3;7.2;0
CHALON/SAÔNE;46.78;4.85;19/09/2026;09:00;15.5;0;SOLEIL;4.8;10.4;0
CHALON/SAÔNE;46.78;4.85;19/09/2026;10:00;17.0;0;SOLEIL;7.4;15.1;0
CHALON/SAÔNE;46.78;4.85;19/09/2026;11:00;23;0;SOLEIL;10.3;19.1;0
CHALON/SAÔNE;46.78;4.85;19/09/2026;12:00;23;0;SOLEIL;12.1;22.0;0
CHALON/SAÔNE;46.78;4.85;19/09/2026;13:00;23;0;SOLEIL;13.2;24.1;0
CHALON/SAÔNE;46.78;4.85;19/09/2026;14:00;23.0;0;SOLEIL;13.2;24.8;0
CHALON/SAÔNE;46.78;4.85;19/09/2026;15:00;24.5;0;SOLEIL;12.1;23.8;0
CHALON/SAÔNE;46.78;4.85;19/09/2026;16:00;23.0;0;SOLEIL;10.0;21.2;0
CHALON/SAÔNE;46.78;4.85;19/09/2026;17:00;20.9;0;SOLEIL;8.1;18.4;0
CHALON/SAÔNE;46.78;4.85;19/09/2026;18:00;20.9;0;SOLEIL;6.3;14.8;0
CHALON/SAÔNE;46.78;4.85;19/09/2026;19:00;20.9;0;SOLEIL;4.6;10.8;0
CHALON/SAÔNE;46.78;4.85;19/09/2026;20:00;17.0;0;SOLEIL;3.2;7.9;0
CHALON/SAÔNE;46.78;4.85;19/09/2026;21:00;15.5;0;SOLEIL;2.8;6.5;0
CHALON/SAÔNE;46.78;4.85;19/09/2026;22:00;14.0;0;SOLEIL;3.1;5.8;0
CHALON/SAÔNE;46.78;4.85;19/09/2026;23:00;14.4;0;SOLEIL;3.7;5.4;0
CHALON/SAÔNE;46.78;4.85;20/09/2026;00:00;14.4;0;SOLEIL;3.8;5.4;0
CHALON/SAÔNE;46.78;4.85;20/09/2026;01:00;14.4;0;SOLEIL;3.6;5.4;0
CHALON/SAÔNE;46.78;4.85;20/09/2026;02:00;12.1;0;SOLEIL;3.8;5.8;0
CHALON/SAÔNE;46.78;4.85;20/09/2026;03:00;12.1;0;SOLEIL;4.1;6.1;0
CHALON/SAÔNE;46.78;4.85;20/09/2026;04:00;12.1;0;SOLEIL;4.1;6.1;0
CHALON/SAÔNE;46.78;4.85;20/09/2026;05:00;14.2;0;SOLEIL;4.1;6.5;0
CHALON/SAÔNE;46.78;4.85;20/09/2026;06:00;14.2;0;SOLEIL;4.1;7.1;0
CHALON/SAÔNE;46.78;4.85;20/09/2026;07:00;14.2;0;SOLEIL;4.6;7.7;0
CHALON/SAÔNE;46.78;4.85;20/09/2026;08:00;15.3;0;SOLEIL;4.6;7.9;0
CHALON/SAÔNE;46.78;4.85;20/09/2026;09:00;16.9;0;SOLEIL;3.2;6.8;0
CHALON/SAÔNE;46.78;4.85;20/09/2026;10:00;18.5;0;SOLEIL;3.1;7.9;0
CHALON/SAÔNE;46.78;4.85;20/09/2026;11:00;25;0;SOLEIL;3.1;8.6;0
CHALON/SAÔNE;46.78;4.85;20/09/2026;12:00;25;0;SOLEIL;3.2;9.4;0
CHALON/SAÔNE;46.78;4.85;20/09/2026;13:00;25;0;SOLEIL;3.4;10.4;0
CHALON/SAÔNE;46.78;4.85;20/09/2026;14:00;24.8;0;SOLEIL;3.3;10.4;0
CHALON/SAÔNE;46.78;4.85;20/09/2026;15:00;26.4;0;SOLEIL;3.3;9.4;0
CHALON/SAÔNE;46.78;4.85;20/09/2026;16:00;24.8;0;SOLEIL;2.5;7.6;0
CHALON/SAÔNE;46.78;4.85;20/09/2026;17:00;22.7;0;SOLEIL;1.8;6.1;0
CHALON/SAÔNE;46.78;4.85;20/09/2026;18:00;22.7;0;SOLEIL;0.7;6.1;0
CHALON/SAÔNE;46.78;4.85;20/09/2026;19:00;22.7;0;SOLEIL;2.9;6.5;0
CHALON/SAÔNE;46.78;4.85;20/09/2026;20:00;18.5;0;SOLEIL;4.5;6.8;0
CHALON/SAÔNE;46.78;4.85;20/09/2026;21:00;16.9;0;SOLEIL;4.1;6.1;0
CHALON/SAÔNE;46.78;4.85;20/09/2026;22:00;15.3;0;SOLEIL;3.2;5.0;0
CHALON/SAÔNE;46.78;4.85;20/09/2026;23:00;15.6;0;SOLEIL;3.3;4.3;0
CHALON/SAÔNE;46.78;4.85;21/09/2026;00:00;15.6;0;SOLEIL;3.5;5.0;0
CHALON/SAÔNE;46.78;4.85;21/09/2026;01:00;15.6;0;SOLEIL;3.9;6.1;0
CHALON/SAÔNE;46.78;4.85;21/09/2026;02:00;12.6;0;SOLEIL;4.1;6.8;0
CHALON/SAÔNE;46.78;4.85;21/09/2026;03:00;12.6;0;SOLEIL;3.8;6.5;0
CHALON/SAÔNE;46.78;4.85;21/09/2026;04:00;12.6;0;SOLEIL;3.8;5.8;0
CHALON/SAÔNE;46.78;4.85;21/09/2026;05:00;14.1;0;SOLEIL;3.6;5.4;0
CHALON/SAÔNE;46.78;4.85;21/09/2026;06:00;14.1;0;SOLEIL;4.0;5.8;0
CHALON/SAÔNE;46.78;4.85;21/09/2026;07:00;14.1;0;SOLEIL;4.5;6.8;0
CHALON/SAÔNE;46.78;4.85;21/09/2026;08:00;15.5;0;SOLEIL;5.2;8.6;0
CHALON/SAÔNE;46.78;4.85;21/09/2026;09:00;17.0;0;SOLEIL;6.2;11.5;0
CHALON/SAÔNE;46.78;4.85;21/09/2026;10:00;18.4;0;SOLEIL;8.3;15.1;0
CHALON/SAÔNE;46.78;4.85;21/09/2026;11:00;24.2;0;SOLEIL;10.2;18.7;0
CHALON/SAÔNE;46.78;4.85;21/09/2026;12:00;24.2;0;SOLEIL;11.8;22.3;0
CHALON/SAÔNE;46.78;4.85;21/09/2026;13:00;24.2;0;SOLEIL;13.0;25.6;0
CHALON/SAÔNE;46.78;4.85;21/09/2026;14:00;24.2;0;SOLEIL;13.8;27.4;0
CHALON/SAÔNE;46.78;4.85;21/09/2026;15:00;25.7;0;SOLEIL;13.6;27.4;0
CHALON/SAÔNE;46.78;4.85;21/09/2026;16:00;24.2;0;SOLEIL;12.7;26.3;0
CHALON/SAÔNE;46.78;4.85;21/09/2026;17:00;22.6;0;SOLEIL;11.8;24.1;0
CHALON/SAÔNE;46.78;4.85;21/09/2026;18:00;22.6;0;SOLEIL;10.2;20.9;0
CHALON/SAÔNE;46.78;4.85;21/09/2026;19:00;22.6;0;SOLEIL;8.2;16.9;0
CHALON/SAÔNE;46.78;4.85;21/09/2026;20:00;18.4;0;SOLEIL;6.1;13.7;0
CHALON/SAÔNE;46.78;4.85;21/09/2026;21:00;17.0;0;SOLEIL;4.8;11.2;0
CHALON/SAÔNE;46.78;4.85;21/09/2026;22:00;15.5;0;SOLEIL;4.0;9.0;0
CHALON/SAÔNE;46.78;4.85;21/09/2026;23:00;15.1;0;SOLEIL;4.5;7.9;0
AGEN;44.2;0.61;15/09/2026;00:00;17.1;0;SOLEIL;1.4;4.3;0
AGEN;44.2;0.61;15/09/2026;01:00;17.6;0;SOLEIL;1.3;3.6;0
AGEN;44.2;0.61;15/09/2026;02:00;17.4;0;SOLEIL;0.8;3.2;0
AGEN;44.2;0.61;15/09/2026;03:00;16;0;SOLEIL;2.1;4.3;0
AGEN;44.2;0.61;15/09/2026;04:00;16.4;0;SOLEIL;1.3;4.0;0
AGEN;44.2;0.61;15/09/2026;05:00;15.2;0;SOLEIL;2.5;4.0;0
AGEN;44.2;0.61;15/09/2026;06:00;14.5;0;SOLEIL;2.1;4.3;0
AGEN;44.2;0.61;15/09/2026;07:00;18.3;0;SOLEIL;1.8;4.3;0
AGEN;44.2;0.61;15/09/2026;08:00;21.6;0;SOLEIL;3.3;6.1;0
AGEN;44.2;0.61;15/09/2026;09:00;24;0;SOLEIL;3.1;7.2;0
AGEN;44.2;0.61;15/09/2026;10:00;28.6;0;SOLEIL;2.8;7.9;0
AGEN;44.2;0.61;15/09/2026;11:00;30.4;0;SOLEIL;1.6;7.9;0
AGEN;44.2;0.61;15/09/2026;12:00;32.9;0;SOLEIL;1.1;5.8;0
AGEN;44.2;0.61;15/09/2026;13:00;32.1;0;SOLEIL;1.1;5.4;0
AGEN;44.2;0.61;15/09/2026;14:00;34.1;0;SOLEIL;1.8;8.3;0
AGEN;44.2;0.61;15/09/2026;15:00;35.2;0;SOLEIL;3.0;9.7;0
AGEN;44.2;0.61;15/09/2026;16:00;34.2;0;SOLEIL;4.8;11.9;0
AGEN;44.2;0.61;15/09/2026;17:00;31.2;0;SOLEIL;4.7;12.2;0
AGEN;44.2;0.61;15/09/2026;18:00;26.5;0;SOLEIL;6.3;11.5;0
AGEN;44.2;0.61;15/09/2026;19:00;24.1;0;SOLEIL;5.2;12.6;0
AGEN;44.2;0.61;15/09/2026;20:00;22.5;0;SOLEIL;3.1;11.5;0
AGEN;44.2;0.61;15/09/2026;21:00;21.3;0;SOLEIL;2.9;6.5;0
AGEN;44.2;0.61;15/09/2026;22:00;20.1;0;SOLEIL;3.3;6.5;0
AGEN;44.2;0.61;15/09/2026;23:00;19.6;0;SOLEIL;3.3;6.5;0
AGEN;44.2;0.61;16/09/2026;00:00;18.8;2;NUAGEUX;3.0;6.5;0
AGEN;44.2;0.61;16/09/2026;01:00;18.8;2;NUAGEUX;2.5;5.0;0
AGEN;44.2;0.61;16/09/2026;02:00;18.2;2;NUAGEUX;2.1;4.7;0
AGEN;44.2;0.61;16/09/2026;03:00;18.2;2;NUAGEUX;2.1;4.0;0
AGEN;44.2;0.61;16/09/2026;04:00;18.2;2;NUAGEUX;1.8;3.6;0
AGEN;44.2;0.61;16/09/2026;05:00;17.1;0;SOLEIL;2.9;5.4;0
AGEN;44.2;0.61;16/09/2026;06:00;17.1;0;SOLEIL;2.8;5.8;0
AGEN;44.2;0.61;16/09/2026;07:00;17.1;0;SOLEIL;3.1;6.5;0
AGEN;44.2;0.61;16/09/2026;08:00;19.6;0;SOLEIL;3.9;7.6;0
AGEN;44.2;0.61;16/09/2026;09:00;19.6;0;SOLEIL;5.8;12.2;0
AGEN;44.2;0.61;16/09/2026;10:00;19.6;0;SOLEIL;5.4;12.2;0
AGEN;44.2;0.61;16/09/2026;11:00;22.4;0;SOLEIL;4.4;11.9;0
AGEN;44.2;0.61;16/09/2026;12:00;22.4;0;SOLEIL;3.1;10.4;0
AGEN;44.2;0.61;16/09/2026;13:00;22.4;0;SOLEIL;0.5;8.3;0
AGEN;44.2;0.61;16/09/2026;14:00;24.1;0;SOLEIL;4.6;11.9;0
AGEN;44.2;0.61;16/09/2026;15:00;24.1;0;SOLEIL;8.0;17.3;0
AGEN;44.2;0.61;16/09/2026;16:00;24.1;0;SOLEIL;11.3;24.5;0
AGEN;44.2;0.61;16/09/2026;17:00;21.6;0;SOLEIL;15.5;30.2;0
AGEN;44.2;0.61;16/09/2026;18:00;21.6;0;SOLEIL;14.5;31.3;0
AGEN;44.2;0.61;16/09/2026;19:00;21.6;0;SOLEIL;21.2;44.6;0
AGEN;44.2;0.61;16/09/2026;20:00;18.5;0;SOLEIL;18.7;42.1;0
AGEN;44.2;0.61;16/09/2026;21:00;18.5;0;SOLEIL;17.7;37.1;0
AGEN;44.2;0.61;16/09/2026;22:00;18.5;0;SOLEIL;15.9;35.3;0
AGEN;44.2;0.61;16/09/2026;23:00;15.2;0;SOLEIL;15.0;31.0;0
AGEN;44.2;0.61;17/09/2026;00:00;15.2;0;SOLEIL;13.7;29.5;0
AGEN;44.2;0.61;17/09/2026;01:00;15.2;0;SOLEIL;11.7;27.0;0
AGEN;44.2;0.61;17/09/2026;02:00;13.6;0;SOLEIL;9.6;22.7;0
AGEN;44.2;0.61;17/09/2026;03:00;13.6;0;SOLEIL;10.2;20.5;0
AGEN;44.2;0.61;17/09/2026;04:00;13.6;0;SOLEIL;9.8;21.2;0
AGEN;44.2;0.61;17/09/2026;05:00;12.6;5;SOLEIL VOILÉ;10.8;21.6;0
AGEN;44.2;0.61;17/09/2026;06:00;12.6;5;SOLEIL VOILÉ;10.9;22.3;0
AGEN;44.2;0.61;17/09/2026;07:00;12.6;5;SOLEIL VOILÉ;10.4;22.7;0
AGEN;44.2;0.61;17/09/2026;08:00;19.1;5;SOLEIL VOILÉ;11.0;24.5;0
AGEN;44.2;0.61;17/09/2026;09:00;19.1;5;SOLEIL VOILÉ;12.7;25.6;0
AGEN;44.2;0.61;17/09/2026;10:00;19.1;5;SOLEIL VOILÉ;16.1;32.0;0
AGEN;44.2;0.61;17/09/2026;11:00;22.1;5;SOLEIL VOILÉ;16.2;33.1;0
AGEN;44.2;0.61;17/09/2026;12:00;22.1;5;SOLEIL VOILÉ;14.0;30.2;0
AGEN;44.2;0.61;17/09/2026;13:00;22.1;5;SOLEIL VOILÉ;10.5;26.5;0
AGEN;44.2;0.61;17/09/2026;14:00;23.5;2;NUAGEUX;10.0;21.2;0
AGEN;44.2;0.61;17/09/2026;15:00;23.5;2;NUAGEUX;12.1;24.1;0
AGEN;44.2;0.61;17/09/2026;16:00;23.5;2;NUAGEUX;12.5;25.6;0
AGEN;44.2;0.61;17/09/2026;17:00;21.9;5;SOLEIL VOILÉ;11.6;25.9;0
AGEN;44.2;0.61;17/09/2026;18:00;21.9;5;SOLEIL VOILÉ;8.5;23.4;0
AGEN;44.2;0.61;17/09/2026;19:00;21.9;5;SOLEIL VOILÉ;7.7;17.3;0
AGEN;44.2;0.61;17/09/2026;20:00;17.5;5;SOLEIL VOILÉ;6.4;16.6;0
AGEN;44.2;0.61;17/09/2026;21:00;16.1;5;SOLEIL VOILÉ;9.7;17.6;0
AGEN;44.2;0.61;17/09/2026;22:00;14.8;5;SOLEIL VOILÉ;10.3;19.8;0
AGEN;44.2;0.61;17/09/2026;23:00;17.1;2;NUAGEUX;5.9;19.8;0
AGEN;44.2;0.61;18/09/2026;00:00;17.1;2;NUAGEUX;4.7;10.4;0
AGEN;44.2;0.61;18/09/2026;01:00;17.1;2;NUAGEUX;4.4;8.6;0
AGEN;44.2;0.61;18/09/2026;02:00;14.9;0;SOLEIL;4.0;7.6;0
AGEN;44.2;0.61;18/09/2026;03:00;14.9;0;SOLEIL;3.7;6.8;0
AGEN;44.2;0.61;18/09/2026;04:00;14.9;0;SOLEIL;2.9;6.8;0
AGEN;44.2;0.61;18/09/2026;05:00;15.6;7;PLUIE FAIBLE;3.0;5.8;0
AGEN;44.2;0.61;18/09/2026;06:00;15.6;7;PLUIE FAIBLE;2.9;5.8;0
AGEN;44.2;0.61;18/09/2026;07:00;15.6;7;PLUIE FAIBLE;2.5;5.4;0
AGEN;44.2;0.61;18/09/2026;08:00;16.9;0;SOLEIL;3.1;6.1;0
AGEN;44.2;0.61;18/09/2026;09:00;18.0;0;SOLEIL;1.8;6.1;0
AGEN;44.2;0.61;18/09/2026;10:00;19.0;0;SOLEIL;3.6;9.0;0
AGEN;44.2;0.61;18/09/2026;11:00;22;6;AVERSES;7.6;16.6;0
AGEN;44.2;0.61;18/09/2026;12:00;22;6;AVERSES;9.4;20.2;0
AGEN;44.2;0.61;18/09/2026;13:00;22;6;AVERSES;9.8;21.2;0
AGEN;44.2;0.61;18/09/2026;14:00;23.1;0;SOLEIL;10.1;21.2;0
AGEN;44.2;0.61;18/09/2026;15:00;24.1;0;SOLEIL;10.8;23.0;0
AGEN;44.2;0.61;18/09/2026;16:00;23.1;0;SOLEIL;11.3;24.8;0
AGEN;44.2;0.61;18/09/2026;17:00;21;0;SOLEIL;11.9;25.6;0
AGEN;44.2;0.61;18/09/2026;18:00;21;0;SOLEIL;11.2;24.1;0
AGEN;44.2;0.61;18/09/2026;19:00;21;0;SOLEIL;9.7;21.2;0
AGEN;44.2;0.61;18/09/2026;20:00;19.0;0;SOLEIL;8.7;18.7;0
AGEN;44.2;0.61;18/09/2026;21:00;18.0;0;SOLEIL;7.9;17.3;0
AGEN;44.2;0.61;18/09/2026;22:00;16.9;0;SOLEIL;7.3;16.2;0
AGEN;44.2;0.61;18/09/2026;23:00;14.5;0;SOLEIL;7.0;14.4;0
AGEN;44.2;0.61;19/09/2026;00:00;14.5;0;SOLEIL;5.5;11.5;0
AGEN;44.2;0.61;19/09/2026;01:00;14.5;0;SOLEIL;4.0;8.3;0
AGEN;44.2;0.61;19/09/2026;02:00;10.2;0;SOLEIL;2.7;5.8;0
AGEN;44.2;0.61;19/09/2026;03:00;10.2;0;SOLEIL;2.3;4.7;0
AGEN;44.2;0.61;19/09/2026;04:00;10.2;0;SOLEIL;2.4;4.7;0
AGEN;44.2;0.61;19/09/2026;05:00;11.1;0;SOLEIL;2.5;4.7;0
AGEN;44.2;0.61;19/09/2026;06:00;11.1;0;SOLEIL;2.2;4.3;0
AGEN;44.2;0.61;19/09/2026;07:00;11.1;0;SOLEIL;1.8;4.0;0
AGEN;44.2;0.61;19/09/2026;08:00;13.5;0;SOLEIL;1.8;4.3;0
AGEN;44.2;0.61;19/09/2026;09:00;15.2;0;SOLEIL;2.9;6.1;0
AGEN;44.2;0.61;19/09/2026;10:00;16.8;0;SOLEIL;4.7;8.6;0
AGEN;44.2;0.61;19/09/2026;11:00;23;0;SOLEIL;5.4;11.9;0
AGEN;44.2;0.61;19/09/2026;12:00;23;0;SOLEIL;5.9;15.8;0
AGEN;44.2;0.61;19/09/2026;13:00;23;0;SOLEIL;8.6;20.2;0
AGEN;44.2;0.61;19/09/2026;14:00;23.4;0;SOLEIL;11.2;23.8;0
AGEN;44.2;0.61;19/09/2026;15:00;25.1;0;SOLEIL;12.3;25.9;0
AGEN;44.2;0.61;19/09/2026;16:00;23.4;0;SOLEIL;12.9;27.0;0
AGEN;44.2;0.61;19/09/2026;17:00;22.6;0;SOLEIL;13.3;27.4;0
AGEN;44.2;0.61;19/09/2026;18:00;22.6;0;SOLEIL;11.7;27.0;0
AGEN;44.2;0.61;19/09/2026;19:00;22.6;0;SOLEIL;8.8;26.3;0
AGEN;44.2;0.61;19/09/2026;20:00;16.8;0;SOLEIL;6.3;24.1;0
AGEN;44.2;0.61;19/09/2026;21:00;15.2;0;SOLEIL;4.8;20.2;0
AGEN;44.2;0.61;19/09/2026;22:00;13.5;0;SOLEIL;4.2;15.5;0
AGEN;44.2;0.61;19/09/2026;23:00;15;0;SOLEIL;4.7;11.2;0
AGEN;44.2;0.61;20/09/2026;00:00;15;0;SOLEIL;4.3;8.6;0
AGEN;44.2;0.61;20/09/2026;01:00;15;0;SOLEIL;3.6;6.8;0
AGEN;44.2;0.61;20/09/2026;02:00;11;0;SOLEIL;2.9;5.4;0
AGEN;44.2;0.61;20/09/2026;03:00;11;0;SOLEIL;2.5;4.7;0
AGEN;44.2;0.61;20/09/2026;04:00;11;0;SOLEIL;2.2;4.0;0
AGEN;44.2;0.61;20/09/2026;05:00;12.1;0;SOLEIL;1.8;4.0;0
AGEN;44.2;0.61;20/09/2026;06:00;12.1;0;SOLEIL;1.6;4.1;0
AGEN;44.2;0.61;20/09/2026;07:00;12.1;0;SOLEIL;1.5;4.0;0
AGEN;44.2;0.61;20/09/2026;08:00;14.9;0;SOLEIL;2.1;3.4;0
AGEN;44.2;0.61;20/09/2026;09:00;16.9;0;SOLEIL;1.6;2.5;0
AGEN;44.2;0.61;20/09/2026;10:00;18.9;0;SOLEIL;2.3;5.4;0
AGEN;44.2;0.61;20/09/2026;11:00;26.9;0;SOLEIL;2.3;7.6;0
AGEN;44.2;0.61;20/09/2026;12:00;26.9;0;SOLEIL;1.6;7.2;0
AGEN;44.2;0.61;20/09/2026;13:00;26.9;0;SOLEIL;0.5;6.1;0
AGEN;44.2;0.61;20/09/2026;14:00;26.7;0;SOLEIL;1.5;5.8;0
AGEN;44.2;0.61;20/09/2026;15:00;28.7;0;SOLEIL;2.7;7.2;0
AGEN;44.2;0.61;20/09/2026;16:00;26.7;0;SOLEIL;3.9;9.7;0
AGEN;44.2;0.61;20/09/2026;17:00;25.1;0;SOLEIL;4.7;11.5;0
AGEN;44.2;0.61;20/09/2026;18:00;25.1;0;SOLEIL;4.8;12.6;0
AGEN;44.2;0.61;20/09/2026;19:00;25.1;0;SOLEIL;4.9;13.3;0
AGEN;44.2;0.61;20/09/2026;20:00;18.9;0;SOLEIL;4.6;13.0;0
AGEN;44.2;0.61;20/09/2026;21:00;16.9;0;SOLEIL;4.2;10.4;0
AGEN;44.2;0.61;20/09/2026;22:00;14.9;0;SOLEIL;3.4;6.5;0
AGEN;44.2;0.61;20/09/2026;23:00;16.2;0;SOLEIL;3.3;4.0;0
AGEN;44.2;0.61;21/09/2026;00:00;16.2;0;SOLEIL;3.3;4.0;0
AGEN;44.2;0.61;21/09/2026;01:00;16.2;0;SOLEIL;3.7;5.4;0
AGEN;44.2;0.61;21/09/2026;02:00;11.7;0;SOLEIL;4.1;6.5;0
AGEN;44.2;0.61;21/09/2026;03:00;11.7;0;SOLEIL;4.1;7.2;0
AGEN;44.2;0.61;21/09/2026;04:00;11.7;0;SOLEIL;4.1;7.6;0
AGEN;44.2;0.61;21/09/2026;05:00;13.4;0;SOLEIL;4.1;7.6;0
AGEN;44.2;0.61;21/09/2026;06:00;13.4;0;SOLEIL;3.6;7.2;0
AGEN;44.2;0.61;21/09/2026;07:00;13.4;0;SOLEIL;3.4;6.1;0
AGEN;44.2;0.61;21/09/2026;08:00;15.7;0;SOLEIL;3.4;6.1;0
AGEN;44.2;0.61;21/09/2026;09:00;17.6;0;SOLEIL;3.7;7.2;0
AGEN;44.2;0.61;21/09/2026;10:00;19.6;0;SOLEIL;3.7;9.0;0
AGEN;44.2;0.61;21/09/2026;11:00;27.6;0;SOLEIL;4.6;11.2;0
AGEN;44.2;0.61;21/09/2026;12:00;27.6;0;SOLEIL;6.4;14.4;0
AGEN;44.2;0.61;21/09/2026;13:00;27.6;0;SOLEIL;8.8;18.0;0
AGEN;44.2;0.61;21/09/2026;14:00;27.5;0;SOLEIL;11.0;21.2;0
AGEN;44.2;0.61;21/09/2026;15:00;29.5;0;SOLEIL;12.7;24.1;0
AGEN;44.2;0.61;21/09/2026;16:00;27.5;0;SOLEIL;14.2;26.6;0
AGEN;44.2;0.61;21/09/2026;17:00;25.7;0;SOLEIL;14.6;27.7;0
AGEN;44.2;0.61;21/09/2026;18:00;25.7;0;SOLEIL;12.2;27.0;0
AGEN;44.2;0.61;21/09/2026;19:00;25.7;0;SOLEIL;8.4;24.5;0
AGEN;44.2;0.61;21/09/2026;20:00;19.6;0;SOLEIL;5.9;22.0;0
AGEN;44.2;0.61;21/09/2026;21:00;17.6;0;SOLEIL;5.6;18.7;0
AGEN;44.2;0.61;21/09/2026;22:00;15.7;0;SOLEIL;6.4;15.1;0
AGEN;44.2;0.61;21/09/2026;23:00;15.9;0;SOLEIL;7.0;12.2;0
