Ville;Latitude;Longitude;Date;Heure;temperature_2m;weathercode;Temps_Label;windspeed_10m;wind_gusts_10m;precipitation
Lille;50.62;3.05;26/09/2026;00:00;16.2;0;SOLEIL;9.4;17.3;0
Lille;50.62;3.05;26/09/2026;01:00;16.1;2;NUAGEUX;8.6;15.1;0
Lille;50.62;3.05;26/09/2026;02:00;16;2;NUAGEUX;11.2;17.6;0
Lille;50.62;3.05;26/09/2026;03:00;15.9;2;NUAGEUX;11.9;19.4;0
Lille;50.62;3.05;26/09/2026;04:00;15.6;2;NUAGEUX;11.5;18.7;0
Lille;50.62;3.05;26/09/2026;05:00;16.1;2;NUAGEUX;10.8;17.3;0
Lille;50.62;3.05;26/09/2026;06:00;16.6;2;NUAGEUX;11.2;17.6;0
Lille;50.62;3.05;26/09/2026;07:00;16.5;2;NUAGEUX;10.4;17.3;0
Lille;50.62;3.05;26/09/2026;08:00;17.9;2;NUAGEUX;11.2;18.4;0
Lille;50.62;3.05;26/09/2026;09:00;18.7;2;NUAGEUX;11.2;20.2;0
Lille;50.62;3.05;26/09/2026;10:00;18.9;2;NUAGEUX;11.5;22.3;0
Lille;50.62;3.05;26/09/2026;11:00;19;2;NUAGEUX;11.9;23.0;0
Lille;50.62;3.05;26/09/2026;12:00;20.4;2;NUAGEUX;11.2;23.8;0
Lille;50.62;3.05;26/09/2026;13:00;20.6;2;NUAGEUX;9.7;23.0;0
Lille;50.62;3.05;26/09/2026;14:00;20.9;2;NUAGEUX;10.1;22.7;0
Lille;50.62;3.05;26/09/2026;15:00;20.6;2;NUAGEUX;10.1;23.4;0
Lille;50.62;3.05;26/09/2026;16:00;20.4;2;NUAGEUX;9.4;22.7;0
Lille;50.62;3.05;26/09/2026;17:00;20;2;NUAGEUX;9.0;20.9;0
Lille;50.62;3.05;26/09/2026;18:00;18.9;2;NUAGEUX;10.8;20.2;0
Lille;50.62;3.05;26/09/2026;19:00;17.7;2;NUAGEUX;11.5;20.5;0
Lille;50.62;3.05;26/09/2026;20:00;17.4;2;NUAGEUX;11.2;19.8;0
Lille;50.62;3.05;26/09/2026;21:00;16.9;2;NUAGEUX;12.2;20.2;0
Lille;50.62;3.05;26/09/2026;22:00;16.5;2;NUAGEUX;12.6;22.3;0
Lille;50.62;3.05;26/09/2026;23:00;15.6;2;NUAGEUX;11.5;21.2;0
Lille;50.62;3.05;27/09/2026;00:00;15.2;2;NUAGEUX;9.0;19.1;0
Lille;50.62;3.05;27/09/2026;01:00;15.2;2;NUAGEUX;12.2;20.5;0
Lille;50.62;3.05;27/09/2026;02:00;13.4;5;SOLEIL VOILÉ;10.1;22.0;0
Lille;50.62;3.05;27/09/2026;03:00;13.4;5;SOLEIL VOILÉ;10.1;19.1;0
Lille;50.62;3.05;27/09/2026;04:00;13.4;5;SOLEIL VOILÉ;8.3;18.4;0
Lille;50.62;3.05;27/09/2026;05:00;13.4;5;SOLEIL VOILÉ;11.2;20.5;0
Lille;50.62;3.05;27/09/2026;06:00;13.4;5;SOLEIL VOILÉ;14.4;26.6;0
Lille;50.62;3.05;27/09/2026;07:00;13.4;5;SOLEIL VOILÉ;15.1;29.5;0
Lille;50.62;3.05;27/09/2026;08:00;17.2;5;SOLEIL VOILÉ;11.5;28.1;0
Lille;50.62;3.05;27/09/2026;09:00;17.2;5;SOLEIL VOILÉ;10.1;21.6;0
Lille;50.62;3.05;27/09/2026;10:00;17.2;5;SOLEIL VOILÉ;9.7;19.4;0
Lille;50.62;3.05;27/09/2026;11:00;22.2;5;SOLEIL VOILÉ;11.5;24.1;0
Lille;50.62;3.05;27/09/2026;12:00;22.2;5;SOLEIL VOILÉ;9.4;22.7;0
Lille;50.62;3.05;27/09/2026;13:00;22.2;5;SOLEIL VOILÉ;10.1;20.9;0
Lille;50.62;3.05;27/09/2026;14:00;25.1;5;SOLEIL VOILÉ;8.3;23.8;0
Lille;50.62;3.05;27/09/2026;15:00;25.1;5;SOLEIL VOILÉ;6.8;16.9;0
Lille;50.62;3.05;27/09/2026;16:00;25.1;5;SOLEIL VOILÉ;8.6;19.1;0
Lille;50.62;3.05;27/09/2026;17:00;22.7;5;SOLEIL VOILÉ;9.4;20.5;0
Lille;50.62;3.05;27/09/2026;18:00;22.7;5;SOLEIL VOILÉ;10.4;23.0;0
Lille;50.62;3.05;27/09/2026;19:00;22.7;5;SOLEIL VOILÉ;10.4;20.9;0
Lille;50.62;3.05;27/09/2026;20:00;21.1;5;SOLEIL VOILÉ;10.4;19.8;0
Lille;50.62;3.05;27/09/2026;21:00;21.1;5;SOLEIL VOILÉ;10.4;19.4;0
Lille;50.62;3.05;27/09/2026;22:00;21.1;5;SOLEIL VOILÉ;9.7;18.7;0
Lille;50.62;3.05;27/09/2026;23:00;18.6;5;SOLEIL VOILÉ;9.0;16.9;0
Lille;50.62;3.05;28/09/2026;00:00;18.6;5;SOLEIL VOILÉ;7.6;14.8;0
Lille;50.62;3.05;28/09/2026;01:00;18.6;5;SOLEIL VOILÉ;8.3;14.0;0
Lille;50.62;3.05;28/09/2026;02:00;18.1;2;NUAGEUX;8.3;15.1;0
Lille;50.62;3.05;28/09/2026;03:00;18.1;2;NUAGEUX;8.3;15.5;0
Lille;50.62;3.05;28/09/2026;04:00;18.1;2;NUAGEUX;7.6;15.1;0
Lille;50.62;3.05;28/09/2026;05:00;17.6;2;NUAGEUX;6.5;13.7;0
Lille;50.62;3.05;28/09/2026;06:00;17.6;2;NUAGEUX;6.5;12.2;0
Lille;50.62;3.05;28/09/2026;07:00;17.6;2;NUAGEUX;6.5;12.2;0
Lille;50.62;3.05;28/09/2026;08:00;19.9;2;NUAGEUX;7.6;14.0;0
Lille;50.62;3.05;28/09/2026;09:00;19.9;2;NUAGEUX;8.6;16.6;0
Lille;50.62;3.05;28/09/2026;10:00;19.9;2;NUAGEUX;6.1;16.6;0
Lille;50.62;3.05;28/09/2026;11:00;22.5;2;NUAGEUX;7.2;16.2;0
Lille;50.62;3.05;28/09/2026;12:00;22.5;2;NUAGEUX;8.3;18.0;0
Lille;50.62;3.05;28/09/2026;13:00;22.5;2;NUAGEUX;10.1;21.6;0
Lille;50.62;3.05;28/09/2026;14:00;21.6;5;SOLEIL VOILÉ;11.5;24.5;0
Lille;50.62;3.05;28/09/2026;15:00;21.6;5;SOLEIL VOILÉ;13.7;28.4;0
Lille;50.62;3.05;28/09/2026;16:00;21.6;5;SOLEIL VOILÉ;12.6;28.8;0
Lille;50.62;3.05;28/09/2026;17:00;20.1;6;AVERSES;10.8;25.9;0
Lille;50.62;3.05;28/09/2026;18:00;20.1;6;AVERSES;12.2;25.9;0
Lille;50.62;3.05;28/09/2026;19:00;20.1;6;AVERSES;9.8;25.2;0
Lille;50.62;3.05;28/09/2026;20:00;19.8;7;PLUIE FAIBLE;12.3;23.2;0
Lille;50.62;3.05;28/09/2026;21:00;19.0;7;PLUIE FAIBLE;10.4;25.9;0
Lille;50.62;3.05;28/09/2026;22:00;18.3;7;PLUIE FAIBLE;10.4;19.4;0
Lille;50.62;3.05;28/09/2026;23:00;17;2;NUAGEUX;8.7;19.1;0
Lille;50.62;3.05;29/09/2026;00:00;17;2;NUAGEUX;5.9;16.2;0
Lille;50.62;3.05;29/09/2026;01:00;17;2;NUAGEUX;3.4;10.4;0
Lille;50.62;3.05;29/09/2026;02:00;16.1;2;NUAGEUX;3.1;5.4;0
Lille;50.62;3.05;29/09/2026;03:00;16.1;2;NUAGEUX;5.1;8.3;0
Lille;50.62;3.05;29/09/2026;04:00;16.1;2;NUAGEUX;5.8;11.2;0
Lille;50.62;3.05;29/09/2026;05:00;16.7;2;NUAGEUX;7.2;12.6;0
Lille;50.62;3.05;29/09/2026;06:00;16.7;2;NUAGEUX;7.2;13.3;0
Lille;50.62;3.05;29/09/2026;07:00;16.7;2;NUAGEUX;8.1;14.4;0
Lille;50.62;3.05;29/09/2026;08:00;18.7;2;NUAGEUX;6.0;15.1;0
Lille;50.62;3.05;29/09/2026;09:00;20.0;2;NUAGEUX;7.9;14.4;0
Lille;50.62;3.05;29/09/2026;10:00;21.3;2;NUAGEUX;5.5;14.4;0
Lille;50.62;3.05;29/09/2026;11:00;25.1;2;NUAGEUX;6.8;14.8;0
Lille;50.62;3.05;29/09/2026;12:00;25.1;2;NUAGEUX;8.7;22.0;0
Lille;50.62;3.05;29/09/2026;13:00;25.1;2;NUAGEUX;7.4;22.0;0
Lille;50.62;3.05;29/09/2026;14:00;26.4;2;NUAGEUX;7.7;20.9;0
Lille;50.62;3.05;29/09/2026;15:00;27.7;2;NUAGEUX;7.9;22.3;0
Lille;50.62;3.05;29/09/2026;16:00;26.4;2;NUAGEUX;8.1;21.6;0
Lille;50.62;3.05;29/09/2026;17:00;23.9;2;NUAGEUX;11.7;27.0;0
Lille;50.62;3.05;29/09/2026;18:00;23.9;2;NUAGEUX;8.4;25.6;0
Lille;50.62;3.05;29/09/2026;19:00;23.9;2;NUAGEUX;8.5;20.5;0
Lille;50.62;3.05;29/09/2026;20:00;21.3;2;NUAGEUX;11.1;21.6;0
Lille;50.62;3.05;29/09/2026;21:00;20.0;2;NUAGEUX;11.8;21.2;0
Lille;50.62;3.05;29/09/2026;22:00;18.7;2;NUAGEUX;12.1;22.0;0
Lille;50.62;3.05;29/09/2026;23:00;21.1;2;NUAGEUX;12.2;22.3;0
Lille;50.62;3.05;30/09/2026;00:00;21.1;2;NUAGEUX;12.0;22.7;0
Lille;50.62;3.05;30/09/2026;01:00;21.1;2;NUAGEUX;11.4;22.7;0
Lille;50.62;3.05;30/09/2026;02:00;18.6;2;NUAGEUX;10.7;22.7;0
Lille;50.62;3.05;30/09/2026;03:00;18.6;2;NUAGEUX;10.0;22.0;0
Lille;50.62;3.05;30/09/2026;04:00;18.6;2;NUAGEUX;9.3;20.9;0
Lille;50.62;3.05;30/09/2026;05:00;19.6;2;NUAGEUX;8.6;19.4;0
Lille;50.62;3.05;30/09/2026;06:00;19.6;2;NUAGEUX;8.2;17.6;0
Lille;50.62;3.05;30/09/2026;07:00;19.6;2;NUAGEUX;8.0;15.8;0
Lille;50.62;3.05;30/09/2026;08:00;20.4;2;NUAGEUX;7.8;15.5;0
Lille;50.62;3.05;30/09/2026;09:00;21.3;2;NUAGEUX;8.1;17.6;0
Lille;50.62;3.05;30/09/2026;10:00;22.2;2;NUAGEUX;8.7;21.2;0
Lille;50.62;3.05;30/09/2026;11:00;24.2;2;NUAGEUX;9.1;23.8;0
Lille;50.62;3.05;30/09/2026;12:00;24.2;2;NUAGEUX;9.3;24.5;0
Lille;50.62;3.05;30/09/2026;13:00;24.2;2;NUAGEUX;9.5;24.5;0
Lille;50.62;3.05;30/09/2026;14:00;25.7;2;NUAGEUX;9.7;24.8;0
Lille;50.62;3.05;30/09/2026;15:00;26.6;2;NUAGEUX;10.5;26.3;0
Lille;50.62;3.05;30/09/2026;16:00;25.7;2;NUAGEUX;12.3;28.4;0
Lille;50.62;3.05;30/09/2026;17:00;22.9;2;NUAGEUX;13.6;29.5;0
Lille;50.62;3.05;30/09/2026;18:00;22.9;2;NUAGEUX;13.5;29.5;0
Lille;50.62;3.05;30/09/2026;19:00;22.9;2;NUAGEUX;12.4;28.8;0
Lille;50.62;3.05;30/09/2026;20:00;22.2;2;NUAGEUX;11.9;27.7;0
Lille;50.62;3.05;30/09/2026;21:00;21.3;2;NUAGEUX;12.2;26.3;0
Lille;50.62;3.05;30/09/2026;22:00;20.4;2;NUAGEUX;12.7;24.8;0
Lille;50.62;3.05;30/09/2026;23:00;19.5;7;PLUIE FAIBLE;13.4;24.5;0
Lille;50.62;3.05;01/10/2026;00:00;19.5;7;PLUIE FAIBLE;14.3;25.9;0
Lille;50.62;3.05;01/10/2026;01:00;19.5;7;PLUIE FAIBLE;15.0;28.8;0
Lille;50.62;3.05;01/10/2026;02:00;16;7;PLUIE FAIBLE;15.5;30.6;0
Lille;50.62;3.05;01/10/2026;03:00;16;7;PLUIE FAIBLE;15.0;31.0;0
Lille;50.62;3.05;01/10/2026;04:00;16;7;PLUIE FAIBLE;14.1;30.6;0
Lille;50.62;3.05;01/10/2026;05:00;17;6;AVERSES;13.4;29.9;0
Lille;50.62;3.05;01/10/2026;06:00;17;6;AVERSES;12.9;28.4;0
Lille;50.62;3.05;01/10/2026;07:00;17;6;AVERSES;12.4;26.6;0
Lille;50.62;3.05;01/10/2026;08:00;17.0;7;PLUIE FAIBLE;12.0;25.2;0
Lille;50.62;3.05;01/10/2026;09:00;17.5;7;PLUIE FAIBLE;11.7;24.5;0
Lille;50.62;3.05;01/10/2026;10:00;18.0;7;PLUIE FAIBLE;11.3;24.5;0
Lille;50.62;3.05;01/10/2026;11:00;20;7;PLUIE FAIBLE;10.9;24.5;0
Lille;50.62;3.05;01/10/2026;12:00;20;7;PLUIE FAIBLE;10.4;24.5;0
Lille;50.62;3.05;01/10/2026;13:00;20;7;PLUIE FAIBLE;9.8;24.1;0
Lille;50.62;3.05;01/10/2026;14:00;20.1;7;PLUIE FAIBLE;9.3;24.5;0
Lille;50.62;3.05;01/10/2026;15:00;20.6;7;PLUIE FAIBLE;8.9;25.2;0
Lille;50.62;3.05;01/10/2026;16:00;20.1;7;PLUIE FAIBLE;8.9;26.6;0
Lille;50.62;3.05;01/10/2026;17:00;17.9;7;PLUIE FAIBLE;9.6;27.0;0
Lille;50.62;3.05;01/10/2026;18:00;17.9;7;PLUIE FAIBLE;10.7;25.9;0
Lille;50.62;3.05;01/10/2026;19:00;17.9;7;PLUIE FAIBLE;12.0;24.1;0
Lille;50.62;3.05;01/10/2026;20:00;18.0;7;PLUIE FAIBLE;12.7;23.0;0
Lille;50.62;3.05;01/10/2026;21:00;17.5;7;PLUIE FAIBLE;12.3;23.8;0
Lille;50.62;3.05;01/10/2026;22:00;17.0;7;PLUIE FAIBLE;11.1;24.8;0
Lille;50.62;3.05;01/10/2026;23:00;15.1;0;SOLEIL;9.7;25.6;0
Lille;50.62;3.05;02/10/2026;00:00;15.1;0;SOLEIL;8.3;22.7;0
Lille;50.62;3.05;02/10/2026;01:00;15.1;0;SOLEIL;9.0;22.7;0
Lille;50.62;3.05;02/10/2026;02:00;12.7;0;SOLEIL;9.8;22.3;0
Lille;50.62;3.05;02/10/2026;03:00;12.7;0;SOLEIL;10.3;21.6;0
Lille;50.62;3.05;02/10/2026;04:00;12.7;0;SOLEIL;10.5;20.9;0
Lille;50.62;3.05;02/10/2026;05:00;13.6;0;SOLEIL;10.3;19.8;0
Lille;50.62;3.05;02/10/2026;06:00;13.6;0;SOLEIL;10.2;19.1;0
Lille;50.62;3.05;02/10/2026;07:00;13.6;0;SOLEIL;9.9;18.4;0
Lille;50.62;3.05;02/10/2026;08:00;14.4;0;SOLEIL;9.9;18.4;0
Lille;50.62;3.05;02/10/2026;09:00;15.2;0;SOLEIL;10.1;18.7;0
Lille;50.62;3.05;02/10/2026;10:00;16.0;0;SOLEIL;10.1;19.8;0
Lille;50.62;3.05;02/10/2026;11:00;19.5;7;PLUIE FAIBLE;10.3;21.2;0
Lille;50.62;3.05;02/10/2026;12:00;19.5;7;PLUIE FAIBLE;10.3;22.7;0
Lille;50.62;3.05;02/10/2026;13:00;19.5;7;PLUIE FAIBLE;10.3;23.8;0
Lille;50.62;3.05;02/10/2026;14:00;19.4;0;SOLEIL;10.2;24.8;0
Lille;50.62;3.05;02/10/2026;15:00;20.2;0;SOLEIL;9.8;25.6;0
Lille;50.62;3.05;02/10/2026;16:00;19.4;0;SOLEIL;9.2;26.3;0
Lille;50.62;3.05;02/10/2026;17:00;17;6;AVERSES;8.6;27.0;0
Lille;50.62;3.05;02/10/2026;18:00;17;6;AVERSES;7.7;27.4;0
Lille;50.62;3.05;02/10/2026;19:00;17;6;AVERSES;7.0;27.4;0
Lille;50.62;3.05;02/10/2026;20:00;16.0;0;SOLEIL;6.5;26.6;0
Lille;50.62;3.05;02/10/2026;21:00;15.2;0;SOLEIL;6.0;25.2;0
Lille;50.62;3.05;02/10/2026;22:00;14.4;0;SOLEIL;5.3;23.0;0
Lille;50.62;3.05;02/10/2026;23:00;14.2;0;SOLEIL;4.6;20.5;0
Lille;50.62;3.05;03/10/2026;00:00;14.2;0;SOLEIL;4.0;18.0;0
Lille;50.62;3.05;03/10/2026;01:00;14.2;0;SOLEIL;3.3;15.5;0
Lille;50.62;3.05;03/10/2026;02:00;11.6;0;SOLEIL;2.9;13.3;0
Lille;50.62;3.05;03/10/2026;03:00;11.6;0;SOLEIL;2.6;11.5;0
Lille;50.62;3.05;03/10/2026;04:00;11.6;0;SOLEIL;2.3;10.1;0
Lille;50.62;3.05;03/10/2026;05:00;12.5;0;SOLEIL;2.6;8.6;0
Lille;50.62;3.05;03/10/2026;06:00;12.5;0;SOLEIL;3.0;7.6;0
Lille;50.62;3.05;03/10/2026;07:00;12.5;0;SOLEIL;3.6;6.8;0
Lille;50.62;3.05;03/10/2026;08:00;13.6;0;SOLEIL;3.9;6.5;0
Lille;50.62;3.05;03/10/2026;09:00;14.6;0;SOLEIL;4.0;6.8;0
Lille;50.62;3.05;03/10/2026;10:00;15.6;0;SOLEIL;3.9;7.9;0
Lille;50.62;3.05;03/10/2026;11:00;19.6;0;SOLEIL;3.7;9.0;0
Lille;50.62;3.05;03/10/2026;12:00;19.6;0;SOLEIL;3.6;10.4;0
Lille;50.62;3.05;03/10/2026;13:00;19.6;0;SOLEIL;3.2;11.9;0
Lille;50.62;3.05;03/10/2026;14:00;19.5;0;SOLEIL;3.0;12.6;0
Lille;50.62;3.05;03/10/2026;15:00;20.5;0;SOLEIL;2.5;13.0;0
Lille;50.62;3.05;03/10/2026;16:00;19.5;0;SOLEIL;2.1;13.3;0
Lille;50.62;3.05;03/10/2026;17:00;17.4;0;SOLEIL;1.8;13.3;0
Lille;50.62;3.05;03/10/2026;18:00;17.4;0;SOLEIL;1.9;13.3;0
Lille;50.62;3.05;03/10/2026;19:00;17.4;0;SOLEIL;1.9;13.3;0
Lille;50.62;3.05;03/10/2026;20:00;15.6;0;SOLEIL;1.9;13.3;0
Lille;50.62;3.05;03/10/2026;21:00;14.6;0;SOLEIL;1.5;13.3;0
Lille;50.62;3.05;03/10/2026;22:00;13.6;0;SOLEIL;0.9;13.3;0
Lille;50.62;3.05;03/10/2026;23:00;14.2;2;NUAGEUX;0.9;13.7;0
Amiens;49.894;2.295;26/09/2026;00:00;16.9;2;NUAGEUX;11.5;18.0;0
Amiens;49.894;2.295;26/09/2026;01:00;17;2;NUAGEUX;10.4;16.6;0
Amiens;49.894;2.295;26/09/2026;02:00;16.6;2;NUAGEUX;9.7;16.2;0
Amiens;49.894;2.295;26/09/2026;03:00;16;2;NUAGEUX;9.0;15.1;0
Amiens;49.894;2.295;26/09/2026;04:00;14.9;2;NUAGEUX;6.5;11.2;0
Amiens;49.894;2.295;26/09/2026;05:00;14.5;2;NUAGEUX;7.2;11.2;0
Amiens;49.894;2.295;26/09/2026;06:00;15;2;NUAGEUX;9.4;14.0;0
Amiens;49.894;2.295;26/09/2026;07:00;15.1;2;NUAGEUX;9.4;14.8;0
Amiens;49.894;2.295;26/09/2026;08:00;16.2;2;NUAGEUX;10.1;15.8;0
Amiens;49.894;2.295;26/09/2026;09:00;17.1;2;NUAGEUX;6.8;16.6;0
Amiens;49.894;2.295;26/09/2026;10:00;18.1;2;NUAGEUX;7.6;16.2;0
Amiens;49.894;2.295;26/09/2026;11:00;19.9;2;NUAGEUX;6.1;16.2;0
Amiens;49.894;2.295;26/09/2026;12:00;21.4;2;NUAGEUX;7.2;17.6;0
Amiens;49.894;2.295;26/09/2026;13:00;21.2;2;NUAGEUX;7.9;20.2;0
Amiens;49.894;2.295;26/09/2026;14:00;21.9;2;NUAGEUX;9.0;22.3;0
Amiens;49.894;2.295;26/09/2026;15:00;21.5;2;NUAGEUX;8.6;22.3;0
Amiens;49.894;2.295;26/09/2026;16:00;21.9;2;NUAGEUX;9.0;22.0;0
Amiens;49.894;2.295;26/09/2026;17:00;21.2;2;NUAGEUX;8.6;21.6;0
Amiens;49.894;2.295;26/09/2026;18:00;20;2;NUAGEUX;8.6;20.5;0
Amiens;49.894;2.295;26/09/2026;19:00;19.2;2;NUAGEUX;7.2;18.7;0
Amiens;49.894;2.295;26/09/2026;20:00;18.1;2;NUAGEUX;10.4;15.8;0
Amiens;49.894;2.295;26/09/2026;21:00;16.2;2;NUAGEUX;11.9;22.7;0
Amiens;49.894;2.295;26/09/2026;22:00;16.4;2;NUAGEUX;11.2;26.3;0
Amiens;49.894;2.295;26/09/2026;23:00;15.1;2;NUAGEUX;10.1;20.9;0
Amiens;49.894;2.295;27/09/2026;00:00;15.1;2;NUAGEUX;9.0;17.6;0
Amiens;49.894;2.295;27/09/2026;01:00;15.1;2;NUAGEUX;9.0;16.2;0
Amiens;49.894;2.295;27/09/2026;02:00;13.5;0;SOLEIL;9.0;16.6;0
Amiens;49.894;2.295;27/09/2026;03:00;13.5;0;SOLEIL;6.5;15.8;0
Amiens;49.894;2.295;27/09/2026;04:00;13.5;0;SOLEIL;10.1;19.1;0
Amiens;49.894;2.295;27/09/2026;05:00;13.5;5;SOLEIL VOILÉ;10.8;22.0;0
Amiens;49.894;2.295;27/09/2026;06:00;13.5;5;SOLEIL VOILÉ;9.0;21.6;0
Amiens;49.894;2.295;27/09/2026;07:00;13.5;5;SOLEIL VOILÉ;9.4;19.1;0
Amiens;49.894;2.295;27/09/2026;08:00;17.4;5;SOLEIL VOILÉ;7.6;17.6;0
Amiens;49.894;2.295;27/09/2026;09:00;17.4;5;SOLEIL VOILÉ;9.4;19.1;0
Amiens;49.894;2.295;27/09/2026;10:00;17.4;5;SOLEIL VOILÉ;8.3;20.5;0
Amiens;49.894;2.295;27/09/2026;11:00;23.4;5;SOLEIL VOILÉ;9.4;18.4;0
Amiens;49.894;2.295;27/09/2026;12:00;23.4;5;SOLEIL VOILÉ;9.4;23.4;0
Amiens;49.894;2.295;27/09/2026;13:00;23.4;5;SOLEIL VOILÉ;9.4;19.8;0
Amiens;49.894;2.295;27/09/2026;14:00;25.1;5;SOLEIL VOILÉ;7.9;20.9;0
Amiens;49.894;2.295;27/09/2026;15:00;25.1;5;SOLEIL VOILÉ;5.8;17.3;0
Amiens;49.894;2.295;27/09/2026;16:00;25.1;5;SOLEIL VOILÉ;6.8;15.5;0
Amiens;49.894;2.295;27/09/2026;17:00;24.4;5;SOLEIL VOILÉ;6.5;16.6;0
Amiens;49.894;2.295;27/09/2026;18:00;24.4;5;SOLEIL VOILÉ;7.2;16.6;0
Amiens;49.894;2.295;27/09/2026;19:00;24.4;5;SOLEIL VOILÉ;9.0;17.3;0
Amiens;49.894;2.295;27/09/2026;20:00;19.9;5;SOLEIL VOILÉ;9.0;17.3;0
Amiens;49.894;2.295;27/09/2026;21:00;19.9;5;SOLEIL VOILÉ;7.6;17.3;0
Amiens;49.894;2.295;27/09/2026;22:00;19.9;5;SOLEIL VOILÉ;6.8;11.9;0
Amiens;49.894;2.295;27/09/2026;23:00;17.9;5;SOLEIL VOILÉ;5.4;10.8;0
Amiens;49.894;2.295;28/09/2026;00:00;17.9;5;SOLEIL VOILÉ;5.4;8.3;0
Amiens;49.894;2.295;28/09/2026;01:00;17.9;5;SOLEIL VOILÉ;7.2;12.2;0
Amiens;49.894;2.295;28/09/2026;02:00;17.1;2;NUAGEUX;7.6;13.7;0
Amiens;49.894;2.295;28/09/2026;03:00;17.1;2;NUAGEUX;5.0;13.7;0
Amiens;49.894;2.295;28/09/2026;04:00;17.1;2;NUAGEUX;4.7;8.3;0
Amiens;49.894;2.295;28/09/2026;05:00;16.6;2;NUAGEUX;5.0;8.3;0
Amiens;49.894;2.295;28/09/2026;06:00;16.6;2;NUAGEUX;5.4;8.6;0
Amiens;49.894;2.295;28/09/2026;07:00;16.6;2;NUAGEUX;5.8;9.4;0
Amiens;49.894;2.295;28/09/2026;08:00;20;2;NUAGEUX;7.6;13.0;0
Amiens;49.894;2.295;28/09/2026;09:00;20;2;NUAGEUX;6.8;14.0;0
Amiens;49.894;2.295;28/09/2026;10:00;20;2;NUAGEUX;5.4;14.0;0
Amiens;49.894;2.295;28/09/2026;11:00;21.1;5;SOLEIL VOILÉ;5.0;13.7;0
Amiens;49.894;2.295;28/09/2026;12:00;21.1;5;SOLEIL VOILÉ;6.1;15.1;0
Amiens;49.894;2.295;28/09/2026;13:00;21.1;5;SOLEIL VOILÉ;9.7;21.2;0
Amiens;49.894;2.295;28/09/2026;14:00;20;5;SOLEIL VOILÉ;10.1;23.0;0
Amiens;49.894;2.295;28/09/2026;15:00;20;5;SOLEIL VOILÉ;11.2;25.2;0
Amiens;49.894;2.295;28/09/2026;16:00;20;5;SOLEIL VOILÉ;12.6;28.1;0
Amiens;49.894;2.295;28/09/2026;17:00;19.6;6;AVERSES;14.4;28.1;0
Amiens;49.894;2.295;28/09/2026;18:00;19.6;6;AVERSES;9.0;28.4;0
Amiens;49.894;2.295;28/09/2026;19:00;19.6;6;AVERSES;6.6;16.9;0
Amiens;49.894;2.295;28/09/2026;20:00;18.7;7;PLUIE FAIBLE;8.0;14.9;0
Amiens;49.894;2.295;28/09/2026;21:00;18.0;7;PLUIE FAIBLE;8.5;15.5;0
Amiens;49.894;2.295;28/09/2026;22:00;17.4;7;PLUIE FAIBLE;9.9;17.6;0
Amiens;49.894;2.295;28/09/2026;23:00;16.1;2;NUAGEUX;7.9;18.4;0
Amiens;49.894;2.295;29/09/2026;00:00;16.1;2;NUAGEUX;4.1;14.4;0
Amiens;49.894;2.295;29/09/2026;01:00;16.1;2;NUAGEUX;3.4;6.8;0
Amiens;49.894;2.295;29/09/2026;02:00;15.1;2;NUAGEUX;4.9;8.3;0
Amiens;49.894;2.295;29/09/2026;03:00;15.1;2;NUAGEUX;7.2;13.3;0
Amiens;49.894;2.295;29/09/2026;04:00;15.1;2;NUAGEUX;6.8;13.3;0
Amiens;49.894;2.295;29/09/2026;05:00;16;7;PLUIE FAIBLE;5.2;12.6;0
Amiens;49.894;2.295;29/09/2026;06:00;16;7;PLUIE FAIBLE;6.7;12.2;0
Amiens;49.894;2.295;29/09/2026;07:00;16;7;PLUIE FAIBLE;4.4;14.4;0
Amiens;49.894;2.295;29/09/2026;08:00;18.1;2;NUAGEUX;6.5;11.9;0
Amiens;49.894;2.295;29/09/2026;09:00;19.6;2;NUAGEUX;6.0;11.5;0
Amiens;49.894;2.295;29/09/2026;10:00;21.1;2;NUAGEUX;5.5;11.5;0
Amiens;49.894;2.295;29/09/2026;11:00;25.6;2;NUAGEUX;5.5;16.2;0
Amiens;49.894;2.295;29/09/2026;12:00;25.6;2;NUAGEUX;4.1;14.4;0
Amiens;49.894;2.295;29/09/2026;13:00;25.6;2;NUAGEUX;4.1;15.1;0
Amiens;49.894;2.295;29/09/2026;14:00;27.2;2;NUAGEUX;4.2;15.1;0
Amiens;49.894;2.295;29/09/2026;15:00;28.7;2;NUAGEUX;4.4;15.8;0
Amiens;49.894;2.295;29/09/2026;16:00;27.2;2;NUAGEUX;11.4;25.6;0
Amiens;49.894;2.295;29/09/2026;17:00;24.6;2;NUAGEUX;10.9;27.4;0
Amiens;49.894;2.295;29/09/2026;18:00;24.6;2;NUAGEUX;9.0;24.5;0
Amiens;49.894;2.295;29/09/2026;19:00;24.6;2;NUAGEUX;8.5;19.1;0
Amiens;49.894;2.295;29/09/2026;20:00;21.1;2;NUAGEUX;5.8;15.8;0
Amiens;49.894;2.295;29/09/2026;21:00;19.6;2;NUAGEUX;5.1;15.1;0
Amiens;49.894;2.295;29/09/2026;22:00;18.1;2;NUAGEUX;5.1;16.2;0
Amiens;49.894;2.295;29/09/2026;23:00;19.7;2;NUAGEUX;4.9;16.9;0
Amiens;49.894;2.295;30/09/2026;00:00;19.7;2;NUAGEUX;4.5;17.6;0
Amiens;49.894;2.295;30/09/2026;01:00;19.7;2;NUAGEUX;6.2;18.0;0
Amiens;49.894;2.295;30/09/2026;02:00;17.1;2;NUAGEUX;8.3;18.4;0
Amiens;49.894;2.295;30/09/2026;03:00;17.1;2;NUAGEUX;8.9;18.0;0
Amiens;49.894;2.295;30/09/2026;04:00;17.1;2;NUAGEUX;8.8;16.9;0
Amiens;49.894;2.295;30/09/2026;05:00;18;2;NUAGEUX;8.6;16.2;0
Amiens;49.894;2.295;30/09/2026;06:00;18;2;NUAGEUX;8.7;15.5;0
Amiens;49.894;2.295;30/09/2026;07:00;18;2;NUAGEUX;8.6;15.1;0
Amiens;49.894;2.295;30/09/2026;08:00;19.0;2;NUAGEUX;8.6;15.5;0
Amiens;49.894;2.295;30/09/2026;09:00;19.9;2;NUAGEUX;8.5;17.3;0
Amiens;49.894;2.295;30/09/2026;10:00;20.9;2;NUAGEUX;8.7;20.2;0
Amiens;49.894;2.295;30/09/2026;11:00;24.6;2;NUAGEUX;9.2;22.3;0
Amiens;49.894;2.295;30/09/2026;12:00;24.6;2;NUAGEUX;9.5;23.4;0
Amiens;49.894;2.295;30/09/2026;13:00;24.6;2;NUAGEUX;9.7;24.5;0
Amiens;49.894;2.295;30/09/2026;14:00;24.7;2;NUAGEUX;10.2;25.6;0
Amiens;49.894;2.295;30/09/2026;15:00;25.6;2;NUAGEUX;11.6;28.1;0
Amiens;49.894;2.295;30/09/2026;16:00;24.7;2;NUAGEUX;14.0;30.6;0
Amiens;49.894;2.295;30/09/2026;17:00;22;7;PLUIE FAIBLE;15.7;32.8;0
Amiens;49.894;2.295;30/09/2026;18:00;22;7;PLUIE FAIBLE;15.6;33.5;0
Amiens;49.894;2.295;30/09/2026;19:00;22;7;PLUIE FAIBLE;14.4;33.5;0
Amiens;49.894;2.295;30/09/2026;20:00;20.9;2;NUAGEUX;13.8;33.1;0
Amiens;49.894;2.295;30/09/2026;21:00;19.9;2;NUAGEUX;14.4;32.0;0
Amiens;49.894;2.295;30/09/2026;22:00;19.0;2;NUAGEUX;15.7;30.6;0
Amiens;49.894;2.295;30/09/2026;23:00;18.6;6;AVERSES;16.2;29.5;0
Amiens;49.894;2.295;01/10/2026;00:00;18.6;6;AVERSES;15.8;29.9;0
Amiens;49.894;2.295;01/10/2026;01:00;18.6;6;AVERSES;14.7;30.6;0
Amiens;49.894;2.295;01/10/2026;02:00;15.1;7;PLUIE FAIBLE;13.7;30.6;0
Amiens;49.894;2.295;01/10/2026;03:00;15.1;7;PLUIE FAIBLE;12.8;29.2;0
Amiens;49.894;2.295;01/10/2026;04:00;15.1;7;PLUIE FAIBLE;12.1;27.0;0
Amiens;49.894;2.295;01/10/2026;05:00;16.1;7;PLUIE FAIBLE;11.7;24.8;0
Amiens;49.894;2.295;01/10/2026;06:00;16.1;7;PLUIE FAIBLE;11.2;23.4;0
Amiens;49.894;2.295;01/10/2026;07:00;16.1;7;PLUIE FAIBLE;10.7;22.3;0
Amiens;49.894;2.295;01/10/2026;08:00;16.2;7;PLUIE FAIBLE;10.3;21.6;0
Amiens;49.894;2.295;01/10/2026;09:00;16.8;7;PLUIE FAIBLE;10.1;22.0;0
Amiens;49.894;2.295;01/10/2026;10:00;17.3;7;PLUIE FAIBLE;10.0;23.0;0
Amiens;49.894;2.295;01/10/2026;11:00;19.5;7;PLUIE FAIBLE;9.9;24.1;0
Amiens;49.894;2.295;01/10/2026;12:00;19.5;7;PLUIE FAIBLE;10.0;24.8;0
Amiens;49.894;2.295;01/10/2026;13:00;19.5;7;PLUIE FAIBLE;10.0;25.6;0
Amiens;49.894;2.295;01/10/2026;14:00;19.5;7;PLUIE FAIBLE;10.4;27.0;0
Amiens;49.894;2.295;01/10/2026;15:00;20.1;7;PLUIE FAIBLE;11.8;29.9;0
Amiens;49.894;2.295;01/10/2026;16:00;19.5;7;PLUIE FAIBLE;13.5;33.5;0
Amiens;49.894;2.295;01/10/2026;17:00;17.1;6;AVERSES;13.9;35.6;0
Amiens;49.894;2.295;01/10/2026;18:00;17.1;6;AVERSES;11.0;36.0;0
Amiens;49.894;2.295;01/10/2026;19:00;17.1;6;AVERSES;6.3;35.6;0
Amiens;49.894;2.295;01/10/2026;20:00;17.3;7;PLUIE FAIBLE;3.5;33.1;0
Amiens;49.894;2.295;01/10/2026;21:00;16.8;7;PLUIE FAIBLE;4.4;27.7;0
Amiens;49.894;2.295;01/10/2026;22:00;16.2;7;PLUIE FAIBLE;6.9;20.9;0
Amiens;49.894;2.295;01/10/2026;23:00;13.9;0;SOLEIL;9.1;15.8;0
Amiens;49.894;2.295;02/10/2026;00:00;13.9;0;SOLEIL;8.0;22.7;0
Amiens;49.894;2.295;02/10/2026;01:00;13.9;0;SOLEIL;9.3;19.8;0
Amiens;49.894;2.295;02/10/2026;02:00;11.2;0;SOLEIL;10.1;18.0;0
Amiens;49.894;2.295;02/10/2026;03:00;11.2;0;SOLEIL;10.1;16.9;0
Amiens;49.894;2.295;02/10/2026;04:00;11.2;0;SOLEIL;9.6;16.9;0
Amiens;49.894;2.295;02/10/2026;05:00;12.1;0;SOLEIL;9.0;16.9;0
Amiens;49.894;2.295;02/10/2026;06:00;12.1;0;SOLEIL;8.1;17.3;0
Amiens;49.894;2.295;02/10/2026;07:00;12.1;0;SOLEIL;7.3;17.6;0
Amiens;49.894;2.295;02/10/2026;08:00;13.2;0;SOLEIL;7.0;18.4;0
Amiens;49.894;2.295;02/10/2026;09:00;14.3;0;SOLEIL;7.2;19.1;0
Amiens;49.894;2.295;02/10/2026;10:00;15.3;0;SOLEIL;7.9;20.2;0
Amiens;49.894;2.295;02/10/2026;11:00;19.6;7;PLUIE FAIBLE;8.7;21.2;0
Amiens;49.894;2.295;02/10/2026;12:00;19.6;7;PLUIE FAIBLE;9.3;22.7;0
Amiens;49.894;2.295;02/10/2026;13:00;19.6;7;PLUIE FAIBLE;9.9;23.8;0
Amiens;49.894;2.295;02/10/2026;14:00;19.4;0;SOLEIL;9.8;24.8;0
Amiens;49.894;2.295;02/10/2026;15:00;20.4;0;SOLEIL;9.2;25.9;0
Amiens;49.894;2.295;02/10/2026;16:00;19.4;0;SOLEIL;7.8;27.7;0
Amiens;49.894;2.295;02/10/2026;17:00;16.4;6;AVERSES;6.5;29.2;0
Amiens;49.894;2.295;02/10/2026;18:00;16.4;6;AVERSES;5.1;30.2;0
Amiens;49.894;2.295;02/10/2026;19:00;16.4;6;AVERSES;3.9;30.2;0
Amiens;49.894;2.295;02/10/2026;20:00;15.3;0;SOLEIL;3.2;29.5;0
Amiens;49.894;2.295;02/10/2026;21:00;14.3;0;SOLEIL;2.9;27.0;0
Amiens;49.894;2.295;02/10/2026;22:00;13.2;0;SOLEIL;3.0;23.0;0
Amiens;49.894;2.295;02/10/2026;23:00;13.1;0;SOLEIL;3.1;18.0;0
Amiens;49.894;2.295;03/10/2026;00:00;13.1;0;SOLEIL;3.3;13.3;0
Amiens;49.894;2.295;03/10/2026;01:00;13.1;0;SOLEIL;3.3;9.0;0
Amiens;49.894;2.295;03/10/2026;02:00;10.1;0;SOLEIL;3.2;6.1;0
Amiens;49.894;2.295;03/10/2026;03:00;10.1;0;SOLEIL;2.9;4.7;0
Amiens;49.894;2.295;03/10/2026;04:00;10.1;0;SOLEIL;2.2;4.0;0
Amiens;49.894;2.295;03/10/2026;05:00;11;0;SOLEIL;1.6;4.0;0
Amiens;49.894;2.295;03/10/2026;06:00;11;0;SOLEIL;1.2;4.3;0
Amiens;49.894;2.295;03/10/2026;07:00;11;0;SOLEIL;1.1;5.0;0
Amiens;49.894;2.295;03/10/2026;08:00;12.5;0;SOLEIL;1.0;5.8;0
Amiens;49.894;2.295;03/10/2026;09:00;13.6;0;SOLEIL;0.6;6.8;0
Amiens;49.894;2.295;03/10/2026;10:00;14.8;0;SOLEIL;0.8;9.0;0
Amiens;49.894;2.295;03/10/2026;11:00;20;0;SOLEIL;1.5;11.2;0
Amiens;49.894;2.295;03/10/2026;12:00;20;0;SOLEIL;2.4;13.3;0
Amiens;49.894;2.295;03/10/2026;13:00;20;0;SOLEIL;3.1;15.1;0
Amiens;49.894;2.295;03/10/2026;14:00;19.5;0;SOLEIL;3.1;16.2;0
Amiens;49.894;2.295;03/10/2026;15:00;20.7;0;SOLEIL;2.4;16.6;0
Amiens;49.894;2.295;03/10/2026;16:00;19.5;0;SOLEIL;1.2;16.9;0
Amiens;49.894;2.295;03/10/2026;17:00;16.9;0;SOLEIL;0.8;16.6;0
Amiens;49.894;2.295;03/10/2026;18:00;16.9;0;SOLEIL;2.4;16.2;0
Amiens;49.894;2.295;03/10/2026;19:00;16.9;0;SOLEIL;3.7;15.5;0
Amiens;49.894;2.295;03/10/2026;20:00;14.8;0;SOLEIL;4.4;14.8;0
Amiens;49.894;2.295;03/10/2026;21:00;13.6;0;SOLEIL;4.5;14.0;0
Amiens;49.894;2.295;03/10/2026;22:00;12.5;0;SOLEIL;4.0;13.0;0
Amiens;49.894;2.295;03/10/2026;23:00;13.9;2;NUAGEUX;3.2;11.9;0
Château-Thierry;49.046;3.403;26/09/2026;00:00;13.6;0;SOLEIL;3.8;7.9;0
Château-Thierry;49.046;3.403;26/09/2026;01:00;13.5;0;SOLEIL;3.3;6.5;0
Château-Thierry;49.046;3.403;26/09/2026;02:00;13.4;0;SOLEIL;3.9;6.1;0
Château-Thierry;49.046;3.403;26/09/2026;03:00;13.6;0;SOLEIL;3.5;6.8;0
Château-Thierry;49.046;3.403;26/09/2026;04:00;12;2;NUAGEUX;3.4;6.1;0
Château-Thierry;49.046;3.403;26/09/2026;05:00;11.7;2;NUAGEUX;3.3;6.1;0
Château-Thierry;49.046;3.403;26/09/2026;06:00;12.1;3;TRÈS NUAGEUX;3.3;6.8;0
Château-Thierry;49.046;3.403;26/09/2026;07:00;12.6;6;AVERSES;3.3;5.8;0
Château-Thierry;49.046;3.403;26/09/2026;08:00;15.1;2;NUAGEUX;3.3;5.4;0
Château-Thierry;49.046;3.403;26/09/2026;09:00;17;2;NUAGEUX;2.5;5.4;0
Château-Thierry;49.046;3.403;26/09/2026;10:00;19.4;2;NUAGEUX;3.2;6.8;0
Château-Thierry;49.046;3.403;26/09/2026;11:00;21.4;2;NUAGEUX;0.8;6.8;0
Château-Thierry;49.046;3.403;26/09/2026;12:00;23.1;2;NUAGEUX;1.8;5.8;0
Château-Thierry;49.046;3.403;26/09/2026;13:00;24.2;2;NUAGEUX;4.7;11.2;0
Château-Thierry;49.046;3.403;26/09/2026;14:00;24.6;2;NUAGEUX;5.4;12.2;0
Château-Thierry;49.046;3.403;26/09/2026;15:00;24.5;2;NUAGEUX;5.4;12.2;0
Château-Thierry;49.046;3.403;26/09/2026;16:00;23.9;2;NUAGEUX;6.1;12.6;0
Château-Thierry;49.046;3.403;26/09/2026;17:00;22.8;2;NUAGEUX;6.5;13.0;0
Château-Thierry;49.046;3.403;26/09/2026;18:00;21;2;NUAGEUX;7.2;13.7;0
Château-Thierry;49.046;3.403;26/09/2026;19:00;18;2;NUAGEUX;6.0;13.7;0
Château-Thierry;49.046;3.403;26/09/2026;20:00;16.6;2;NUAGEUX;5.5;10.4;0
Château-Thierry;49.046;3.403;26/09/2026;21:00;15.6;2;NUAGEUX;4.4;9.4;0
Château-Thierry;49.046;3.403;26/09/2026;22:00;15.1;2;NUAGEUX;4.3;7.2;0
Château-Thierry;49.046;3.403;26/09/2026;23:00;14.1;2;NUAGEUX;4.7;7.9;0
Château-Thierry;49.046;3.403;27/09/2026;00:00;13.1;2;NUAGEUX;2.9;7.6;0
Château-Thierry;49.046;3.403;27/09/2026;01:00;13.1;2;NUAGEUX;3.8;6.1;0
Château-Thierry;49.046;3.403;27/09/2026;02:00;9.2;0;SOLEIL;3.6;5.8;0
Château-Thierry;49.046;3.403;27/09/2026;03:00;9.2;0;SOLEIL;2.3;5.4;0
Château-Thierry;49.046;3.403;27/09/2026;04:00;9.2;0;SOLEIL;1.1;3.6;0
Château-Thierry;49.046;3.403;27/09/2026;05:00;10.2;0;SOLEIL;0.8;1.1;0
Château-Thierry;49.046;3.403;27/09/2026;06:00;10.2;0;SOLEIL;1.5;2.2;0
Château-Thierry;49.046;3.403;27/09/2026;07:00;10.2;0;SOLEIL;1.4;2.9;0
Château-Thierry;49.046;3.403;27/09/2026;08:00;21.1;0;SOLEIL;1.9;4.0;0
Château-Thierry;49.046;3.403;27/09/2026;09:00;21.1;0;SOLEIL;1.5;5.0;0
Château-Thierry;49.046;3.403;27/09/2026;10:00;21.1;0;SOLEIL;9.0;14.8;0
Château-Thierry;49.046;3.403;27/09/2026;11:00;26.6;5;SOLEIL VOILÉ;9.3;19.4;0
Château-Thierry;49.046;3.403;27/09/2026;12:00;26.6;5;SOLEIL VOILÉ;8.4;24.5;0
Château-Thierry;49.046;3.403;27/09/2026;13:00;26.6;5;SOLEIL VOILÉ;11.2;21.2;0
Château-Thierry;49.046;3.403;27/09/2026;14:00;27.9;5;SOLEIL VOILÉ;9.4;21.6;0
Château-Thierry;49.046;3.403;27/09/2026;15:00;27.9;5;SOLEIL VOILÉ;9.5;19.4;0
Château-Thierry;49.046;3.403;27/09/2026;16:00;27.9;5;SOLEIL VOILÉ;10.9;20.5;0
Château-Thierry;49.046;3.403;27/09/2026;17:00;23.7;5;SOLEIL VOILÉ;9.3;20.2;0
Château-Thierry;49.046;3.403;27/09/2026;18:00;23.7;5;SOLEIL VOILÉ;6.2;19.1;0
Château-Thierry;49.046;3.403;27/09/2026;19:00;23.7;5;SOLEIL VOILÉ;12.4;22.0;0
Château-Thierry;49.046;3.403;27/09/2026;20:00;17.1;5;SOLEIL VOILÉ;9.1;24.8;0
Château-Thierry;49.046;3.403;27/09/2026;21:00;17.1;5;SOLEIL VOILÉ;7.0;14.4;0
Château-Thierry;49.046;3.403;27/09/2026;22:00;17.1;5;SOLEIL VOILÉ;5.7;12.6;0
Château-Thierry;49.046;3.403;27/09/2026;23:00;15.4;5;SOLEIL VOILÉ;4.4;9.7;0
Château-Thierry;49.046;3.403;28/09/2026;00:00;15.4;5;SOLEIL VOILÉ;4.3;7.6;0
Château-Thierry;49.046;3.403;28/09/2026;01:00;15.4;5;SOLEIL VOILÉ;3.5;6.8;0
Château-Thierry;49.046;3.403;28/09/2026;02:00;13.6;5;SOLEIL VOILÉ;2.7;6.5;0
Château-Thierry;49.046;3.403;28/09/2026;03:00;13.6;5;SOLEIL VOILÉ;3.1;5.8;0
Château-Thierry;49.046;3.403;28/09/2026;04:00;13.6;5;SOLEIL VOILÉ;3.3;5.4;0
Château-Thierry;49.046;3.403;28/09/2026;05:00;14.2;2;NUAGEUX;3.1;6.1;0
Château-Thierry;49.046;3.403;28/09/2026;06:00;14.2;2;NUAGEUX;3.2;5.5;0
Château-Thierry;49.046;3.403;28/09/2026;07:00;14.2;2;NUAGEUX;3.5;6.3;0
Château-Thierry;49.046;3.403;28/09/2026;08:00;22;2;NUAGEUX;3.7;6.8;0
Château-Thierry;49.046;3.403;28/09/2026;09:00;22;2;NUAGEUX;4.0;7.2;0
Château-Thierry;49.046;3.403;28/09/2026;10:00;22;2;NUAGEUX;4.6;9.7;0
Château-Thierry;49.046;3.403;28/09/2026;11:00;25.6;5;SOLEIL VOILÉ;7.6;15.1;0
Château-Thierry;49.046;3.403;28/09/2026;12:00;25.6;5;SOLEIL VOILÉ;12.3;22.0;0
Château-Thierry;49.046;3.403;28/09/2026;13:00;25.6;5;SOLEIL VOILÉ;14.1;25.2;0
Château-Thierry;49.046;3.403;28/09/2026;14:00;26.2;5;SOLEIL VOILÉ;14.6;25.9;0
Château-Thierry;49.046;3.403;28/09/2026;15:00;26.2;5;SOLEIL VOILÉ;14.8;26.6;0
Château-Thierry;49.046;3.403;28/09/2026;16:00;26.2;5;SOLEIL VOILÉ;15.5;27.7;0
Château-Thierry;49.046;3.403;28/09/2026;17:00;21;5;SOLEIL VOILÉ;15.1;28.1;0
Château-Thierry;49.046;3.403;28/09/2026;18:00;21;5;SOLEIL VOILÉ;14.5;27.0;0
Château-Thierry;49.046;3.403;28/09/2026;19:00;21;5;SOLEIL VOILÉ;9.4;24.8;0
Château-Thierry;49.046;3.403;28/09/2026;20:00;19.0;5;SOLEIL VOILÉ;6.6;15.5;0
Château-Thierry;49.046;3.403;28/09/2026;21:00;17.4;5;SOLEIL VOILÉ;4.3;11.2;0
Château-Thierry;49.046;3.403;28/09/2026;22:00;15.8;5;SOLEIL VOILÉ;4.6;8.3;0
Château-Thierry;49.046;3.403;28/09/2026;23:00;14.7;2;NUAGEUX;4.5;8.3;0
Château-Thierry;49.046;3.403;29/09/2026;00:00;14.7;2;NUAGEUX;5.1;8.6;0
Château-Thierry;49.046;3.403;29/09/2026;01:00;14.7;2;NUAGEUX;4.7;8.6;0
Château-Thierry;49.046;3.403;29/09/2026;02:00;14;2;NUAGEUX;3.7;7.9;0
Château-Thierry;49.046;3.403;29/09/2026;03:00;14;2;NUAGEUX;3.9;6.8;0
Château-Thierry;49.046;3.403;29/09/2026;04:00;14;2;NUAGEUX;2.2;6.8;0
Château-Thierry;49.046;3.403;29/09/2026;05:00;15.1;2;NUAGEUX;3.6;6.5;0
Château-Thierry;49.046;3.403;29/09/2026;06:00;15.1;2;NUAGEUX;3.8;6.5;0
Château-Thierry;49.046;3.403;29/09/2026;07:00;15.1;2;NUAGEUX;2.1;7.2;0
Château-Thierry;49.046;3.403;29/09/2026;08:00;17.2;2;NUAGEUX;2.4;5.0;0
Château-Thierry;49.046;3.403;29/09/2026;09:00;18.8;2;NUAGEUX;3.3;8.6;0
Château-Thierry;49.046;3.403;29/09/2026;10:00;20.4;2;NUAGEUX;5.1;13.7;0
Château-Thierry;49.046;3.403;29/09/2026;11:00;26.4;2;NUAGEUX;5.6;18.4;0
Château-Thierry;49.046;3.403;29/09/2026;12:00;26.4;2;NUAGEUX;6.5;22.7;0
Château-Thierry;49.046;3.403;29/09/2026;13:00;26.4;2;NUAGEUX;10.8;26.3;0
Château-Thierry;49.046;3.403;29/09/2026;14:00;26.9;2;NUAGEUX;13.8;27.7;0
Château-Thierry;49.046;3.403;29/09/2026;15:00;28.5;2;NUAGEUX;12.3;25.2;0
Château-Thierry;49.046;3.403;29/09/2026;16:00;26.9;2;NUAGEUX;9.0;20.2;0
Château-Thierry;49.046;3.403;29/09/2026;17:00;22.6;2;NUAGEUX;6.1;16.2;0
Château-Thierry;49.046;3.403;29/09/2026;18:00;22.6;2;NUAGEUX;3.1;14.4;0
Château-Thierry;49.046;3.403;29/09/2026;19:00;22.6;2;NUAGEUX;1.6;13.3;0
Château-Thierry;49.046;3.403;29/09/2026;20:00;20.4;2;NUAGEUX;4.0;12.2;0
Château-Thierry;49.046;3.403;29/09/2026;21:00;18.8;2;NUAGEUX;4.9;10.8;0
Château-Thierry;49.046;3.403;29/09/2026;22:00;17.2;2;NUAGEUX;5.2;9.4;0
Château-Thierry;49.046;3.403;29/09/2026;23:00;18;2;NUAGEUX;5.2;9.0;0
Château-Thierry;49.046;3.403;30/09/2026;00:00;18;2;NUAGEUX;5.9;10.1;0
Château-Thierry;49.046;3.403;30/09/2026;01:00;18;2;NUAGEUX;6.8;12.2;0
Château-Thierry;49.046;3.403;30/09/2026;02:00;15.6;2;NUAGEUX;7.8;14.0;0
Château-Thierry;49.046;3.403;30/09/2026;03:00;15.6;2;NUAGEUX;8.4;15.8;0
Château-Thierry;49.046;3.403;30/09/2026;04:00;15.6;2;NUAGEUX;9.0;17.6;0
Château-Thierry;49.046;3.403;30/09/2026;05:00;16.9;2;NUAGEUX;9.7;18.4;0
Château-Thierry;49.046;3.403;30/09/2026;06:00;16.9;2;NUAGEUX;8.9;16.9;0
Château-Thierry;49.046;3.403;30/09/2026;07:00;16.9;2;NUAGEUX;7.4;14.0;0
Château-Thierry;49.046;3.403;30/09/2026;08:00;18.0;2;NUAGEUX;7.2;13.7;0
Château-Thierry;49.046;3.403;30/09/2026;09:00;19.1;2;NUAGEUX;9.3;17.6;0
Château-Thierry;49.046;3.403;30/09/2026;10:00;20.3;2;NUAGEUX;13.2;23.4;0
Château-Thierry;49.046;3.403;30/09/2026;11:00;24.9;2;NUAGEUX;15.9;28.1;0
Château-Thierry;49.046;3.403;30/09/2026;12:00;24.9;2;NUAGEUX;17.0;29.9;0
Château-Thierry;49.046;3.403;30/09/2026;13:00;24.9;2;NUAGEUX;17.2;30.6;0
Château-Thierry;49.046;3.403;30/09/2026;14:00;25.0;2;NUAGEUX;17.4;30.6;0
Château-Thierry;49.046;3.403;30/09/2026;15:00;26.2;2;NUAGEUX;17.7;31.3;0
Château-Thierry;49.046;3.403;30/09/2026;16:00;25.0;2;NUAGEUX;17.7;31.3;0
Château-Thierry;49.046;3.403;30/09/2026;17:00;21.6;2;NUAGEUX;16.3;29.9;0
Château-Thierry;49.046;3.403;30/09/2026;18:00;21.6;2;NUAGEUX;12.9;25.6;0
Château-Thierry;49.046;3.403;30/09/2026;19:00;21.6;2;NUAGEUX;8.9;19.4;0
Château-Thierry;49.046;3.403;30/09/2026;20:00;20.3;2;NUAGEUX;6.6;14.4;0
Château-Thierry;49.046;3.403;30/09/2026;21:00;19.1;2;NUAGEUX;5.6;11.5;0
Château-Thierry;49.046;3.403;30/09/2026;22:00;18.0;2;NUAGEUX;5.2;9.7;0
Château-Thierry;49.046;3.403;30/09/2026;23:00;18;7;PLUIE FAIBLE;4.7;8.6;0
Château-Thierry;49.046;3.403;01/10/2026;00:00;18;7;PLUIE FAIBLE;5.7;10.3;0
Château-Thierry;49.046;3.403;01/10/2026;01:00;18;7;PLUIE FAIBLE;7.1;12.2;0
Château-Thierry;49.046;3.403;01/10/2026;02:00;15.1;7;PLUIE FAIBLE;7.9;13.8;0
Château-Thierry;49.046;3.403;01/10/2026;03:00;15.1;7;PLUIE FAIBLE;8.4;15.1;0
Château-Thierry;49.046;3.403;01/10/2026;04:00;15.1;7;PLUIE FAIBLE;8.7;15.8;0
Château-Thierry;49.046;3.403;01/10/2026;05:00;16.5;6;AVERSES;8.8;15.8;0
Château-Thierry;49.046;3.403;01/10/2026;06:00;16.5;6;AVERSES;8.3;15.1;0
Château-Thierry;49.046;3.403;01/10/2026;07:00;16.5;6;AVERSES;8.0;14.4;0
Château-Thierry;49.046;3.403;01/10/2026;08:00;16.4;7;PLUIE FAIBLE;7.7;13.7;0
Château-Thierry;49.046;3.403;01/10/2026;09:00;17.0;7;PLUIE FAIBLE;10.2;19.1;0
Château-Thierry;49.046;3.403;01/10/2026;10:00;17.7;7;PLUIE FAIBLE;13.7;24.5;0
Château-Thierry;49.046;3.403;01/10/2026;11:00;20.1;7;PLUIE FAIBLE;16.3;28.8;0
Château-Thierry;49.046;3.403;01/10/2026;12:00;20.1;7;PLUIE FAIBLE;17.3;30.6;0
Château-Thierry;49.046;3.403;01/10/2026;13:00;20.1;7;PLUIE FAIBLE;17.3;30.6;0
Château-Thierry;49.046;3.403;01/10/2026;14:00;20.3;7;PLUIE FAIBLE;17.2;30.6;0
Château-Thierry;49.046;3.403;01/10/2026;15:00;20.9;7;PLUIE FAIBLE;17.3;30.6;0
Château-Thierry;49.046;3.403;01/10/2026;16:00;20.3;7;PLUIE FAIBLE;16.8;29.9;0
Château-Thierry;49.046;3.403;01/10/2026;17:00;17.6;7;PLUIE FAIBLE;15.6;28.1;0
Château-Thierry;49.046;3.403;01/10/2026;18:00;17.6;7;PLUIE FAIBLE;12.4;24.5;0
Château-Thierry;49.046;3.403;01/10/2026;19:00;17.6;7;PLUIE FAIBLE;9.2;19.8;0
Château-Thierry;49.046;3.403;01/10/2026;20:00;17.7;7;PLUIE FAIBLE;7.6;16.2;0
Château-Thierry;49.046;3.403;01/10/2026;21:00;17.0;7;PLUIE FAIBLE;7.0;14.8;0
Château-Thierry;49.046;3.403;01/10/2026;22:00;16.4;7;PLUIE FAIBLE;6.6;14.8;0
Château-Thierry;49.046;3.403;01/10/2026;23:00;13.1;0;SOLEIL;6.7;14.8;0
Château-Thierry;49.046;3.403;02/10/2026;00:00;13.1;0;SOLEIL;6.9;14.4;0
Château-Thierry;49.046;3.403;02/10/2026;01:00;13.1;0;SOLEIL;7.4;14.0;0
Château-Thierry;49.046;3.403;02/10/2026;02:00;9.6;0;SOLEIL;7.7;13.7;0
Château-Thierry;49.046;3.403;02/10/2026;03:00;9.6;0;SOLEIL;7.7;13.0;0
Château-Thierry;49.046;3.403;02/10/2026;04:00;9.6;0;SOLEIL;7.1;12.6;0
Château-Thierry;49.046;3.403;02/10/2026;05:00;10.6;0;SOLEIL;7.2;13.0;0
Château-Thierry;49.046;3.403;02/10/2026;06:00;10.6;0;SOLEIL;8.0;14.8;0
Château-Thierry;49.046;3.403;02/10/2026;07:00;10.6;0;SOLEIL;9.7;18.0;0
Château-Thierry;49.046;3.403;02/10/2026;08:00;12.1;0;SOLEIL;11.7;20.5;0
Château-Thierry;49.046;3.403;02/10/2026;09:00;13.4;0;SOLEIL;12.1;22.7;0
Château-Thierry;49.046;3.403;02/10/2026;10:00;14.6;0;SOLEIL;11.9;24.8;0
Château-Thierry;49.046;3.403;02/10/2026;11:00;20.1;0;SOLEIL;11.7;26.3;0
Château-Thierry;49.046;3.403;02/10/2026;12:00;20.1;0;SOLEIL;12.2;26.6;0
Château-Thierry;49.046;3.403;02/10/2026;13:00;20.1;0;SOLEIL;13.6;26.6;0
Château-Thierry;49.046;3.403;02/10/2026;14:00;19.6;0;SOLEIL;14.9;27.4;0
Château-Thierry;49.046;3.403;02/10/2026;15:00;20.9;0;SOLEIL;16.0;29.5;0
Château-Thierry;49.046;3.403;02/10/2026;16:00;19.6;0;SOLEIL;16.9;32.4;0
Château-Thierry;49.046;3.403;02/10/2026;17:00;15.9;0;SOLEIL;17.2;33.5;0
Château-Thierry;49.046;3.403;02/10/2026;18:00;15.9;0;SOLEIL;14.5;30.2;0
Château-Thierry;49.046;3.403;02/10/2026;19:00;15.9;0;SOLEIL;10.2;25.2;0
Château-Thierry;49.046;3.403;02/10/2026;20:00;14.6;0;SOLEIL;7.9;22.0;0
Château-Thierry;49.046;3.403;02/10/2026;21:00;13.4;0;SOLEIL;9.5;23.0;0
Château-Thierry;49.046;3.403;02/10/2026;22:00;12.1;0;SOLEIL;12.8;25.9;0
Château-Thierry;49.046;3.403;02/10/2026;23:00;11.5;0;SOLEIL;15.1;28.1;0
Château-Thierry;49.046;3.403;03/10/2026;00:00;11.5;0;SOLEIL;15.6;28.1;0
Château-Thierry;49.046;3.403;03/10/2026;01:00;11.5;0;SOLEIL;15.5;27.7;0
Château-Thierry;49.046;3.403;03/10/2026;02:00;8.6;0;SOLEIL;16.2;27.7;0
Château-Thierry;49.046;3.403;03/10/2026;03:00;8.6;0;SOLEIL;16.8;29.2;0
Château-Thierry;49.046;3.403;03/10/2026;04:00;8.6;0;SOLEIL;16.9;31.3;0
Château-Thierry;49.046;3.403;03/10/2026;05:00;9.9;0;SOLEIL;17.2;32.8;0
Château-Thierry;49.046;3.403;03/10/2026;06:00;9.9;0;SOLEIL;16.8;32.8;0
Château-Thierry;49.046;3.403;03/10/2026;07:00;9.9;0;SOLEIL;17.2;32.4;0
Château-Thierry;49.046;3.403;03/10/2026;08:00;11.5;0;SOLEIL;18.4;32.4;0
Château-Thierry;49.046;3.403;03/10/2026;09:00;12.9;0;SOLEIL;19.0;33.5;0
Château-Thierry;49.046;3.403;03/10/2026;10:00;14.3;0;SOLEIL;19.1;34.6;0
Château-Thierry;49.046;3.403;03/10/2026;11:00;20.6;0;SOLEIL;19.4;35.6;0
Château-Thierry;49.046;3.403;03/10/2026;12:00;20.6;0;SOLEIL;15.3;30.4;0
Château-Thierry;49.046;3.403;03/10/2026;13:00;20.6;0;SOLEIL;11.5;25.2;0
Château-Thierry;49.046;3.403;03/10/2026;14:00;20.1;0;SOLEIL;7.6;20.3;0
Château-Thierry;49.046;3.403;03/10/2026;15:00;21.5;0;SOLEIL;3.9;15.5;0
Château-Thierry;49.046;3.403;03/10/2026;16:00;20.1;0;SOLEIL;4.5;15.8;0
Château-Thierry;49.046;3.403;03/10/2026;17:00;16.6;0;SOLEIL;5.7;16.2;0
Château-Thierry;49.046;3.403;03/10/2026;18:00;16.6;0;SOLEIL;6.8;16.2;0
Château-Thierry;49.046;3.403;03/10/2026;19:00;16.6;0;SOLEIL;7.6;16.2;0
Château-Thierry;49.046;3.403;03/10/2026;20:00;14.3;0;SOLEIL;7.8;16.2;0
Château-Thierry;49.046;3.403;03/10/2026;21:00;12.9;0;SOLEIL;7.4;16.2;0
Château-Thierry;49.046;3.403;03/10/2026;22:00;11.5;0;SOLEIL;6.4;15.8;0
Château-Thierry;49.046;3.403;03/10/2026;23:00;12.5;0;SOLEIL;5.1;15.8;0
Laon;49.56;3.62;26/09/2026;00:00;15.4;0;SOLEIL;10.8;18.0;0
Laon;49.56;3.62;26/09/2026;01:00;13.9;0;SOLEIL;9.7;16.2;0
Laon;49.56;3.62;26/09/2026;02:00;13.1;0;SOLEIL;8.3;14.4;0
Laon;49.56;3.62;26/09/2026;03:00;13.5;2;NUAGEUX;7.9;13.3;0
Laon;49.56;3.62;26/09/2026;04:00;13.6;3;TRÈS NUAGEUX;7.2;12.6;0
Laon;49.56;3.62;26/09/2026;05:00;13.6;6;AVERSES;7.2;9.7;0
Laon;49.56;3.62;26/09/2026;06:00;13.6;6;AVERSES;7.2;8.6;0
Laon;49.56;3.62;26/09/2026;07:00;14.2;6;AVERSES;7.2;9.4;0
Laon;49.56;3.62;26/09/2026;08:00;14.7;4;COUVERT;6.1;8.6;0
Laon;49.56;3.62;26/09/2026;09:00;16.7;2;NUAGEUX;4.7;8.6;0
Laon;49.56;3.62;26/09/2026;10:00;18.6;2;NUAGEUX;5.4;12.6;0
Laon;49.56;3.62;26/09/2026;11:00;20;2;NUAGEUX;5.0;13.0;0
Laon;49.56;3.62;26/09/2026;12:00;21.1;2;NUAGEUX;4.7;14.4;0
Laon;49.56;3.62;26/09/2026;13:00;22.1;2;NUAGEUX;6.1;17.6;0
Laon;49.56;3.62;26/09/2026;14:00;22.5;2;NUAGEUX;6.5;19.1;0
Laon;49.56;3.62;26/09/2026;15:00;22.8;2;NUAGEUX;6.1;18.7;0
Laon;49.56;3.62;26/09/2026;16:00;22.6;2;NUAGEUX;6.5;18.4;0
Laon;49.56;3.62;26/09/2026;17:00;22.3;2;NUAGEUX;7.2;18.7;0
Laon;49.56;3.62;26/09/2026;18:00;20.4;2;NUAGEUX;7.2;18.4;0
Laon;49.56;3.62;26/09/2026;19:00;19.1;2;NUAGEUX;6.8;16.2;0
Laon;49.56;3.62;26/09/2026;20:00;18.2;2;NUAGEUX;8.3;13.0;0
Laon;49.56;3.62;26/09/2026;21:00;17.5;2;NUAGEUX;9.0;14.4;0
Laon;49.56;3.62;26/09/2026;22:00;16.2;2;NUAGEUX;9.7;16.2;0
Laon;49.56;3.62;26/09/2026;23:00;15.7;2;NUAGEUX;7.9;15.8;0
Laon;49.56;3.62;27/09/2026;00:00;15.5;2;NUAGEUX;6.8;12.6;0
Laon;49.56;3.62;27/09/2026;01:00;15.5;2;NUAGEUX;5.4;13.0;0
Laon;49.56;3.62;27/09/2026;02:00;13.2;0;SOLEIL;6.1;23.4;0
Laon;49.56;3.62;27/09/2026;03:00;13.2;0;SOLEIL;1.4;8.6;0
Laon;49.56;3.62;27/09/2026;04:00;13.2;0;SOLEIL;6.5;7.6;0
Laon;49.56;3.62;27/09/2026;05:00;13.6;0;SOLEIL;8.3;15.5;0
Laon;49.56;3.62;27/09/2026;06:00;13.6;0;SOLEIL;13.0;25.6;0
Laon;49.56;3.62;27/09/2026;07:00;13.6;0;SOLEIL;10.4;29.5;0
Laon;49.56;3.62;27/09/2026;08:00;18.7;0;SOLEIL;10.4;24.1;0
Laon;49.56;3.62;27/09/2026;09:00;18.7;0;SOLEIL;14.0;28.8;0
Laon;49.56;3.62;27/09/2026;10:00;18.7;0;SOLEIL;14.0;28.4;0
Laon;49.56;3.62;27/09/2026;11:00;25.2;5;SOLEIL VOILÉ;11.9;27.7;0
Laon;49.56;3.62;27/09/2026;12:00;25.2;5;SOLEIL VOILÉ;10.1;24.1;0
Laon;49.56;3.62;27/09/2026;13:00;25.2;5;SOLEIL VOILÉ;10.4;22.7;0
Laon;49.56;3.62;27/09/2026;14:00;26.6;5;SOLEIL VOILÉ;9.0;22.3;0
Laon;49.56;3.62;27/09/2026;15:00;26.6;5;SOLEIL VOILÉ;12.2;26.6;0
Laon;49.56;3.62;27/09/2026;16:00;26.6;5;SOLEIL VOILÉ;13.3;28.4;0
Laon;49.56;3.62;27/09/2026;17:00;23.7;5;SOLEIL VOILÉ;12.6;29.5;0
Laon;49.56;3.62;27/09/2026;18:00;23.7;5;SOLEIL VOILÉ;12.6;26.6;0
Laon;49.56;3.62;27/09/2026;19:00;23.7;5;SOLEIL VOILÉ;12.2;27.4;0
Laon;49.56;3.62;27/09/2026;20:00;20.7;5;SOLEIL VOILÉ;10.4;24.1;0
Laon;49.56;3.62;27/09/2026;21:00;20.7;5;SOLEIL VOILÉ;8.3;19.8;0
Laon;49.56;3.62;27/09/2026;22:00;20.7;5;SOLEIL VOILÉ;6.8;15.5;0
Laon;49.56;3.62;27/09/2026;23:00;18.4;5;SOLEIL VOILÉ;6.1;12.2;0
Laon;49.56;3.62;28/09/2026;00:00;18.4;5;SOLEIL VOILÉ;5.4;10.1;0
Laon;49.56;3.62;28/09/2026;01:00;18.4;5;SOLEIL VOILÉ;5.4;8.6;0
Laon;49.56;3.62;28/09/2026;02:00;17.2;5;SOLEIL VOILÉ;5.8;9.0;0
Laon;49.56;3.62;28/09/2026;03:00;17.2;5;SOLEIL VOILÉ;4.7;9.0;0
Laon;49.56;3.62;28/09/2026;04:00;17.2;5;SOLEIL VOILÉ;2.2;7.2;0
Laon;49.56;3.62;28/09/2026;05:00;15.5;2;NUAGEUX;1.4;2.9;0
Laon;49.56;3.62;28/09/2026;06:00;15.5;2;NUAGEUX;2.5;2.9;0
Laon;49.56;3.62;28/09/2026;07:00;15.5;2;NUAGEUX;2.5;3.2;0
Laon;49.56;3.62;28/09/2026;08:00;20.2;2;NUAGEUX;2.9;4.7;0
Laon;49.56;3.62;28/09/2026;09:00;20.2;2;NUAGEUX;2.2;4.7;0
Laon;49.56;3.62;28/09/2026;10:00;20.2;2;NUAGEUX;1.1;5.0;0
Laon;49.56;3.62;28/09/2026;11:00;22.9;5;SOLEIL VOILÉ;2.5;8.6;0
Laon;49.56;3.62;28/09/2026;12:00;22.9;5;SOLEIL VOILÉ;4.0;12.2;0
Laon;49.56;3.62;28/09/2026;13:00;22.9;5;SOLEIL VOILÉ;8.6;21.2;0
Laon;49.56;3.62;28/09/2026;14:00;24.5;5;SOLEIL VOILÉ;8.3;21.2;0
Laon;49.56;3.62;28/09/2026;15:00;24.5;5;SOLEIL VOILÉ;10.1;24.8;0
Laon;49.56;3.62;28/09/2026;16:00;24.5;5;SOLEIL VOILÉ;10.4;24.5;0
Laon;49.56;3.62;28/09/2026;17:00;20.6;5;SOLEIL VOILÉ;9.0;22.7;0
Laon;49.56;3.62;28/09/2026;18:00;20.6;5;SOLEIL VOILÉ;12.3;24.8;0
Laon;49.56;3.62;28/09/2026;19:00;20.6;5;SOLEIL VOILÉ;8.4;23.8;0
Laon;49.56;3.62;28/09/2026;20:00;19.7;5;SOLEIL VOILÉ;8.2;15.3;0
Laon;49.56;3.62;28/09/2026;21:00;18.7;5;SOLEIL VOILÉ;10.3;17.6;0
Laon;49.56;3.62;28/09/2026;22:00;17.6;5;SOLEIL VOILÉ;11.8;20.5;0
Laon;49.56;3.62;28/09/2026;23:00;16.1;2;NUAGEUX;10.8;20.9;0
Laon;49.56;3.62;29/09/2026;00:00;16.1;2;NUAGEUX;10.0;18.7;0
Laon;49.56;3.62;29/09/2026;01:00;16.1;2;NUAGEUX;8.1;17.6;0
Laon;49.56;3.62;29/09/2026;02:00;14.6;2;NUAGEUX;8.5;14.8;0
Laon;49.56;3.62;29/09/2026;03:00;14.6;2;NUAGEUX;7.2;15.1;0
Laon;49.56;3.62;29/09/2026;04:00;14.6;2;NUAGEUX;9.5;15.8;0
Laon;49.56;3.62;29/09/2026;05:00;15.5;2;NUAGEUX;7.4;16.6;0
Laon;49.56;3.62;29/09/2026;06:00;15.5;2;NUAGEUX;3.7;12.6;0
Laon;49.56;3.62;29/09/2026;07:00;15.5;2;NUAGEUX;3.8;6.1;0
Laon;49.56;3.62;29/09/2026;08:00;17.6;2;NUAGEUX;2.7;6.1;0
Laon;49.56;3.62;29/09/2026;09:00;19.1;2;NUAGEUX;3.5;8.3;0
Laon;49.56;3.62;29/09/2026;10:00;20.6;2;NUAGEUX;3.9;9.0;0
Laon;49.56;3.62;29/09/2026;11:00;25.9;2;NUAGEUX;3.6;12.2;0
Laon;49.56;3.62;29/09/2026;12:00;25.9;2;NUAGEUX;2.4;13.0;0
Laon;49.56;3.62;29/09/2026;13:00;25.9;2;NUAGEUX;1.3;14.0;0
Laon;49.56;3.62;29/09/2026;14:00;26.6;2;NUAGEUX;1.8;11.5;0
Laon;49.56;3.62;29/09/2026;15:00;28.1;2;NUAGEUX;3.8;14.4;0
Laon;49.56;3.62;29/09/2026;16:00;26.6;2;NUAGEUX;1.4;14.8;0
Laon;49.56;3.62;29/09/2026;17:00;22.4;2;NUAGEUX;5.0;23.8;0
Laon;49.56;3.62;29/09/2026;18:00;22.4;2;NUAGEUX;1.9;12.6;0
Laon;49.56;3.62;29/09/2026;19:00;22.4;2;NUAGEUX;1.8;6.8;0
Laon;49.56;3.62;29/09/2026;20:00;20.6;2;NUAGEUX;7.1;15.5;0
Laon;49.56;3.62;29/09/2026;21:00;19.1;2;NUAGEUX;4.6;16.2;0
Laon;49.56;3.62;29/09/2026;22:00;17.6;2;NUAGEUX;5.4;18.4;0
Laon;49.56;3.62;29/09/2026;23:00;18.6;2;NUAGEUX;7.9;19.4;0
Laon;49.56;3.62;30/09/2026;00:00;18.6;2;NUAGEUX;7.0;18.4;0
Laon;49.56;3.62;30/09/2026;01:00;18.6;2;NUAGEUX;4.9;15.8;0
Laon;49.56;3.62;30/09/2026;02:00;16.2;2;NUAGEUX;4.9;14.0;0
Laon;49.56;3.62;30/09/2026;03:00;16.2;2;NUAGEUX;5.4;12.6;0
Laon;49.56;3.62;30/09/2026;04:00;16.2;2;NUAGEUX;6.2;11.5;0
Laon;49.56;3.62;30/09/2026;05:00;17.2;2;NUAGEUX;7.1;11.5;0
Laon;49.56;3.62;30/09/2026;06:00;17.2;2;NUAGEUX;8.2;13.0;0
Laon;49.56;3.62;30/09/2026;07:00;17.2;2;NUAGEUX;9.4;15.5;0
Laon;49.56;3.62;30/09/2026;08:00;18.5;2;NUAGEUX;10.5;18.0;0
Laon;49.56;3.62;30/09/2026;09:00;19.6;2;NUAGEUX;11.2;20.5;0
Laon;49.56;3.62;30/09/2026;10:00;20.7;2;NUAGEUX;11.5;23.4;0
Laon;49.56;3.62;30/09/2026;11:00;24.6;2;NUAGEUX;11.7;25.6;0
Laon;49.56;3.62;30/09/2026;12:00;24.6;2;NUAGEUX;11.6;26.6;0
Laon;49.56;3.62;30/09/2026;13:00;24.6;2;NUAGEUX;11.5;27.0;0
Laon;49.56;3.62;30/09/2026;14:00;25.3;2;NUAGEUX;12.0;27.7;0
Laon;49.56;3.62;30/09/2026;15:00;26.4;2;NUAGEUX;13.2;29.2;0
Laon;49.56;3.62;30/09/2026;16:00;25.3;2;NUAGEUX;15.1;31.0;0
Laon;49.56;3.62;30/09/2026;17:00;22;2;NUAGEUX;16.1;32.4;0
Laon;49.56;3.62;30/09/2026;18:00;22;2;NUAGEUX;15.4;32.8;0
Laon;49.56;3.62;30/09/2026;19:00;22;2;NUAGEUX;14.0;32.4;0
Laon;49.56;3.62;30/09/2026;20:00;20.7;2;NUAGEUX;13.4;32.0;0
Laon;49.56;3.62;30/09/2026;21:00;19.6;2;NUAGEUX;14.3;31.3;0
Laon;49.56;3.62;30/09/2026;22:00;18.5;2;NUAGEUX;15.8;30.2;0
Laon;49.56;3.62;30/09/2026;23:00;18.5;6;AVERSES;16.7;29.5;0
Laon;49.56;3.62;01/10/2026;00:00;18.5;6;AVERSES;16.7;29.5;0
Laon;49.56;3.62;01/10/2026;01:00;18.5;6;AVERSES;16.3;30.2;0
Laon;49.56;3.62;01/10/2026;02:00;15.2;7;PLUIE FAIBLE;15.8;30.2;0
Laon;49.56;3.62;01/10/2026;03:00;15.2;7;PLUIE FAIBLE;15.1;29.9;0
Laon;49.56;3.62;01/10/2026;04:00;15.2;7;PLUIE FAIBLE;14.1;29.2;0
Laon;49.56;3.62;01/10/2026;05:00;16.5;7;PLUIE FAIBLE;13.3;28.1;0
Laon;49.56;3.62;01/10/2026;06:00;16.5;7;PLUIE FAIBLE;12.4;26.6;0
Laon;49.56;3.62;01/10/2026;07:00;16.5;7;PLUIE FAIBLE;11.6;24.8;0
Laon;49.56;3.62;01/10/2026;08:00;16.2;7;PLUIE FAIBLE;10.9;23.4;0
Laon;49.56;3.62;01/10/2026;09:00;16.7;7;PLUIE FAIBLE;10.5;22.3;0
Laon;49.56;3.62;01/10/2026;10:00;17.2;7;PLUIE FAIBLE;10.0;21.6;0
Laon;49.56;3.62;01/10/2026;11:00;18.9;7;PLUIE FAIBLE;9.7;21.2;0
Laon;49.56;3.62;01/10/2026;12:00;18.9;7;PLUIE FAIBLE;9.6;22.0;0
Laon;49.56;3.62;01/10/2026;13:00;18.9;7;PLUIE FAIBLE;9.3;23.4;0
Laon;49.56;3.62;01/10/2026;14:00;19.2;7;PLUIE FAIBLE;9.3;24.1;0
Laon;49.56;3.62;01/10/2026;15:00;19.7;7;PLUIE FAIBLE;9.9;23.8;0
Laon;49.56;3.62;01/10/2026;16:00;19.2;7;PLUIE FAIBLE;10.5;23.0;0
Laon;49.56;3.62;01/10/2026;17:00;17.2;7;PLUIE FAIBLE;10.1;22.7;0
Laon;49.56;3.62;01/10/2026;18:00;17.2;7;PLUIE FAIBLE;7.0;23.4;0
Laon;49.56;3.62;01/10/2026;19:00;17.2;7;PLUIE FAIBLE;2.9;24.8;0
Laon;49.56;3.62;01/10/2026;20:00;17.2;7;PLUIE FAIBLE;0.8;25.2;0
Laon;49.56;3.62;01/10/2026;21:00;16.7;7;PLUIE FAIBLE;3.0;24.1;0
Laon;49.56;3.62;01/10/2026;22:00;16.2;7;PLUIE FAIBLE;8.2;22.0;0
Laon;49.56;3.62;01/10/2026;23:00;13.7;0;SOLEIL;11.8;20.5;0
Laon;49.56;3.62;02/10/2026;00:00;13.7;0;SOLEIL;7.1;21.6;0
Laon;49.56;3.62;02/10/2026;01:00;13.7;0;SOLEIL;8.9;20.5;0
Laon;49.56;3.62;02/10/2026;02:00;11.2;0;SOLEIL;10.0;19.8;0
Laon;49.56;3.62;02/10/2026;03:00;11.2;0;SOLEIL;10.4;19.1;0
Laon;49.56;3.62;02/10/2026;04:00;11.2;0;SOLEIL;10.1;18.7;0
Laon;49.56;3.62;02/10/2026;05:00;12.2;0;SOLEIL;9.4;18.4;0
Laon;49.56;3.62;02/10/2026;06:00;12.2;0;SOLEIL;8.7;18.0;0
Laon;49.56;3.62;02/10/2026;07:00;12.2;0;SOLEIL;8.1;18.0;0
Laon;49.56;3.62;02/10/2026;08:00;13.0;0;SOLEIL;7.7;18.0;0
Laon;49.56;3.62;02/10/2026;09:00;14.0;0;SOLEIL;7.6;18.4;0
Laon;49.56;3.62;02/10/2026;10:00;14.9;0;SOLEIL;7.9;18.7;0
Laon;49.56;3.62;02/10/2026;11:00;18.6;7;PLUIE FAIBLE;8.2;19.8;0
Laon;49.56;3.62;02/10/2026;12:00;18.6;7;PLUIE FAIBLE;8.4;20.5;0
Laon;49.56;3.62;02/10/2026;13:00;18.6;7;PLUIE FAIBLE;8.7;21.2;0
Laon;49.56;3.62;02/10/2026;14:00;18.6;0;SOLEIL;8.5;21.6;0
Laon;49.56;3.62;02/10/2026;15:00;19.5;0;SOLEIL;7.9;22.0;0
Laon;49.56;3.62;02/10/2026;16:00;18.6;0;SOLEIL;6.9;22.7;0
Laon;49.56;3.62;02/10/2026;17:00;15.7;0;SOLEIL;5.8;23.4;0
Laon;49.56;3.62;02/10/2026;18:00;15.7;0;SOLEIL;4.7;23.4;0
Laon;49.56;3.62;02/10/2026;19:00;15.7;0;SOLEIL;3.7;23.4;0
Laon;49.56;3.62;02/10/2026;20:00;14.9;0;SOLEIL;3.0;22.7;0
Laon;49.56;3.62;02/10/2026;21:00;14.0;0;SOLEIL;2.6;21.2;0
Laon;49.56;3.62;02/10/2026;22:00;13.0;0;SOLEIL;2.1;18.7;0
Laon;49.56;3.62;02/10/2026;23:00;12.9;0;SOLEIL;1.7;15.8;0
Laon;49.56;3.62;03/10/2026;00:00;12.9;0;SOLEIL;1.5;13.0;0
Laon;49.56;3.62;03/10/2026;01:00;12.9;0;SOLEIL;1.1;10.4;0
Laon;49.56;3.62;03/10/2026;02:00;10.5;0;SOLEIL;1.0;8.6;0
Laon;49.56;3.62;03/10/2026;03:00;10.5;0;SOLEIL;0.9;7.6;0
Laon;49.56;3.62;03/10/2026;04:00;10.5;0;SOLEIL;1.2;6.8;0
Laon;49.56;3.62;03/10/2026;05:00;11.5;0;SOLEIL;1.9;6.5;0
Laon;49.56;3.62;03/10/2026;06:00;11.5;0;SOLEIL;2.4;6.5;0
Laon;49.56;3.62;03/10/2026;07:00;11.5;0;SOLEIL;2.7;6.8;0
Laon;49.56;3.62;03/10/2026;08:00;12.6;0;SOLEIL;2.7;7.2;0
Laon;49.56;3.62;03/10/2026;09:00;13.7;0;SOLEIL;2.4;7.9;0
Laon;49.56;3.62;03/10/2026;10:00;14.7;0;SOLEIL;1.6;9.4;0
Laon;49.56;3.62;03/10/2026;11:00;19.1;0;SOLEIL;1.1;11.2;0
Laon;49.56;3.62;03/10/2026;12:00;19.1;0;SOLEIL;1.5;12.6;0
Laon;49.56;3.62;03/10/2026;13:00;19.1;0;SOLEIL;2.1;14.0;0
Laon;49.56;3.62;03/10/2026;14:00;18.9;0;SOLEIL;2.2;14.8;0
Laon;49.56;3.62;03/10/2026;15:00;20.0;0;SOLEIL;1.7;15.1;0
Laon;49.56;3.62;03/10/2026;16:00;18.9;0;SOLEIL;0.9;15.1;0
Laon;49.56;3.62;03/10/2026;17:00;16.2;0;SOLEIL;1.5;14.8;0
Laon;49.56;3.62;03/10/2026;18:00;16.2;0;SOLEIL;2.7;14.0;0
Laon;49.56;3.62;03/10/2026;19:00;16.2;0;SOLEIL;3.7;13.7;0
Laon;49.56;3.62;03/10/2026;20:00;14.7;0;SOLEIL;4.3;13.3;0
Laon;49.56;3.62;03/10/2026;21:00;13.7;0;SOLEIL;4.2;13.0;0
Laon;49.56;3.62;03/10/2026;22:00;12.6;0;SOLEIL;3.7;12.6;0
Laon;49.56;3.62;03/10/2026;23:00;13;0;SOLEIL;2.9;12.2;0
Saint-Quentin;49.85;3.29;26/09/2026;00:00;15.1;0;SOLEIL;10.8;18.0;0
Saint-Quentin;49.85;3.29;26/09/2026;01:00;14.4;2;NUAGEUX;9.0;15.1;0
Saint-Quentin;49.85;3.29;26/09/2026;02:00;14.6;2;NUAGEUX;7.6;13.7;0
Saint-Quentin;49.85;3.29;26/09/2026;03:00;14.6;4;COUVERT;10.1;17.6;0
Saint-Quentin;49.85;3.29;26/09/2026;04:00;14.7;6;AVERSES;9.7;17.3;0
Saint-Quentin;49.85;3.29;26/09/2026;05:00;14.7;4;COUVERT;10.1;16.2;0
Saint-Quentin;49.85;3.29;26/09/2026;06:00;15.7;6;AVERSES;10.1;15.8;0
Saint-Quentin;49.85;3.29;26/09/2026;07:00;16;4;COUVERT;10.1;16.9;0
Saint-Quentin;49.85;3.29;26/09/2026;08:00;16.9;2;NUAGEUX;10.4;18.0;0
Saint-Quentin;49.85;3.29;26/09/2026;09:00;18.2;2;NUAGEUX;9.7;19.4;0
Saint-Quentin;49.85;3.29;26/09/2026;10:00;19.4;2;NUAGEUX;8.6;19.4;0
Saint-Quentin;49.85;3.29;26/09/2026;11:00;20;2;NUAGEUX;7.6;18.0;0
Saint-Quentin;49.85;3.29;26/09/2026;12:00;21.1;2;NUAGEUX;7.2;17.6;0
Saint-Quentin;49.85;3.29;26/09/2026;13:00;22.2;2;NUAGEUX;7.9;19.8;0
Saint-Quentin;49.85;3.29;26/09/2026;14:00;22.6;2;NUAGEUX;7.2;19.4;0
Saint-Quentin;49.85;3.29;26/09/2026;15:00;22.7;2;NUAGEUX;7.2;19.4;0
Saint-Quentin;49.85;3.29;26/09/2026;16:00;22.2;2;NUAGEUX;7.6;19.4;0
Saint-Quentin;49.85;3.29;26/09/2026;17:00;21.2;2;NUAGEUX;7.2;19.4;0
Saint-Quentin;49.85;3.29;26/09/2026;18:00;19.4;2;NUAGEUX;6.8;18.0;0
Saint-Quentin;49.85;3.29;26/09/2026;19:00;18.4;2;NUAGEUX;7.2;15.5;0
Saint-Quentin;49.85;3.29;26/09/2026;20:00;17.6;2;NUAGEUX;4.3;11.5;0
Saint-Quentin;49.85;3.29;26/09/2026;21:00;16.6;2;NUAGEUX;9.4;13.3;0
Saint-Quentin;49.85;3.29;26/09/2026;22:00;16.5;2;NUAGEUX;12.2;22.3;0
Saint-Quentin;49.85;3.29;26/09/2026;23:00;15.9;2;NUAGEUX;9.0;22.0;0
Saint-Quentin;49.85;3.29;27/09/2026;00:00;14.6;2;NUAGEUX;7.6;15.1;0
Saint-Quentin;49.85;3.29;27/09/2026;01:00;14.6;2;NUAGEUX;1.8;19.4;0
Saint-Quentin;49.85;3.29;27/09/2026;02:00;12.6;0;SOLEIL;5.8;7.2;0
Saint-Quentin;49.85;3.29;27/09/2026;03:00;12.6;0;SOLEIL;8.3;14.8;0
Saint-Quentin;49.85;3.29;27/09/2026;04:00;12.6;0;SOLEIL;9.4;17.6;0
Saint-Quentin;49.85;3.29;27/09/2026;05:00;12.5;5;SOLEIL VOILÉ;9.0;21.2;0
Saint-Quentin;49.85;3.29;27/09/2026;06:00;12.5;5;SOLEIL VOILÉ;10.4;19.8;0
Saint-Quentin;49.85;3.29;27/09/2026;07:00;12.5;5;SOLEIL VOILÉ;15.5;31.3;0
Saint-Quentin;49.85;3.29;27/09/2026;08:00;19.5;5;SOLEIL VOILÉ;17.3;33.1;0
Saint-Quentin;49.85;3.29;27/09/2026;09:00;19.5;5;SOLEIL VOILÉ;14.8;32.8;0
Saint-Quentin;49.85;3.29;27/09/2026;10:00;19.5;5;SOLEIL VOILÉ;14.0;29.2;0
Saint-Quentin;49.85;3.29;27/09/2026;11:00;24.5;5;SOLEIL VOILÉ;12.2;27.4;0
Saint-Quentin;49.85;3.29;27/09/2026;12:00;24.5;5;SOLEIL VOILÉ;10.8;24.8;0
Saint-Quentin;49.85;3.29;27/09/2026;13:00;24.5;5;SOLEIL VOILÉ;11.2;23.0;0
Saint-Quentin;49.85;3.29;27/09/2026;14:00;26.4;5;SOLEIL VOILÉ;13.0;25.9;0
Saint-Quentin;49.85;3.29;27/09/2026;15:00;26.4;5;SOLEIL VOILÉ;9.7;25.9;0
Saint-Quentin;49.85;3.29;27/09/2026;16:00;26.4;5;SOLEIL VOILÉ;13.7;26.6;0
Saint-Quentin;49.85;3.29;27/09/2026;17:00;23.9;5;SOLEIL VOILÉ;10.8;27.4;0
Saint-Quentin;49.85;3.29;27/09/2026;18:00;23.9;5;SOLEIL VOILÉ;11.5;22.7;0
Saint-Quentin;49.85;3.29;27/09/2026;19:00;23.9;5;SOLEIL VOILÉ;11.5;22.7;0
Saint-Quentin;49.85;3.29;27/09/2026;20:00;20.2;5;SOLEIL VOILÉ;10.4;22.3;0
Saint-Quentin;49.85;3.29;27/09/2026;21:00;20.2;5;SOLEIL VOILÉ;9.7;19.8;0
Saint-Quentin;49.85;3.29;27/09/2026;22:00;20.2;5;SOLEIL VOILÉ;9.0;18.0;0
Saint-Quentin;49.85;3.29;27/09/2026;23:00;18.1;5;SOLEIL VOILÉ;9.0;16.9;0
Saint-Quentin;49.85;3.29;28/09/2026;00:00;18.1;5;SOLEIL VOILÉ;7.6;16.9;0
Saint-Quentin;49.85;3.29;28/09/2026;01:00;18.1;5;SOLEIL VOILÉ;7.9;13.7;0
Saint-Quentin;49.85;3.29;28/09/2026;02:00;16.7;5;SOLEIL VOILÉ;7.6;13.7;0
Saint-Quentin;49.85;3.29;28/09/2026;03:00;16.7;5;SOLEIL VOILÉ;6.5;13.0;0
Saint-Quentin;49.85;3.29;28/09/2026;04:00;16.7;5;SOLEIL VOILÉ;6.5;10.8;0
Saint-Quentin;49.85;3.29;28/09/2026;05:00;16.4;2;NUAGEUX;5.4;10.8;0
Saint-Quentin;49.85;3.29;28/09/2026;06:00;16.4;2;NUAGEUX;5.0;8.6;0
Saint-Quentin;49.85;3.29;28/09/2026;07:00;16.4;2;NUAGEUX;5.0;8.3;0
Saint-Quentin;49.85;3.29;28/09/2026;08:00;20.6;2;NUAGEUX;5.0;8.6;0
Saint-Quentin;49.85;3.29;28/09/2026;09:00;20.6;2;NUAGEUX;6.5;13.7;0
Saint-Quentin;49.85;3.29;28/09/2026;10:00;20.6;2;NUAGEUX;5.4;14.4;0
Saint-Quentin;49.85;3.29;28/09/2026;11:00;24.6;5;SOLEIL VOILÉ;4.7;12.6;0
Saint-Quentin;49.85;3.29;28/09/2026;12:00;24.6;5;SOLEIL VOILÉ;5.4;13.3;0
Saint-Quentin;49.85;3.29;28/09/2026;13:00;24.6;5;SOLEIL VOILÉ;8.3;19.8;0
Saint-Quentin;49.85;3.29;28/09/2026;14:00;23.7;5;SOLEIL VOILÉ;9.7;22.0;0
Saint-Quentin;49.85;3.29;28/09/2026;15:00;23.7;5;SOLEIL VOILÉ;11.2;23.8;0
Saint-Quentin;49.85;3.29;28/09/2026;16:00;23.7;5;SOLEIL VOILÉ;11.2;24.5;0
Saint-Quentin;49.85;3.29;28/09/2026;17:00;20.6;5;SOLEIL VOILÉ;11.5;25.2;0
Saint-Quentin;49.85;3.29;28/09/2026;18:00;20.6;5;SOLEIL VOILÉ;13.0;27.6;0
Saint-Quentin;49.85;3.29;28/09/2026;19:00;20.6;5;SOLEIL VOILÉ;9.3;25.4;0
Saint-Quentin;49.85;3.29;28/09/2026;20:00;20.0;5;SOLEIL VOILÉ;11.5;20.4;0
Saint-Quentin;49.85;3.29;28/09/2026;21:00;18.9;5;SOLEIL VOILÉ;13.2;22.3;0
Saint-Quentin;49.85;3.29;28/09/2026;22:00;17.8;5;SOLEIL VOILÉ;13.8;24.5;0
Saint-Quentin;49.85;3.29;28/09/2026;23:00;16.6;2;NUAGEUX;12.5;24.5;0
Saint-Quentin;49.85;3.29;29/09/2026;00:00;16.6;2;NUAGEUX;11.5;22.0;0
Saint-Quentin;49.85;3.29;29/09/2026;01:00;16.6;2;NUAGEUX;9.5;19.8;0
Saint-Quentin;49.85;3.29;29/09/2026;02:00;15.2;2;NUAGEUX;9.1;16.6;0
Saint-Quentin;49.85;3.29;29/09/2026;03:00;15.2;2;NUAGEUX;9.6;16.6;0
Saint-Quentin;49.85;3.29;29/09/2026;04:00;15.2;2;NUAGEUX;8.7;16.9;0
Saint-Quentin;49.85;3.29;29/09/2026;05:00;16.1;2;NUAGEUX;7.1;15.1;0
Saint-Quentin;49.85;3.29;29/09/2026;06:00;16.1;2;NUAGEUX;6.1;12.2;0
Saint-Quentin;49.85;3.29;29/09/2026;07:00;16.1;2;NUAGEUX;6.5;11.5;0
Saint-Quentin;49.85;3.29;29/09/2026;08:00;18.2;2;NUAGEUX;3.2;11.5;0
Saint-Quentin;49.85;3.29;29/09/2026;09:00;19.8;2;NUAGEUX;5.2;9.7;0
Saint-Quentin;49.85;3.29;29/09/2026;10:00;21.3;2;NUAGEUX;4.6;10.8;0
Saint-Quentin;49.85;3.29;29/09/2026;11:00;26.4;2;NUAGEUX;3.4;10.8;0
Saint-Quentin;49.85;3.29;29/09/2026;12:00;26.4;2;NUAGEUX;2.3;12.6;0
Saint-Quentin;49.85;3.29;29/09/2026;13:00;26.4;2;NUAGEUX;2.2;13.3;0
Saint-Quentin;49.85;3.29;29/09/2026;14:00;27.4;2;NUAGEUX;5.4;16.9;0
Saint-Quentin;49.85;3.29;29/09/2026;15:00;28.9;2;NUAGEUX;7.2;19.8;0
Saint-Quentin;49.85;3.29;29/09/2026;16:00;27.4;2;NUAGEUX;1.2;19.4;0
Saint-Quentin;49.85;3.29;29/09/2026;17:00;23.6;2;NUAGEUX;8.9;23.0;0
Saint-Quentin;49.85;3.29;29/09/2026;18:00;23.6;2;NUAGEUX;4.6;22.7;0
Saint-Quentin;49.85;3.29;29/09/2026;19:00;23.6;2;NUAGEUX;6.1;12.6;0
Saint-Quentin;49.85;3.29;29/09/2026;20:00;21.3;2;NUAGEUX;4.9;11.5;0
Saint-Quentin;49.85;3.29;29/09/2026;21:00;19.8;2;NUAGEUX;7.1;13.7;0
Saint-Quentin;49.85;3.29;29/09/2026;22:00;18.2;2;NUAGEUX;8.9;18.0;0
Saint-Quentin;49.85;3.29;29/09/2026;23:00;19.5;2;NUAGEUX;9.7;20.9;0
Saint-Quentin;49.85;3.29;30/09/2026;00:00;19.5;2;NUAGEUX;7.8;20.2;0
Saint-Quentin;49.85;3.29;30/09/2026;01:00;19.5;2;NUAGEUX;5.2;18.4;0
Saint-Quentin;49.85;3.29;30/09/2026;02:00;17;2;NUAGEUX;4.0;16.2;0
Saint-Quentin;49.85;3.29;30/09/2026;03:00;17;2;NUAGEUX;3.7;14.4;0
Saint-Quentin;49.85;3.29;30/09/2026;04:00;17;2;NUAGEUX;5.3;13.0;0
Saint-Quentin;49.85;3.29;30/09/2026;05:00;17.7;2;NUAGEUX;7.4;12.2;0
Saint-Quentin;49.85;3.29;30/09/2026;06:00;17.7;2;NUAGEUX;8.4;13.0;0
Saint-Quentin;49.85;3.29;30/09/2026;07:00;17.7;2;NUAGEUX;9.0;14.4;0
Saint-Quentin;49.85;3.29;30/09/2026;08:00;19.2;2;NUAGEUX;9.6;16.6;0
Saint-Quentin;49.85;3.29;30/09/2026;09:00;20.2;2;NUAGEUX;10.5;19.4;0
Saint-Quentin;49.85;3.29;30/09/2026;10:00;21.3;2;NUAGEUX;11.3;23.4;0
Saint-Quentin;49.85;3.29;30/09/2026;11:00;24.9;2;NUAGEUX;12.1;26.3;0
Saint-Quentin;49.85;3.29;30/09/2026;12:00;24.9;2;NUAGEUX;12.6;28.1;0
Saint-Quentin;49.85;3.29;30/09/2026;13:00;24.9;2;NUAGEUX;12.8;29.2;0
Saint-Quentin;49.85;3.29;30/09/2026;14:00;25.6;2;NUAGEUX;13.3;30.2;0
Saint-Quentin;49.85;3.29;30/09/2026;15:00;26.7;2;NUAGEUX;14.7;32.0;0
Saint-Quentin;49.85;3.29;30/09/2026;16:00;25.6;2;NUAGEUX;16.9;33.8;0
Saint-Quentin;49.85;3.29;30/09/2026;17:00;22.6;2;NUAGEUX;18.0;35.3;0
Saint-Quentin;49.85;3.29;30/09/2026;18:00;22.6;2;NUAGEUX;16.6;36.0;0
Saint-Quentin;49.85;3.29;30/09/2026;19:00;22.6;2;NUAGEUX;14.0;36.0;0
Saint-Quentin;49.85;3.29;30/09/2026;20:00;21.3;2;NUAGEUX;12.8;35.6;0
Saint-Quentin;49.85;3.29;30/09/2026;21:00;20.2;2;NUAGEUX;14.3;34.6;0
Saint-Quentin;49.85;3.29;30/09/2026;22:00;19.2;2;NUAGEUX;16.8;33.5;0
Saint-Quentin;49.85;3.29;30/09/2026;23:00;18.6;7;PLUIE FAIBLE;18.5;32.4;0
Saint-Quentin;49.85;3.29;01/10/2026;00:00;18.6;7;PLUIE FAIBLE;18.8;32.4;0
Saint-Quentin;49.85;3.29;01/10/2026;01:00;18.6;7;PLUIE FAIBLE;18.3;32.8;0
Saint-Quentin;49.85;3.29;01/10/2026;02:00;15.5;6;AVERSES;17.3;32.8;0
Saint-Quentin;49.85;3.29;01/10/2026;03:00;15.5;6;AVERSES;15.8;32.4;0
Saint-Quentin;49.85;3.29;01/10/2026;04:00;15.5;6;AVERSES;14.1;31.7;0
Saint-Quentin;49.85;3.29;01/10/2026;05:00;16.6;6;AVERSES;12.9;30.2;0
Saint-Quentin;49.85;3.29;01/10/2026;06:00;16.6;6;AVERSES;12.6;27.7;0
Saint-Quentin;49.85;3.29;01/10/2026;07:00;16.6;6;AVERSES;12.6;24.8;0
Saint-Quentin;49.85;3.29;01/10/2026;08:00;16.6;6;AVERSES;12.7;23.0;0
Saint-Quentin;49.85;3.29;01/10/2026;09:00;17.1;6;AVERSES;12.4;23.0;0
Saint-Quentin;49.85;3.29;01/10/2026;10:00;17.7;6;AVERSES;12.1;23.8;0
Saint-Quentin;49.85;3.29;01/10/2026;11:00;19.6;7;PLUIE FAIBLE;11.9;24.5;0
Saint-Quentin;49.85;3.29;01/10/2026;12:00;19.6;7;PLUIE FAIBLE;11.8;24.8;0
Saint-Quentin;49.85;3.29;01/10/2026;13:00;19.6;7;PLUIE FAIBLE;11.9;25.2;0
Saint-Quentin;49.85;3.29;01/10/2026;14:00;19.9;6;AVERSES;12.1;25.6;0
Saint-Quentin;49.85;3.29;01/10/2026;15:00;20.4;6;AVERSES;12.6;25.9;0
Saint-Quentin;49.85;3.29;01/10/2026;16:00;19.9;6;AVERSES;13.2;25.9;0
Saint-Quentin;49.85;3.29;01/10/2026;17:00;17.6;6;AVERSES;13.0;26.6;0
Saint-Quentin;49.85;3.29;01/10/2026;18:00;17.6;6;AVERSES;10.9;28.4;0
Saint-Quentin;49.85;3.29;01/10/2026;19:00;17.6;6;AVERSES;7.9;30.6;0
Saint-Quentin;49.85;3.29;01/10/2026;20:00;17.7;6;AVERSES;5.8;30.6;0
Saint-Quentin;49.85;3.29;01/10/2026;21:00;17.1;6;AVERSES;5.6;26.3;0
Saint-Quentin;49.85;3.29;01/10/2026;22:00;16.6;6;AVERSES;6.4;19.4;0
Saint-Quentin;49.85;3.29;01/10/2026;23:00;14.1;0;SOLEIL;6.7;15.1;0
Saint-Quentin;49.85;3.29;02/10/2026;00:00;14.1;0;SOLEIL;8.7;23.4;0
Saint-Quentin;49.85;3.29;02/10/2026;01:00;14.1;0;SOLEIL;10.3;21.6;0
Saint-Quentin;49.85;3.29;02/10/2026;02:00;11.2;0;SOLEIL;11.3;20.2;0
Saint-Quentin;49.85;3.29;02/10/2026;03:00;11.2;0;SOLEIL;11.6;19.4;0
Saint-Quentin;49.85;3.29;02/10/2026;04:00;11.2;0;SOLEIL;11.4;19.1;0
Saint-Quentin;49.85;3.29;02/10/2026;05:00;12.1;0;SOLEIL;10.8;19.1;0
Saint-Quentin;49.85;3.29;02/10/2026;06:00;12.1;0;SOLEIL;10.2;19.4;0
Saint-Quentin;49.85;3.29;02/10/2026;07:00;12.1;0;SOLEIL;9.6;19.4;0
Saint-Quentin;49.85;3.29;02/10/2026;08:00;13.2;0;SOLEIL;9.3;19.8;0
Saint-Quentin;49.85;3.29;02/10/2026;09:00;14.2;0;SOLEIL;9.3;20.2;0
Saint-Quentin;49.85;3.29;02/10/2026;10:00;15.2;0;SOLEIL;9.4;20.5;0
Saint-Quentin;49.85;3.29;02/10/2026;11:00;19.4;0;SOLEIL;9.6;21.2;0
Saint-Quentin;49.85;3.29;02/10/2026;12:00;19.4;0;SOLEIL;9.7;21.6;0
Saint-Quentin;49.85;3.29;02/10/2026;13:00;19.4;0;SOLEIL;9.8;22.3;0
Saint-Quentin;49.85;3.29;02/10/2026;14:00;19.2;0;SOLEIL;9.5;23.0;0
Saint-Quentin;49.85;3.29;02/10/2026;15:00;20.2;0;SOLEIL;9.0;24.1;0
Saint-Quentin;49.85;3.29;02/10/2026;16:00;19.2;0;SOLEIL;8.4;25.2;0
Saint-Quentin;49.85;3.29;02/10/2026;17:00;17;0;SOLEIL;7.7;26.6;0
Saint-Quentin;49.85;3.29;02/10/2026;18:00;17;0;SOLEIL;7.0;27.7;0
Saint-Quentin;49.85;3.29;02/10/2026;19:00;17;0;SOLEIL;6.3;28.4;0
Saint-Quentin;49.85;3.29;02/10/2026;20:00;15.2;0;SOLEIL;5.6;28.1;0
Saint-Quentin;49.85;3.29;02/10/2026;21:00;14.2;0;SOLEIL;4.7;26.6;0
Saint-Quentin;49.85;3.29;02/10/2026;22:00;13.2;0;SOLEIL;3.8;24.1;0
Saint-Quentin;49.85;3.29;02/10/2026;23:00;13.1;0;SOLEIL;3.5;20.9;0
Saint-Quentin;49.85;3.29;03/10/2026;00:00;13.1;0;SOLEIL;4.1;18.0;0
Saint-Quentin;49.85;3.29;03/10/2026;01:00;13.1;0;SOLEIL;5.0;15.1;0
Saint-Quentin;49.85;3.29;03/10/2026;02:00;10.6;0;SOLEIL;5.9;13.0;0
Saint-Quentin;49.85;3.29;03/10/2026;03:00;10.6;0;SOLEIL;6.4;11.5;0
Saint-Quentin;49.85;3.29;03/10/2026;04:00;10.6;0;SOLEIL;6.5;10.8;0
Saint-Quentin;49.85;3.29;03/10/2026;05:00;11.9;0;SOLEIL;6.3;10.4;0
Saint-Quentin;49.85;3.29;03/10/2026;06:00;11.9;0;SOLEIL;6.0;10.1;0
Saint-Quentin;49.85;3.29;03/10/2026;07:00;11.9;0;SOLEIL;5.5;10.1;0
Saint-Quentin;49.85;3.29;03/10/2026;08:00;12.8;0;SOLEIL;4.9;10.1;0
Saint-Quentin;49.85;3.29;03/10/2026;09:00;14.0;0;SOLEIL;4.0;10.4;0
Saint-Quentin;49.85;3.29;03/10/2026;10:00;15.1;0;SOLEIL;2.5;11.5;0
Saint-Quentin;49.85;3.29;03/10/2026;11:00;19.9;0;SOLEIL;1.3;12.6;0
Saint-Quentin;49.85;3.29;03/10/2026;12:00;19.9;0;SOLEIL;1.2;13.7;0
Saint-Quentin;49.85;3.29;03/10/2026;13:00;19.9;0;SOLEIL;2.2;14.4;0
Saint-Quentin;49.85;3.29;03/10/2026;14:00;19.6;0;SOLEIL;2.7;15.1;0
Saint-Quentin;49.85;3.29;03/10/2026;15:00;20.7;0;SOLEIL;2.5;15.5;0
Saint-Quentin;49.85;3.29;03/10/2026;16:00;19.6;0;SOLEIL;1.8;15.1;0
Saint-Quentin;49.85;3.29;03/10/2026;17:00;17.2;0;SOLEIL;0.9;15.1;0
Saint-Quentin;49.85;3.29;03/10/2026;18:00;17.2;0;SOLEIL;0.3;14.8;0
Saint-Quentin;49.85;3.29;03/10/2026;19:00;17.2;0;SOLEIL;1.4;14.4;0
Saint-Quentin;49.85;3.29;03/10/2026;20:00;15.1;0;SOLEIL;2.0;14.4;0
Saint-Quentin;49.85;3.29;03/10/2026;21:00;14.0;0;SOLEIL;2.6;14.4;0
Saint-Quentin;49.85;3.29;03/10/2026;22:00;12.8;0;SOLEIL;3.2;14.4;0
Saint-Quentin;49.85;3.29;03/10/2026;23:00;13.6;0;SOLEIL;3.9;14.4;0
Soissons;49.38;3.32;26/09/2026;00:00;14;0;SOLEIL;10.4;16.2;0
Soissons;49.38;3.32;26/09/2026;01:00;14.2;0;SOLEIL;8.6;13.0;0
Soissons;49.38;3.32;26/09/2026;02:00;13.6;0;SOLEIL;6.5;10.1;0
Soissons;49.38;3.32;26/09/2026;03:00;13.9;2;NUAGEUX;6.5;9.4;0
Soissons;49.38;3.32;26/09/2026;04:00;15;2;NUAGEUX;6.1;9.4;0
Soissons;49.38;3.32;26/09/2026;05:00;14.6;4;COUVERT;7.2;9.0;0
Soissons;49.38;3.32;26/09/2026;06:00;14.9;4;COUVERT;7.2;8.6;0
Soissons;49.38;3.32;26/09/2026;07:00;15.1;2;NUAGEUX;7.2;8.6;0
Soissons;49.38;3.32;26/09/2026;08:00;16.4;2;NUAGEUX;5.0;5.8;0
Soissons;49.38;3.32;26/09/2026;09:00;18.1;2;NUAGEUX;5.0;9.4;0
Soissons;49.38;3.32;26/09/2026;10:00;20;2;NUAGEUX;5.8;12.6;0
Soissons;49.38;3.32;26/09/2026;11:00;21.6;2;NUAGEUX;4.0;12.6;0
Soissons;49.38;3.32;26/09/2026;12:00;23;2;NUAGEUX;4.3;14.4;0
Soissons;49.38;3.32;26/09/2026;13:00;23.8;2;NUAGEUX;5.0;16.6;0
Soissons;49.38;3.32;26/09/2026;14:00;24.2;2;NUAGEUX;5.4;17.3;0
Soissons;49.38;3.32;26/09/2026;15:00;24.4;2;NUAGEUX;6.1;18.7;0
Soissons;49.38;3.32;26/09/2026;16:00;24.6;2;NUAGEUX;6.8;19.4;0
Soissons;49.38;3.32;26/09/2026;17:00;23.4;2;NUAGEUX;7.2;19.1;0
Soissons;49.38;3.32;26/09/2026;18:00;21.7;2;NUAGEUX;6.5;18.4;0
Soissons;49.38;3.32;26/09/2026;19:00;19.2;2;NUAGEUX;6.1;15.5;0
Soissons;49.38;3.32;26/09/2026;20:00;17.7;2;NUAGEUX;6.5;10.1;0
Soissons;49.38;3.32;26/09/2026;21:00;17;2;NUAGEUX;9.7;14.8;0
Soissons;49.38;3.32;26/09/2026;22:00;16.1;2;NUAGEUX;9.7;16.9;0
Soissons;49.38;3.32;26/09/2026;23:00;15.1;2;NUAGEUX;6.1;15.1;0
Soissons;49.38;3.32;27/09/2026;00:00;14.2;2;NUAGEUX;4.7;9.0;0
Soissons;49.38;3.32;27/09/2026;01:00;14.2;2;NUAGEUX;3.6;6.5;0
Soissons;49.38;3.32;27/09/2026;02:00;12.1;0;SOLEIL;1.1;23.4;0
Soissons;49.38;3.32;27/09/2026;03:00;12.1;0;SOLEIL;4.7;5.8;0
Soissons;49.38;3.32;27/09/2026;04:00;12.1;0;SOLEIL;8.3;11.5;0
Soissons;49.38;3.32;27/09/2026;05:00;12.5;0;SOLEIL;7.9;13.0;0
Soissons;49.38;3.32;27/09/2026;06:00;12.5;0;SOLEIL;9.4;17.6;0
Soissons;49.38;3.32;27/09/2026;07:00;12.5;0;SOLEIL;8.3;18.0;0
Soissons;49.38;3.32;27/09/2026;08:00;19.5;0;SOLEIL;10.4;19.8;0
Soissons;49.38;3.32;27/09/2026;09:00;19.5;0;SOLEIL;13.7;25.9;0
Soissons;49.38;3.32;27/09/2026;10:00;19.5;0;SOLEIL;12.6;25.9;0
Soissons;49.38;3.32;27/09/2026;11:00;25.9;5;SOLEIL VOILÉ;11.2;24.1;0
Soissons;49.38;3.32;27/09/2026;12:00;25.9;5;SOLEIL VOILÉ;9.4;22.3;0
Soissons;49.38;3.32;27/09/2026;13:00;25.9;5;SOLEIL VOILÉ;9.7;20.5;0
Soissons;49.38;3.32;27/09/2026;14:00;27.9;5;SOLEIL VOILÉ;8.6;20.2;0
Soissons;49.38;3.32;27/09/2026;15:00;27.9;5;SOLEIL VOILÉ;9.4;21.6;0
Soissons;49.38;3.32;27/09/2026;16:00;27.9;5;SOLEIL VOILÉ;12.2;25.6;0
Soissons;49.38;3.32;27/09/2026;17:00;24.1;5;SOLEIL VOILÉ;11.5;25.6;0
Soissons;49.38;3.32;27/09/2026;18:00;24.1;5;SOLEIL VOILÉ;11.9;24.1;0
Soissons;49.38;3.32;27/09/2026;19:00;24.1;5;SOLEIL VOILÉ;11.2;23.8;0
Soissons;49.38;3.32;27/09/2026;20:00;19.1;5;SOLEIL VOILÉ;8.6;21.2;0
Soissons;49.38;3.32;27/09/2026;21:00;19.1;5;SOLEIL VOILÉ;5.0;15.1;0
Soissons;49.38;3.32;27/09/2026;22:00;19.1;5;SOLEIL VOILÉ;4.0;7.9;0
Soissons;49.38;3.32;27/09/2026;23:00;16.5;5;SOLEIL VOILÉ;4.3;7.6;0
Soissons;49.38;3.32;28/09/2026;00:00;16.5;5;SOLEIL VOILÉ;3.2;6.8;0
Soissons;49.38;3.32;28/09/2026;01:00;16.5;5;SOLEIL VOILÉ;2.2;5.4;0
Soissons;49.38;3.32;28/09/2026;02:00;15.6;5;SOLEIL VOILÉ;2.9;4.7;0
Soissons;49.38;3.32;28/09/2026;03:00;15.6;5;SOLEIL VOILÉ;2.9;4.7;0
Soissons;49.38;3.32;28/09/2026;04:00;15.6;5;SOLEIL VOILÉ;3.6;4.7;0
Soissons;49.38;3.32;28/09/2026;05:00;15.1;2;NUAGEUX;2.9;4.7;0
Soissons;49.38;3.32;28/09/2026;06:00;15.1;2;NUAGEUX;3.6;4.0;0
Soissons;49.38;3.32;28/09/2026;07:00;15.1;2;NUAGEUX;4.3;4.7;0
Soissons;49.38;3.32;28/09/2026;08:00;21.4;2;NUAGEUX;3.6;5.4;0
Soissons;49.38;3.32;28/09/2026;09:00;21.4;2;NUAGEUX;3.2;6.1;0
Soissons;49.38;3.32;28/09/2026;10:00;21.4;2;NUAGEUX;2.5;7.2;0
Soissons;49.38;3.32;28/09/2026;11:00;26;5;SOLEIL VOILÉ;4.0;10.4;0
Soissons;49.38;3.32;28/09/2026;12:00;26;5;SOLEIL VOILÉ;4.0;12.2;0
Soissons;49.38;3.32;28/09/2026;13:00;26;5;SOLEIL VOILÉ;8.3;19.1;0
Soissons;49.38;3.32;28/09/2026;14:00;26.4;5;SOLEIL VOILÉ;9.4;21.6;0
Soissons;49.38;3.32;28/09/2026;15:00;26.4;5;SOLEIL VOILÉ;11.5;25.6;0
Soissons;49.38;3.32;28/09/2026;16:00;26.4;5;SOLEIL VOILÉ;11.2;25.9;0
Soissons;49.38;3.32;28/09/2026;17:00;21.7;5;SOLEIL VOILÉ;13.0;25.9;0
Soissons;49.38;3.32;28/09/2026;18:00;21.7;5;SOLEIL VOILÉ;11.6;26.4;0
Soissons;49.38;3.32;28/09/2026;19:00;21.7;5;SOLEIL VOILÉ;8.0;20.9;0
Soissons;49.38;3.32;28/09/2026;20:00;20.3;5;SOLEIL VOILÉ;9.0;16.8;0
Soissons;49.38;3.32;28/09/2026;21:00;18.8;5;SOLEIL VOILÉ;12.1;21.2;0
Soissons;49.38;3.32;28/09/2026;22:00;17.4;5;SOLEIL VOILÉ;12.5;23.4;0
Soissons;49.38;3.32;28/09/2026;23:00;16;2;NUAGEUX;10.8;22.3;0
Soissons;49.38;3.32;29/09/2026;00:00;16;2;NUAGEUX;9.5;19.1;0
Soissons;49.38;3.32;29/09/2026;01:00;16;2;NUAGEUX;9.2;16.9;0
Soissons;49.38;3.32;29/09/2026;02:00;14;2;NUAGEUX;8.4;16.6;0
Soissons;49.38;3.32;29/09/2026;03:00;14;2;NUAGEUX;7.9;15.5;0
Soissons;49.38;3.32;29/09/2026;04:00;14;2;NUAGEUX;10.1;18.4;0
Soissons;49.38;3.32;29/09/2026;05:00;15.1;2;NUAGEUX;7.9;18.0;0
Soissons;49.38;3.32;29/09/2026;06:00;15.1;2;NUAGEUX;4.6;13.7;0
Soissons;49.38;3.32;29/09/2026;07:00;15.1;2;NUAGEUX;3.2;7.6;0
Soissons;49.38;3.32;29/09/2026;08:00;17.5;2;NUAGEUX;3.4;6.5;0
Soissons;49.38;3.32;29/09/2026;09:00;19.2;2;NUAGEUX;2.3;7.6;0
Soissons;49.38;3.32;29/09/2026;10:00;20.9;2;NUAGEUX;4.4;9.0;0
Soissons;49.38;3.32;29/09/2026;11:00;27.2;2;NUAGEUX;3.8;9.4;0
Soissons;49.38;3.32;29/09/2026;12:00;27.2;2;NUAGEUX;1.9;11.2;0
Soissons;49.38;3.32;29/09/2026;13:00;27.2;2;NUAGEUX;1.8;12.6;0
Soissons;49.38;3.32;29/09/2026;14:00;27.9;2;NUAGEUX;1.2;10.1;0
Soissons;49.38;3.32;29/09/2026;15:00;29.6;2;NUAGEUX;2.2;11.9;0
Soissons;49.38;3.32;29/09/2026;16:00;27.9;2;NUAGEUX;3.2;13.0;0
Soissons;49.38;3.32;29/09/2026;17:00;23.2;2;NUAGEUX;4.7;20.2;0
Soissons;49.38;3.32;29/09/2026;18:00;23.2;2;NUAGEUX;4.3;11.5;0
Soissons;49.38;3.32;29/09/2026;19:00;23.2;2;NUAGEUX;3.7;10.1;0
Soissons;49.38;3.32;29/09/2026;20:00;20.9;2;NUAGEUX;7.2;21.2;0
Soissons;49.38;3.32;29/09/2026;21:00;19.2;2;NUAGEUX;6.2;22.0;0
Soissons;49.38;3.32;29/09/2026;22:00;17.5;2;NUAGEUX;4.9;22.7;0
Soissons;49.38;3.32;29/09/2026;23:00;18.7;2;NUAGEUX;4.7;22.0;0
Soissons;49.38;3.32;30/09/2026;00:00;18.7;2;NUAGEUX;5.1;18.7;0
Soissons;49.38;3.32;30/09/2026;01:00;18.7;2;NUAGEUX;5.7;13.7;0
Soissons;49.38;3.32;30/09/2026;02:00;16.4;2;NUAGEUX;6.5;10.8;0
Soissons;49.38;3.32;30/09/2026;03:00;16.4;2;NUAGEUX;7.4;11.2;0
Soissons;49.38;3.32;30/09/2026;04:00;16.4;2;NUAGEUX;8.1;13.0;0
Soissons;49.38;3.32;30/09/2026;05:00;17.6;2;NUAGEUX;9.1;15.1;0
Soissons;49.38;3.32;30/09/2026;06:00;17.6;2;NUAGEUX;10.0;16.9;0
Soissons;49.38;3.32;30/09/2026;07:00;17.6;2;NUAGEUX;11.0;18.7;0
Soissons;49.38;3.32;30/09/2026;08:00;18.8;2;NUAGEUX;11.6;20.2;0
Soissons;49.38;3.32;30/09/2026;09:00;20.1;2;NUAGEUX;11.4;21.2;0
Soissons;49.38;3.32;30/09/2026;10:00;21.3;2;NUAGEUX;10.7;22.3;0
Soissons;49.38;3.32;30/09/2026;11:00;26;2;NUAGEUX;10.3;23.4;0
Soissons;49.38;3.32;30/09/2026;12:00;26;2;NUAGEUX;10.7;25.2;0
Soissons;49.38;3.32;30/09/2026;13:00;26;2;NUAGEUX;11.9;27.0;0
Soissons;49.38;3.32;30/09/2026;14:00;26.2;2;NUAGEUX;13.3;28.8;0
Soissons;49.38;3.32;30/09/2026;15:00;27.4;2;NUAGEUX;14.6;30.6;0
Soissons;49.38;3.32;30/09/2026;16:00;26.2;2;NUAGEUX;15.7;32.8;0
Soissons;49.38;3.32;30/09/2026;17:00;22.5;2;NUAGEUX;15.7;33.5;0
Soissons;49.38;3.32;30/09/2026;18:00;22.5;2;NUAGEUX;13.4;32.8;0
Soissons;49.38;3.32;30/09/2026;19:00;22.5;2;NUAGEUX;10.1;31.0;0
Soissons;49.38;3.32;30/09/2026;20:00;21.3;2;NUAGEUX;8.3;29.5;0
Soissons;49.38;3.32;30/09/2026;21:00;20.1;2;NUAGEUX;10.1;29.2;0
Soissons;49.38;3.32;30/09/2026;22:00;18.8;2;NUAGEUX;13.7;29.2;0
Soissons;49.38;3.32;30/09/2026;23:00;18.2;7;PLUIE FAIBLE;16.5;29.5;0
Soissons;49.38;3.32;01/10/2026;00:00;18.2;7;PLUIE FAIBLE;17.4;30.6;0
Soissons;49.38;3.32;01/10/2026;01:00;18.2;7;PLUIE FAIBLE;17.6;32.0;0
Soissons;49.38;3.32;01/10/2026;02:00;15.4;6;AVERSES;17.8;33.1;0
Soissons;49.38;3.32;01/10/2026;03:00;15.4;6;AVERSES;17.0;33.5;0
Soissons;49.38;3.32;01/10/2026;04:00;15.4;6;AVERSES;15.8;33.1;0
Soissons;49.38;3.32;01/10/2026;05:00;16.9;6;AVERSES;14.7;32.4;0
Soissons;49.38;3.32;01/10/2026;06:00;16.9;6;AVERSES;14.2;30.6;0
Soissons;49.38;3.32;01/10/2026;07:00;16.9;6;AVERSES;13.6;28.4;0
Soissons;49.38;3.32;01/10/2026;08:00;16.7;6;AVERSES;13.1;26.6;0
Soissons;49.38;3.32;01/10/2026;09:00;17.3;6;AVERSES;12.4;25.2;0
Soissons;49.38;3.32;01/10/2026;10:00;17.9;6;AVERSES;11.5;24.1;0
Soissons;49.38;3.32;01/10/2026;11:00;20.5;7;PLUIE FAIBLE;10.8;23.4;0
Soissons;49.38;3.32;01/10/2026;12:00;20.5;7;PLUIE FAIBLE;10.5;22.7;0
Soissons;49.38;3.32;01/10/2026;13:00;20.5;7;PLUIE FAIBLE;10.2;22.0;0
Soissons;49.38;3.32;01/10/2026;14:00;20.5;6;AVERSES;9.7;22.3;0
Soissons;49.38;3.32;01/10/2026;15:00;21.1;6;AVERSES;8.3;24.5;0
Soissons;49.38;3.32;01/10/2026;16:00;20.5;6;AVERSES;8.7;27.7;0
Soissons;49.38;3.32;01/10/2026;17:00;17.6;6;AVERSES;9.3;29.9;0
Soissons;49.38;3.32;01/10/2026;18:00;17.6;6;AVERSES;6.4;29.2;0
Soissons;49.38;3.32;01/10/2026;19:00;17.6;6;AVERSES;2.2;27.0;0
Soissons;49.38;3.32;01/10/2026;20:00;17.9;6;AVERSES;2.7;25.9;0
Soissons;49.38;3.32;01/10/2026;21:00;17.3;6;AVERSES;2.1;27.7;0
Soissons;49.38;3.32;01/10/2026;22:00;16.7;6;AVERSES;5.5;30.2;0
Soissons;49.38;3.32;01/10/2026;23:00;13.9;0;SOLEIL;8.9;31.0;0
Soissons;49.38;3.32;02/10/2026;00:00;13.9;0;SOLEIL;6.5;20.5;0
Soissons;49.38;3.32;02/10/2026;01:00;13.9;0;SOLEIL;8.5;19.1;0
Soissons;49.38;3.32;02/10/2026;02:00;10.5;0;SOLEIL;9.8;18.0;0
Soissons;49.38;3.32;02/10/2026;03:00;10.5;0;SOLEIL;10.2;17.3;0
Soissons;49.38;3.32;02/10/2026;04:00;10.5;0;SOLEIL;10.0;16.9;0
Soissons;49.38;3.32;02/10/2026;05:00;11.6;0;SOLEIL;9.4;16.9;0
Soissons;49.38;3.32;02/10/2026;06:00;11.6;0;SOLEIL;8.6;16.9;0
Soissons;49.38;3.32;02/10/2026;07:00;11.6;0;SOLEIL;8.0;17.3;0
Soissons;49.38;3.32;02/10/2026;08:00;12.9;0;SOLEIL;7.5;17.6;0
Soissons;49.38;3.32;02/10/2026;09:00;14.0;0;SOLEIL;7.4;18.4;0
Soissons;49.38;3.32;02/10/2026;10:00;15.2;0;SOLEIL;7.5;19.8;0
Soissons;49.38;3.32;02/10/2026;11:00;20.2;7;PLUIE FAIBLE;7.7;21.2;0
Soissons;49.38;3.32;02/10/2026;12:00;20.2;7;PLUIE FAIBLE;8.0;23.0;0
Soissons;49.38;3.32;02/10/2026;13:00;20.2;7;PLUIE FAIBLE;8.3;24.1;0
Soissons;49.38;3.32;02/10/2026;14:00;19.9;0;SOLEIL;8.3;25.2;0
Soissons;49.38;3.32;02/10/2026;15:00;21.1;0;SOLEIL;7.9;25.9;0
Soissons;49.38;3.32;02/10/2026;16:00;19.9;0;SOLEIL;7.5;26.6;0
Soissons;49.38;3.32;02/10/2026;17:00;16.6;0;SOLEIL;6.9;27.0;0
Soissons;49.38;3.32;02/10/2026;18:00;16.6;0;SOLEIL;6.2;27.0;0
Soissons;49.38;3.32;02/10/2026;19:00;16.6;0;SOLEIL;5.8;27.0;0
Soissons;49.38;3.32;02/10/2026;20:00;15.2;0;SOLEIL;5.4;26.3;0
Soissons;49.38;3.32;02/10/2026;21:00;14.0;0;SOLEIL;5.2;25.2;0
Soissons;49.38;3.32;02/10/2026;22:00;12.9;0;SOLEIL;4.9;23.0;0
Soissons;49.38;3.32;02/10/2026;23:00;12.6;0;SOLEIL;4.7;20.9;0
Soissons;49.38;3.32;03/10/2026;00:00;12.6;0;SOLEIL;4.8;18.7;0
Soissons;49.38;3.32;03/10/2026;01:00;12.6;0;SOLEIL;4.7;16.6;0
Soissons;49.38;3.32;03/10/2026;02:00;9.6;0;SOLEIL;4.7;15.1;0
Soissons;49.38;3.32;03/10/2026;03:00;9.6;0;SOLEIL;4.5;14.0;0
Soissons;49.38;3.32;03/10/2026;04:00;9.6;0;SOLEIL;4.1;13.3;0
Soissons;49.38;3.32;03/10/2026;05:00;10.9;0;SOLEIL;3.8;13.0;0
Soissons;49.38;3.32;03/10/2026;06:00;10.9;0;SOLEIL;3.3;12.6;0
Soissons;49.38;3.32;03/10/2026;07:00;10.9;0;SOLEIL;3.0;12.2;0
Soissons;49.38;3.32;03/10/2026;08:00;12.3;0;SOLEIL;2.7;12.2;0
Soissons;49.38;3.32;03/10/2026;09:00;13.6;0;SOLEIL;2.2;12.2;0
Soissons;49.38;3.32;03/10/2026;10:00;14.9;0;SOLEIL;1.8;12.2;0
Soissons;49.38;3.32;03/10/2026;11:00;20.6;0;SOLEIL;1.5;12.6;0
Soissons;49.38;3.32;03/10/2026;12:00;20.6;0;SOLEIL;1.7;12.6;0
Soissons;49.38;3.32;03/10/2026;13:00;20.6;0;SOLEIL;2.1;13.0;0
Soissons;49.38;3.32;03/10/2026;14:00;20.3;0;SOLEIL;2.2;13.0;0
Soissons;49.38;3.32;03/10/2026;15:00;21.6;0;SOLEIL;1.9;13.0;0
Soissons;49.38;3.32;03/10/2026;16:00;20.3;0;SOLEIL;1.3;13.0;0
Soissons;49.38;3.32;03/10/2026;17:00;17.1;0;SOLEIL;1.1;13.0;0
Soissons;49.38;3.32;03/10/2026;18:00;17.1;0;SOLEIL;1.5;12.6;0
Soissons;49.38;3.32;03/10/2026;19:00;17.1;0;SOLEIL;2.2;12.6;0
Soissons;49.38;3.32;03/10/2026;20:00;14.9;0;SOLEIL;2.4;12.6;0
Soissons;49.38;3.32;03/10/2026;21:00;13.6;0;SOLEIL;2.3;12.6;0
Soissons;49.38;3.32;03/10/2026;22:00;12.3;0;SOLEIL;2.0;12.6;0
Soissons;49.38;3.32;03/10/2026;23:00;13.1;0;SOLEIL;1.5;12.6;0
Vervins;49.83;3.91;26/09/2026;00:00;15.5;0;SOLEIL;11.9;18.4;0
Vervins;49.83;3.91;26/09/2026;01:00;14.6;0;SOLEIL;9.7;13.3;0
Vervins;49.83;3.91;26/09/2026;02:00;13.7;0;SOLEIL;10.8;16.6;0
Vervins;49.83;3.91;26/09/2026;03:00;12.4;0;SOLEIL;11.9;17.6;0
Vervins;49.83;3.91;26/09/2026;04:00;10.6;2;NUAGEUX;11.2;16.6;0
Vervins;49.83;3.91;26/09/2026;05:00;10.5;2;NUAGEUX;13.7;20.2;0
Vervins;49.83;3.91;26/09/2026;06:00;11.6;2;NUAGEUX;12.6;18.4;0
Vervins;49.83;3.91;26/09/2026;07:00;12.6;4;COUVERT;13.0;18.7;0
Vervins;49.83;3.91;26/09/2026;08:00;15;4;COUVERT;14.4;22.3;0
Vervins;49.83;3.91;26/09/2026;09:00;17.5;2;NUAGEUX;12.2;22.7;0
Vervins;49.83;3.91;26/09/2026;10:00;19.1;2;NUAGEUX;13.0;23.8;0
Vervins;49.83;3.91;26/09/2026;11:00;20.4;2;NUAGEUX;11.2;23.4;0
Vervins;49.83;3.91;26/09/2026;12:00;21.6;2;NUAGEUX;9.0;21.6;0
Vervins;49.83;3.91;26/09/2026;13:00;22.2;2;NUAGEUX;9.7;21.6;0
Vervins;49.83;3.91;26/09/2026;14:00;22.3;2;NUAGEUX;11.2;24.1;0
Vervins;49.83;3.91;26/09/2026;15:00;22.8;2;NUAGEUX;10.4;24.1;0
Vervins;49.83;3.91;26/09/2026;16:00;22.1;2;NUAGEUX;10.8;23.4;0
Vervins;49.83;3.91;26/09/2026;17:00;21.2;2;NUAGEUX;10.4;23.0;0
Vervins;49.83;3.91;26/09/2026;18:00;19.1;2;NUAGEUX;10.1;22.0;0
Vervins;49.83;3.91;26/09/2026;19:00;18.1;2;NUAGEUX;9.0;19.1;0
Vervins;49.83;3.91;26/09/2026;20:00;17;2;NUAGEUX;7.9;13.7;0
Vervins;49.83;3.91;26/09/2026;21:00;16.1;2;NUAGEUX;9.0;11.9;0
Vervins;49.83;3.91;26/09/2026;22:00;15.5;2;NUAGEUX;11.5;15.8;0
Vervins;49.83;3.91;26/09/2026;23:00;15.1;2;NUAGEUX;11.2;16.2;0
Vervins;49.83;3.91;27/09/2026;00:00;14.5;2;NUAGEUX;12.2;18.0;0
Vervins;49.83;3.91;27/09/2026;01:00;14.5;2;NUAGEUX;11.9;19.4;0
Vervins;49.83;3.91;27/09/2026;02:00;12.6;0;SOLEIL;10.4;17.6;0
Vervins;49.83;3.91;27/09/2026;03:00;12.6;0;SOLEIL;2.9;15.5;0
Vervins;49.83;3.91;27/09/2026;04:00;12.6;0;SOLEIL;11.5;16.6;0
Vervins;49.83;3.91;27/09/2026;05:00;12.6;0;SOLEIL;4.0;16.9;0
Vervins;49.83;3.91;27/09/2026;06:00;12.6;0;SOLEIL;4.7;6.5;0
Vervins;49.83;3.91;27/09/2026;07:00;12.6;0;SOLEIL;9.4;12.2;0
Vervins;49.83;3.91;27/09/2026;08:00;18.9;0;SOLEIL;9.0;15.1;0
Vervins;49.83;3.91;27/09/2026;09:00;18.9;0;SOLEIL;20.9;36.4;0
Vervins;49.83;3.91;27/09/2026;10:00;18.9;0;SOLEIL;20.2;36.4;0
Vervins;49.83;3.91;27/09/2026;11:00;24.1;5;SOLEIL VOILÉ;16.9;35.6;0
Vervins;49.83;3.91;27/09/2026;12:00;24.1;5;SOLEIL VOILÉ;14.8;31.0;0
Vervins;49.83;3.91;27/09/2026;13:00;24.1;5;SOLEIL VOILÉ;11.9;27.4;0
Vervins;49.83;3.91;27/09/2026;14:00;25.6;5;SOLEIL VOILÉ;12.6;25.6;0
Vervins;49.83;3.91;27/09/2026;15:00;25.6;5;SOLEIL VOILÉ;14.4;29.9;0
Vervins;49.83;3.91;27/09/2026;16:00;25.6;5;SOLEIL VOILÉ;15.8;29.5;0
Vervins;49.83;3.91;27/09/2026;17:00;22.2;5;SOLEIL VOILÉ;15.5;31.0;0
Vervins;49.83;3.91;27/09/2026;18:00;22.2;5;SOLEIL VOILÉ;15.1;27.7;0
Vervins;49.83;3.91;27/09/2026;19:00;22.2;5;SOLEIL VOILÉ;13.3;26.6;0
Vervins;49.83;3.91;27/09/2026;20:00;19.5;5;SOLEIL VOILÉ;11.2;23.0;0
Vervins;49.83;3.91;27/09/2026;21:00;19.5;5;SOLEIL VOILÉ;8.6;18.0;0
Vervins;49.83;3.91;27/09/2026;22:00;19.5;5;SOLEIL VOILÉ;8.6;13.3;0
Vervins;49.83;3.91;27/09/2026;23:00;17.6;5;SOLEIL VOILÉ;8.3;13.0;0
Vervins;49.83;3.91;28/09/2026;00:00;17.6;5;SOLEIL VOILÉ;7.9;11.5;0
Vervins;49.83;3.91;28/09/2026;01:00;17.6;5;SOLEIL VOILÉ;8.3;11.5;0
Vervins;49.83;3.91;28/09/2026;02:00;16.6;5;SOLEIL VOILÉ;9.4;12.6;0
Vervins;49.83;3.91;28/09/2026;03:00;16.6;5;SOLEIL VOILÉ;8.6;13.0;0
Vervins;49.83;3.91;28/09/2026;04:00;16.6;5;SOLEIL VOILÉ;7.6;11.9;0
Vervins;49.83;3.91;28/09/2026;05:00;15.6;2;NUAGEUX;7.2;10.1;0
Vervins;49.83;3.91;28/09/2026;06:00;15.6;2;NUAGEUX;8.6;12.2;0
Vervins;49.83;3.91;28/09/2026;07:00;15.6;2;NUAGEUX;7.9;12.6;0
Vervins;49.83;3.91;28/09/2026;08:00;20.4;2;NUAGEUX;10.4;15.8;0
Vervins;49.83;3.91;28/09/2026;09:00;20.4;2;NUAGEUX;9.7;16.2;0
Vervins;49.83;3.91;28/09/2026;10:00;20.4;2;NUAGEUX;9.0;16.9;0
Vervins;49.83;3.91;28/09/2026;11:00;23.7;2;NUAGEUX;7.6;16.6;0
Vervins;49.83;3.91;28/09/2026;12:00;23.7;2;NUAGEUX;9.4;18.7;0
Vervins;49.83;3.91;28/09/2026;13:00;23.7;2;NUAGEUX;11.9;24.1;0
Vervins;49.83;3.91;28/09/2026;14:00;23.4;5;SOLEIL VOILÉ;13.0;27.0;0
Vervins;49.83;3.91;28/09/2026;15:00;23.4;5;SOLEIL VOILÉ;15.1;29.5;0
Vervins;49.83;3.91;28/09/2026;16:00;23.4;5;SOLEIL VOILÉ;13.3;29.2;0
Vervins;49.83;3.91;28/09/2026;17:00;19.9;5;SOLEIL VOILÉ;12.2;26.3;0
Vervins;49.83;3.91;28/09/2026;18:00;19.9;5;SOLEIL VOILÉ;13.2;24.4;0
Vervins;49.83;3.91;28/09/2026;19:00;19.9;5;SOLEIL VOILÉ;12.3;23.9;0
Vervins;49.83;3.91;28/09/2026;20:00;19.3;2;NUAGEUX;10.7;21.1;0
Vervins;49.83;3.91;28/09/2026;21:00;18.2;2;NUAGEUX;10.4;18.4;0
Vervins;49.83;3.91;28/09/2026;22:00;17.2;2;NUAGEUX;11.9;19.8;0
Vervins;49.83;3.91;28/09/2026;23:00;15.7;2;NUAGEUX;11.8;20.2;0
Vervins;49.83;3.91;29/09/2026;00:00;15.7;2;NUAGEUX;11.1;19.8;0
Vervins;49.83;3.91;29/09/2026;01:00;15.7;2;NUAGEUX;9.3;18.4;0
Vervins;49.83;3.91;29/09/2026;02:00;15.6;2;NUAGEUX;7.7;15.1;0
Vervins;49.83;3.91;29/09/2026;03:00;15.6;2;NUAGEUX;9.4;15.8;0
Vervins;49.83;3.91;29/09/2026;04:00;15.6;2;NUAGEUX;7.2;16.2;0
Vervins;49.83;3.91;29/09/2026;05:00;16.5;2;NUAGEUX;6.5;13.0;0
Vervins;49.83;3.91;29/09/2026;06:00;16.5;2;NUAGEUX;2.9;10.4;0
Vervins;49.83;3.91;29/09/2026;07:00;16.5;2;NUAGEUX;2.9;5.4;0
Vervins;49.83;3.91;29/09/2026;08:00;18.3;2;NUAGEUX;3.0;6.5;0
Vervins;49.83;3.91;29/09/2026;09:00;19.6;2;NUAGEUX;5.2;10.1;0
Vervins;49.83;3.91;29/09/2026;10:00;20.9;2;NUAGEUX;0.8;10.1;0
Vervins;49.83;3.91;29/09/2026;11:00;25.6;2;NUAGEUX;4.7;13.3;0
Vervins;49.83;3.91;29/09/2026;12:00;25.6;2;NUAGEUX;5.2;14.4;0
Vervins;49.83;3.91;29/09/2026;13:00;25.6;2;NUAGEUX;1.6;14.0;0
Vervins;49.83;3.91;29/09/2026;14:00;26.3;2;NUAGEUX;3.4;12.2;0
Vervins;49.83;3.91;29/09/2026;15:00;27.6;2;NUAGEUX;5.6;15.8;0
Vervins;49.83;3.91;29/09/2026;16:00;26.3;2;NUAGEUX;3.8;18.4;0
Vervins;49.83;3.91;29/09/2026;17:00;23.1;2;NUAGEUX;10.9;21.6;0
Vervins;49.83;3.91;29/09/2026;18:00;23.1;2;NUAGEUX;1.5;21.6;0
Vervins;49.83;3.91;29/09/2026;19:00;23.1;2;NUAGEUX;2.5;7.2;0
Vervins;49.83;3.91;29/09/2026;20:00;20.9;2;NUAGEUX;3.5;5.4;0
Vervins;49.83;3.91;29/09/2026;21:00;19.6;2;NUAGEUX;6.3;10.1;0
Vervins;49.83;3.91;29/09/2026;22:00;18.3;2;NUAGEUX;9.0;18.7;0
Vervins;49.83;3.91;29/09/2026;23:00;19.4;0;SOLEIL;10.7;24.5;0
Vervins;49.83;3.91;30/09/2026;00:00;19.4;0;SOLEIL;10.2;24.5;0
Vervins;49.83;3.91;30/09/2026;01:00;19.4;0;SOLEIL;8.6;21.6;0
Vervins;49.83;3.91;30/09/2026;02:00;17.1;2;NUAGEUX;7.9;19.1;0
Vervins;49.83;3.91;30/09/2026;03:00;17.1;2;NUAGEUX;8.7;18.4;0
Vervins;49.83;3.91;30/09/2026;04:00;17.1;2;NUAGEUX;9.8;18.0;0
Vervins;49.83;3.91;30/09/2026;05:00;17.9;2;NUAGEUX;10.7;18.0;0
Vervins;49.83;3.91;30/09/2026;06:00;17.9;2;NUAGEUX;11.0;18.4;0
Vervins;49.83;3.91;30/09/2026;07:00;17.9;2;NUAGEUX;11.5;19.1;0
Vervins;49.83;3.91;30/09/2026;08:00;19.1;2;NUAGEUX;12.4;20.5;0
Vervins;49.83;3.91;30/09/2026;09:00;20.1;2;NUAGEUX;13.5;23.4;0
Vervins;49.83;3.91;30/09/2026;10:00;21.1;2;NUAGEUX;14.3;26.6;0
Vervins;49.83;3.91;30/09/2026;11:00;24.2;2;NUAGEUX;15.1;29.5;0
Vervins;49.83;3.91;30/09/2026;12:00;24.2;2;NUAGEUX;15.6;31.0;0
Vervins;49.83;3.91;30/09/2026;13:00;24.2;2;NUAGEUX;15.7;31.7;0
Vervins;49.83;3.91;30/09/2026;14:00;25.0;2;NUAGEUX;16.1;32.4;0
Vervins;49.83;3.91;30/09/2026;15:00;26.0;2;NUAGEUX;17.0;34.2;0
Vervins;49.83;3.91;30/09/2026;16:00;25.0;2;NUAGEUX;18.1;36.4;0
Vervins;49.83;3.91;30/09/2026;17:00;22.1;2;NUAGEUX;19.0;37.4;0
Vervins;49.83;3.91;30/09/2026;18:00;22.1;2;NUAGEUX;18.4;37.1;0
Vervins;49.83;3.91;30/09/2026;19:00;22.1;2;NUAGEUX;17.5;36.0;0
Vervins;49.83;3.91;30/09/2026;20:00;21.1;2;NUAGEUX;17.3;35.3;0
Vervins;49.83;3.91;30/09/2026;21:00;20.1;2;NUAGEUX;18.2;35.6;0
Vervins;49.83;3.91;30/09/2026;22:00;19.1;2;NUAGEUX;19.4;36.4;0
Vervins;49.83;3.91;30/09/2026;23:00;18.7;7;PLUIE FAIBLE;20.4;36.7;0
Vervins;49.83;3.91;01/10/2026;00:00;18.7;7;PLUIE FAIBLE;20.5;36.4;0
Vervins;49.83;3.91;01/10/2026;01:00;18.7;7;PLUIE FAIBLE;20.1;35.6;0
Vervins;49.83;3.91;01/10/2026;02:00;15.2;6;AVERSES;19.4;34.9;0
Vervins;49.83;3.91;01/10/2026;03:00;15.2;6;AVERSES;18.4;34.6;0
Vervins;49.83;3.91;01/10/2026;04:00;15.2;6;AVERSES;17.0;34.2;0
Vervins;49.83;3.91;01/10/2026;05:00;16.4;6;AVERSES;15.9;33.1;0
Vervins;49.83;3.91;01/10/2026;06:00;16.4;6;AVERSES;15.1;31.3;0
Vervins;49.83;3.91;01/10/2026;07:00;16.4;6;AVERSES;14.5;28.8;0
Vervins;49.83;3.91;01/10/2026;08:00;16.2;6;AVERSES;14.0;27.0;0
Vervins;49.83;3.91;01/10/2026;09:00;16.8;6;AVERSES;13.7;25.9;0
Vervins;49.83;3.91;01/10/2026;10:00;17.3;6;AVERSES;13.5;24.8;0
Vervins;49.83;3.91;01/10/2026;11:00;19;6;AVERSES;13.2;24.8;0
Vervins;49.83;3.91;01/10/2026;12:00;19;6;AVERSES;12.4;25.9;0
Vervins;49.83;3.91;01/10/2026;13:00;19;6;AVERSES;11.8;27.7;0
Vervins;49.83;3.91;01/10/2026;14:00;19.4;6;AVERSES;11.9;28.8;0
Vervins;49.83;3.91;01/10/2026;15:00;19.9;6;AVERSES;12.4;28.4;0
Vervins;49.83;3.91;01/10/2026;16:00;19.4;6;AVERSES;13.2;27.7;0
Vervins;49.83;3.91;01/10/2026;17:00;17;7;PLUIE FAIBLE;12.6;27.0;0
Vervins;49.83;3.91;01/10/2026;18:00;17;7;PLUIE FAIBLE;10.0;27.4;0
Vervins;49.83;3.91;01/10/2026;19:00;17;7;PLUIE FAIBLE;11.2;28.1;0
Vervins;49.83;3.91;01/10/2026;20:00;17.3;6;AVERSES;13.4;28.1;0
Vervins;49.83;3.91;01/10/2026;21:00;16.8;6;AVERSES;10.7;27.4;0
Vervins;49.83;3.91;01/10/2026;22:00;16.2;6;AVERSES;10.8;25.9;0
Vervins;49.83;3.91;01/10/2026;23:00;13.7;0;SOLEIL;13.9;24.8;0
Vervins;49.83;3.91;02/10/2026;00:00;13.7;0;SOLEIL;11.0;25.9;0
Vervins;49.83;3.91;02/10/2026;01:00;13.7;0;SOLEIL;10.2;25.2;0
Vervins;49.83;3.91;02/10/2026;02:00;11.1;7;PLUIE FAIBLE;9.8;24.5;0
Vervins;49.83;3.91;02/10/2026;03:00;11.1;7;PLUIE FAIBLE;9.3;23.4;0
Vervins;49.83;3.91;02/10/2026;04:00;11.1;7;PLUIE FAIBLE;8.6;22.0;0
Vervins;49.83;3.91;02/10/2026;05:00;12.1;0;SOLEIL;7.9;20.5;0
Vervins;49.83;3.91;02/10/2026;06:00;12.1;0;SOLEIL;7.3;19.1;0
Vervins;49.83;3.91;02/10/2026;07:00;12.1;0;SOLEIL;6.9;18.0;0
Vervins;49.83;3.91;02/10/2026;08:00;12.8;7;PLUIE FAIBLE;6.6;17.6;0
Vervins;49.83;3.91;02/10/2026;09:00;13.6;7;PLUIE FAIBLE;6.8;17.6;0
Vervins;49.83;3.91;02/10/2026;10:00;14.5;7;PLUIE FAIBLE;7.3;18.4;0
Vervins;49.83;3.91;02/10/2026;11:00;17.9;7;PLUIE FAIBLE;8.0;19.4;0
Vervins;49.83;3.91;02/10/2026;12:00;17.9;7;PLUIE FAIBLE;8.5;20.5;0
Vervins;49.83;3.91;02/10/2026;13:00;17.9;7;PLUIE FAIBLE;9.0;21.6;0
Vervins;49.83;3.91;02/10/2026;14:00;17.9;7;PLUIE FAIBLE;9.1;22.3;0
Vervins;49.83;3.91;02/10/2026;15:00;18.7;7;PLUIE FAIBLE;8.7;22.7;0
Vervins;49.83;3.91;02/10/2026;16:00;17.9;7;PLUIE FAIBLE;8.1;23.0;0
Vervins;49.83;3.91;02/10/2026;17:00;15.6;7;PLUIE FAIBLE;7.2;23.4;0
Vervins;49.83;3.91;02/10/2026;18:00;15.6;7;PLUIE FAIBLE;6.1;23.4;0
Vervins;49.83;3.91;02/10/2026;19:00;15.6;7;PLUIE FAIBLE;5.1;23.0;0
Vervins;49.83;3.91;02/10/2026;20:00;14.5;7;PLUIE FAIBLE;4.3;22.7;0
Vervins;49.83;3.91;02/10/2026;21:00;13.6;7;PLUIE FAIBLE;3.7;22.0;0
Vervins;49.83;3.91;02/10/2026;22:00;12.8;7;PLUIE FAIBLE;4.0;20.5;0
Vervins;49.83;3.91;02/10/2026;23:00;13;0;SOLEIL;5.2;19.1;0
Vervins;49.83;3.91;03/10/2026;00:00;13;0;SOLEIL;6.7;17.3;0
Vervins;49.83;3.91;03/10/2026;01:00;13;0;SOLEIL;8.2;16.2;0
Vervins;49.83;3.91;03/10/2026;02:00;10.6;0;SOLEIL;9.0;15.1;0
Vervins;49.83;3.91;03/10/2026;03:00;10.6;0;SOLEIL;9.3;14.8;0
Vervins;49.83;3.91;03/10/2026;04:00;10.6;0;SOLEIL;9.3;14.4;0
Vervins;49.83;3.91;03/10/2026;05:00;11.6;0;SOLEIL;8.8;14.4;0
Vervins;49.83;3.91;03/10/2026;06:00;11.6;0;SOLEIL;8.2;14.8;0
Vervins;49.83;3.91;03/10/2026;07:00;11.6;0;SOLEIL;7.4;15.1;0
Vervins;49.83;3.91;03/10/2026;08:00;12.6;0;SOLEIL;6.6;15.1;0
Vervins;49.83;3.91;03/10/2026;09:00;13.6;0;SOLEIL;5.5;15.5;0
Vervins;49.83;3.91;03/10/2026;10:00;14.6;0;SOLEIL;4.0;15.5;0
Vervins;49.83;3.91;03/10/2026;11:00;18.7;0;SOLEIL;2.3;15.8;0
Vervins;49.83;3.91;03/10/2026;12:00;18.7;0;SOLEIL;1.2;16.2;0
Vervins;49.83;3.91;03/10/2026;13:00;18.7;0;SOLEIL;1.9;16.6;0
Vervins;49.83;3.91;03/10/2026;14:00;18.5;0;SOLEIL;2.5;16.6;0
Vervins;49.83;3.91;03/10/2026;15:00;19.5;0;SOLEIL;3.1;16.6;0
Vervins;49.83;3.91;03/10/2026;16:00;18.5;0;SOLEIL;3.5;16.2;0
Vervins;49.83;3.91;03/10/2026;17:00;15.9;0;SOLEIL;4.0;15.8;0
Vervins;49.83;3.91;03/10/2026;18:00;15.9;0;SOLEIL;4.7;15.5;0
Vervins;49.83;3.91;03/10/2026;19:00;15.9;0;SOLEIL;5.2;15.1;0
Vervins;49.83;3.91;03/10/2026;20:00;14.6;0;SOLEIL;5.3;15.1;0
Vervins;49.83;3.91;03/10/2026;21:00;13.6;0;SOLEIL;5.0;15.1;0
Vervins;49.83;3.91;03/10/2026;22:00;12.6;0;SOLEIL;4.5;15.5;0
Vervins;49.83;3.91;03/10/2026;23:00;13.4;0;SOLEIL;4.5;15.5;0
Avesnes-sur-Helpe;50.12;3.93;26/09/2026;00:00;13.6;0;SOLEIL;10.8;16.2;0
Avesnes-sur-Helpe;50.12;3.93;26/09/2026;01:00;14.1;0;SOLEIL;6.8;8.6;0
Avesnes-sur-Helpe;50.12;3.93;26/09/2026;02:00;14.1;0;SOLEIL;7.9;10.1;0
Avesnes-sur-Helpe;50.12;3.93;26/09/2026;03:00;12.5;2;NUAGEUX;8.3;9.4;0
Avesnes-sur-Helpe;50.12;3.93;26/09/2026;04:00;12.4;2;NUAGEUX;7.2;7.9;0
Avesnes-sur-Helpe;50.12;3.93;26/09/2026;05:00;12.2;4;COUVERT;7.9;8.6;0
Avesnes-sur-Helpe;50.12;3.93;26/09/2026;06:00;13.1;4;COUVERT;7.9;9.0;0
Avesnes-sur-Helpe;50.12;3.93;26/09/2026;07:00;13.4;4;COUVERT;8.6;10.8;0
Avesnes-sur-Helpe;50.12;3.93;26/09/2026;08:00;15.2;4;COUVERT;10.1;14.8;0
Avesnes-sur-Helpe;50.12;3.93;26/09/2026;09:00;17.4;2;NUAGEUX;9.0;14.8;0
Avesnes-sur-Helpe;50.12;3.93;26/09/2026;10:00;18.7;2;NUAGEUX;12.2;22.7;0
Avesnes-sur-Helpe;50.12;3.93;26/09/2026;11:00;20.1;2;NUAGEUX;13.3;25.9;0
Avesnes-sur-Helpe;50.12;3.93;26/09/2026;12:00;21.6;2;NUAGEUX;10.8;25.2;0
Avesnes-sur-Helpe;50.12;3.93;26/09/2026;13:00;22.1;2;NUAGEUX;10.8;24.1;0
Avesnes-sur-Helpe;50.12;3.93;26/09/2026;14:00;22.4;2;NUAGEUX;10.1;24.1;0
Avesnes-sur-Helpe;50.12;3.93;26/09/2026;15:00;22.4;2;NUAGEUX;10.1;23.8;0
Avesnes-sur-Helpe;50.12;3.93;26/09/2026;16:00;21.6;2;NUAGEUX;11.5;24.8;0
Avesnes-sur-Helpe;50.12;3.93;26/09/2026;17:00;20.3;2;NUAGEUX;11.2;24.8;0
Avesnes-sur-Helpe;50.12;3.93;26/09/2026;18:00;18.1;2;NUAGEUX;10.1;23.4;0
Avesnes-sur-Helpe;50.12;3.93;26/09/2026;19:00;17;2;NUAGEUX;7.9;19.8;0
Avesnes-sur-Helpe;50.12;3.93;26/09/2026;20:00;16.4;2;NUAGEUX;7.9;12.2;0
Avesnes-sur-Helpe;50.12;3.93;26/09/2026;21:00;15.4;2;NUAGEUX;8.3;10.4;0
Avesnes-sur-Helpe;50.12;3.93;26/09/2026;22:00;14.9;2;NUAGEUX;10.4;14.8;0
Avesnes-sur-Helpe;50.12;3.93;26/09/2026;23:00;14.1;2;NUAGEUX;10.4;15.5;0
Avesnes-sur-Helpe;50.12;3.93;27/09/2026;00:00;13.5;2;NUAGEUX;13.0;20.2;0
Avesnes-sur-Helpe;50.12;3.93;27/09/2026;01:00;13.5;2;NUAGEUX;13.0;21.2;0
Avesnes-sur-Helpe;50.12;3.93;27/09/2026;02:00;11.4;0;SOLEIL;13.3;21.2;0
Avesnes-sur-Helpe;50.12;3.93;27/09/2026;03:00;11.4;0;SOLEIL;10.1;20.9;0
Avesnes-sur-Helpe;50.12;3.93;27/09/2026;04:00;11.4;0;SOLEIL;10.8;18.4;0
Avesnes-sur-Helpe;50.12;3.93;27/09/2026;05:00;11.5;5;SOLEIL VOILÉ;5.0;16.9;0
Avesnes-sur-Helpe;50.12;3.93;27/09/2026;06:00;11.5;5;SOLEIL VOILÉ;4.3;6.8;0
Avesnes-sur-Helpe;50.12;3.93;27/09/2026;07:00;11.5;5;SOLEIL VOILÉ;6.1;10.1;0
Avesnes-sur-Helpe;50.12;3.93;27/09/2026;08:00;19.7;0;SOLEIL;10.4;18.0;0
Avesnes-sur-Helpe;50.12;3.93;27/09/2026;09:00;19.7;0;SOLEIL;15.8;29.5;0
Avesnes-sur-Helpe;50.12;3.93;27/09/2026;10:00;19.7;0;SOLEIL;15.8;31.0;0
Avesnes-sur-Helpe;50.12;3.93;27/09/2026;11:00;25.2;5;SOLEIL VOILÉ;13.7;28.4;0
Avesnes-sur-Helpe;50.12;3.93;27/09/2026;12:00;25.2;5;SOLEIL VOILÉ;11.9;26.3;0
Avesnes-sur-Helpe;50.12;3.93;27/09/2026;13:00;25.2;5;SOLEIL VOILÉ;11.5;24.8;0
Avesnes-sur-Helpe;50.12;3.93;27/09/2026;14:00;27.1;5;SOLEIL VOILÉ;10.8;22.7;0
Avesnes-sur-Helpe;50.12;3.93;27/09/2026;15:00;27.1;5;SOLEIL VOILÉ;12.2;26.6;0
Avesnes-sur-Helpe;50.12;3.93;27/09/2026;16:00;27.1;5;SOLEIL VOILÉ;12.2;24.8;0
Avesnes-sur-Helpe;50.12;3.93;27/09/2026;17:00;22.2;5;SOLEIL VOILÉ;10.8;23.8;0
Avesnes-sur-Helpe;50.12;3.93;27/09/2026;18:00;22.2;5;SOLEIL VOILÉ;9.4;19.1;0
Avesnes-sur-Helpe;50.12;3.93;27/09/2026;19:00;22.2;5;SOLEIL VOILÉ;9.0;16.9;0
Avesnes-sur-Helpe;50.12;3.93;27/09/2026;20:00;19.4;5;SOLEIL VOILÉ;10.1;16.9;0
Avesnes-sur-Helpe;50.12;3.93;27/09/2026;21:00;19.4;5;SOLEIL VOILÉ;9.4;16.9;0
Avesnes-sur-Helpe;50.12;3.93;27/09/2026;22:00;19.4;5;SOLEIL VOILÉ;6.5;14.8;0
Avesnes-sur-Helpe;50.12;3.93;27/09/2026;23:00;18;5;SOLEIL VOILÉ;4.7;9.0;0
Avesnes-sur-Helpe;50.12;3.93;28/09/2026;00:00;18;5;SOLEIL VOILÉ;6.5;9.0;0
Avesnes-sur-Helpe;50.12;3.93;28/09/2026;01:00;18;5;SOLEIL VOILÉ;6.1;9.4;0
Avesnes-sur-Helpe;50.12;3.93;28/09/2026;02:00;16.1;5;SOLEIL VOILÉ;4.7;8.6;0
Avesnes-sur-Helpe;50.12;3.93;28/09/2026;03:00;16.1;5;SOLEIL VOILÉ;4.7;6.1;0
Avesnes-sur-Helpe;50.12;3.93;28/09/2026;04:00;16.1;5;SOLEIL VOILÉ;5.0;6.1;0
Avesnes-sur-Helpe;50.12;3.93;28/09/2026;05:00;15;5;SOLEIL VOILÉ;5.0;6.1;0
Avesnes-sur-Helpe;50.12;3.93;28/09/2026;06:00;15;5;SOLEIL VOILÉ;5.4;5.8;0
Avesnes-sur-Helpe;50.12;3.93;28/09/2026;07:00;15;5;SOLEIL VOILÉ;5.8;7.6;0
Avesnes-sur-Helpe;50.12;3.93;28/09/2026;08:00;21.4;2;NUAGEUX;6.1;7.6;0
Avesnes-sur-Helpe;50.12;3.93;28/09/2026;09:00;21.4;2;NUAGEUX;4.3;7.2;0
Avesnes-sur-Helpe;50.12;3.93;28/09/2026;10:00;21.4;2;NUAGEUX;8.3;15.8;0
Avesnes-sur-Helpe;50.12;3.93;28/09/2026;11:00;25.1;2;NUAGEUX;10.8;21.2;0
Avesnes-sur-Helpe;50.12;3.93;28/09/2026;12:00;25.1;2;NUAGEUX;12.2;23.8;0
Avesnes-sur-Helpe;50.12;3.93;28/09/2026;13:00;25.1;2;NUAGEUX;13.7;28.1;0
Avesnes-sur-Helpe;50.12;3.93;28/09/2026;14:00;24.1;5;SOLEIL VOILÉ;14.8;31.0;0
Avesnes-sur-Helpe;50.12;3.93;28/09/2026;15:00;24.1;5;SOLEIL VOILÉ;15.5;32.0;0
Avesnes-sur-Helpe;50.12;3.93;28/09/2026;16:00;24.1;5;SOLEIL VOILÉ;14.0;33.1;0
Avesnes-sur-Helpe;50.12;3.93;28/09/2026;17:00;20;5;SOLEIL VOILÉ;12.6;27.7;0
Avesnes-sur-Helpe;50.12;3.93;28/09/2026;18:00;20;5;SOLEIL VOILÉ;14.3;27.1;0
Avesnes-sur-Helpe;50.12;3.93;28/09/2026;19:00;20;5;SOLEIL VOILÉ;11.4;25.2;0
Avesnes-sur-Helpe;50.12;3.93;28/09/2026;20:00;19.5;5;SOLEIL VOILÉ;9.7;19.5;0
Avesnes-sur-Helpe;50.12;3.93;28/09/2026;21:00;18.2;5;SOLEIL VOILÉ;12.5;21.2;0
Avesnes-sur-Helpe;50.12;3.93;28/09/2026;22:00;16.8;5;SOLEIL VOILÉ;11.2;20.2;0
Avesnes-sur-Helpe;50.12;3.93;28/09/2026;23:00;15.6;2;NUAGEUX;12.3;19.8;0
Avesnes-sur-Helpe;50.12;3.93;29/09/2026;00:00;15.6;2;NUAGEUX;12.4;20.2;0
Avesnes-sur-Helpe;50.12;3.93;29/09/2026;01:00;15.6;2;NUAGEUX;10.1;19.8;0
Avesnes-sur-Helpe;50.12;3.93;29/09/2026;02:00;15.1;2;NUAGEUX;9.2;15.8;0
Avesnes-sur-Helpe;50.12;3.93;29/09/2026;03:00;15.1;2;NUAGEUX;8.5;14.8;0
Avesnes-sur-Helpe;50.12;3.93;29/09/2026;04:00;15.1;2;NUAGEUX;9.2;15.1;0
Avesnes-sur-Helpe;50.12;3.93;29/09/2026;05:00;16.2;2;NUAGEUX;7.7;14.8;0
Avesnes-sur-Helpe;50.12;3.93;29/09/2026;06:00;16.2;2;NUAGEUX;6.6;11.9;0
Avesnes-sur-Helpe;50.12;3.93;29/09/2026;07:00;16.2;2;NUAGEUX;6.4;10.1;0
Avesnes-sur-Helpe;50.12;3.93;29/09/2026;08:00;18.3;2;NUAGEUX;6.3;10.4;0
Avesnes-sur-Helpe;50.12;3.93;29/09/2026;09:00;19.9;2;NUAGEUX;8.3;14.0;0
Avesnes-sur-Helpe;50.12;3.93;29/09/2026;10:00;21.5;2;NUAGEUX;4.8;13.7;0
Avesnes-sur-Helpe;50.12;3.93;29/09/2026;11:00;27.5;2;NUAGEUX;6.9;14.4;0
Avesnes-sur-Helpe;50.12;3.93;29/09/2026;12:00;27.5;2;NUAGEUX;4.7;14.8;0
Avesnes-sur-Helpe;50.12;3.93;29/09/2026;13:00;27.5;2;NUAGEUX;2.3;13.7;0
Avesnes-sur-Helpe;50.12;3.93;29/09/2026;14:00;27.9;2;NUAGEUX;4.1;13.0;0
Avesnes-sur-Helpe;50.12;3.93;29/09/2026;15:00;29.5;2;NUAGEUX;6.0;14.4;0
Avesnes-sur-Helpe;50.12;3.93;29/09/2026;16:00;27.9;2;NUAGEUX;4.1;16.6;0
Avesnes-sur-Helpe;50.12;3.93;29/09/2026;17:00;23.6;2;NUAGEUX;1.1;13.7;0
Avesnes-sur-Helpe;50.12;3.93;29/09/2026;18:00;23.6;2;NUAGEUX;1.1;13.7;0
Avesnes-sur-Helpe;50.12;3.93;29/09/2026;19:00;23.6;2;NUAGEUX;3.3;9.0;0
Avesnes-sur-Helpe;50.12;3.93;29/09/2026;20:00;21.5;2;NUAGEUX;3.2;5.4;0
Avesnes-sur-Helpe;50.12;3.93;29/09/2026;21:00;19.9;2;NUAGEUX;3.9;6.1;0
Avesnes-sur-Helpe;50.12;3.93;29/09/2026;22:00;18.3;2;NUAGEUX;4.6;8.3;0
Avesnes-sur-Helpe;50.12;3.93;29/09/2026;23:00;19;0;SOLEIL;5.3;10.4;0
Avesnes-sur-Helpe;50.12;3.93;30/09/2026;00:00;19;0;SOLEIL;6.4;11.9;0
Avesnes-sur-Helpe;50.12;3.93;30/09/2026;01:00;19;0;SOLEIL;7.6;13.0;0
Avesnes-sur-Helpe;50.12;3.93;30/09/2026;02:00;16.5;2;NUAGEUX;8.8;14.4;0
Avesnes-sur-Helpe;50.12;3.93;30/09/2026;03:00;16.5;2;NUAGEUX;9.9;15.8;0
Avesnes-sur-Helpe;50.12;3.93;30/09/2026;04:00;16.5;2;NUAGEUX;10.8;17.3;0
Avesnes-sur-Helpe;50.12;3.93;30/09/2026;05:00;17.4;2;NUAGEUX;11.2;18.4;0
Avesnes-sur-Helpe;50.12;3.93;30/09/2026;06:00;17.4;2;NUAGEUX;10.2;18.4;0
Avesnes-sur-Helpe;50.12;3.93;30/09/2026;07:00;17.4;2;NUAGEUX;8.8;18.4;0
Avesnes-sur-Helpe;50.12;3.93;30/09/2026;08:00;18.9;2;NUAGEUX;8.1;18.4;0
Avesnes-sur-Helpe;50.12;3.93;30/09/2026;09:00;20.1;2;NUAGEUX;8.9;19.4;0
Avesnes-sur-Helpe;50.12;3.93;30/09/2026;10:00;21.3;2;NUAGEUX;10.5;20.9;0
Avesnes-sur-Helpe;50.12;3.93;30/09/2026;11:00;25.6;2;NUAGEUX;12.1;22.7;0
Avesnes-sur-Helpe;50.12;3.93;30/09/2026;12:00;25.6;2;NUAGEUX;13.2;24.5;0
Avesnes-sur-Helpe;50.12;3.93;30/09/2026;13:00;25.6;2;NUAGEUX;14.3;27.0;0
Avesnes-sur-Helpe;50.12;3.93;30/09/2026;14:00;26.2;2;NUAGEUX;15.6;29.2;0
Avesnes-sur-Helpe;50.12;3.93;30/09/2026;15:00;27.4;2;NUAGEUX;17.5;32.0;0
Avesnes-sur-Helpe;50.12;3.93;30/09/2026;16:00;26.2;2;NUAGEUX;19.7;34.9;0
Avesnes-sur-Helpe;50.12;3.93;30/09/2026;17:00;22.6;2;NUAGEUX;20.7;36.7;0
Avesnes-sur-Helpe;50.12;3.93;30/09/2026;18:00;22.6;2;NUAGEUX;19.1;36.7;0
Avesnes-sur-Helpe;50.12;3.93;30/09/2026;19:00;22.6;2;NUAGEUX;16.6;36.0;0
Avesnes-sur-Helpe;50.12;3.93;30/09/2026;20:00;21.3;2;NUAGEUX;15.7;35.3;0
Avesnes-sur-Helpe;50.12;3.93;30/09/2026;21:00;20.1;2;NUAGEUX;17.2;35.6;0
Avesnes-sur-Helpe;50.12;3.93;30/09/2026;22:00;18.9;2;NUAGEUX;19.7;36.4;0
Avesnes-sur-Helpe;50.12;3.93;30/09/2026;23:00;18.2;2;NUAGEUX;21.8;36.7;0
Avesnes-sur-Helpe;50.12;3.93;01/10/2026;00:00;18.2;2;NUAGEUX;22.2;36.4;0
Avesnes-sur-Helpe;50.12;3.93;01/10/2026;01:00;18.2;2;NUAGEUX;22.0;36.0;0
Avesnes-sur-Helpe;50.12;3.93;01/10/2026;02:00;15.1;6;AVERSES;21.3;35.6;0
Avesnes-sur-Helpe;50.12;3.93;01/10/2026;03:00;15.1;6;AVERSES;20.6;35.6;0
Avesnes-sur-Helpe;50.12;3.93;01/10/2026;04:00;15.1;6;AVERSES;19.6;35.3;0
Avesnes-sur-Helpe;50.12;3.93;01/10/2026;05:00;16.1;6;AVERSES;18.7;34.9;0
Avesnes-sur-Helpe;50.12;3.93;01/10/2026;06:00;16.1;6;AVERSES;17.8;33.5;0
Avesnes-sur-Helpe;50.12;3.93;01/10/2026;07:00;16.1;6;AVERSES;17.0;31.7;0
Avesnes-sur-Helpe;50.12;3.93;01/10/2026;08:00;16.4;6;AVERSES;16.4;30.2;0
Avesnes-sur-Helpe;50.12;3.93;01/10/2026;09:00;17.1;6;AVERSES;16.0;28.8;0
Avesnes-sur-Helpe;50.12;3.93;01/10/2026;10:00;17.8;6;AVERSES;15.6;27.7;0
Avesnes-sur-Helpe;50.12;3.93;01/10/2026;11:00;20.5;6;AVERSES;15.4;27.4;0
Avesnes-sur-Helpe;50.12;3.93;01/10/2026;12:00;20.5;6;AVERSES;15.1;28.4;0
Avesnes-sur-Helpe;50.12;3.93;01/10/2026;13:00;20.5;6;AVERSES;15.0;30.6;0
Avesnes-sur-Helpe;50.12;3.93;01/10/2026;14:00;20.4;6;AVERSES;15.1;31.7;0
Avesnes-sur-Helpe;50.12;3.93;01/10/2026;15:00;21.1;6;AVERSES;15.9;31.0;0
Avesnes-sur-Helpe;50.12;3.93;01/10/2026;16:00;20.4;6;AVERSES;16.8;29.2;0
Avesnes-sur-Helpe;50.12;3.93;01/10/2026;17:00;17.5;6;AVERSES;15.9;28.1;0
Avesnes-sur-Helpe;50.12;3.93;01/10/2026;18:00;17.5;6;AVERSES;10.1;27.7;0
Avesnes-sur-Helpe;50.12;3.93;01/10/2026;19:00;17.5;6;AVERSES;5.2;27.7;0
Avesnes-sur-Helpe;50.12;3.93;01/10/2026;20:00;17.8;6;AVERSES;6.5;28.1;0
Avesnes-sur-Helpe;50.12;3.93;01/10/2026;21:00;17.1;6;AVERSES;4.2;28.4;0
Avesnes-sur-Helpe;50.12;3.93;01/10/2026;22:00;16.4;6;AVERSES;11.9;28.4;0
Avesnes-sur-Helpe;50.12;3.93;01/10/2026;23:00;13.5;0;SOLEIL;18.1;28.8;0
Avesnes-sur-Helpe;50.12;3.93;02/10/2026;00:00;13.5;0;SOLEIL;8.7;29.2;0
Avesnes-sur-Helpe;50.12;3.93;02/10/2026;01:00;13.5;0;SOLEIL;10.2;29.2;0
Avesnes-sur-Helpe;50.12;3.93;02/10/2026;02:00;10.7;7;PLUIE FAIBLE;11.2;28.8;0
Avesnes-sur-Helpe;50.12;3.93;02/10/2026;03:00;10.7;7;PLUIE FAIBLE;11.1;27.7;0
Avesnes-sur-Helpe;50.12;3.93;02/10/2026;04:00;10.7;7;PLUIE FAIBLE;10.5;26.3;0
Avesnes-sur-Helpe;50.12;3.93;02/10/2026;05:00;11.9;0;SOLEIL;9.6;24.8;0
Avesnes-sur-Helpe;50.12;3.93;02/10/2026;06:00;11.9;0;SOLEIL;8.4;23.0;0
Avesnes-sur-Helpe;50.12;3.93;02/10/2026;07:00;11.9;0;SOLEIL;7.5;21.6;0
Avesnes-sur-Helpe;50.12;3.93;02/10/2026;08:00;12.7;7;PLUIE FAIBLE;7.0;20.5;0
Avesnes-sur-Helpe;50.12;3.93;02/10/2026;09:00;13.6;7;PLUIE FAIBLE;7.1;20.2;0
Avesnes-sur-Helpe;50.12;3.93;02/10/2026;10:00;14.6;7;PLUIE FAIBLE;7.6;19.8;0
Avesnes-sur-Helpe;50.12;3.93;02/10/2026;11:00;18.7;7;PLUIE FAIBLE;8.1;20.2;0
Avesnes-sur-Helpe;50.12;3.93;02/10/2026;12:00;18.7;7;PLUIE FAIBLE;8.8;20.2;0
Avesnes-sur-Helpe;50.12;3.93;02/10/2026;13:00;18.7;7;PLUIE FAIBLE;9.2;20.5;0
Avesnes-sur-Helpe;50.12;3.93;02/10/2026;14:00;18.5;7;PLUIE FAIBLE;9.2;20.5;0
Avesnes-sur-Helpe;50.12;3.93;02/10/2026;15:00;19.5;7;PLUIE FAIBLE;8.8;20.5;0
Avesnes-sur-Helpe;50.12;3.93;02/10/2026;16:00;18.5;7;PLUIE FAIBLE;7.8;20.9;0
Avesnes-sur-Helpe;50.12;3.93;02/10/2026;17:00;15.2;7;PLUIE FAIBLE;6.9;20.9;0
Avesnes-sur-Helpe;50.12;3.93;02/10/2026;18:00;15.2;7;PLUIE FAIBLE;5.8;21.2;0
Avesnes-sur-Helpe;50.12;3.93;02/10/2026;19:00;15.2;7;PLUIE FAIBLE;4.7;20.9;0
Avesnes-sur-Helpe;50.12;3.93;02/10/2026;20:00;14.6;7;PLUIE FAIBLE;3.9;20.2;0
Avesnes-sur-Helpe;50.12;3.93;02/10/2026;21:00;13.6;7;PLUIE FAIBLE;3.2;18.7;0
Avesnes-sur-Helpe;50.12;3.93;02/10/2026;22:00;12.7;7;PLUIE FAIBLE;3.1;16.9;0
Avesnes-sur-Helpe;50.12;3.93;02/10/2026;23:00;12.2;0;SOLEIL;3.8;14.4;0
Avesnes-sur-Helpe;50.12;3.93;03/10/2026;00:00;12.2;0;SOLEIL;4.8;12.2;0
Avesnes-sur-Helpe;50.12;3.93;03/10/2026;01:00;12.2;0;SOLEIL;5.6;10.4;0
Avesnes-sur-Helpe;50.12;3.93;03/10/2026;02:00;10.1;0;SOLEIL;6.2;9.0;0
Avesnes-sur-Helpe;50.12;3.93;03/10/2026;03:00;10.1;0;SOLEIL;6.2;8.3;0
Avesnes-sur-Helpe;50.12;3.93;03/10/2026;04:00;10.1;0;SOLEIL;5.8;7.9;0
Avesnes-sur-Helpe;50.12;3.93;03/10/2026;05:00;11.6;0;SOLEIL;5.0;7.9;0
Avesnes-sur-Helpe;50.12;3.93;03/10/2026;06:00;11.6;0;SOLEIL;4.2;8.3;0
Avesnes-sur-Helpe;50.12;3.93;03/10/2026;07:00;11.6;0;SOLEIL;3.6;8.6;0
Avesnes-sur-Helpe;50.12;3.93;03/10/2026;08:00;12.4;0;SOLEIL;3.0;9.0;0
Avesnes-sur-Helpe;50.12;3.93;03/10/2026;09:00;13.6;0;SOLEIL;2.6;9.7;0
Avesnes-sur-Helpe;50.12;3.93;03/10/2026;10:00;14.7;0;SOLEIL;1.9;10.4;0
Avesnes-sur-Helpe;50.12;3.93;03/10/2026;11:00;19.7;0;SOLEIL;1.4;11.2;0
Avesnes-sur-Helpe;50.12;3.93;03/10/2026;12:00;19.7;0;SOLEIL;1.4;12.2;0
Avesnes-sur-Helpe;50.12;3.93;03/10/2026;13:00;19.7;0;SOLEIL;1.7;13.0;0
Avesnes-sur-Helpe;50.12;3.93;03/10/2026;14:00;19.3;0;SOLEIL;2.2;13.3;0
Avesnes-sur-Helpe;50.12;3.93;03/10/2026;15:00;20.5;0;SOLEIL;2.8;13.3;0
Avesnes-sur-Helpe;50.12;3.93;03/10/2026;16:00;19.3;0;SOLEIL;3.9;13.0;0
Avesnes-sur-Helpe;50.12;3.93;03/10/2026;17:00;15.6;0;SOLEIL;4.9;12.2;0
Avesnes-sur-Helpe;50.12;3.93;03/10/2026;18:00;15.6;0;SOLEIL;6.0;11.5;0
Avesnes-sur-Helpe;50.12;3.93;03/10/2026;19:00;15.6;0;SOLEIL;6.8;11.2;0
Avesnes-sur-Helpe;50.12;3.93;03/10/2026;20:00;14.7;0;SOLEIL;7.1;10.8;0
Avesnes-sur-Helpe;50.12;3.93;03/10/2026;21:00;13.6;0;SOLEIL;6.6;10.8;0
Avesnes-sur-Helpe;50.12;3.93;03/10/2026;22:00;12.4;0;SOLEIL;6.1;11.2;0
Avesnes-sur-Helpe;50.12;3.93;03/10/2026;23:00;13.1;0;SOLEIL;5.6;11.5;0
Cambrai;50.17;3.23;26/09/2026;00:00;15.6;0;SOLEIL;10.8;16.9;0
Cambrai;50.17;3.23;26/09/2026;01:00;15.1;2;NUAGEUX;8.6;13.3;0
Cambrai;50.17;3.23;26/09/2026;02:00;15.1;2;NUAGEUX;10.4;16.2;0
Cambrai;50.17;3.23;26/09/2026;03:00;15.6;4;COUVERT;14.0;22.3;0
Cambrai;50.17;3.23;26/09/2026;04:00;15.9;4;COUVERT;14.4;23.4;0
Cambrai;50.17;3.23;26/09/2026;05:00;15.6;4;COUVERT;16.9;28.1;0
Cambrai;50.17;3.23;26/09/2026;06:00;16.2;4;COUVERT;17.6;28.8;0
Cambrai;50.17;3.23;26/09/2026;07:00;16.6;2;NUAGEUX;15.8;26.3;0
Cambrai;50.17;3.23;26/09/2026;08:00;16.9;2;NUAGEUX;15.5;25.6;0
Cambrai;50.17;3.23;26/09/2026;09:00;18.1;2;NUAGEUX;15.5;27.7;0
Cambrai;50.17;3.23;26/09/2026;10:00;19.6;2;NUAGEUX;13.3;27.4;0
Cambrai;50.17;3.23;26/09/2026;11:00;20.1;2;NUAGEUX;13.3;24.8;0
Cambrai;50.17;3.23;26/09/2026;12:00;20.9;2;NUAGEUX;12.6;24.5;0
Cambrai;50.17;3.23;26/09/2026;13:00;21.3;2;NUAGEUX;12.2;25.2;0
Cambrai;50.17;3.23;26/09/2026;14:00;22.4;2;NUAGEUX;11.9;25.2;0
Cambrai;50.17;3.23;26/09/2026;15:00;21.3;2;NUAGEUX;11.2;24.8;0
Cambrai;50.17;3.23;26/09/2026;16:00;20.7;2;NUAGEUX;10.8;24.1;0
Cambrai;50.17;3.23;26/09/2026;17:00;20.2;2;NUAGEUX;10.1;23.0;0
Cambrai;50.17;3.23;26/09/2026;18:00;18.9;2;NUAGEUX;9.4;20.9;0
Cambrai;50.17;3.23;26/09/2026;19:00;17.9;2;NUAGEUX;9.4;18.0;0
Cambrai;50.17;3.23;26/09/2026;20:00;17.1;2;NUAGEUX;9.7;14.8;0
Cambrai;50.17;3.23;26/09/2026;21:00;16.2;2;NUAGEUX;13.0;19.8;0
Cambrai;50.17;3.23;26/09/2026;22:00;16.1;2;NUAGEUX;16.2;27.4;0
Cambrai;50.17;3.23;26/09/2026;23:00;15.6;2;NUAGEUX;15.5;27.0;0
Cambrai;50.17;3.23;27/09/2026;00:00;15.1;2;NUAGEUX;10.4;25.2;0
Cambrai;50.17;3.23;27/09/2026;01:00;15.1;2;NUAGEUX;9.7;17.6;0
Cambrai;50.17;3.23;27/09/2026;02:00;12.7;0;SOLEIL;6.1;15.5;0
Cambrai;50.17;3.23;27/09/2026;03:00;12.7;0;SOLEIL;7.9;10.8;0
Cambrai;50.17;3.23;27/09/2026;04:00;12.7;0;SOLEIL;9.4;15.5;0
Cambrai;50.17;3.23;27/09/2026;05:00;13.4;5;SOLEIL VOILÉ;9.0;16.2;0
Cambrai;50.17;3.23;27/09/2026;06:00;13.4;5;SOLEIL VOILÉ;12.2;20.9;0
Cambrai;50.17;3.23;27/09/2026;07:00;13.4;5;SOLEIL VOILÉ;15.5;27.0;0
Cambrai;50.17;3.23;27/09/2026;08:00;18.5;5;SOLEIL VOILÉ;13.7;28.4;0
Cambrai;50.17;3.23;27/09/2026;09:00;18.5;5;SOLEIL VOILÉ;14.0;24.8;0
Cambrai;50.17;3.23;27/09/2026;10:00;18.5;5;SOLEIL VOILÉ;13.3;25.6;0
Cambrai;50.17;3.23;27/09/2026;11:00;24.1;5;SOLEIL VOILÉ;12.6;26.6;0
Cambrai;50.17;3.23;27/09/2026;12:00;24.1;5;SOLEIL VOILÉ;11.9;24.1;0
Cambrai;50.17;3.23;27/09/2026;13:00;24.1;5;SOLEIL VOILÉ;11.2;22.7;0
Cambrai;50.17;3.23;27/09/2026;14:00;26;5;SOLEIL VOILÉ;11.2;24.8;0
Cambrai;50.17;3.23;27/09/2026;15:00;26;5;SOLEIL VOILÉ;10.4;22.0;0
Cambrai;50.17;3.23;27/09/2026;16:00;26;5;SOLEIL VOILÉ;13.7;29.5;0
Cambrai;50.17;3.23;27/09/2026;17:00;22.9;5;SOLEIL VOILÉ;10.8;25.2;0
Cambrai;50.17;3.23;27/09/2026;18:00;22.9;5;SOLEIL VOILÉ;9.4;20.2;0
Cambrai;50.17;3.23;27/09/2026;19:00;22.9;5;SOLEIL VOILÉ;9.0;17.6;0
Cambrai;50.17;3.23;27/09/2026;20:00;20.1;5;SOLEIL VOILÉ;7.6;15.8;0
Cambrai;50.17;3.23;27/09/2026;21:00;20.1;5;SOLEIL VOILÉ;10.8;19.8;0
Cambrai;50.17;3.23;27/09/2026;22:00;20.1;5;SOLEIL VOILÉ;9.4;18.4;0
Cambrai;50.17;3.23;27/09/2026;23:00;18.6;5;SOLEIL VOILÉ;7.9;15.8;0
Cambrai;50.17;3.23;28/09/2026;00:00;18.6;5;SOLEIL VOILÉ;6.1;12.2;0
Cambrai;50.17;3.23;28/09/2026;01:00;18.6;5;SOLEIL VOILÉ;6.1;9.4;0
Cambrai;50.17;3.23;28/09/2026;02:00;17.4;2;NUAGEUX;6.8;10.8;0
Cambrai;50.17;3.23;28/09/2026;03:00;17.4;2;NUAGEUX;6.5;11.2;0
Cambrai;50.17;3.23;28/09/2026;04:00;17.4;2;NUAGEUX;5.4;10.4;0
Cambrai;50.17;3.23;28/09/2026;05:00;16.7;2;NUAGEUX;4.0;7.6;0
Cambrai;50.17;3.23;28/09/2026;06:00;16.7;2;NUAGEUX;5.0;6.8;0
Cambrai;50.17;3.23;28/09/2026;07:00;16.7;2;NUAGEUX;5.4;6.8;0
Cambrai;50.17;3.23;28/09/2026;08:00;19.1;2;NUAGEUX;4.3;6.8;0
Cambrai;50.17;3.23;28/09/2026;09:00;19.1;2;NUAGEUX;7.9;14.0;0
Cambrai;50.17;3.23;28/09/2026;10:00;19.1;2;NUAGEUX;10.8;20.2;0
Cambrai;50.17;3.23;28/09/2026;11:00;23;2;NUAGEUX;9.7;19.8;0
Cambrai;50.17;3.23;28/09/2026;12:00;23;2;NUAGEUX;9.0;18.7;0
Cambrai;50.17;3.23;28/09/2026;13:00;23;2;NUAGEUX;11.5;23.8;0
Cambrai;50.17;3.23;28/09/2026;14:00;22.7;5;SOLEIL VOILÉ;13.7;27.0;0
Cambrai;50.17;3.23;28/09/2026;15:00;22.7;5;SOLEIL VOILÉ;13.7;27.7;0
Cambrai;50.17;3.23;28/09/2026;16:00;22.7;5;SOLEIL VOILÉ;13.7;28.1;0
Cambrai;50.17;3.23;28/09/2026;17:00;18.9;5;SOLEIL VOILÉ;14.4;27.7;0
Cambrai;50.17;3.23;28/09/2026;18:00;18.9;5;SOLEIL VOILÉ;14.0;28.8;0
Cambrai;50.17;3.23;28/09/2026;19:00;18.9;5;SOLEIL VOILÉ;10.7;25.7;0
Cambrai;50.17;3.23;28/09/2026;20:00;19.7;2;NUAGEUX;11.0;19.3;0
Cambrai;50.17;3.23;28/09/2026;21:00;18.8;2;NUAGEUX;13.5;23.0;0
Cambrai;50.17;3.23;28/09/2026;22:00;17.9;2;NUAGEUX;14.9;26.3;0
Cambrai;50.17;3.23;28/09/2026;23:00;16.2;2;NUAGEUX;14.3;26.3;0
Cambrai;50.17;3.23;29/09/2026;00:00;16.2;2;NUAGEUX;12.7;24.8;0
Cambrai;50.17;3.23;29/09/2026;01:00;16.2;2;NUAGEUX;9.0;22.0;0
Cambrai;50.17;3.23;29/09/2026;02:00;15.1;2;NUAGEUX;7.7;15.5;0
Cambrai;50.17;3.23;29/09/2026;03:00;15.1;2;NUAGEUX;8.9;15.5;0
Cambrai;50.17;3.23;29/09/2026;04:00;15.1;2;NUAGEUX;7.8;15.8;0
Cambrai;50.17;3.23;29/09/2026;05:00;15.9;2;NUAGEUX;8.9;15.5;0
Cambrai;50.17;3.23;29/09/2026;06:00;15.9;2;NUAGEUX;9.4;16.2;0
Cambrai;50.17;3.23;29/09/2026;07:00;15.9;2;NUAGEUX;9.6;17.3;0
Cambrai;50.17;3.23;29/09/2026;08:00;18.1;2;NUAGEUX;8.1;16.9;0
Cambrai;50.17;3.23;29/09/2026;09:00;19.5;2;NUAGEUX;9.1;16.2;0
Cambrai;50.17;3.23;29/09/2026;10:00;21.0;2;NUAGEUX;6.3;15.5;0
Cambrai;50.17;3.23;29/09/2026;11:00;25.7;2;NUAGEUX;5.5;12.2;0
Cambrai;50.17;3.23;29/09/2026;12:00;25.7;2;NUAGEUX;5.5;15.8;0
Cambrai;50.17;3.23;29/09/2026;13:00;25.7;2;NUAGEUX;3.9;16.2;0
Cambrai;50.17;3.23;29/09/2026;14:00;26.9;2;NUAGEUX;5.6;17.3;0
Cambrai;50.17;3.23;29/09/2026;15:00;28.4;2;NUAGEUX;5.6;23.4;0
Cambrai;50.17;3.23;29/09/2026;16:00;26.9;2;NUAGEUX;5.3;21.6;0
Cambrai;50.17;3.23;29/09/2026;17:00;23.5;2;NUAGEUX;8.3;18.7;0
Cambrai;50.17;3.23;29/09/2026;18:00;23.5;2;NUAGEUX;10.6;19.4;0
Cambrai;50.17;3.23;29/09/2026;19:00;23.5;2;NUAGEUX;12.7;22.7;0
Cambrai;50.17;3.23;29/09/2026;20:00;21.0;2;NUAGEUX;11.5;21.6;0
Cambrai;50.17;3.23;29/09/2026;21:00;19.5;2;NUAGEUX;11.1;22.0;0
Cambrai;50.17;3.23;29/09/2026;22:00;18.1;2;NUAGEUX;10.0;21.6;0
Cambrai;50.17;3.23;29/09/2026;23:00;20;2;NUAGEUX;9.2;20.9;0
Cambrai;50.17;3.23;30/09/2026;00:00;20;2;NUAGEUX;8.4;19.4;0
Cambrai;50.17;3.23;30/09/2026;01:00;20;2;NUAGEUX;7.2;17.3;0
Cambrai;50.17;3.23;30/09/2026;02:00;17.6;2;NUAGEUX;6.0;15.5;0
Cambrai;50.17;3.23;30/09/2026;03:00;17.6;2;NUAGEUX;4.6;14.0;0
Cambrai;50.17;3.23;30/09/2026;04:00;17.6;2;NUAGEUX;5.0;12.6;0
Cambrai;50.17;3.23;30/09/2026;05:00;18.6;2;NUAGEUX;6.3;11.5;0
Cambrai;50.17;3.23;30/09/2026;06:00;18.6;2;NUAGEUX;5.4;10.8;0
Cambrai;50.17;3.23;30/09/2026;07:00;18.6;2;NUAGEUX;4.0;10.1;0
Cambrai;50.17;3.23;30/09/2026;08:00;19.5;2;NUAGEUX;3.6;10.4;0
Cambrai;50.17;3.23;30/09/2026;09:00;20.4;2;NUAGEUX;4.4;12.2;0
Cambrai;50.17;3.23;30/09/2026;10:00;21.4;2;NUAGEUX;6.0;14.8;0
Cambrai;50.17;3.23;30/09/2026;11:00;24.9;2;NUAGEUX;7.5;17.6;0
Cambrai;50.17;3.23;30/09/2026;12:00;24.9;2;NUAGEUX;8.8;20.5;0
Cambrai;50.17;3.23;30/09/2026;13:00;24.9;2;NUAGEUX;10.4;23.8;0
Cambrai;50.17;3.23;30/09/2026;14:00;25.2;2;NUAGEUX;12.1;27.0;0
Cambrai;50.17;3.23;30/09/2026;15:00;26.1;2;NUAGEUX;13.7;29.9;0
Cambrai;50.17;3.23;30/09/2026;16:00;25.2;2;NUAGEUX;15.5;32.8;0
Cambrai;50.17;3.23;30/09/2026;17:00;22.4;2;NUAGEUX;16.2;34.6;0
Cambrai;50.17;3.23;30/09/2026;18:00;22.4;2;NUAGEUX;15.1;34.2;0
Cambrai;50.17;3.23;30/09/2026;19:00;22.4;2;NUAGEUX;13.2;32.4;0
Cambrai;50.17;3.23;30/09/2026;20:00;21.4;2;NUAGEUX;12.4;31.7;0
Cambrai;50.17;3.23;30/09/2026;21:00;20.4;2;NUAGEUX;14.3;32.4;0
Cambrai;50.17;3.23;30/09/2026;22:00;19.5;2;NUAGEUX;17.6;33.5;0
Cambrai;50.17;3.23;30/09/2026;23:00;18.6;6;AVERSES;20.2;34.9;0
Cambrai;50.17;3.23;01/10/2026;00:00;18.6;6;AVERSES;21.4;36.4;0
Cambrai;50.17;3.23;01/10/2026;01:00;18.6;6;AVERSES;21.9;37.8;0
Cambrai;50.17;3.23;01/10/2026;02:00;15.6;6;AVERSES;21.8;38.9;0
Cambrai;50.17;3.23;01/10/2026;03:00;15.6;6;AVERSES;20.7;39.2;0
Cambrai;50.17;3.23;01/10/2026;04:00;15.6;6;AVERSES;18.9;39.2;0
Cambrai;50.17;3.23;01/10/2026;05:00;17.1;6;AVERSES;17.5;38.5;0
Cambrai;50.17;3.23;01/10/2026;06:00;17.1;6;AVERSES;16.6;36.4;0
Cambrai;50.17;3.23;01/10/2026;07:00;17.1;6;AVERSES;16.1;33.5;0
Cambrai;50.17;3.23;01/10/2026;08:00;16.6;6;AVERSES;15.7;31.0;0
Cambrai;50.17;3.23;01/10/2026;09:00;17.1;6;AVERSES;15.5;29.9;0
Cambrai;50.17;3.23;01/10/2026;10:00;17.6;6;AVERSES;15.2;29.2;0
Cambrai;50.17;3.23;01/10/2026;11:00;19.5;7;PLUIE FAIBLE;14.8;29.2;0
Cambrai;50.17;3.23;01/10/2026;12:00;19.5;7;PLUIE FAIBLE;14.1;29.2;0
Cambrai;50.17;3.23;01/10/2026;13:00;19.5;7;PLUIE FAIBLE;13.5;29.9;0
Cambrai;50.17;3.23;01/10/2026;14:00;19.6;6;AVERSES;12.8;30.2;0
Cambrai;50.17;3.23;01/10/2026;15:00;20.1;6;AVERSES;12.1;31.0;0
Cambrai;50.17;3.23;01/10/2026;16:00;19.6;6;AVERSES;11.2;31.7;0
Cambrai;50.17;3.23;01/10/2026;17:00;17.2;6;AVERSES;10.3;31.7;0
Cambrai;50.17;3.23;01/10/2026;18:00;17.2;6;AVERSES;9.1;31.3;0
Cambrai;50.17;3.23;01/10/2026;19:00;17.2;6;AVERSES;7.9;30.2;0
Cambrai;50.17;3.23;01/10/2026;20:00;17.6;6;AVERSES;7.1;28.4;0
Cambrai;50.17;3.23;01/10/2026;21:00;17.1;6;AVERSES;7.1;25.2;0
Cambrai;50.17;3.23;01/10/2026;22:00;16.6;6;AVERSES;7.8;21.2;0
Cambrai;50.17;3.23;01/10/2026;23:00;13.9;0;SOLEIL;8.5;18.4;0
Cambrai;50.17;3.23;02/10/2026;00:00;13.9;0;SOLEIL;7.5;21.6;0
Cambrai;50.17;3.23;02/10/2026;01:00;13.9;0;SOLEIL;9.2;19.8;0
Cambrai;50.17;3.23;02/10/2026;02:00;12;7;PLUIE FAIBLE;10.5;18.7;0
Cambrai;50.17;3.23;02/10/2026;03:00;12;7;PLUIE FAIBLE;11.2;18.4;0
Cambrai;50.17;3.23;02/10/2026;04:00;12;7;PLUIE FAIBLE;11.6;18.4;0
Cambrai;50.17;3.23;02/10/2026;05:00;13.1;0;SOLEIL;11.7;18.4;0
Cambrai;50.17;3.23;02/10/2026;06:00;13.1;0;SOLEIL;11.6;19.1;0
Cambrai;50.17;3.23;02/10/2026;07:00;13.1;0;SOLEIL;11.6;19.4;0
Cambrai;50.17;3.23;02/10/2026;08:00;13.8;7;PLUIE FAIBLE;11.5;20.2;0
Cambrai;50.17;3.23;02/10/2026;09:00;14.6;7;PLUIE FAIBLE;11.5;20.9;0
Cambrai;50.17;3.23;02/10/2026;10:00;15.5;7;PLUIE FAIBLE;11.4;21.6;0
Cambrai;50.17;3.23;02/10/2026;11:00;19.1;7;PLUIE FAIBLE;11.4;22.7;0
Cambrai;50.17;3.23;02/10/2026;12:00;19.1;7;PLUIE FAIBLE;11.2;23.4;0
Cambrai;50.17;3.23;02/10/2026;13:00;19.1;7;PLUIE FAIBLE;10.8;24.1;0
Cambrai;50.17;3.23;02/10/2026;14:00;19.0;7;PLUIE FAIBLE;10.4;24.8;0
Cambrai;50.17;3.23;02/10/2026;15:00;19.9;7;PLUIE FAIBLE;9.7;25.2;0
Cambrai;50.17;3.23;02/10/2026;16:00;19.0;7;PLUIE FAIBLE;8.9;25.9;0
Cambrai;50.17;3.23;02/10/2026;17:00;16.6;7;PLUIE FAIBLE;7.9;26.3;0
Cambrai;50.17;3.23;02/10/2026;18:00;16.6;7;PLUIE FAIBLE;7.0;26.3;0
Cambrai;50.17;3.23;02/10/2026;19:00;16.6;7;PLUIE FAIBLE;6.1;25.9;0
Cambrai;50.17;3.23;02/10/2026;20:00;15.5;7;PLUIE FAIBLE;5.3;25.2;0
Cambrai;50.17;3.23;02/10/2026;21:00;14.6;7;PLUIE FAIBLE;4.3;23.4;0
Cambrai;50.17;3.23;02/10/2026;22:00;13.8;7;PLUIE FAIBLE;3.1;20.9;0
Cambrai;50.17;3.23;02/10/2026;23:00;13.1;0;SOLEIL;1.7;18.0;0
Cambrai;50.17;3.23;03/10/2026;00:00;13.1;0;SOLEIL;0.4;15.1;0
Cambrai;50.17;3.23;03/10/2026;01:00;13.1;0;SOLEIL;0.9;12.2;0
Cambrai;50.17;3.23;03/10/2026;02:00;10.9;0;SOLEIL;1.6;10.1;0
Cambrai;50.17;3.23;03/10/2026;03:00;10.9;0;SOLEIL;1.8;8.3;0
Cambrai;50.17;3.23;03/10/2026;04:00;10.9;0;SOLEIL;1.5;6.1;0
Cambrai;50.17;3.23;03/10/2026;05:00;12;0;SOLEIL;1.0;4.7;0
Cambrai;50.17;3.23;03/10/2026;06:00;12;0;SOLEIL;0.4;3.2;0
Cambrai;50.17;3.23;03/10/2026;07:00;12;0;SOLEIL;0.5;2.5;0
Cambrai;50.17;3.23;03/10/2026;08:00;12.9;0;SOLEIL;0.6;2.5;0
Cambrai;50.17;3.23;03/10/2026;09:00;14.0;0;SOLEIL;0.8;3.6;0
Cambrai;50.17;3.23;03/10/2026;10:00;15.0;0;SOLEIL;1.0;5.8;0
Cambrai;50.17;3.23;03/10/2026;11:00;19.2;0;SOLEIL;1.3;8.6;0
Cambrai;50.17;3.23;03/10/2026;12:00;19.2;0;SOLEIL;1.6;11.2;0
Cambrai;50.17;3.23;03/10/2026;13:00;19.2;0;SOLEIL;1.7;13.7;0
Cambrai;50.17;3.23;03/10/2026;14:00;19.1;0;SOLEIL;1.7;15.1;0
Cambrai;50.17;3.23;03/10/2026;15:00;20.1;0;SOLEIL;1.6;15.5;0
Cambrai;50.17;3.23;03/10/2026;16:00;19.1;0;SOLEIL;2.4;15.1;0
Cambrai;50.17;3.23;03/10/2026;17:00;16.9;0;SOLEIL;3.8;14.4;0
Cambrai;50.17;3.23;03/10/2026;18:00;16.9;0;SOLEIL;5.2;13.3;0
Cambrai;50.17;3.23;03/10/2026;19:00;16.9;0;SOLEIL;6.5;12.6;0
Cambrai;50.17;3.23;03/10/2026;20:00;15.0;0;SOLEIL;7.0;12.2;0
Cambrai;50.17;3.23;03/10/2026;21:00;14.0;0;SOLEIL;6.7;12.2;0
Cambrai;50.17;3.23;03/10/2026;22:00;12.9;0;SOLEIL;5.9;12.6;0
Cambrai;50.17;3.23;03/10/2026;23:00;13.6;0;SOLEIL;4.7;13.0;0
Dunkerque;51.03;2.37;26/09/2026;00:00;17.1;2;NUAGEUX;11.2;19.1;0
Dunkerque;51.03;2.37;26/09/2026;01:00;17.7;2;NUAGEUX;10.4;18.4;0
Dunkerque;51.03;2.37;26/09/2026;02:00;17.4;2;NUAGEUX;11.9;19.4;0
Dunkerque;51.03;2.37;26/09/2026;03:00;17.6;2;NUAGEUX;11.5;18.7;0
Dunkerque;51.03;2.37;26/09/2026;04:00;17.6;2;NUAGEUX;10.8;18.7;0
Dunkerque;51.03;2.37;26/09/2026;05:00;17.6;2;NUAGEUX;9.0;15.8;0
Dunkerque;51.03;2.37;26/09/2026;06:00;17.1;2;NUAGEUX;9.4;15.1;0
Dunkerque;51.03;2.37;26/09/2026;07:00;17.5;2;NUAGEUX;9.4;16.6;0
Dunkerque;51.03;2.37;26/09/2026;08:00;17.7;2;NUAGEUX;11.2;18.4;0
Dunkerque;51.03;2.37;26/09/2026;09:00;17.7;2;NUAGEUX;9.4;18.7;0
Dunkerque;51.03;2.37;26/09/2026;10:00;18.2;2;NUAGEUX;9.4;18.7;0
Dunkerque;51.03;2.37;26/09/2026;11:00;18.2;2;NUAGEUX;9.4;19.8;0
Dunkerque;51.03;2.37;26/09/2026;12:00;18.6;2;NUAGEUX;9.0;20.5;0
Dunkerque;51.03;2.37;26/09/2026;13:00;18.1;2;NUAGEUX;9.7;21.2;0
Dunkerque;51.03;2.37;26/09/2026;14:00;18.3;2;NUAGEUX;9.4;22.3;0
Dunkerque;51.03;2.37;26/09/2026;15:00;18.2;2;NUAGEUX;9.4;22.0;0
Dunkerque;51.03;2.37;26/09/2026;16:00;18.1;2;NUAGEUX;9.4;22.3;0
Dunkerque;51.03;2.37;26/09/2026;17:00;17.6;2;NUAGEUX;9.7;21.2;0
Dunkerque;51.03;2.37;26/09/2026;18:00;17.2;2;NUAGEUX;9.4;21.6;0
Dunkerque;51.03;2.37;26/09/2026;19:00;17.1;2;NUAGEUX;6.5;18.7;0
Dunkerque;51.03;2.37;26/09/2026;20:00;16.6;2;NUAGEUX;6.8;12.6;0
Dunkerque;51.03;2.37;26/09/2026;21:00;16.6;2;NUAGEUX;6.1;12.2;0
Dunkerque;51.03;2.37;26/09/2026;22:00;15.6;2;NUAGEUX;7.2;12.2;0
Dunkerque;51.03;2.37;26/09/2026;23:00;15.5;2;NUAGEUX;6.8;11.9;0
Dunkerque;51.03;2.37;27/09/2026;00:00;15.4;2;NUAGEUX;9.4;15.8;0
Dunkerque;51.03;2.37;27/09/2026;01:00;15.4;2;NUAGEUX;12.6;23.4;0
Dunkerque;51.03;2.37;27/09/2026;02:00;14.4;5;SOLEIL VOILÉ;16.9;33.1;0
Dunkerque;51.03;2.37;27/09/2026;03:00;14.4;5;SOLEIL VOILÉ;19.4;37.8;0
Dunkerque;51.03;2.37;27/09/2026;04:00;14.4;5;SOLEIL VOILÉ;19.1;39.6;0
Dunkerque;51.03;2.37;27/09/2026;05:00;13.7;5;SOLEIL VOILÉ;22.0;42.1;0
Dunkerque;51.03;2.37;27/09/2026;06:00;13.7;5;SOLEIL VOILÉ;19.1;43.9;0
Dunkerque;51.03;2.37;27/09/2026;07:00;13.7;5;SOLEIL VOILÉ;20.5;40.0;0
Dunkerque;51.03;2.37;27/09/2026;08:00;16.6;5;SOLEIL VOILÉ;18.0;40.3;0
Dunkerque;51.03;2.37;27/09/2026;09:00;16.6;5;SOLEIL VOILÉ;16.2;35.3;0
Dunkerque;51.03;2.37;27/09/2026;10:00;16.6;5;SOLEIL VOILÉ;15.5;31.7;0
Dunkerque;51.03;2.37;27/09/2026;11:00;20.1;5;SOLEIL VOILÉ;14.8;30.6;0
Dunkerque;51.03;2.37;27/09/2026;12:00;20.1;5;SOLEIL VOILÉ;13.0;29.5;0
Dunkerque;51.03;2.37;27/09/2026;13:00;20.1;5;SOLEIL VOILÉ;11.5;27.4;0
Dunkerque;51.03;2.37;27/09/2026;14:00;22.5;5;SOLEIL VOILÉ;11.5;25.6;0
Dunkerque;51.03;2.37;27/09/2026;15:00;22.5;5;SOLEIL VOILÉ;10.8;25.2;0
Dunkerque;51.03;2.37;27/09/2026;16:00;22.5;5;SOLEIL VOILÉ;11.2;24.5;0
Dunkerque;51.03;2.37;27/09/2026;17:00;21.1;5;SOLEIL VOILÉ;10.4;24.1;0
Dunkerque;51.03;2.37;27/09/2026;18:00;21.1;5;SOLEIL VOILÉ;9.7;22.0;0
Dunkerque;51.03;2.37;27/09/2026;19:00;21.1;5;SOLEIL VOILÉ;9.4;19.8;0
Dunkerque;51.03;2.37;27/09/2026;20:00;19.4;2;NUAGEUX;7.9;18.4;0
Dunkerque;51.03;2.37;27/09/2026;21:00;19.4;2;NUAGEUX;7.6;15.1;0
Dunkerque;51.03;2.37;27/09/2026;22:00;19.4;2;NUAGEUX;7.6;14.8;0
Dunkerque;51.03;2.37;27/09/2026;23:00;18;2;NUAGEUX;7.6;14.0;0
Dunkerque;51.03;2.37;28/09/2026;00:00;18;2;NUAGEUX;7.6;13.7;0
Dunkerque;51.03;2.37;28/09/2026;01:00;18;2;NUAGEUX;8.3;14.4;0
Dunkerque;51.03;2.37;28/09/2026;02:00;17.5;2;NUAGEUX;8.6;15.5;0
Dunkerque;51.03;2.37;28/09/2026;03:00;17.5;2;NUAGEUX;9.7;18.0;0
Dunkerque;51.03;2.37;28/09/2026;04:00;17.5;2;NUAGEUX;7.2;18.0;0
Dunkerque;51.03;2.37;28/09/2026;05:00;17.6;2;NUAGEUX;6.8;12.6;0
Dunkerque;51.03;2.37;28/09/2026;06:00;17.6;2;NUAGEUX;7.6;13.7;0
Dunkerque;51.03;2.37;28/09/2026;07:00;17.6;2;NUAGEUX;7.6;14.0;0
Dunkerque;51.03;2.37;28/09/2026;08:00;18.2;5;SOLEIL VOILÉ;9.0;16.9;0
Dunkerque;51.03;2.37;28/09/2026;09:00;18.2;5;SOLEIL VOILÉ;8.6;17.6;0
Dunkerque;51.03;2.37;28/09/2026;10:00;18.2;5;SOLEIL VOILÉ;9.4;18.7;0
Dunkerque;51.03;2.37;28/09/2026;11:00;19.1;2;NUAGEUX;7.9;18.4;0
Dunkerque;51.03;2.37;28/09/2026;12:00;19.1;2;NUAGEUX;7.6;17.3;0
Dunkerque;51.03;2.37;28/09/2026;13:00;19.1;2;NUAGEUX;8.3;18.4;0
Dunkerque;51.03;2.37;28/09/2026;14:00;18.7;5;SOLEIL VOILÉ;10.4;23.4;0
Dunkerque;51.03;2.37;28/09/2026;15:00;18.7;5;SOLEIL VOILÉ;11.5;25.6;0
Dunkerque;51.03;2.37;28/09/2026;16:00;18.7;5;SOLEIL VOILÉ;10.8;25.6;0
Dunkerque;51.03;2.37;28/09/2026;17:00;18.1;5;SOLEIL VOILÉ;11.9;24.5;0
Dunkerque;51.03;2.37;28/09/2026;18:00;18.1;5;SOLEIL VOILÉ;11.9;26.9;0
Dunkerque;51.03;2.37;28/09/2026;19:00;18.1;5;SOLEIL VOILÉ;10.0;25.0;0
Dunkerque;51.03;2.37;28/09/2026;20:00;18.2;2;NUAGEUX;6.5;18.5;0
Dunkerque;51.03;2.37;28/09/2026;21:00;17.9;2;NUAGEUX;12.0;20.9;0
Dunkerque;51.03;2.37;28/09/2026;22:00;17.6;2;NUAGEUX;11.8;22.3;0
Dunkerque;51.03;2.37;28/09/2026;23:00;17.1;2;NUAGEUX;11.2;20.9;0
Dunkerque;51.03;2.37;29/09/2026;00:00;17.1;2;NUAGEUX;9.1;19.8;0
Dunkerque;51.03;2.37;29/09/2026;01:00;17.1;2;NUAGEUX;7.5;15.8;0
Dunkerque;51.03;2.37;29/09/2026;02:00;16.1;2;NUAGEUX;10.1;18.0;0
Dunkerque;51.03;2.37;29/09/2026;03:00;16.1;2;NUAGEUX;8.7;18.0;0
Dunkerque;51.03;2.37;29/09/2026;04:00;16.1;2;NUAGEUX;11.0;19.8;0
Dunkerque;51.03;2.37;29/09/2026;05:00;16.7;2;NUAGEUX;10.8;19.4;0
Dunkerque;51.03;2.37;29/09/2026;06:00;16.7;2;NUAGEUX;10.6;18.7;0
Dunkerque;51.03;2.37;29/09/2026;07:00;16.7;2;NUAGEUX;11.4;19.4;0
Dunkerque;51.03;2.37;29/09/2026;08:00;18.1;2;NUAGEUX;12.4;21.6;0
Dunkerque;51.03;2.37;29/09/2026;09:00;19.1;2;NUAGEUX;12.1;22.0;0
Dunkerque;51.03;2.37;29/09/2026;10:00;20.1;2;NUAGEUX;9.1;21.2;0
Dunkerque;51.03;2.37;29/09/2026;11:00;23;2;NUAGEUX;7.8;15.8;0
Dunkerque;51.03;2.37;29/09/2026;12:00;23;2;NUAGEUX;7.9;19.1;0
Dunkerque;51.03;2.37;29/09/2026;13:00;23;2;NUAGEUX;5.3;18.0;0
Dunkerque;51.03;2.37;29/09/2026;14:00;24.1;2;NUAGEUX;7.2;17.6;0
Dunkerque;51.03;2.37;29/09/2026;15:00;25.1;2;NUAGEUX;9.8;22.7;0
Dunkerque;51.03;2.37;29/09/2026;16:00;24.1;2;NUAGEUX;10.4;24.1;0
Dunkerque;51.03;2.37;29/09/2026;17:00;21.1;2;NUAGEUX;9.9;22.7;0
Dunkerque;51.03;2.37;29/09/2026;18:00;21.1;2;NUAGEUX;9.1;21.2;0
Dunkerque;51.03;2.37;29/09/2026;19:00;21.1;2;NUAGEUX;7.9;16.6;0
Dunkerque;51.03;2.37;29/09/2026;20:00;20.1;2;NUAGEUX;7.7;13.3;0
Dunkerque;51.03;2.37;29/09/2026;21:00;19.1;2;NUAGEUX;8.9;14.8;0
Dunkerque;51.03;2.37;29/09/2026;22:00;18.1;2;NUAGEUX;10.2;18.4;0
Dunkerque;51.03;2.37;29/09/2026;23:00;20.2;2;NUAGEUX;11.3;20.9;0
Dunkerque;51.03;2.37;30/09/2026;00:00;20.2;2;NUAGEUX;11.9;22.0;0
Dunkerque;51.03;2.37;30/09/2026;01:00;20.2;2;NUAGEUX;12.4;22.0;0
Dunkerque;51.03;2.37;30/09/2026;02:00;18;7;PLUIE FAIBLE;12.9;22.3;0
Dunkerque;51.03;2.37;30/09/2026;03:00;18;7;PLUIE FAIBLE;12.5;22.7;0
Dunkerque;51.03;2.37;30/09/2026;04:00;18;7;PLUIE FAIBLE;11.4;23.0;0
Dunkerque;51.03;2.37;30/09/2026;05:00;18.6;2;NUAGEUX;10.6;23.0;0
Dunkerque;51.03;2.37;30/09/2026;06:00;18.6;2;NUAGEUX;10.5;22.0;0
Dunkerque;51.03;2.37;30/09/2026;07:00;18.6;2;NUAGEUX;11.0;20.9;0
Dunkerque;51.03;2.37;30/09/2026;08:00;19.6;7;PLUIE FAIBLE;11.6;20.9;0
Dunkerque;51.03;2.37;30/09/2026;09:00;20.4;7;PLUIE FAIBLE;12.3;23.4;0
Dunkerque;51.03;2.37;30/09/2026;10:00;21.2;7;PLUIE FAIBLE;13.0;27.4;0
Dunkerque;51.03;2.37;30/09/2026;11:00;23.1;2;NUAGEUX;13.5;30.2;0
Dunkerque;51.03;2.37;30/09/2026;12:00;23.1;2;NUAGEUX;13.8;31.3;0
Dunkerque;51.03;2.37;30/09/2026;13:00;23.1;2;NUAGEUX;14.0;31.3;0
Dunkerque;51.03;2.37;30/09/2026;14:00;24.3;7;PLUIE FAIBLE;14.2;31.3;0
Dunkerque;51.03;2.37;30/09/2026;15:00;25.1;7;PLUIE FAIBLE;14.3;32.0;0
Dunkerque;51.03;2.37;30/09/2026;16:00;24.3;7;PLUIE FAIBLE;14.3;32.8;0
Dunkerque;51.03;2.37;30/09/2026;17:00;21.1;7;PLUIE FAIBLE;14.5;33.5;0
Dunkerque;51.03;2.37;30/09/2026;18:00;21.1;7;PLUIE FAIBLE;14.8;33.5;0
Dunkerque;51.03;2.37;30/09/2026;19:00;21.1;7;PLUIE FAIBLE;15.2;33.1;0
Dunkerque;51.03;2.37;30/09/2026;20:00;21.2;7;PLUIE FAIBLE;15.7;32.8;0
Dunkerque;51.03;2.37;30/09/2026;21:00;20.4;7;PLUIE FAIBLE;16.1;32.0;0
Dunkerque;51.03;2.37;30/09/2026;22:00;19.6;7;PLUIE FAIBLE;16.8;31.3;0
Dunkerque;51.03;2.37;30/09/2026;23:00;18.4;7;PLUIE FAIBLE;17.3;31.0;0
Dunkerque;51.03;2.37;01/10/2026;00:00;18.4;7;PLUIE FAIBLE;17.9;31.3;0
Dunkerque;51.03;2.37;01/10/2026;01:00;18.4;7;PLUIE FAIBLE;18.2;32.0;0
Dunkerque;51.03;2.37;01/10/2026;02:00;16;6;AVERSES;18.3;32.8;0
Dunkerque;51.03;2.37;01/10/2026;03:00;16;6;AVERSES;17.8;33.1;0
Dunkerque;51.03;2.37;01/10/2026;04:00;16;6;AVERSES;17.0;33.5;0
Dunkerque;51.03;2.37;01/10/2026;05:00;16.9;6;AVERSES;16.4;33.5;0
Dunkerque;51.03;2.37;01/10/2026;06:00;16.9;6;AVERSES;16.2;32.4;0
Dunkerque;51.03;2.37;01/10/2026;07:00;16.9;6;AVERSES;16.2;30.6;0
Dunkerque;51.03;2.37;01/10/2026;08:00;16.9;6;AVERSES;15.9;29.5;0
Dunkerque;51.03;2.37;01/10/2026;09:00;17.4;6;AVERSES;15.6;28.8;0
Dunkerque;51.03;2.37;01/10/2026;10:00;17.9;6;AVERSES;15.0;28.4;0
Dunkerque;51.03;2.37;01/10/2026;11:00;19.6;6;AVERSES;14.4;28.8;0
Dunkerque;51.03;2.37;01/10/2026;12:00;19.6;6;AVERSES;14.1;29.5;0
Dunkerque;51.03;2.37;01/10/2026;13:00;19.6;6;AVERSES;14.1;31.0;0
Dunkerque;51.03;2.37;01/10/2026;14:00;19.7;6;AVERSES;13.1;32.4;0
Dunkerque;51.03;2.37;01/10/2026;15:00;20.2;6;AVERSES;9.8;34.2;0
Dunkerque;51.03;2.37;01/10/2026;16:00;19.7;6;AVERSES;5.4;36.0;0
Dunkerque;51.03;2.37;01/10/2026;17:00;17.5;7;PLUIE FAIBLE;2.4;35.6;0
Dunkerque;51.03;2.37;01/10/2026;18:00;17.5;7;PLUIE FAIBLE;2.0;30.6;0
Dunkerque;51.03;2.37;01/10/2026;19:00;17.5;7;PLUIE FAIBLE;3.9;23.4;0
Dunkerque;51.03;2.37;01/10/2026;20:00;17.9;6;AVERSES;5.7;18.0;0
Dunkerque;51.03;2.37;01/10/2026;21:00;17.4;6;AVERSES;6.7;15.8;0
Dunkerque;51.03;2.37;01/10/2026;22:00;16.9;6;AVERSES;7.7;15.5;0
Dunkerque;51.03;2.37;01/10/2026;23:00;15.7;0;SOLEIL;8.6;15.8;0
Dunkerque;51.03;2.37;02/10/2026;00:00;15.7;0;SOLEIL;10.0;18.7;0
Dunkerque;51.03;2.37;02/10/2026;01:00;15.7;0;SOLEIL;11.2;19.8;0
Dunkerque;51.03;2.37;02/10/2026;02:00;13.7;6;AVERSES;12.1;20.5;0
Dunkerque;51.03;2.37;02/10/2026;03:00;13.7;6;AVERSES;12.7;21.2;0
Dunkerque;51.03;2.37;02/10/2026;04:00;13.7;6;AVERSES;13.0;22.0;0
Dunkerque;51.03;2.37;02/10/2026;05:00;14.5;7;PLUIE FAIBLE;13.2;22.7;0
Dunkerque;51.03;2.37;02/10/2026;06:00;14.5;7;PLUIE FAIBLE;13.2;23.4;0
Dunkerque;51.03;2.37;02/10/2026;07:00;14.5;7;PLUIE FAIBLE;13.2;24.5;0
Dunkerque;51.03;2.37;02/10/2026;08:00;14.9;6;AVERSES;13.0;25.2;0
Dunkerque;51.03;2.37;02/10/2026;09:00;15.5;6;AVERSES;12.7;25.9;0
Dunkerque;51.03;2.37;02/10/2026;10:00;16.1;6;AVERSES;12.5;27.0;0
Dunkerque;51.03;2.37;02/10/2026;11:00;18.7;6;AVERSES;12.1;28.1;0
Dunkerque;51.03;2.37;02/10/2026;12:00;18.7;6;AVERSES;12.0;28.8;0
Dunkerque;51.03;2.37;02/10/2026;13:00;18.7;6;AVERSES;12.2;29.5;0
Dunkerque;51.03;2.37;02/10/2026;14:00;18.6;6;AVERSES;12.0;30.2;0
Dunkerque;51.03;2.37;02/10/2026;15:00;19.2;6;AVERSES;11.4;30.6;0
Dunkerque;51.03;2.37;02/10/2026;16:00;18.6;6;AVERSES;10.7;31.3;0
Dunkerque;51.03;2.37;02/10/2026;17:00;16.2;6;AVERSES;9.7;31.7;0
Dunkerque;51.03;2.37;02/10/2026;18:00;16.2;6;AVERSES;8.7;31.7;0
Dunkerque;51.03;2.37;02/10/2026;19:00;16.2;6;AVERSES;7.7;31.3;0
Dunkerque;51.03;2.37;02/10/2026;20:00;16.1;6;AVERSES;7.0;30.2;0
Dunkerque;51.03;2.37;02/10/2026;21:00;15.5;6;AVERSES;6.4;28.1;0
Dunkerque;51.03;2.37;02/10/2026;22:00;14.9;6;AVERSES;6.1;25.2;0
Dunkerque;51.03;2.37;02/10/2026;23:00;14.5;0;SOLEIL;5.8;21.6;0
Dunkerque;51.03;2.37;03/10/2026;00:00;14.5;0;SOLEIL;5.7;18.0;0
Dunkerque;51.03;2.37;03/10/2026;01:00;14.5;0;SOLEIL;5.6;15.1;0
Dunkerque;51.03;2.37;03/10/2026;02:00;12.6;0;SOLEIL;5.6;13.0;0
Dunkerque;51.03;2.37;03/10/2026;03:00;12.6;0;SOLEIL;5.6;11.9;0
Dunkerque;51.03;2.37;03/10/2026;04:00;12.6;0;SOLEIL;5.6;11.5;0
Dunkerque;51.03;2.37;03/10/2026;05:00;13.5;0;SOLEIL;5.6;11.5;0
Dunkerque;51.03;2.37;03/10/2026;06:00;13.5;0;SOLEIL;5.5;11.9;0
Dunkerque;51.03;2.37;03/10/2026;07:00;13.5;0;SOLEIL;5.5;12.2;0
Dunkerque;51.03;2.37;03/10/2026;08:00;14.2;0;SOLEIL;5.2;12.6;0
Dunkerque;51.03;2.37;03/10/2026;09:00;14.9;0;SOLEIL;5.1;13.0;0
Dunkerque;51.03;2.37;03/10/2026;10:00;15.7;0;SOLEIL;5.0;13.7;0
Dunkerque;51.03;2.37;03/10/2026;11:00;19;0;SOLEIL;5.1;14.4;0
Dunkerque;51.03;2.37;03/10/2026;12:00;19;0;SOLEIL;5.2;15.1;0
Dunkerque;51.03;2.37;03/10/2026;13:00;19;0;SOLEIL;5.2;15.8;0
Dunkerque;51.03;2.37;03/10/2026;14:00;18.8;0;SOLEIL;4.7;16.6;0
Dunkerque;51.03;2.37;03/10/2026;15:00;19.6;0;SOLEIL;3.5;16.9;0
Dunkerque;51.03;2.37;03/10/2026;16:00;18.8;0;SOLEIL;1.5;17.6;0
Dunkerque;51.03;2.37;03/10/2026;17:00;17;0;SOLEIL;1.7;18.0;0
Dunkerque;51.03;2.37;03/10/2026;18:00;17;0;SOLEIL;4.1;18.4;0
Dunkerque;51.03;2.37;03/10/2026;19:00;17;0;SOLEIL;6.0;18.4;0
Dunkerque;51.03;2.37;03/10/2026;20:00;15.7;0;SOLEIL;7.1;18.4;0
Dunkerque;51.03;2.37;03/10/2026;21:00;14.9;0;SOLEIL;7.2;18.0;0
Dunkerque;51.03;2.37;03/10/2026;22:00;14.2;0;SOLEIL;6.4;16.9;0
Dunkerque;51.03;2.37;03/10/2026;23:00;14.5;2;NUAGEUX;5.5;15.8;0
Hazebrouck;50.72;2.53;26/09/2026;00:00;15.6;2;NUAGEUX;11.5;16.6;0
Hazebrouck;50.72;2.53;26/09/2026;01:00;15.4;2;NUAGEUX;9.0;12.2;0
Hazebrouck;50.72;2.53;26/09/2026;02:00;15.7;2;NUAGEUX;10.1;13.0;0
Hazebrouck;50.72;2.53;26/09/2026;03:00;16.1;2;NUAGEUX;10.1;13.0;0
Hazebrouck;50.72;2.53;26/09/2026;04:00;15.6;2;NUAGEUX;9.4;12.2;0
Hazebrouck;50.72;2.53;26/09/2026;05:00;15.5;2;NUAGEUX;9.0;11.5;0
Hazebrouck;50.72;2.53;26/09/2026;06:00;16.1;2;NUAGEUX;10.1;12.2;0
Hazebrouck;50.72;2.53;26/09/2026;07:00;16.2;2;NUAGEUX;9.0;11.2;0
Hazebrouck;50.72;2.53;26/09/2026;08:00;16.6;2;NUAGEUX;10.1;12.2;0
Hazebrouck;50.72;2.53;26/09/2026;09:00;17.7;2;NUAGEUX;7.6;12.2;0
Hazebrouck;50.72;2.53;26/09/2026;10:00;18.4;2;NUAGEUX;7.9;14.0;0
Hazebrouck;50.72;2.53;26/09/2026;11:00;18.9;2;NUAGEUX;9.0;17.3;0
Hazebrouck;50.72;2.53;26/09/2026;12:00;19.6;2;NUAGEUX;9.0;18.0;0
Hazebrouck;50.72;2.53;26/09/2026;13:00;19.2;2;NUAGEUX;9.0;19.4;0
Hazebrouck;50.72;2.53;26/09/2026;14:00;19.8;2;NUAGEUX;9.7;21.2;0
Hazebrouck;50.72;2.53;26/09/2026;15:00;19.7;2;NUAGEUX;10.1;21.6;0
Hazebrouck;50.72;2.53;26/09/2026;16:00;19.9;2;NUAGEUX;10.4;22.0;0
Hazebrouck;50.72;2.53;26/09/2026;17:00;19.1;2;NUAGEUX;9.0;21.2;0
Hazebrouck;50.72;2.53;26/09/2026;18:00;17.7;2;NUAGEUX;7.6;18.4;0
Hazebrouck;50.72;2.53;26/09/2026;19:00;16.2;2;NUAGEUX;6.8;13.3;0
Hazebrouck;50.72;2.53;26/09/2026;20:00;15.7;2;NUAGEUX;7.2;9.7;0
Hazebrouck;50.72;2.53;26/09/2026;21:00;15.1;2;NUAGEUX;9.0;13.0;0
Hazebrouck;50.72;2.53;26/09/2026;22:00;14.6;2;NUAGEUX;8.3;14.0;0
Hazebrouck;50.72;2.53;26/09/2026;23:00;14.4;2;NUAGEUX;5.4;15.8;0
Hazebrouck;50.72;2.53;27/09/2026;00:00;13.5;2;NUAGEUX;10.8;14.8;0
Hazebrouck;50.72;2.53;27/09/2026;01:00;13.5;2;NUAGEUX;8.6;18.4;0
Hazebrouck;50.72;2.53;27/09/2026;02:00;12.9;5;SOLEIL VOILÉ;9.4;13.7;0
Hazebrouck;50.72;2.53;27/09/2026;03:00;12.9;5;SOLEIL VOILÉ;13.7;21.6;0
Hazebrouck;50.72;2.53;27/09/2026;04:00;12.9;5;SOLEIL VOILÉ;13.3;21.6;0
Hazebrouck;50.72;2.53;27/09/2026;05:00;12.6;5;SOLEIL VOILÉ;14.4;24.8;0
Hazebrouck;50.72;2.53;27/09/2026;06:00;12.6;5;SOLEIL VOILÉ;15.8;26.6;0
Hazebrouck;50.72;2.53;27/09/2026;07:00;12.6;5;SOLEIL VOILÉ;10.8;26.6;0
Hazebrouck;50.72;2.53;27/09/2026;08:00;16.6;5;SOLEIL VOILÉ;10.1;18.4;0
Hazebrouck;50.72;2.53;27/09/2026;09:00;16.6;5;SOLEIL VOILÉ;12.2;21.6;0
Hazebrouck;50.72;2.53;27/09/2026;10:00;16.6;5;SOLEIL VOILÉ;14.4;25.2;0
Hazebrouck;50.72;2.53;27/09/2026;11:00;23.1;5;SOLEIL VOILÉ;13.3;24.8;0
Hazebrouck;50.72;2.53;27/09/2026;12:00;23.1;5;SOLEIL VOILÉ;12.2;24.5;0
Hazebrouck;50.72;2.53;27/09/2026;13:00;23.1;5;SOLEIL VOILÉ;10.4;23.4;0
Hazebrouck;50.72;2.53;27/09/2026;14:00;24.4;5;SOLEIL VOILÉ;10.4;22.0;0
Hazebrouck;50.72;2.53;27/09/2026;15:00;24.4;5;SOLEIL VOILÉ;10.4;21.2;0
Hazebrouck;50.72;2.53;27/09/2026;16:00;24.4;5;SOLEIL VOILÉ;11.9;23.4;0
Hazebrouck;50.72;2.53;27/09/2026;17:00;21.6;5;SOLEIL VOILÉ;10.8;23.4;0
Hazebrouck;50.72;2.53;27/09/2026;18:00;21.6;5;SOLEIL VOILÉ;10.8;21.2;0
Hazebrouck;50.72;2.53;27/09/2026;19:00;21.6;5;SOLEIL VOILÉ;11.9;20.2;0
Hazebrouck;50.72;2.53;27/09/2026;20:00;18.7;5;SOLEIL VOILÉ;10.1;20.2;0
Hazebrouck;50.72;2.53;27/09/2026;21:00;18.7;5;SOLEIL VOILÉ;10.4;16.9;0
Hazebrouck;50.72;2.53;27/09/2026;22:00;18.7;5;SOLEIL VOILÉ;9.7;16.9;0
Hazebrouck;50.72;2.53;27/09/2026;23:00;17.6;2;NUAGEUX;8.6;15.8;0
Hazebrouck;50.72;2.53;28/09/2026;00:00;17.6;2;NUAGEUX;6.8;13.3;0
Hazebrouck;50.72;2.53;28/09/2026;01:00;17.6;2;NUAGEUX;6.1;10.1;0
Hazebrouck;50.72;2.53;28/09/2026;02:00;17.1;2;NUAGEUX;6.5;10.1;0
Hazebrouck;50.72;2.53;28/09/2026;03:00;17.1;2;NUAGEUX;5.4;10.1;0
Hazebrouck;50.72;2.53;28/09/2026;04:00;17.1;2;NUAGEUX;3.6;8.3;0
Hazebrouck;50.72;2.53;28/09/2026;05:00;16.7;2;NUAGEUX;5.0;6.8;0
Hazebrouck;50.72;2.53;28/09/2026;06:00;16.7;2;NUAGEUX;5.0;8.6;0
Hazebrouck;50.72;2.53;28/09/2026;07:00;16.7;2;NUAGEUX;4.7;7.2;0
Hazebrouck;50.72;2.53;28/09/2026;08:00;18.4;2;NUAGEUX;6.1;9.0;0
Hazebrouck;50.72;2.53;28/09/2026;09:00;18.4;2;NUAGEUX;6.8;10.8;0
Hazebrouck;50.72;2.53;28/09/2026;10:00;18.4;2;NUAGEUX;9.4;17.3;0
Hazebrouck;50.72;2.53;28/09/2026;11:00;20.5;5;SOLEIL VOILÉ;7.9;17.3;0
Hazebrouck;50.72;2.53;28/09/2026;12:00;20.5;5;SOLEIL VOILÉ;7.6;15.5;0
Hazebrouck;50.72;2.53;28/09/2026;13:00;20.5;5;SOLEIL VOILÉ;9.7;19.4;0
Hazebrouck;50.72;2.53;28/09/2026;14:00;18.6;5;SOLEIL VOILÉ;10.8;22.7;0
Hazebrouck;50.72;2.53;28/09/2026;15:00;18.6;5;SOLEIL VOILÉ;12.6;25.2;0
Hazebrouck;50.72;2.53;28/09/2026;16:00;18.6;5;SOLEIL VOILÉ;13.0;25.9;0
Hazebrouck;50.72;2.53;28/09/2026;17:00;17.7;5;SOLEIL VOILÉ;12.6;25.6;0
Hazebrouck;50.72;2.53;28/09/2026;18:00;17.7;5;SOLEIL VOILÉ;11.4;26.3;0
Hazebrouck;50.72;2.53;28/09/2026;19:00;17.7;5;SOLEIL VOILÉ;7.8;21.2;0
Hazebrouck;50.72;2.53;28/09/2026;20:00;18.5;2;NUAGEUX;6.4;13.8;0
Hazebrouck;50.72;2.53;28/09/2026;21:00;17.9;2;NUAGEUX;11.9;20.2;0
Hazebrouck;50.72;2.53;28/09/2026;22:00;17.3;2;NUAGEUX;11.8;21.2;0
Hazebrouck;50.72;2.53;28/09/2026;23:00;15.9;2;NUAGEUX;8.6;20.9;0
Hazebrouck;50.72;2.53;29/09/2026;00:00;15.9;2;NUAGEUX;4.4;14.8;0
Hazebrouck;50.72;2.53;29/09/2026;01:00;15.9;2;NUAGEUX;3.6;6.8;0
Hazebrouck;50.72;2.53;29/09/2026;02:00;15.1;2;NUAGEUX;5.6;10.4;0
Hazebrouck;50.72;2.53;29/09/2026;03:00;15.1;2;NUAGEUX;7.2;11.9;0
Hazebrouck;50.72;2.53;29/09/2026;04:00;15.1;2;NUAGEUX;5.7;15.8;0
Hazebrouck;50.72;2.53;29/09/2026;05:00;16;2;NUAGEUX;7.6;18.0;0
Hazebrouck;50.72;2.53;29/09/2026;06:00;16;2;NUAGEUX;7.6;13.0;0
Hazebrouck;50.72;2.53;29/09/2026;07:00;16;2;NUAGEUX;9.4;15.8;0
Hazebrouck;50.72;2.53;29/09/2026;08:00;17.9;2;NUAGEUX;7.4;15.8;0
Hazebrouck;50.72;2.53;29/09/2026;09:00;19.2;2;NUAGEUX;9.4;17.3;0
Hazebrouck;50.72;2.53;29/09/2026;10:00;20.6;2;NUAGEUX;7.2;15.5;0
Hazebrouck;50.72;2.53;29/09/2026;11:00;24.9;2;NUAGEUX;8.1;15.1;0
Hazebrouck;50.72;2.53;29/09/2026;12:00;24.9;2;NUAGEUX;8.2;17.3;0
Hazebrouck;50.72;2.53;29/09/2026;13:00;24.9;2;NUAGEUX;7.1;16.9;0
Hazebrouck;50.72;2.53;29/09/2026;14:00;26.1;2;NUAGEUX;8.1;20.5;0
Hazebrouck;50.72;2.53;29/09/2026;15:00;27.5;2;NUAGEUX;7.0;19.8;0
Hazebrouck;50.72;2.53;29/09/2026;16:00;26.1;2;NUAGEUX;7.4;18.0;0
Hazebrouck;50.72;2.53;29/09/2026;17:00;23.1;2;NUAGEUX;5.6;17.3;0
Hazebrouck;50.72;2.53;29/09/2026;18:00;23.1;2;NUAGEUX;6.7;11.2;0
Hazebrouck;50.72;2.53;29/09/2026;19:00;23.1;2;NUAGEUX;7.0;14.4;0
Hazebrouck;50.72;2.53;29/09/2026;20:00;20.6;2;NUAGEUX;8.7;16.9;0
Hazebrouck;50.72;2.53;29/09/2026;21:00;19.2;2;NUAGEUX;9.6;18.0;0
Hazebrouck;50.72;2.53;29/09/2026;22:00;17.9;2;NUAGEUX;9.2;19.4;0
Hazebrouck;50.72;2.53;29/09/2026;23:00;19.6;2;NUAGEUX;9.1;20.5;0
Hazebrouck;50.72;2.53;30/09/2026;00:00;19.6;2;NUAGEUX;9.7;20.2;0
Hazebrouck;50.72;2.53;30/09/2026;01:00;19.6;2;NUAGEUX;10.6;19.4;0
Hazebrouck;50.72;2.53;30/09/2026;02:00;17.4;7;PLUIE FAIBLE;11.0;19.1;0
Hazebrouck;50.72;2.53;30/09/2026;03:00;17.4;7;PLUIE FAIBLE;10.8;19.4;0
Hazebrouck;50.72;2.53;30/09/2026;04:00;17.4;7;PLUIE FAIBLE;10.1;20.2;0
Hazebrouck;50.72;2.53;30/09/2026;05:00;18.1;2;NUAGEUX;9.5;20.2;0
Hazebrouck;50.72;2.53;30/09/2026;06:00;18.1;2;NUAGEUX;8.8;19.1;0
Hazebrouck;50.72;2.53;30/09/2026;07:00;18.1;2;NUAGEUX;8.1;17.3;0
Hazebrouck;50.72;2.53;30/09/2026;08:00;19.3;7;PLUIE FAIBLE;8.0;16.9;0
Hazebrouck;50.72;2.53;30/09/2026;09:00;20.3;7;PLUIE FAIBLE;8.7;19.4;0
Hazebrouck;50.72;2.53;30/09/2026;10:00;21.3;7;PLUIE FAIBLE;10.0;23.8;0
Hazebrouck;50.72;2.53;30/09/2026;11:00;24.6;2;NUAGEUX;10.9;26.6;0
Hazebrouck;50.72;2.53;30/09/2026;12:00;24.6;2;NUAGEUX;11.4;27.4;0
Hazebrouck;50.72;2.53;30/09/2026;13:00;24.6;2;NUAGEUX;11.6;27.0;0
Hazebrouck;50.72;2.53;30/09/2026;14:00;25.1;7;PLUIE FAIBLE;12.0;27.0;0
Hazebrouck;50.72;2.53;30/09/2026;15:00;26.1;7;PLUIE FAIBLE;12.5;27.7;0
Hazebrouck;50.72;2.53;30/09/2026;16:00;25.1;7;PLUIE FAIBLE;13.2;29.2;0
Hazebrouck;50.72;2.53;30/09/2026;17:00;21.2;7;PLUIE FAIBLE;13.8;29.9;0
Hazebrouck;50.72;2.53;30/09/2026;18:00;21.2;7;PLUIE FAIBLE;13.9;30.2;0
Hazebrouck;50.72;2.53;30/09/2026;19:00;21.2;7;PLUIE FAIBLE;13.6;30.2;0
Hazebrouck;50.72;2.53;30/09/2026;20:00;21.3;7;PLUIE FAIBLE;13.6;29.9;0
Hazebrouck;50.72;2.53;30/09/2026;21:00;20.3;7;PLUIE FAIBLE;13.6;28.4;0
Hazebrouck;50.72;2.53;30/09/2026;22:00;19.3;7;PLUIE FAIBLE;13.8;26.3;0
Hazebrouck;50.72;2.53;30/09/2026;23:00;17.7;7;PLUIE FAIBLE;13.9;25.2;0
Hazebrouck;50.72;2.53;01/10/2026;00:00;17.7;7;PLUIE FAIBLE;14.5;25.9;0
Hazebrouck;50.72;2.53;01/10/2026;01:00;17.7;7;PLUIE FAIBLE;15.2;27.0;0
Hazebrouck;50.72;2.53;01/10/2026;02:00;14.9;7;PLUIE FAIBLE;15.5;28.1;0
Hazebrouck;50.72;2.53;01/10/2026;03:00;14.9;7;PLUIE FAIBLE;14.6;28.1;0
Hazebrouck;50.72;2.53;01/10/2026;04:00;14.9;7;PLUIE FAIBLE;13.3;27.7;0
Hazebrouck;50.72;2.53;01/10/2026;05:00;16.1;6;AVERSES;12.2;27.0;0
Hazebrouck;50.72;2.53;01/10/2026;06:00;16.1;6;AVERSES;11.7;25.2;0
Hazebrouck;50.72;2.53;01/10/2026;07:00;16.1;6;AVERSES;11.4;22.7;0
Hazebrouck;50.72;2.53;01/10/2026;08:00;16.0;7;PLUIE FAIBLE;11.2;21.2;0
Hazebrouck;50.72;2.53;01/10/2026;09:00;16.6;7;PLUIE FAIBLE;11.2;20.9;0
Hazebrouck;50.72;2.53;01/10/2026;10:00;17.1;7;PLUIE FAIBLE;11.3;21.6;0
Hazebrouck;50.72;2.53;01/10/2026;11:00;19.2;7;PLUIE FAIBLE;11.5;23.4;0
Hazebrouck;50.72;2.53;01/10/2026;12:00;19.2;7;PLUIE FAIBLE;12.0;27.0;0
Hazebrouck;50.72;2.53;01/10/2026;13:00;19.2;7;PLUIE FAIBLE;13.5;31.3;0
Hazebrouck;50.72;2.53;01/10/2026;14:00;19.3;7;PLUIE FAIBLE;14.3;34.6;0
Hazebrouck;50.72;2.53;01/10/2026;15:00;19.9;7;PLUIE FAIBLE;13.9;35.6;0
Hazebrouck;50.72;2.53;01/10/2026;16:00;19.3;7;PLUIE FAIBLE;13.5;35.3;0
Hazebrouck;50.72;2.53;01/10/2026;17:00;16.6;7;PLUIE FAIBLE;12.6;34.6;0
Hazebrouck;50.72;2.53;01/10/2026;18:00;16.6;7;PLUIE FAIBLE;9.7;33.8;0
Hazebrouck;50.72;2.53;01/10/2026;19:00;16.6;7;PLUIE FAIBLE;6.9;32.8;0
Hazebrouck;50.72;2.53;01/10/2026;20:00;17.1;7;PLUIE FAIBLE;6.7;30.6;0
Hazebrouck;50.72;2.53;01/10/2026;21:00;16.6;7;PLUIE FAIBLE;6.9;26.3;0
Hazebrouck;50.72;2.53;01/10/2026;22:00;16.0;7;PLUIE FAIBLE;7.1;20.5;0
Hazebrouck;50.72;2.53;01/10/2026;23:00;14;0;SOLEIL;7.6;16.6;0
Hazebrouck;50.72;2.53;02/10/2026;00:00;14;0;SOLEIL;8.1;19.8;0
Hazebrouck;50.72;2.53;02/10/2026;01:00;14;0;SOLEIL;8.7;17.3;0
Hazebrouck;50.72;2.53;02/10/2026;02:00;11.6;0;SOLEIL;9.2;15.8;0
Hazebrouck;50.72;2.53;02/10/2026;03:00;11.6;0;SOLEIL;9.6;15.5;0
Hazebrouck;50.72;2.53;02/10/2026;04:00;11.6;0;SOLEIL;10.1;15.5;0
Hazebrouck;50.72;2.53;02/10/2026;05:00;12.5;0;SOLEIL;10.5;16.2;0
Hazebrouck;50.72;2.53;02/10/2026;06:00;12.5;0;SOLEIL;10.9;17.3;0
Hazebrouck;50.72;2.53;02/10/2026;07:00;12.5;0;SOLEIL;11.2;18.7;0
Hazebrouck;50.72;2.53;02/10/2026;08:00;13.4;0;SOLEIL;11.5;19.8;0
Hazebrouck;50.72;2.53;02/10/2026;09:00;14.3;0;SOLEIL;11.7;21.2;0
Hazebrouck;50.72;2.53;02/10/2026;10:00;15.2;0;SOLEIL;12.0;22.7;0
Hazebrouck;50.72;2.53;02/10/2026;11:00;19;6;AVERSES;12.1;24.5;0
Hazebrouck;50.72;2.53;02/10/2026;12:00;19;6;AVERSES;12.3;26.3;0
Hazebrouck;50.72;2.53;02/10/2026;13:00;19;6;AVERSES;12.3;27.7;0
Hazebrouck;50.72;2.53;02/10/2026;14:00;18.8;0;SOLEIL;12.1;28.8;0
Hazebrouck;50.72;2.53;02/10/2026;15:00;19.7;0;SOLEIL;11.6;29.5;0
Hazebrouck;50.72;2.53;02/10/2026;16:00;18.8;0;SOLEIL;10.8;30.2;0
Hazebrouck;50.72;2.53;02/10/2026;17:00;16.1;7;PLUIE FAIBLE;9.9;30.6;0
Hazebrouck;50.72;2.53;02/10/2026;18:00;16.1;7;PLUIE FAIBLE;9.0;30.6;0
Hazebrouck;50.72;2.53;02/10/2026;19:00;16.1;7;PLUIE FAIBLE;8.0;30.2;0
Hazebrouck;50.72;2.53;02/10/2026;20:00;15.2;0;SOLEIL;7.1;29.2;0
Hazebrouck;50.72;2.53;02/10/2026;21:00;14.3;0;SOLEIL;6.3;27.4;0
Hazebrouck;50.72;2.53;02/10/2026;22:00;13.4;0;SOLEIL;5.4;24.5;0
Hazebrouck;50.72;2.53;02/10/2026;23:00;13.1;0;SOLEIL;4.6;21.2;0
Hazebrouck;50.72;2.53;03/10/2026;00:00;13.1;0;SOLEIL;3.8;17.6;0
Hazebrouck;50.72;2.53;03/10/2026;01:00;13.1;0;SOLEIL;3.3;14.8;0
Hazebrouck;50.72;2.53;03/10/2026;02:00;10.9;0;SOLEIL;2.8;12.2;0
Hazebrouck;50.72;2.53;03/10/2026;03:00;10.9;0;SOLEIL;2.7;10.4;0
Hazebrouck;50.72;2.53;03/10/2026;04:00;10.9;0;SOLEIL;2.7;9.0;0
Hazebrouck;50.72;2.53;03/10/2026;05:00;11.9;0;SOLEIL;2.9;7.6;0
Hazebrouck;50.72;2.53;03/10/2026;06:00;11.9;0;SOLEIL;3.1;6.8;0
Hazebrouck;50.72;2.53;03/10/2026;07:00;11.9;0;SOLEIL;3.2;6.5;0
Hazebrouck;50.72;2.53;03/10/2026;08:00;12.9;0;SOLEIL;3.5;6.5;0
Hazebrouck;50.72;2.53;03/10/2026;09:00;14.0;0;SOLEIL;3.8;7.2;0
Hazebrouck;50.72;2.53;03/10/2026;10:00;15.0;0;SOLEIL;4.4;9.0;0
Hazebrouck;50.72;2.53;03/10/2026;11:00;19.4;0;SOLEIL;5.0;11.2;0
Hazebrouck;50.72;2.53;03/10/2026;12:00;19.4;0;SOLEIL;5.6;13.3;0
Hazebrouck;50.72;2.53;03/10/2026;13:00;19.4;0;SOLEIL;5.7;15.1;0
Hazebrouck;50.72;2.53;03/10/2026;14:00;19.1;0;SOLEIL;5.6;16.6;0
Hazebrouck;50.72;2.53;03/10/2026;15:00;20.1;0;SOLEIL;4.6;17.3;0
Hazebrouck;50.72;2.53;03/10/2026;16:00;19.1;0;SOLEIL;2.9;17.3;0
Hazebrouck;50.72;2.53;03/10/2026;17:00;16.6;0;SOLEIL;1.0;17.3;0
Hazebrouck;50.72;2.53;03/10/2026;18:00;16.6;0;SOLEIL;1.2;17.3;0
Hazebrouck;50.72;2.53;03/10/2026;19:00;16.6;0;SOLEIL;2.8;16.9;0
Hazebrouck;50.72;2.53;03/10/2026;20:00;15.0;0;SOLEIL;3.7;16.6;0
Hazebrouck;50.72;2.53;03/10/2026;21:00;14.0;0;SOLEIL;3.9;16.2;0
Hazebrouck;50.72;2.53;03/10/2026;22:00;12.9;0;SOLEIL;3.7;15.8;0
Hazebrouck;50.72;2.53;03/10/2026;23:00;13.2;2;NUAGEUX;3.1;15.1;0
Valenciennes;50.36;3.52;26/09/2026;00:00;15.5;0;SOLEIL;8.6;16.2;0
Valenciennes;50.36;3.52;26/09/2026;01:00;15.4;0;SOLEIL;8.3;15.1;0
Valenciennes;50.36;3.52;26/09/2026;02:00;14.9;2;NUAGEUX;7.9;14.8;0
Valenciennes;50.36;3.52;26/09/2026;03:00;15.2;2;NUAGEUX;8.3;14.4;0
Valenciennes;50.36;3.52;26/09/2026;04:00;15.2;2;NUAGEUX;10.1;18.0;0
Valenciennes;50.36;3.52;26/09/2026;05:00;14.6;2;NUAGEUX;10.4;18.7;0
Valenciennes;50.36;3.52;26/09/2026;06:00;15.9;2;NUAGEUX;11.2;19.8;0
Valenciennes;50.36;3.52;26/09/2026;07:00;16.1;2;NUAGEUX;12.6;24.5;0
Valenciennes;50.36;3.52;26/09/2026;08:00;17.1;2;NUAGEUX;11.5;22.7;0
Valenciennes;50.36;3.52;26/09/2026;09:00;18.6;2;NUAGEUX;11.9;24.8;0
Valenciennes;50.36;3.52;26/09/2026;10:00;19.7;2;NUAGEUX;11.2;24.5;0
Valenciennes;50.36;3.52;26/09/2026;11:00;20.1;2;NUAGEUX;10.1;23.4;0
Valenciennes;50.36;3.52;26/09/2026;12:00;20.7;2;NUAGEUX;10.4;23.4;0
Valenciennes;50.36;3.52;26/09/2026;13:00;21.4;2;NUAGEUX;9.4;23.8;0
Valenciennes;50.36;3.52;26/09/2026;14:00;21.2;2;NUAGEUX;9.0;22.7;0
Valenciennes;50.36;3.52;26/09/2026;15:00;20.8;2;NUAGEUX;9.4;23.0;0
Valenciennes;50.36;3.52;26/09/2026;16:00;20.7;2;NUAGEUX;9.0;23.0;0
Valenciennes;50.36;3.52;26/09/2026;17:00;20.1;2;NUAGEUX;9.0;22.0;0
Valenciennes;50.36;3.52;26/09/2026;18:00;18.7;2;NUAGEUX;8.3;20.9;0
Valenciennes;50.36;3.52;26/09/2026;19:00;17.9;2;NUAGEUX;8.6;18.0;0
Valenciennes;50.36;3.52;26/09/2026;20:00;17.1;2;NUAGEUX;7.9;15.8;0
Valenciennes;50.36;3.52;26/09/2026;21:00;15.7;2;NUAGEUX;9.7;16.2;0
Valenciennes;50.36;3.52;26/09/2026;22:00;15.2;2;NUAGEUX;13.0;25.2;0
Valenciennes;50.36;3.52;26/09/2026;23:00;14.7;2;NUAGEUX;13.3;24.8;0
Valenciennes;50.36;3.52;27/09/2026;00:00;13.7;2;NUAGEUX;12.6;25.9;0
Valenciennes;50.36;3.52;27/09/2026;01:00;13.7;2;NUAGEUX;9.4;23.8;0
Valenciennes;50.36;3.52;27/09/2026;02:00;11.6;0;SOLEIL;9.7;17.6;0
Valenciennes;50.36;3.52;27/09/2026;03:00;11.6;0;SOLEIL;8.3;18.0;0
Valenciennes;50.36;3.52;27/09/2026;04:00;11.6;0;SOLEIL;7.6;14.0;0
Valenciennes;50.36;3.52;27/09/2026;05:00;12.2;5;SOLEIL VOILÉ;7.2;13.3;0
Valenciennes;50.36;3.52;27/09/2026;06:00;12.2;5;SOLEIL VOILÉ;9.4;18.4;0
Valenciennes;50.36;3.52;27/09/2026;07:00;12.2;5;SOLEIL VOILÉ;9.4;20.2;0
Valenciennes;50.36;3.52;27/09/2026;08:00;18.9;5;SOLEIL VOILÉ;9.0;20.2;0
Valenciennes;50.36;3.52;27/09/2026;09:00;18.9;5;SOLEIL VOILÉ;9.4;20.2;0
Valenciennes;50.36;3.52;27/09/2026;10:00;18.9;5;SOLEIL VOILÉ;10.8;23.8;0
Valenciennes;50.36;3.52;27/09/2026;11:00;23;5;SOLEIL VOILÉ;11.5;24.8;0
Valenciennes;50.36;3.52;27/09/2026;12:00;23;5;SOLEIL VOILÉ;9.7;24.8;0
Valenciennes;50.36;3.52;27/09/2026;13:00;23;5;SOLEIL VOILÉ;9.4;21.2;0
Valenciennes;50.36;3.52;27/09/2026;14:00;25.6;5;SOLEIL VOILÉ;10.1;25.6;0
Valenciennes;50.36;3.52;27/09/2026;15:00;25.6;5;SOLEIL VOILÉ;6.8;21.2;0
Valenciennes;50.36;3.52;27/09/2026;16:00;25.6;5;SOLEIL VOILÉ;9.7;20.9;0
Valenciennes;50.36;3.52;27/09/2026;17:00;22.6;5;SOLEIL VOILÉ;6.5;21.6;0
Valenciennes;50.36;3.52;27/09/2026;18:00;22.6;5;SOLEIL VOILÉ;4.7;14.0;0
Valenciennes;50.36;3.52;27/09/2026;19:00;22.6;5;SOLEIL VOILÉ;11.2;22.3;0
Valenciennes;50.36;3.52;27/09/2026;20:00;19.7;5;SOLEIL VOILÉ;9.4;22.7;0
Valenciennes;50.36;3.52;27/09/2026;21:00;19.7;5;SOLEIL VOILÉ;8.3;19.1;0
Valenciennes;50.36;3.52;27/09/2026;22:00;19.7;5;SOLEIL VOILÉ;6.5;16.2;0
Valenciennes;50.36;3.52;27/09/2026;23:00;18.5;5;SOLEIL VOILÉ;8.6;16.6;0
Valenciennes;50.36;3.52;28/09/2026;00:00;18.5;5;SOLEIL VOILÉ;8.3;18.0;0
Valenciennes;50.36;3.52;28/09/2026;01:00;18.5;5;SOLEIL VOILÉ;6.8;15.8;0
Valenciennes;50.36;3.52;28/09/2026;02:00;17.1;2;NUAGEUX;6.8;13.3;0
Valenciennes;50.36;3.52;28/09/2026;03:00;17.1;2;NUAGEUX;7.2;14.0;0
Valenciennes;50.36;3.52;28/09/2026;04:00;17.1;2;NUAGEUX;6.5;14.0;0
Valenciennes;50.36;3.52;28/09/2026;05:00;16.6;2;NUAGEUX;6.1;12.2;0
Valenciennes;50.36;3.52;28/09/2026;06:00;16.6;2;NUAGEUX;5.8;11.2;0
Valenciennes;50.36;3.52;28/09/2026;07:00;16.6;2;NUAGEUX;5.0;10.4;0
Valenciennes;50.36;3.52;28/09/2026;08:00;19.6;5;SOLEIL VOILÉ;4.7;9.7;0
Valenciennes;50.36;3.52;28/09/2026;09:00;19.6;5;SOLEIL VOILÉ;3.6;9.4;0
Valenciennes;50.36;3.52;28/09/2026;10:00;19.6;5;SOLEIL VOILÉ;6.5;14.8;0
Valenciennes;50.36;3.52;28/09/2026;11:00;24.2;2;NUAGEUX;8.3;18.4;0
Valenciennes;50.36;3.52;28/09/2026;12:00;24.2;2;NUAGEUX;7.6;18.4;0
Valenciennes;50.36;3.52;28/09/2026;13:00;24.2;2;NUAGEUX;9.7;23.0;0
Valenciennes;50.36;3.52;28/09/2026;14:00;23.7;5;SOLEIL VOILÉ;11.9;27.4;0
Valenciennes;50.36;3.52;28/09/2026;15:00;23.7;5;SOLEIL VOILÉ;13.3;29.5;0
Valenciennes;50.36;3.52;28/09/2026;16:00;23.7;5;SOLEIL VOILÉ;12.6;29.5;0
Valenciennes;50.36;3.52;28/09/2026;17:00;19.4;6;AVERSES;11.5;28.1;0
Valenciennes;50.36;3.52;28/09/2026;18:00;19.4;6;AVERSES;13.1;27.4;0
Valenciennes;50.36;3.52;28/09/2026;19:00;19.4;6;AVERSES;12.5;29.3;0
Valenciennes;50.36;3.52;28/09/2026;20:00;20.3;7;PLUIE FAIBLE;7.9;23.0;0
Valenciennes;50.36;3.52;28/09/2026;21:00;19.2;7;PLUIE FAIBLE;8.9;15.1;0
Valenciennes;50.36;3.52;28/09/2026;22:00;18.2;7;PLUIE FAIBLE;12.8;24.1;0
Valenciennes;50.36;3.52;28/09/2026;23:00;16.2;2;NUAGEUX;13.5;26.6;0
Valenciennes;50.36;3.52;29/09/2026;00:00;16.2;2;NUAGEUX;11.5;26.3;0
Valenciennes;50.36;3.52;29/09/2026;01:00;16.2;2;NUAGEUX;7.7;22.0;0
Valenciennes;50.36;3.52;29/09/2026;02:00;15.2;2;NUAGEUX;7.0;13.7;0
Valenciennes;50.36;3.52;29/09/2026;03:00;15.2;2;NUAGEUX;7.1;12.2;0
Valenciennes;50.36;3.52;29/09/2026;04:00;15.2;2;NUAGEUX;7.5;14.8;0
Valenciennes;50.36;3.52;29/09/2026;05:00;16.1;7;PLUIE FAIBLE;8.3;14.8;0
Valenciennes;50.36;3.52;29/09/2026;06:00;16.1;7;PLUIE FAIBLE;8.2;15.1;0
Valenciennes;50.36;3.52;29/09/2026;07:00;16.1;7;PLUIE FAIBLE;8.3;15.1;0
Valenciennes;50.36;3.52;29/09/2026;08:00;18.0;2;NUAGEUX;5.4;15.8;0
Valenciennes;50.36;3.52;29/09/2026;09:00;19.4;2;NUAGEUX;6.5;12.6;0
Valenciennes;50.36;3.52;29/09/2026;10:00;20.8;2;NUAGEUX;4.2;12.2;0
Valenciennes;50.36;3.52;29/09/2026;11:00;26;2;NUAGEUX;4.0;11.2;0
Valenciennes;50.36;3.52;29/09/2026;12:00;26;2;NUAGEUX;3.6;12.2;0
Valenciennes;50.36;3.52;29/09/2026;13:00;26;2;NUAGEUX;2.9;14.0;0
Valenciennes;50.36;3.52;29/09/2026;14:00;26.3;2;NUAGEUX;4.6;16.6;0
Valenciennes;50.36;3.52;29/09/2026;15:00;27.7;2;NUAGEUX;5.8;23.8;0
Valenciennes;50.36;3.52;29/09/2026;16:00;26.3;2;NUAGEUX;5.0;23.4;0
Valenciennes;50.36;3.52;29/09/2026;17:00;23.4;2;NUAGEUX;7.3;19.4;0
Valenciennes;50.36;3.52;29/09/2026;18:00;23.4;2;NUAGEUX;4.3;22.0;0
Valenciennes;50.36;3.52;29/09/2026;19:00;23.4;2;NUAGEUX;11.0;19.1;0
Valenciennes;50.36;3.52;29/09/2026;20:00;20.8;2;NUAGEUX;10.6;20.2;0
Valenciennes;50.36;3.52;29/09/2026;21:00;19.4;2;NUAGEUX;10.6;20.2;0
Valenciennes;50.36;3.52;29/09/2026;22:00;18.0;2;NUAGEUX;10.5;19.8;0
Valenciennes;50.36;3.52;29/09/2026;23:00;20.1;2;NUAGEUX;10.7;19.4;0
Valenciennes;50.36;3.52;30/09/2026;00:00;20.1;2;NUAGEUX;9.9;19.8;0
Valenciennes;50.36;3.52;30/09/2026;01:00;20.1;2;NUAGEUX;8.3;20.2;0
Valenciennes;50.36;3.52;30/09/2026;02:00;17.7;2;NUAGEUX;7.1;19.8;0
Valenciennes;50.36;3.52;30/09/2026;03:00;17.7;2;NUAGEUX;6.5;18.4;0
Valenciennes;50.36;3.52;30/09/2026;04:00;17.7;2;NUAGEUX;6.9;15.8;0
Valenciennes;50.36;3.52;30/09/2026;05:00;18.7;2;NUAGEUX;7.4;14.4;0
Valenciennes;50.36;3.52;30/09/2026;06:00;18.7;2;NUAGEUX;7.0;14.0;0
Valenciennes;50.36;3.52;30/09/2026;07:00;18.7;2;NUAGEUX;6.0;14.0;0
Valenciennes;50.36;3.52;30/09/2026;08:00;19.7;2;NUAGEUX;5.4;14.4;0
Valenciennes;50.36;3.52;30/09/2026;09:00;20.6;2;NUAGEUX;5.4;15.1;0
Valenciennes;50.36;3.52;30/09/2026;10:00;21.6;2;NUAGEUX;5.9;15.8;0
Valenciennes;50.36;3.52;30/09/2026;11:00;25.1;2;NUAGEUX;6.5;17.3;0
Valenciennes;50.36;3.52;30/09/2026;12:00;25.1;2;NUAGEUX;6.8;19.1;0
Valenciennes;50.36;3.52;30/09/2026;13:00;25.1;2;NUAGEUX;8.0;21.2;0
Valenciennes;50.36;3.52;30/09/2026;14:00;25.5;2;NUAGEUX;9.6;23.8;0
Valenciennes;50.36;3.52;30/09/2026;15:00;26.5;2;NUAGEUX;11.5;27.0;0
Valenciennes;50.36;3.52;30/09/2026;16:00;25.5;2;NUAGEUX;13.8;31.0;0
Valenciennes;50.36;3.52;30/09/2026;17:00;22.9;2;NUAGEUX;15.1;33.5;0
Valenciennes;50.36;3.52;30/09/2026;18:00;22.9;2;NUAGEUX;14.1;33.8;0
Valenciennes;50.36;3.52;30/09/2026;19:00;22.9;2;NUAGEUX;11.9;32.8;0
Valenciennes;50.36;3.52;30/09/2026;20:00;21.6;2;NUAGEUX;11.2;32.4;0
Valenciennes;50.36;3.52;30/09/2026;21:00;20.6;2;NUAGEUX;12.8;33.5;0
Valenciennes;50.36;3.52;30/09/2026;22:00;19.7;2;NUAGEUX;16.0;34.9;0
Valenciennes;50.36;3.52;30/09/2026;23:00;19.2;7;PLUIE FAIBLE;18.7;36.0;0
Valenciennes;50.36;3.52;01/10/2026;00:00;19.2;7;PLUIE FAIBLE;19.6;36.7;0
Valenciennes;50.36;3.52;01/10/2026;01:00;19.2;7;PLUIE FAIBLE;19.8;37.4;0
Valenciennes;50.36;3.52;01/10/2026;02:00;15.9;6;AVERSES;19.4;37.8;0
Valenciennes;50.36;3.52;01/10/2026;03:00;15.9;6;AVERSES;18.6;38.5;0
Valenciennes;50.36;3.52;01/10/2026;04:00;15.9;6;AVERSES;17.3;38.9;0
Valenciennes;50.36;3.52;01/10/2026;05:00;17;6;AVERSES;16.3;38.5;0
Valenciennes;50.36;3.52;01/10/2026;06:00;17;6;AVERSES;15.7;36.7;0
Valenciennes;50.36;3.52;01/10/2026;07:00;17;6;AVERSES;15.5;33.8;0
Valenciennes;50.36;3.52;01/10/2026;08:00;17.0;6;AVERSES;14.9;31.7;0
Valenciennes;50.36;3.52;01/10/2026;09:00;17.5;6;AVERSES;13.7;30.2;0
Valenciennes;50.36;3.52;01/10/2026;10:00;18.0;6;AVERSES;12.2;29.5;0
Valenciennes;50.36;3.52;01/10/2026;11:00;20.1;7;PLUIE FAIBLE;11.3;29.2;0
Valenciennes;50.36;3.52;01/10/2026;12:00;20.1;7;PLUIE FAIBLE;11.3;29.9;0
Valenciennes;50.36;3.52;01/10/2026;13:00;20.1;7;PLUIE FAIBLE;11.7;31.3;0
Valenciennes;50.36;3.52;01/10/2026;14:00;20.2;6;AVERSES;11.8;31.7;0
Valenciennes;50.36;3.52;01/10/2026;15:00;20.7;6;AVERSES;10.7;30.2;0
Valenciennes;50.36;3.52;01/10/2026;16:00;20.2;6;AVERSES;9.3;28.4;0
Valenciennes;50.36;3.52;01/10/2026;17:00;17.6;6;AVERSES;8.3;27.0;0
Valenciennes;50.36;3.52;01/10/2026;18:00;17.6;6;AVERSES;8.5;27.4;0
Valenciennes;50.36;3.52;01/10/2026;19:00;17.6;6;AVERSES;10.1;28.4;0
Valenciennes;50.36;3.52;01/10/2026;20:00;18.0;6;AVERSES;11.4;29.2;0
Valenciennes;50.36;3.52;01/10/2026;21:00;17.5;6;AVERSES;11.7;28.8;0
Valenciennes;50.36;3.52;01/10/2026;22:00;17.0;6;AVERSES;12.2;28.1;0
Valenciennes;50.36;3.52;01/10/2026;23:00;14;0;SOLEIL;12.5;27.0;0
Valenciennes;50.36;3.52;02/10/2026;00:00;14;0;SOLEIL;11.3;24.8;0
Valenciennes;50.36;3.52;02/10/2026;01:00;14;0;SOLEIL;11.2;23.8;0
Valenciennes;50.36;3.52;02/10/2026;02:00;11.9;0;SOLEIL;10.9;23.0;0
Valenciennes;50.36;3.52;02/10/2026;03:00;11.9;0;SOLEIL;10.5;22.3;0
Valenciennes;50.36;3.52;02/10/2026;04:00;11.9;0;SOLEIL;10.0;21.6;0
Valenciennes;50.36;3.52;02/10/2026;05:00;12.9;0;SOLEIL;9.3;20.9;0
Valenciennes;50.36;3.52;02/10/2026;06:00;12.9;0;SOLEIL;8.7;20.5;0
Valenciennes;50.36;3.52;02/10/2026;07:00;12.9;0;SOLEIL;8.2;20.2;0
Valenciennes;50.36;3.52;02/10/2026;08:00;13.7;0;SOLEIL;7.8;20.2;0
Valenciennes;50.36;3.52;02/10/2026;09:00;14.7;0;SOLEIL;7.7;20.5;0
Valenciennes;50.36;3.52;02/10/2026;10:00;15.6;0;SOLEIL;7.8;21.6;0
Valenciennes;50.36;3.52;02/10/2026;11:00;19.6;7;PLUIE FAIBLE;8.0;22.7;0
Valenciennes;50.36;3.52;02/10/2026;12:00;19.6;7;PLUIE FAIBLE;8.2;23.8;0
Valenciennes;50.36;3.52;02/10/2026;13:00;19.6;7;PLUIE FAIBLE;8.4;24.8;0
Valenciennes;50.36;3.52;02/10/2026;14:00;19.3;0;SOLEIL;8.2;25.6;0
Valenciennes;50.36;3.52;02/10/2026;15:00;20.2;0;SOLEIL;7.9;25.9;0
Valenciennes;50.36;3.52;02/10/2026;16:00;19.3;0;SOLEIL;7.5;26.6;0
Valenciennes;50.36;3.52;02/10/2026;17:00;16.5;6;AVERSES;7.1;27.0;0
Valenciennes;50.36;3.52;02/10/2026;18:00;16.5;6;AVERSES;6.5;27.0;0
Valenciennes;50.36;3.52;02/10/2026;19:00;16.5;6;AVERSES;6.1;26.6;0
Valenciennes;50.36;3.52;02/10/2026;20:00;15.6;0;SOLEIL;5.4;25.9;0
Valenciennes;50.36;3.52;02/10/2026;21:00;14.7;0;SOLEIL;4.4;24.5;0
Valenciennes;50.36;3.52;02/10/2026;22:00;13.7;0;SOLEIL;2.8;22.3;0
Valenciennes;50.36;3.52;02/10/2026;23:00;13.1;0;SOLEIL;1.1;19.8;0
Valenciennes;50.36;3.52;03/10/2026;00:00;13.1;0;SOLEIL;0.5;17.3;0
Valenciennes;50.36;3.52;03/10/2026;01:00;13.1;0;SOLEIL;2.0;15.1;0
Valenciennes;50.36;3.52;03/10/2026;02:00;10.7;0;SOLEIL;2.8;13.0;0
Valenciennes;50.36;3.52;03/10/2026;03:00;10.7;0;SOLEIL;2.8;11.2;0
Valenciennes;50.36;3.52;03/10/2026;04:00;10.7;0;SOLEIL;2.5;9.4;0
Valenciennes;50.36;3.52;03/10/2026;05:00;11.9;0;SOLEIL;1.9;7.9;0
Valenciennes;50.36;3.52;03/10/2026;06:00;11.9;0;SOLEIL;1.4;6.5;0
Valenciennes;50.36;3.52;03/10/2026;07:00;11.9;0;SOLEIL;1.5;5.8;0
Valenciennes;50.36;3.52;03/10/2026;08:00;12.9;0;SOLEIL;1.5;5.4;0
Valenciennes;50.36;3.52;03/10/2026;09:00;14.0;0;SOLEIL;1.4;6.1;0
Valenciennes;50.36;3.52;03/10/2026;10:00;15.1;0;SOLEIL;1.4;7.2;0
Valenciennes;50.36;3.52;03/10/2026;11:00;20;0;SOLEIL;1.1;9.0;0
Valenciennes;50.36;3.52;03/10/2026;12:00;20;0;SOLEIL;0.7;10.8;0
Valenciennes;50.36;3.52;03/10/2026;13:00;20;0;SOLEIL;0.4;12.6;0
Valenciennes;50.36;3.52;03/10/2026;14:00;19.6;0;SOLEIL;0.8;13.7;0
Valenciennes;50.36;3.52;03/10/2026;15:00;20.7;0;SOLEIL;1.7;14.0;0
Valenciennes;50.36;3.52;03/10/2026;16:00;19.6;0;SOLEIL;3.1;14.0;0
Valenciennes;50.36;3.52;03/10/2026;17:00;16.6;0;SOLEIL;4.7;14.0;0
Valenciennes;50.36;3.52;03/10/2026;18:00;16.6;0;SOLEIL;6.1;13.7;0
Valenciennes;50.36;3.52;03/10/2026;19:00;16.6;0;SOLEIL;7.1;13.3;0
Valenciennes;50.36;3.52;03/10/2026;20:00;15.1;0;SOLEIL;7.6;13.3;0
Valenciennes;50.36;3.52;03/10/2026;21:00;14.0;0;SOLEIL;7.2;13.7;0
Valenciennes;50.36;3.52;03/10/2026;22:00;12.9;0;SOLEIL;6.3;14.0;0
Valenciennes;50.36;3.52;03/10/2026;23:00;13.1;0;SOLEIL;5.1;14.4;0
Beauvais;49.43;2.08;26/09/2026;00:00;15.6;2;NUAGEUX;2.9;7.9;0
Beauvais;49.43;2.08;26/09/2026;01:00;16.4;2;NUAGEUX;2.9;5.8;0
Beauvais;49.43;2.08;26/09/2026;02:00;16.5;2;NUAGEUX;3.3;5.8;0
Beauvais;49.43;2.08;26/09/2026;03:00;15.9;2;NUAGEUX;2.2;5.8;0
Beauvais;49.43;2.08;26/09/2026;04:00;14.7;2;NUAGEUX;1.8;4.7;0
Beauvais;49.43;2.08;26/09/2026;05:00;14.6;2;NUAGEUX;1.1;3.6;0
Beauvais;49.43;2.08;26/09/2026;06:00;15;2;NUAGEUX;2.6;5.8;0
Beauvais;49.43;2.08;26/09/2026;07:00;15.1;2;NUAGEUX;3.1;6.8;0
Beauvais;49.43;2.08;26/09/2026;08:00;16.7;2;NUAGEUX;1.8;6.5;0
Beauvais;49.43;2.08;26/09/2026;09:00;17.9;2;NUAGEUX;1.4;4.7;0
Beauvais;49.43;2.08;26/09/2026;10:00;18.4;2;NUAGEUX;2.2;6.8;0
Beauvais;49.43;2.08;26/09/2026;11:00;19.7;2;NUAGEUX;3.4;8.6;0
Beauvais;49.43;2.08;26/09/2026;12:00;21.2;2;NUAGEUX;6.9;16.2;0
Beauvais;49.43;2.08;26/09/2026;13:00;22;2;NUAGEUX;8.8;20.5;0
Beauvais;49.43;2.08;26/09/2026;14:00;22.6;2;NUAGEUX;9.5;22.3;0
Beauvais;49.43;2.08;26/09/2026;15:00;23;2;NUAGEUX;9.8;22.7;0
Beauvais;49.43;2.08;26/09/2026;16:00;22.7;2;NUAGEUX;9.7;23.0;0
Beauvais;49.43;2.08;26/09/2026;17:00;22;2;NUAGEUX;10.1;23.0;0
Beauvais;49.43;2.08;26/09/2026;18:00;20.6;2;NUAGEUX;9.3;23.0;0
Beauvais;49.43;2.08;26/09/2026;19:00;18.6;2;NUAGEUX;8.4;20.9;0
Beauvais;49.43;2.08;26/09/2026;20:00;17.6;2;NUAGEUX;5.6;16.6;0
Beauvais;49.43;2.08;26/09/2026;21:00;16.4;2;NUAGEUX;4.9;11.9;0
Beauvais;49.43;2.08;26/09/2026;22:00;14.4;2;NUAGEUX;4.7;10.1;0
Beauvais;49.43;2.08;26/09/2026;23:00;13.2;2;NUAGEUX;2.5;11.2;0
Beauvais;49.43;2.08;27/09/2026;00:00;13.2;2;NUAGEUX;4.7;9.7;0
Beauvais;49.43;2.08;27/09/2026;01:00;13.2;2;NUAGEUX;5.1;10.8;0
Beauvais;49.43;2.08;27/09/2026;02:00;11;0;SOLEIL;5.6;11.5;0
Beauvais;49.43;2.08;27/09/2026;03:00;11;0;SOLEIL;6.6;13.0;0
Beauvais;49.43;2.08;27/09/2026;04:00;11;0;SOLEIL;8.1;16.9;0
Beauvais;49.43;2.08;27/09/2026;05:00;11.5;5;SOLEIL VOILÉ;7.4;16.6;0
Beauvais;49.43;2.08;27/09/2026;06:00;11.5;5;SOLEIL VOILÉ;7.0;18.4;0
Beauvais;49.43;2.08;27/09/2026;07:00;11.5;5;SOLEIL VOILÉ;6.0;12.6;0
Beauvais;49.43;2.08;27/09/2026;08:00;18;5;SOLEIL VOILÉ;6.4;15.1;0
Beauvais;49.43;2.08;27/09/2026;09:00;18;5;SOLEIL VOILÉ;7.7;15.1;0
Beauvais;49.43;2.08;27/09/2026;10:00;18;5;SOLEIL VOILÉ;7.8;20.9;0
Beauvais;49.43;2.08;27/09/2026;11:00;23.6;5;SOLEIL VOILÉ;6.5;19.4;0
Beauvais;49.43;2.08;27/09/2026;12:00;23.6;5;SOLEIL VOILÉ;6.5;18.4;0
Beauvais;49.43;2.08;27/09/2026;13:00;23.6;5;SOLEIL VOILÉ;7.7;16.6;0
Beauvais;49.43;2.08;27/09/2026;14:00;26.4;5;SOLEIL VOILÉ;10.0;17.6;0
Beauvais;49.43;2.08;27/09/2026;15:00;26.4;5;SOLEIL VOILÉ;9.5;23.8;0
Beauvais;49.43;2.08;27/09/2026;16:00;26.4;5;SOLEIL VOILÉ;11.6;22.7;0
Beauvais;49.43;2.08;27/09/2026;17:00;22.9;5;SOLEIL VOILÉ;11.2;24.5;0
Beauvais;49.43;2.08;27/09/2026;18:00;22.9;5;SOLEIL VOILÉ;10.9;24.8;0
Beauvais;49.43;2.08;27/09/2026;19:00;22.9;5;SOLEIL VOILÉ;8.9;24.1;0
Beauvais;49.43;2.08;27/09/2026;20:00;19.1;5;SOLEIL VOILÉ;7.3;19.1;0
Beauvais;49.43;2.08;27/09/2026;21:00;19.1;5;SOLEIL VOILÉ;5.4;15.1;0
Beauvais;49.43;2.08;27/09/2026;22:00;19.1;5;SOLEIL VOILÉ;4.7;10.4;0
Beauvais;49.43;2.08;27/09/2026;23:00;17.9;5;SOLEIL VOILÉ;4.2;10.1;0
Beauvais;49.43;2.08;28/09/2026;00:00;17.9;5;SOLEIL VOILÉ;3.0;8.6;0
Beauvais;49.43;2.08;28/09/2026;01:00;17.9;5;SOLEIL VOILÉ;3.1;6.1;0
Beauvais;49.43;2.08;28/09/2026;02:00;16.1;2;NUAGEUX;2.6;6.1;0
Beauvais;49.43;2.08;28/09/2026;03:00;16.1;2;NUAGEUX;2.3;5.8;0
Beauvais;49.43;2.08;28/09/2026;04:00;16.1;2;NUAGEUX;2.3;5.4;0
Beauvais;49.43;2.08;28/09/2026;05:00;16.6;2;NUAGEUX;2.1;4.7;0
Beauvais;49.43;2.08;28/09/2026;06:00;16.6;2;NUAGEUX;2.1;4.2;0
Beauvais;49.43;2.08;28/09/2026;07:00;16.6;2;NUAGEUX;1.8;4.1;0
Beauvais;49.43;2.08;28/09/2026;08:00;19.1;6;AVERSES;2.0;4.0;0
Beauvais;49.43;2.08;28/09/2026;09:00;19.1;6;AVERSES;2.2;4.7;0
Beauvais;49.43;2.08;28/09/2026;10:00;19.1;6;AVERSES;4.5;9.4;0
Beauvais;49.43;2.08;28/09/2026;11:00;22.6;5;SOLEIL VOILÉ;7.9;16.6;0
Beauvais;49.43;2.08;28/09/2026;12:00;22.6;5;SOLEIL VOILÉ;7.9;18.0;0
Beauvais;49.43;2.08;28/09/2026;13:00;22.6;5;SOLEIL VOILÉ;9.5;20.2;0
Beauvais;49.43;2.08;28/09/2026;14:00;23.1;6;AVERSES;12.4;24.8;0
Beauvais;49.43;2.08;28/09/2026;15:00;23.1;6;AVERSES;14.3;27.4;0
Beauvais;49.43;2.08;28/09/2026;16:00;23.1;6;AVERSES;14.1;27.7;0
Beauvais;49.43;2.08;28/09/2026;17:00;19.4;6;AVERSES;14.1;27.4;0
Beauvais;49.43;2.08;28/09/2026;18:00;19.4;6;AVERSES;13.3;26.6;0
Beauvais;49.43;2.08;28/09/2026;19:00;19.4;6;AVERSES;10.4;24.8;0
Beauvais;49.43;2.08;28/09/2026;20:00;19.3;6;AVERSES;5.6;18.0;0
Beauvais;49.43;2.08;28/09/2026;21:00;18.3;6;AVERSES;4.6;9.4;0
Beauvais;49.43;2.08;28/09/2026;22:00;17.3;6;AVERSES;5.2;8.6;0
Beauvais;49.43;2.08;28/09/2026;23:00;15.6;2;NUAGEUX;6.3;11.2;0
Beauvais;49.43;2.08;29/09/2026;00:00;15.6;2;NUAGEUX;7.5;13.7;0
Beauvais;49.43;2.08;29/09/2026;01:00;15.6;2;NUAGEUX;5.7;13.3;0
Beauvais;49.43;2.08;29/09/2026;02:00;14;2;NUAGEUX;4.0;10.1;0
Beauvais;49.43;2.08;29/09/2026;03:00;14;2;NUAGEUX;2.9;6.1;0
Beauvais;49.43;2.08;29/09/2026;04:00;14;2;NUAGEUX;1.9;4.0;0
Beauvais;49.43;2.08;29/09/2026;05:00;15;2;NUAGEUX;2.7;3.6;0
Beauvais;49.43;2.08;29/09/2026;06:00;15;2;NUAGEUX;3.1;4.3;0
Beauvais;49.43;2.08;29/09/2026;07:00;15;2;NUAGEUX;0.0;4.7;0
Beauvais;49.43;2.08;29/09/2026;08:00;17.0;2;NUAGEUX;1.1;1.8;0
Beauvais;49.43;2.08;29/09/2026;09:00;18.5;2;NUAGEUX;1.5;4.0;0
Beauvais;49.43;2.08;29/09/2026;10:00;20.0;2;NUAGEUX;3.3;7.6;0
Beauvais;49.43;2.08;29/09/2026;11:00;25.1;2;NUAGEUX;5.1;11.2;0
Beauvais;49.43;2.08;29/09/2026;12:00;25.1;2;NUAGEUX;6.7;15.5;0
Beauvais;49.43;2.08;29/09/2026;13:00;25.1;2;NUAGEUX;8.2;19.8;0
Beauvais;49.43;2.08;29/09/2026;14:00;26.1;2;NUAGEUX;8.7;21.6;0
Beauvais;49.43;2.08;29/09/2026;15:00;27.6;2;NUAGEUX;7.5;18.7;0
Beauvais;49.43;2.08;29/09/2026;16:00;26.1;2;NUAGEUX;5.8;13.7;0
Beauvais;49.43;2.08;29/09/2026;17:00;23;2;NUAGEUX;4.7;10.8;0
Beauvais;49.43;2.08;29/09/2026;18:00;23;2;NUAGEUX;3.9;13.3;0
Beauvais;49.43;2.08;29/09/2026;19:00;23;2;NUAGEUX;3.3;18.0;0
Beauvais;49.43;2.08;29/09/2026;20:00;20.0;2;NUAGEUX;3.4;20.2;0
Beauvais;49.43;2.08;29/09/2026;21:00;18.5;2;NUAGEUX;3.9;17.3;0
Beauvais;49.43;2.08;29/09/2026;22:00;17.0;2;NUAGEUX;4.1;11.9;0
Beauvais;49.43;2.08;29/09/2026;23:00;19;2;NUAGEUX;4.1;7.9;0
Beauvais;49.43;2.08;30/09/2026;00:00;19;2;NUAGEUX;3.9;6.8;0
Beauvais;49.43;2.08;30/09/2026;01:00;19;2;NUAGEUX;3.6;6.8;0
Beauvais;49.43;2.08;30/09/2026;02:00;16.6;6;AVERSES;3.6;6.8;0
Beauvais;49.43;2.08;30/09/2026;03:00;16.6;6;AVERSES;3.6;6.5;0
Beauvais;49.43;2.08;30/09/2026;04:00;16.6;6;AVERSES;3.5;6.1;0
Beauvais;49.43;2.08;30/09/2026;05:00;17.6;2;NUAGEUX;4.0;6.5;0
Beauvais;49.43;2.08;30/09/2026;06:00;17.6;2;NUAGEUX;4.7;7.9;0
Beauvais;49.43;2.08;30/09/2026;07:00;17.6;2;NUAGEUX;5.8;9.7;0
Beauvais;49.43;2.08;30/09/2026;08:00;18.4;6;AVERSES;7.0;13.0;0
Beauvais;49.43;2.08;30/09/2026;09:00;19.3;6;AVERSES;8.9;18.0;0
Beauvais;49.43;2.08;30/09/2026;10:00;20.2;6;AVERSES;12.1;23.8;0
Beauvais;49.43;2.08;30/09/2026;11:00;23.5;2;NUAGEUX;15.2;29.2;0
Beauvais;49.43;2.08;30/09/2026;12:00;23.5;2;NUAGEUX;17.2;33.1;0
Beauvais;49.43;2.08;30/09/2026;13:00;23.5;2;NUAGEUX;18.6;36.7;0
Beauvais;49.43;2.08;30/09/2026;14:00;23.8;6;AVERSES;19.1;38.9;0
Beauvais;49.43;2.08;30/09/2026;15:00;24.7;6;AVERSES;19.6;39.6;0
Beauvais;49.43;2.08;30/09/2026;16:00;23.8;6;AVERSES;19.7;39.2;0
Beauvais;49.43;2.08;30/09/2026;17:00;20.6;6;AVERSES;18.5;37.4;0
Beauvais;49.43;2.08;30/09/2026;18:00;20.6;6;AVERSES;15.4;33.5;0
Beauvais;49.43;2.08;30/09/2026;19:00;20.6;6;AVERSES;11.4;28.4;0
Beauvais;49.43;2.08;30/09/2026;20:00;20.2;6;AVERSES;8.2;23.4;0
Beauvais;49.43;2.08;30/09/2026;21:00;19.3;6;AVERSES;6.5;18.7;0
Beauvais;49.43;2.08;30/09/2026;22:00;18.4;6;AVERSES;5.4;14.0;0
Beauvais;49.43;2.08;30/09/2026;23:00;17.5;6;AVERSES;4.6;10.4;0
Beauvais;49.43;2.08;01/10/2026;00:00;17.5;6;AVERSES;5.1;9.6;0
Beauvais;49.43;2.08;01/10/2026;01:00;17.5;6;AVERSES;6.5;11.0;0
Beauvais;49.43;2.08;01/10/2026;02:00;14.6;7;PLUIE FAIBLE;7.9;12.8;0
Beauvais;49.43;2.08;01/10/2026;03:00;14.6;7;PLUIE FAIBLE;8.7;14.4;0
Beauvais;49.43;2.08;01/10/2026;04:00;14.6;7;PLUIE FAIBLE;8.5;13.7;0
Beauvais;49.43;2.08;01/10/2026;05:00;15.5;6;AVERSES;8.3;13.3;0
Beauvais;49.43;2.08;01/10/2026;06:00;15.5;6;AVERSES;8.0;13.0;0
Beauvais;49.43;2.08;01/10/2026;07:00;15.5;6;AVERSES;8.0;13.0;0
Beauvais;49.43;2.08;01/10/2026;08:00;15.7;7;PLUIE FAIBLE;7.7;13.0;0
Beauvais;49.43;2.08;01/10/2026;09:00;16.3;7;PLUIE FAIBLE;10.6;18.4;0
Beauvais;49.43;2.08;01/10/2026;10:00;16.8;7;PLUIE FAIBLE;13.9;24.5;0
Beauvais;49.43;2.08;01/10/2026;11:00;19;7;PLUIE FAIBLE;16.6;29.2;0
Beauvais;49.43;2.08;01/10/2026;12:00;19;7;PLUIE FAIBLE;18.0;31.7;0
Beauvais;49.43;2.08;01/10/2026;13:00;19;7;PLUIE FAIBLE;18.8;32.8;0
Beauvais;49.43;2.08;01/10/2026;14:00;19.0;7;PLUIE FAIBLE;19.1;33.5;0
Beauvais;49.43;2.08;01/10/2026;15:00;19.6;7;PLUIE FAIBLE;19.0;34.2;0
Beauvais;49.43;2.08;01/10/2026;16:00;19.0;7;PLUIE FAIBLE;18.5;34.6;0
Beauvais;49.43;2.08;01/10/2026;17:00;16.5;7;PLUIE FAIBLE;17.0;32.8;0
Beauvais;49.43;2.08;01/10/2026;18:00;16.5;7;PLUIE FAIBLE;13.5;27.4;0
Beauvais;49.43;2.08;01/10/2026;19:00;16.5;7;PLUIE FAIBLE;8.4;19.8;0
Beauvais;49.43;2.08;01/10/2026;20:00;16.8;7;PLUIE FAIBLE;5.2;14.0;0
Beauvais;49.43;2.08;01/10/2026;21:00;16.3;7;PLUIE FAIBLE;4.4;11.2;0
Beauvais;49.43;2.08;01/10/2026;22:00;15.7;7;PLUIE FAIBLE;4.8;9.4;0
Beauvais;49.43;2.08;01/10/2026;23:00;12.5;0;SOLEIL;5.5;9.0;0
Beauvais;49.43;2.08;02/10/2026;00:00;12.5;0;SOLEIL;6.3;9.7;0
Beauvais;49.43;2.08;02/10/2026;01:00;12.5;0;SOLEIL;7.4;11.5;0
Beauvais;49.43;2.08;02/10/2026;02:00;9.5;0;SOLEIL;8.0;13.0;0
Beauvais;49.43;2.08;02/10/2026;03:00;9.5;0;SOLEIL;7.3;13.3;0
Beauvais;49.43;2.08;02/10/2026;04:00;9.5;0;SOLEIL;6.5;13.0;0
Beauvais;49.43;2.08;02/10/2026;05:00;10.4;0;SOLEIL;6.8;13.0;0
Beauvais;49.43;2.08;02/10/2026;06:00;10.4;0;SOLEIL;6.5;13.3;0
Beauvais;49.43;2.08;02/10/2026;07:00;10.4;0;SOLEIL;5.1;14.0;0
Beauvais;49.43;2.08;02/10/2026;08:00;11.7;0;SOLEIL;4.7;14.8;0
Beauvais;49.43;2.08;02/10/2026;09:00;12.8;0;SOLEIL;5.8;15.8;0
Beauvais;49.43;2.08;02/10/2026;10:00;13.9;0;SOLEIL;8.4;16.9;0
Beauvais;49.43;2.08;02/10/2026;11:00;18.6;0;SOLEIL;10.6;18.0;0
Beauvais;49.43;2.08;02/10/2026;12:00;18.6;0;SOLEIL;11.3;18.4;0
Beauvais;49.43;2.08;02/10/2026;13:00;18.6;0;SOLEIL;11.4;18.7;0
Beauvais;49.43;2.08;02/10/2026;14:00;18.4;0;SOLEIL;11.3;19.8;0
Beauvais;49.43;2.08;02/10/2026;15:00;19.5;0;SOLEIL;12.0;22.3;0
Beauvais;49.43;2.08;02/10/2026;16:00;18.4;0;SOLEIL;13.0;25.9;0
Beauvais;49.43;2.08;02/10/2026;17:00;15.4;7;PLUIE FAIBLE;14.4;28.8;0
Beauvais;49.43;2.08;02/10/2026;18:00;15.4;7;PLUIE FAIBLE;15.5;31.0;0
Beauvais;49.43;2.08;02/10/2026;19:00;15.4;7;PLUIE FAIBLE;16.6;33.1;0
Beauvais;49.43;2.08;02/10/2026;20:00;13.9;0;SOLEIL;16.6;33.1;0
Beauvais;49.43;2.08;02/10/2026;21:00;12.8;0;SOLEIL;14.8;30.2;0
Beauvais;49.43;2.08;02/10/2026;22:00;11.7;0;SOLEIL;12.3;25.6;0
Beauvais;49.43;2.08;02/10/2026;23:00;10.9;0;SOLEIL;11.0;22.7;0
Beauvais;49.43;2.08;03/10/2026;00:00;10.9;0;SOLEIL;12.5;23.4;0
Beauvais;49.43;2.08;03/10/2026;01:00;10.9;0;SOLEIL;15.3;25.6;0
Beauvais;49.43;2.08;03/10/2026;02:00;8.2;0;SOLEIL;16.4;28.1;0
Beauvais;49.43;2.08;03/10/2026;03:00;8.2;0;SOLEIL;15.1;30.2;0
Beauvais;49.43;2.08;03/10/2026;04:00;8.2;0;SOLEIL;16.2;32.0;0
Beauvais;49.43;2.08;03/10/2026;05:00;9.5;0;SOLEIL;19.4;33.1;0
Beauvais;49.43;2.08;03/10/2026;06:00;9.5;0;SOLEIL;19.3;32.4;0
Beauvais;49.43;2.08;03/10/2026;07:00;9.5;0;SOLEIL;17.5;30.6;0
Beauvais;49.43;2.08;03/10/2026;08:00;10.9;0;SOLEIL;16.2;29.5;0
Beauvais;49.43;2.08;03/10/2026;09:00;12.3;0;SOLEIL;16.9;30.6;0
Beauvais;49.43;2.08;03/10/2026;10:00;13.6;0;SOLEIL;18.7;32.8;0
Beauvais;49.43;2.08;03/10/2026;11:00;19.5;0;SOLEIL;19.7;34.2;0
Beauvais;49.43;2.08;03/10/2026;12:00;19.5;0;SOLEIL;15.3;28.7;0
Beauvais;49.43;2.08;03/10/2026;13:00;19.5;0;SOLEIL;11.1;23.6;0
Beauvais;49.43;2.08;03/10/2026;14:00;19.0;0;SOLEIL;7.0;19.4;0
Beauvais;49.43;2.08;03/10/2026;15:00;20.4;0;SOLEIL;3.1;15.5;0
Beauvais;49.43;2.08;03/10/2026;16:00;19.0;0;SOLEIL;2.8;15.8;0
Beauvais;49.43;2.08;03/10/2026;17:00;16.1;0;SOLEIL;2.9;15.8;0
Beauvais;49.43;2.08;03/10/2026;18:00;16.1;0;SOLEIL;3.4;15.8;0
Beauvais;49.43;2.08;03/10/2026;19:00;16.1;0;SOLEIL;3.9;15.8;0
Beauvais;49.43;2.08;03/10/2026;20:00;13.6;0;SOLEIL;4.2;15.5;0
Beauvais;49.43;2.08;03/10/2026;21:00;12.3;0;SOLEIL;4.5;14.8;0
Beauvais;49.43;2.08;03/10/2026;22:00;10.9;0;SOLEIL;4.4;13.7;0
Beauvais;49.43;2.08;03/10/2026;23:00;12.2;2;NUAGEUX;4.2;12.6;0
Compiègne;49.41;2.82;26/09/2026;00:00;15.1;0;SOLEIL;7.9;12.6;0
Compiègne;49.41;2.82;26/09/2026;01:00;14.4;2;NUAGEUX;7.2;11.2;0
Compiègne;49.41;2.82;26/09/2026;02:00;14;2;NUAGEUX;5.8;10.4;0
Compiègne;49.41;2.82;26/09/2026;03:00;14.6;2;NUAGEUX;6.5;11.9;0
Compiègne;49.41;2.82;26/09/2026;04:00;14.9;4;COUVERT;5.0;9.0;0
Compiègne;49.41;2.82;26/09/2026;05:00;14.6;4;COUVERT;7.2;10.1;0
Compiègne;49.41;2.82;26/09/2026;06:00;14.7;4;COUVERT;7.6;10.4;0
Compiègne;49.41;2.82;26/09/2026;07:00;15.7;4;COUVERT;6.8;9.0;0
Compiègne;49.41;2.82;26/09/2026;08:00;16.7;2;NUAGEUX;5.4;7.2;0
Compiègne;49.41;2.82;26/09/2026;09:00;18.4;2;NUAGEUX;3.2;7.9;0
Compiègne;49.41;2.82;26/09/2026;10:00;19.5;2;NUAGEUX;2.9;8.3;0
Compiègne;49.41;2.82;26/09/2026;11:00;20.1;2;NUAGEUX;5.4;13.7;0
Compiègne;49.41;2.82;26/09/2026;12:00;21.6;2;NUAGEUX;6.1;16.6;0
Compiègne;49.41;2.82;26/09/2026;13:00;22.7;2;NUAGEUX;6.5;18.0;0
Compiègne;49.41;2.82;26/09/2026;14:00;23.3;2;NUAGEUX;6.8;18.7;0
Compiègne;49.41;2.82;26/09/2026;15:00;23.5;2;NUAGEUX;7.2;19.1;0
Compiègne;49.41;2.82;26/09/2026;16:00;23.4;2;NUAGEUX;7.2;19.1;0
Compiègne;49.41;2.82;26/09/2026;17:00;22.5;2;NUAGEUX;7.6;19.1;0
Compiègne;49.41;2.82;26/09/2026;18:00;20.7;2;NUAGEUX;7.2;18.7;0
Compiègne;49.41;2.82;26/09/2026;19:00;19.6;2;NUAGEUX;6.8;16.2;0
Compiègne;49.41;2.82;26/09/2026;20:00;18.5;2;NUAGEUX;6.8;11.9;0
Compiègne;49.41;2.82;26/09/2026;21:00;17.1;2;NUAGEUX;8.3;13.7;0
Compiègne;49.41;2.82;26/09/2026;22:00;16.4;2;NUAGEUX;8.6;15.5;0
Compiègne;49.41;2.82;26/09/2026;23:00;15.6;2;NUAGEUX;5.8;14.8;0
Compiègne;49.41;2.82;27/09/2026;00:00;14.4;2;NUAGEUX;8.6;23.0;0
Compiègne;49.41;2.82;27/09/2026;01:00;14.4;2;NUAGEUX;1.4;14.0;0
Compiègne;49.41;2.82;27/09/2026;02:00;12.1;0;SOLEIL;7.9;13.0;0
Compiègne;49.41;2.82;27/09/2026;03:00;12.1;0;SOLEIL;5.0;13.0;0
Compiègne;49.41;2.82;27/09/2026;04:00;12.1;0;SOLEIL;7.2;14.0;0
Compiègne;49.41;2.82;27/09/2026;05:00;12.4;5;SOLEIL VOILÉ;4.0;15.5;0
Compiègne;49.41;2.82;27/09/2026;06:00;12.4;5;SOLEIL VOILÉ;4.3;9.7;0
Compiègne;49.41;2.82;27/09/2026;07:00;12.4;5;SOLEIL VOILÉ;7.6;17.6;0
Compiègne;49.41;2.82;27/09/2026;08:00;18.9;5;SOLEIL VOILÉ;12.2;23.4;0
Compiègne;49.41;2.82;27/09/2026;09:00;18.9;5;SOLEIL VOILÉ;10.8;24.5;0
Compiègne;49.41;2.82;27/09/2026;10:00;18.9;5;SOLEIL VOILÉ;11.2;22.3;0
Compiègne;49.41;2.82;27/09/2026;11:00;25.1;5;SOLEIL VOILÉ;8.6;22.0;0
Compiègne;49.41;2.82;27/09/2026;12:00;25.1;5;SOLEIL VOILÉ;6.8;18.0;0
Compiègne;49.41;2.82;27/09/2026;13:00;25.1;5;SOLEIL VOILÉ;6.5;15.5;0
Compiègne;49.41;2.82;27/09/2026;14:00;26.7;5;SOLEIL VOILÉ;6.8;17.6;0
Compiègne;49.41;2.82;27/09/2026;15:00;26.7;5;SOLEIL VOILÉ;9.0;20.2;0
Compiègne;49.41;2.82;27/09/2026;16:00;26.7;5;SOLEIL VOILÉ;10.4;24.1;0
Compiègne;49.41;2.82;27/09/2026;17:00;23.6;5;SOLEIL VOILÉ;8.6;21.6;0
Compiègne;49.41;2.82;27/09/2026;18:00;23.6;5;SOLEIL VOILÉ;8.6;19.4;0
Compiègne;49.41;2.82;27/09/2026;19:00;23.6;5;SOLEIL VOILÉ;8.6;17.6;0
Compiègne;49.41;2.82;27/09/2026;20:00;20.1;5;SOLEIL VOILÉ;9.4;18.7;0
Compiègne;49.41;2.82;27/09/2026;21:00;20.1;5;SOLEIL VOILÉ;7.2;18.4;0
Compiègne;49.41;2.82;27/09/2026;22:00;20.1;5;SOLEIL VOILÉ;6.1;13.7;0
Compiègne;49.41;2.82;27/09/2026;23:00;18.1;5;SOLEIL VOILÉ;6.5;10.8;0
Compiègne;49.41;2.82;28/09/2026;00:00;18.1;5;SOLEIL VOILÉ;6.1;10.8;0
Compiègne;49.41;2.82;28/09/2026;01:00;18.1;5;SOLEIL VOILÉ;5.4;9.7;0
Compiègne;49.41;2.82;28/09/2026;02:00;16.2;2;NUAGEUX;6.1;11.2;0
Compiègne;49.41;2.82;28/09/2026;03:00;16.2;2;NUAGEUX;5.8;11.2;0
Compiègne;49.41;2.82;28/09/2026;04:00;16.2;2;NUAGEUX;4.3;10.4;0
Compiègne;49.41;2.82;28/09/2026;05:00;16.1;2;NUAGEUX;4.7;7.6;0
Compiègne;49.41;2.82;28/09/2026;06:00;16.1;2;NUAGEUX;5.0;8.6;0
Compiègne;49.41;2.82;28/09/2026;07:00;16.1;2;NUAGEUX;5.0;9.4;0
Compiègne;49.41;2.82;28/09/2026;08:00;20.4;2;NUAGEUX;5.0;9.0;0
Compiègne;49.41;2.82;28/09/2026;09:00;20.4;2;NUAGEUX;4.3;9.7;0
Compiègne;49.41;2.82;28/09/2026;10:00;20.4;2;NUAGEUX;1.8;9.0;0
Compiègne;49.41;2.82;28/09/2026;11:00;23.6;2;NUAGEUX;2.9;8.6;0
Compiègne;49.41;2.82;28/09/2026;12:00;23.6;2;NUAGEUX;4.3;11.9;0
Compiègne;49.41;2.82;28/09/2026;13:00;23.6;2;NUAGEUX;6.5;15.5;0
Compiègne;49.41;2.82;28/09/2026;14:00;23.7;6;AVERSES;7.6;18.4;0
Compiègne;49.41;2.82;28/09/2026;15:00;23.7;6;AVERSES;9.7;22.7;0
Compiègne;49.41;2.82;28/09/2026;16:00;23.7;6;AVERSES;8.6;22.7;0
Compiègne;49.41;2.82;28/09/2026;17:00;20.4;5;SOLEIL VOILÉ;10.8;24.8;0
Compiègne;49.41;2.82;28/09/2026;18:00;20.4;5;SOLEIL VOILÉ;9.7;24.6;0
Compiègne;49.41;2.82;28/09/2026;19:00;20.4;5;SOLEIL VOILÉ;9.9;21.1;0
Compiègne;49.41;2.82;28/09/2026;20:00;19.8;6;AVERSES;9.8;19.4;0
Compiègne;49.41;2.82;28/09/2026;21:00;18.7;6;AVERSES;11.4;20.5;0
Compiègne;49.41;2.82;28/09/2026;22:00;17.6;6;AVERSES;11.3;20.9;0
Compiègne;49.41;2.82;28/09/2026;23:00;16.4;2;NUAGEUX;10.5;20.2;0
Compiègne;49.41;2.82;29/09/2026;00:00;16.4;2;NUAGEUX;9.6;18.7;0
Compiègne;49.41;2.82;29/09/2026;01:00;16.4;2;NUAGEUX;8.7;16.6;0
Compiègne;49.41;2.82;29/09/2026;02:00;14.9;2;NUAGEUX;7.3;14.8;0
Compiègne;49.41;2.82;29/09/2026;03:00;14.9;2;NUAGEUX;8.7;14.8;0
Compiègne;49.41;2.82;29/09/2026;04:00;14.9;2;NUAGEUX;6.2;14.8;0
Compiègne;49.41;2.82;29/09/2026;05:00;15.5;2;NUAGEUX;6.0;10.4;0
Compiègne;49.41;2.82;29/09/2026;06:00;15.5;2;NUAGEUX;6.4;10.4;0
Compiègne;49.41;2.82;29/09/2026;07:00;15.5;2;NUAGEUX;3.6;11.2;0
Compiègne;49.41;2.82;29/09/2026;08:00;17.9;2;NUAGEUX;2.9;5.0;0
Compiègne;49.41;2.82;29/09/2026;09:00;19.5;2;NUAGEUX;3.8;6.1;0
Compiègne;49.41;2.82;29/09/2026;10:00;21.0;2;NUAGEUX;5.1;10.1;0
Compiègne;49.41;2.82;29/09/2026;11:00;26.5;2;NUAGEUX;2.0;9.4;0
Compiègne;49.41;2.82;29/09/2026;12:00;26.5;2;NUAGEUX;1.5;12.2;0
Compiègne;49.41;2.82;29/09/2026;13:00;26.5;2;NUAGEUX;1.3;10.8;0
Compiègne;49.41;2.82;29/09/2026;14:00;27.1;2;NUAGEUX;4.2;15.1;0
Compiègne;49.41;2.82;29/09/2026;15:00;28.6;2;NUAGEUX;3.6;27.7;0
Compiègne;49.41;2.82;29/09/2026;16:00;27.1;2;NUAGEUX;10.5;28.1;0
Compiègne;49.41;2.82;29/09/2026;17:00;23.6;2;NUAGEUX;4.3;28.1;0
Compiègne;49.41;2.82;29/09/2026;18:00;23.6;2;NUAGEUX;3.1;12.2;0
Compiègne;49.41;2.82;29/09/2026;19:00;23.6;2;NUAGEUX;4.7;13.0;0
Compiègne;49.41;2.82;29/09/2026;20:00;21.0;2;NUAGEUX;7.8;13.7;0
Compiègne;49.41;2.82;29/09/2026;21:00;19.5;2;NUAGEUX;6.6;13.3;0
Compiègne;49.41;2.82;29/09/2026;22:00;17.9;2;NUAGEUX;4.2;15.1;0
Compiègne;49.41;2.82;29/09/2026;23:00;19.6;2;NUAGEUX;2.8;15.8;0
Compiègne;49.41;2.82;30/09/2026;00:00;19.6;2;NUAGEUX;3.2;14.0;0
Compiègne;49.41;2.82;30/09/2026;01:00;19.6;2;NUAGEUX;4.4;11.5;0
Compiègne;49.41;2.82;30/09/2026;02:00;17.2;7;PLUIE FAIBLE;5.6;10.1;0
Compiègne;49.41;2.82;30/09/2026;03:00;17.2;7;PLUIE FAIBLE;6.5;10.8;0
Compiègne;49.41;2.82;30/09/2026;04:00;17.2;7;PLUIE FAIBLE;7.5;12.6;0
Compiègne;49.41;2.82;30/09/2026;05:00;18;2;NUAGEUX;8.3;14.4;0
Compiègne;49.41;2.82;30/09/2026;06:00;18;2;NUAGEUX;8.8;15.5;0
Compiègne;49.41;2.82;30/09/2026;07:00;18;2;NUAGEUX;9.3;16.6;0
Compiègne;49.41;2.82;30/09/2026;08:00;19.2;7;PLUIE FAIBLE;9.3;16.9;0
Compiègne;49.41;2.82;30/09/2026;09:00;20.2;7;PLUIE FAIBLE;8.0;16.2;0
Compiègne;49.41;2.82;30/09/2026;10:00;21.2;7;PLUIE FAIBLE;6.4;15.5;0
Compiègne;49.41;2.82;30/09/2026;11:00;24.5;2;NUAGEUX;5.4;15.8;0
Compiègne;49.41;2.82;30/09/2026;12:00;24.5;2;NUAGEUX;6.5;19.1;0
Compiègne;49.41;2.82;30/09/2026;13:00;24.5;2;NUAGEUX;9.2;23.4;0
Compiègne;49.41;2.82;30/09/2026;14:00;25.1;7;PLUIE FAIBLE;11.7;27.7;0
Compiègne;49.41;2.82;30/09/2026;15:00;26.1;7;PLUIE FAIBLE;13.7;31.0;0
Compiègne;49.41;2.82;30/09/2026;16:00;25.1;7;PLUIE FAIBLE;15.4;33.8;0
Compiègne;49.41;2.82;30/09/2026;17:00;21.7;7;PLUIE FAIBLE;16.1;35.6;0
Compiègne;49.41;2.82;30/09/2026;18:00;21.7;7;PLUIE FAIBLE;14.5;36.0;0
Compiègne;49.41;2.82;30/09/2026;19:00;21.7;7;PLUIE FAIBLE;12.2;35.3;0
Compiègne;49.41;2.82;30/09/2026;20:00;21.2;7;PLUIE FAIBLE;11.0;33.8;0
Compiègne;49.41;2.82;30/09/2026;21:00;20.2;7;PLUIE FAIBLE;12.0;31.7;0
Compiègne;49.41;2.82;30/09/2026;22:00;19.2;7;PLUIE FAIBLE;13.6;28.8;0
Compiègne;49.41;2.82;30/09/2026;23:00;18.9;7;PLUIE FAIBLE;15.0;27.4;0
Compiègne;49.41;2.82;01/10/2026;00:00;18.9;7;PLUIE FAIBLE;15.8;28.1;0
Compiègne;49.41;2.82;01/10/2026;01:00;18.9;7;PLUIE FAIBLE;16.3;29.9;0
Compiègne;49.41;2.82;01/10/2026;02:00;15.5;6;AVERSES;16.6;31.3;0
Compiègne;49.41;2.82;01/10/2026;03:00;15.5;6;AVERSES;15.9;32.0;0
Compiègne;49.41;2.82;01/10/2026;04:00;15.5;6;AVERSES;14.6;32.0;0
Compiègne;49.41;2.82;01/10/2026;05:00;16.6;6;AVERSES;13.5;31.7;0
Compiègne;49.41;2.82;01/10/2026;06:00;16.6;6;AVERSES;13.0;29.9;0
Compiègne;49.41;2.82;01/10/2026;07:00;16.6;6;AVERSES;12.7;27.7;0
Compiègne;49.41;2.82;01/10/2026;08:00;16.5;6;AVERSES;12.3;25.6;0
Compiègne;49.41;2.82;01/10/2026;09:00;17.0;6;AVERSES;11.5;24.1;0
Compiègne;49.41;2.82;01/10/2026;10:00;17.5;6;AVERSES;10.6;23.4;0
Compiègne;49.41;2.82;01/10/2026;11:00;19.5;6;AVERSES;9.9;23.0;0
Compiègne;49.41;2.82;01/10/2026;12:00;19.5;6;AVERSES;9.9;23.4;0
Compiègne;49.41;2.82;01/10/2026;13:00;19.5;6;AVERSES;10.1;24.1;0
Compiègne;49.41;2.82;01/10/2026;14:00;19.6;6;AVERSES;10.7;25.2;0
Compiègne;49.41;2.82;01/10/2026;15:00;20.1;6;AVERSES;11.9;26.3;0
Compiègne;49.41;2.82;01/10/2026;16:00;19.6;6;AVERSES;13.6;27.7;0
Compiègne;49.41;2.82;01/10/2026;17:00;17.2;7;PLUIE FAIBLE;14.3;29.2;0
Compiègne;49.41;2.82;01/10/2026;18:00;17.2;7;PLUIE FAIBLE;13.1;32.0;0
Compiègne;49.41;2.82;01/10/2026;19:00;17.2;7;PLUIE FAIBLE;10.9;34.9;0
Compiègne;49.41;2.82;01/10/2026;20:00;17.5;6;AVERSES;8.3;35.3;0
Compiègne;49.41;2.82;01/10/2026;21:00;17.0;6;AVERSES;5.8;31.0;0
Compiègne;49.41;2.82;01/10/2026;22:00;16.5;6;AVERSES;6.0;24.1;0
Compiègne;49.41;2.82;01/10/2026;23:00;14;0;SOLEIL;8.4;19.1;0
Compiègne;49.41;2.82;02/10/2026;00:00;14;0;SOLEIL;7.2;25.2;0
Compiègne;49.41;2.82;02/10/2026;01:00;14;0;SOLEIL;8.3;22.3;0
Compiègne;49.41;2.82;02/10/2026;02:00;10.6;0;SOLEIL;9.1;20.2;0
Compiègne;49.41;2.82;02/10/2026;03:00;10.6;0;SOLEIL;9.4;18.7;0
Compiègne;49.41;2.82;02/10/2026;04:00;10.6;0;SOLEIL;9.0;17.6;0
Compiègne;49.41;2.82;02/10/2026;05:00;11.5;0;SOLEIL;8.6;16.9;0
Compiègne;49.41;2.82;02/10/2026;06:00;11.5;0;SOLEIL;8.0;16.6;0
Compiègne;49.41;2.82;02/10/2026;07:00;11.5;0;SOLEIL;7.6;16.2;0
Compiègne;49.41;2.82;02/10/2026;08:00;12.8;0;SOLEIL;7.3;16.6;0
Compiègne;49.41;2.82;02/10/2026;09:00;13.9;0;SOLEIL;7.3;17.3;0
Compiègne;49.41;2.82;02/10/2026;10:00;15.0;0;SOLEIL;7.6;18.7;0
Compiègne;49.41;2.82;02/10/2026;11:00;19.6;0;SOLEIL;7.8;20.5;0
Compiègne;49.41;2.82;02/10/2026;12:00;19.6;0;SOLEIL;8.1;22.3;0
Compiègne;49.41;2.82;02/10/2026;13:00;19.6;0;SOLEIL;8.4;23.8;0
Compiègne;49.41;2.82;02/10/2026;14:00;19.3;0;SOLEIL;8.2;24.8;0
Compiègne;49.41;2.82;02/10/2026;15:00;20.4;0;SOLEIL;7.8;25.6;0
Compiègne;49.41;2.82;02/10/2026;16:00;19.3;0;SOLEIL;7.1;25.9;0
Compiègne;49.41;2.82;02/10/2026;17:00;16.1;0;SOLEIL;6.3;25.9;0
Compiègne;49.41;2.82;02/10/2026;18:00;16.1;0;SOLEIL;5.7;25.9;0
Compiègne;49.41;2.82;02/10/2026;19:00;16.1;0;SOLEIL;5.1;25.6;0
Compiègne;49.41;2.82;02/10/2026;20:00;15.0;0;SOLEIL;4.7;25.2;0
Compiègne;49.41;2.82;02/10/2026;21:00;13.9;0;SOLEIL;4.7;24.5;0
Compiègne;49.41;2.82;02/10/2026;22:00;12.8;0;SOLEIL;4.9;23.4;0
Compiègne;49.41;2.82;02/10/2026;23:00;12.7;0;SOLEIL;5.2;22.3;0
Compiègne;49.41;2.82;03/10/2026;00:00;12.7;0;SOLEIL;5.5;20.9;0
Compiègne;49.41;2.82;03/10/2026;01:00;12.7;0;SOLEIL;5.8;19.4;0
Compiègne;49.41;2.82;03/10/2026;02:00;9.9;0;SOLEIL;5.6;18.4;0
Compiègne;49.41;2.82;03/10/2026;03:00;9.9;0;SOLEIL;5.1;16.9;0
Compiègne;49.41;2.82;03/10/2026;04:00;9.9;0;SOLEIL;4.2;15.5;0
Compiègne;49.41;2.82;03/10/2026;05:00;10.9;0;SOLEIL;3.1;14.0;0
Compiègne;49.41;2.82;03/10/2026;06:00;10.9;0;SOLEIL;2.2;12.6;0
Compiègne;49.41;2.82;03/10/2026;07:00;10.9;0;SOLEIL;1.5;11.9;0
Compiègne;49.41;2.82;03/10/2026;08:00;12.4;0;SOLEIL;1.3;11.2;0
Compiègne;49.41;2.82;03/10/2026;09:00;13.6;0;SOLEIL;1.4;11.2;0
Compiègne;49.41;2.82;03/10/2026;10:00;14.9;0;SOLEIL;1.6;11.9;0
Compiègne;49.41;2.82;03/10/2026;11:00;20.2;0;SOLEIL;2.3;12.6;0
Compiègne;49.41;2.82;03/10/2026;12:00;20.2;0;SOLEIL;3.2;13.7;0
Compiègne;49.41;2.82;03/10/2026;13:00;20.2;0;SOLEIL;3.9;14.4;0
Compiègne;49.41;2.82;03/10/2026;14:00;19.9;0;SOLEIL;4.3;15.1;0
Compiègne;49.41;2.82;03/10/2026;15:00;21.1;0;SOLEIL;4.3;15.5;0
Compiègne;49.41;2.82;03/10/2026;16:00;19.9;0;SOLEIL;3.9;15.8;0
Compiègne;49.41;2.82;03/10/2026;17:00;17.1;0;SOLEIL;3.8;16.2;0
Compiègne;49.41;2.82;03/10/2026;18:00;17.1;0;SOLEIL;3.5;16.6;0
Compiègne;49.41;2.82;03/10/2026;19:00;17.1;0;SOLEIL;3.7;16.6;0
Compiègne;49.41;2.82;03/10/2026;20:00;14.9;0;SOLEIL;3.9;15.8;0
Compiègne;49.41;2.82;03/10/2026;21:00;13.6;0;SOLEIL;3.9;14.8;0
Compiègne;49.41;2.82;03/10/2026;22:00;12.4;0;SOLEIL;4.0;13.0;0
Compiègne;49.41;2.82;03/10/2026;23:00;13.6;0;SOLEIL;4.0;10.8;0
Senlis;49.207;2.585;26/09/2026;00:00;14.9;0;SOLEIL;4.8;8.6;0
Senlis;49.207;2.585;26/09/2026;01:00;13.9;0;SOLEIL;4.3;7.9;0
Senlis;49.207;2.585;26/09/2026;02:00;14;2;NUAGEUX;4.6;6.8;0
Senlis;49.207;2.585;26/09/2026;03:00;14.6;2;NUAGEUX;3.2;7.2;0
Senlis;49.207;2.585;26/09/2026;04:00;14.7;2;NUAGEUX;3.1;4.3;0
Senlis;49.207;2.585;26/09/2026;05:00;14.4;4;COUVERT;3.1;4.7;0
Senlis;49.207;2.585;26/09/2026;06:00;14.6;4;COUVERT;3.3;4.7;0
Senlis;49.207;2.585;26/09/2026;07:00;15.4;4;COUVERT;3.6;6.1;0
Senlis;49.207;2.585;26/09/2026;08:00;16.1;2;NUAGEUX;3.2;5.4;0
Senlis;49.207;2.585;26/09/2026;09:00;17.9;2;NUAGEUX;2.5;4.7;0
Senlis;49.207;2.585;26/09/2026;10:00;19.1;2;NUAGEUX;3.6;7.9;0
Senlis;49.207;2.585;26/09/2026;11:00;20.4;2;NUAGEUX;7.2;14.8;0
Senlis;49.207;2.585;26/09/2026;12:00;21.9;2;NUAGEUX;8.6;18.4;0
Senlis;49.207;2.585;26/09/2026;13:00;22.9;2;NUAGEUX;9.0;19.4;0
Senlis;49.207;2.585;26/09/2026;14:00;23.5;2;NUAGEUX;9.0;16.9;0
Senlis;49.207;2.585;26/09/2026;15:00;23.7;2;NUAGEUX;8.6;18.0;0
Senlis;49.207;2.585;26/09/2026;16:00;23.5;2;NUAGEUX;8.3;18.4;0
Senlis;49.207;2.585;26/09/2026;17:00;22.4;2;NUAGEUX;8.3;17.6;0
Senlis;49.207;2.585;26/09/2026;18:00;20.6;2;NUAGEUX;7.6;17.3;0
Senlis;49.207;2.585;26/09/2026;19:00;19.4;2;NUAGEUX;5.0;14.0;0
Senlis;49.207;2.585;26/09/2026;20:00;18;2;NUAGEUX;7.1;11.2;0
Senlis;49.207;2.585;26/09/2026;21:00;16.6;2;NUAGEUX;7.5;14.0;0
Senlis;49.207;2.585;26/09/2026;22:00;16.1;2;NUAGEUX;6.3;13.0;0
Senlis;49.207;2.585;26/09/2026;23:00;15.2;2;NUAGEUX;5.4;10.4;0
Senlis;49.207;2.585;27/09/2026;00:00;14.2;2;NUAGEUX;2.5;13.0;0
Senlis;49.207;2.585;27/09/2026;01:00;14.2;2;NUAGEUX;3.6;4.3;0
Senlis;49.207;2.585;27/09/2026;02:00;12.4;0;SOLEIL;2.3;6.5;0
Senlis;49.207;2.585;27/09/2026;03:00;12.4;0;SOLEIL;4.0;5.4;0
Senlis;49.207;2.585;27/09/2026;04:00;12.4;0;SOLEIL;6.6;11.5;0
Senlis;49.207;2.585;27/09/2026;05:00;12;5;SOLEIL VOILÉ;6.0;12.2;0
Senlis;49.207;2.585;27/09/2026;06:00;12;5;SOLEIL VOILÉ;6.2;10.8;0
Senlis;49.207;2.585;27/09/2026;07:00;12;5;SOLEIL VOILÉ;5.7;11.9;0
Senlis;49.207;2.585;27/09/2026;08:00;19.6;5;SOLEIL VOILÉ;3.3;10.1;0
Senlis;49.207;2.585;27/09/2026;09:00;19.6;5;SOLEIL VOILÉ;6.6;11.9;0
Senlis;49.207;2.585;27/09/2026;10:00;19.6;5;SOLEIL VOILÉ;10.4;21.6;0
Senlis;49.207;2.585;27/09/2026;11:00;25.6;5;SOLEIL VOILÉ;13.7;26.6;0
Senlis;49.207;2.585;27/09/2026;12:00;25.6;5;SOLEIL VOILÉ;10.0;24.8;0
Senlis;49.207;2.585;27/09/2026;13:00;25.6;5;SOLEIL VOILÉ;11.0;22.7;0
Senlis;49.207;2.585;27/09/2026;14:00;27;5;SOLEIL VOILÉ;10.2;19.8;0
Senlis;49.207;2.585;27/09/2026;15:00;27;5;SOLEIL VOILÉ;10.4;16.2;0
Senlis;49.207;2.585;27/09/2026;16:00;27;5;SOLEIL VOILÉ;10.5;16.9;0
Senlis;49.207;2.585;27/09/2026;17:00;23.4;5;SOLEIL VOILÉ;8.7;18.0;0
Senlis;49.207;2.585;27/09/2026;18:00;23.4;5;SOLEIL VOILÉ;13.9;25.9;0
Senlis;49.207;2.585;27/09/2026;19:00;23.4;5;SOLEIL VOILÉ;12.3;27.0;0
Senlis;49.207;2.585;27/09/2026;20:00;19.6;5;SOLEIL VOILÉ;8.7;21.6;0
Senlis;49.207;2.585;27/09/2026;21:00;19.6;5;SOLEIL VOILÉ;8.9;18.0;0
Senlis;49.207;2.585;27/09/2026;22:00;19.6;5;SOLEIL VOILÉ;6.1;15.5;0
Senlis;49.207;2.585;27/09/2026;23:00;17.2;5;SOLEIL VOILÉ;7.8;14.0;0
Senlis;49.207;2.585;28/09/2026;00:00;17.2;5;SOLEIL VOILÉ;6.9;13.7;0
Senlis;49.207;2.585;28/09/2026;01:00;17.2;5;SOLEIL VOILÉ;6.4;13.3;0
Senlis;49.207;2.585;28/09/2026;02:00;15.6;2;NUAGEUX;4.2;11.9;0
Senlis;49.207;2.585;28/09/2026;03:00;15.6;2;NUAGEUX;5.2;9.4;0
Senlis;49.207;2.585;28/09/2026;04:00;15.6;2;NUAGEUX;2.3;9.4;0
Senlis;49.207;2.585;28/09/2026;05:00;15.1;2;NUAGEUX;4.5;6.1;0
Senlis;49.207;2.585;28/09/2026;06:00;15.1;2;NUAGEUX;3.5;6.3;0
Senlis;49.207;2.585;28/09/2026;07:00;15.1;2;NUAGEUX;3.3;5.6;0
Senlis;49.207;2.585;28/09/2026;08:00;20.4;2;NUAGEUX;3.5;5.9;0
Senlis;49.207;2.585;28/09/2026;09:00;20.4;2;NUAGEUX;2.9;7.6;0
Senlis;49.207;2.585;28/09/2026;10:00;20.4;2;NUAGEUX;4.0;9.7;0
Senlis;49.207;2.585;28/09/2026;11:00;23.6;5;SOLEIL VOILÉ;6.6;17.3;0
Senlis;49.207;2.585;28/09/2026;12:00;23.6;5;SOLEIL VOILÉ;7.4;18.0;0
Senlis;49.207;2.585;28/09/2026;13:00;23.6;5;SOLEIL VOILÉ;9.3;22.0;0
Senlis;49.207;2.585;28/09/2026;14:00;23.6;6;AVERSES;10.1;23.8;0
Senlis;49.207;2.585;28/09/2026;15:00;23.6;6;AVERSES;10.5;24.5;0
Senlis;49.207;2.585;28/09/2026;16:00;23.6;6;AVERSES;11.3;25.9;0
Senlis;49.207;2.585;28/09/2026;17:00;20;5;SOLEIL VOILÉ;11.7;26.6;0
Senlis;49.207;2.585;28/09/2026;18:00;20;5;SOLEIL VOILÉ;11.4;25.6;0
Senlis;49.207;2.585;28/09/2026;19:00;20;5;SOLEIL VOILÉ;7.4;24.5;0
Senlis;49.207;2.585;28/09/2026;20:00;19.3;6;AVERSES;4.7;14.8;0
Senlis;49.207;2.585;28/09/2026;21:00;18.1;6;AVERSES;4.7;8.3;0
Senlis;49.207;2.585;28/09/2026;22:00;16.9;6;AVERSES;4.7;8.3;0
Senlis;49.207;2.585;28/09/2026;23:00;15.2;2;NUAGEUX;5.5;10.1;0
Senlis;49.207;2.585;29/09/2026;00:00;15.2;2;NUAGEUX;5.4;10.4;0
Senlis;49.207;2.585;29/09/2026;01:00;15.2;2;NUAGEUX;4.7;10.1;0
Senlis;49.207;2.585;29/09/2026;02:00;14.1;2;NUAGEUX;4.3;8.3;0
Senlis;49.207;2.585;29/09/2026;03:00;14.1;2;NUAGEUX;3.9;6.8;0
Senlis;49.207;2.585;29/09/2026;04:00;14.1;2;NUAGEUX;4.1;6.1;0
Senlis;49.207;2.585;29/09/2026;05:00;15.1;2;NUAGEUX;3.7;5.8;0
Senlis;49.207;2.585;29/09/2026;06:00;15.1;2;NUAGEUX;3.3;6.1;0
Senlis;49.207;2.585;29/09/2026;07:00;15.1;2;NUAGEUX;3.4;5.0;0
Senlis;49.207;2.585;29/09/2026;08:00;17.2;2;NUAGEUX;3.5;8.3;0
Senlis;49.207;2.585;29/09/2026;09:00;18.8;2;NUAGEUX;4.7;10.4;0
Senlis;49.207;2.585;29/09/2026;10:00;20.4;2;NUAGEUX;6.1;13.3;0
Senlis;49.207;2.585;29/09/2026;11:00;26;2;NUAGEUX;6.7;15.8;0
Senlis;49.207;2.585;29/09/2026;12:00;26;2;NUAGEUX;5.7;19.1;0
Senlis;49.207;2.585;29/09/2026;13:00;26;2;NUAGEUX;4.9;22.0;0
Senlis;49.207;2.585;29/09/2026;14:00;26.6;2;NUAGEUX;5.4;23.0;0
Senlis;49.207;2.585;29/09/2026;15:00;28.2;2;NUAGEUX;5.1;20.2;0
Senlis;49.207;2.585;29/09/2026;16:00;26.6;2;NUAGEUX;4.7;15.1;0
Senlis;49.207;2.585;29/09/2026;17:00;22.9;2;NUAGEUX;4.3;10.8;0
Senlis;49.207;2.585;29/09/2026;18:00;22.9;2;NUAGEUX;3.7;7.6;0
Senlis;49.207;2.585;29/09/2026;19:00;22.9;2;NUAGEUX;3.6;5.0;0
Senlis;49.207;2.585;29/09/2026;20:00;20.4;2;NUAGEUX;3.7;5.0;0
Senlis;49.207;2.585;29/09/2026;21:00;18.8;2;NUAGEUX;4.0;10.1;0
Senlis;49.207;2.585;29/09/2026;22:00;17.2;2;NUAGEUX;4.9;17.3;0
Senlis;49.207;2.585;29/09/2026;23:00;18.5;2;NUAGEUX;5.8;21.6;0
Senlis;49.207;2.585;30/09/2026;00:00;18.5;2;NUAGEUX;6.0;19.4;0
Senlis;49.207;2.585;30/09/2026;01:00;18.5;2;NUAGEUX;5.4;14.4;0
Senlis;49.207;2.585;30/09/2026;02:00;16.7;2;NUAGEUX;5.2;10.8;0
Senlis;49.207;2.585;30/09/2026;03:00;16.7;2;NUAGEUX;5.0;10.1;0
Senlis;49.207;2.585;30/09/2026;04:00;16.7;2;NUAGEUX;5.4;10.8;0
Senlis;49.207;2.585;30/09/2026;05:00;17.7;2;NUAGEUX;6.0;11.9;0
Senlis;49.207;2.585;30/09/2026;06:00;17.7;2;NUAGEUX;6.9;13.3;0
Senlis;49.207;2.585;30/09/2026;07:00;17.7;2;NUAGEUX;7.7;14.8;0
Senlis;49.207;2.585;30/09/2026;08:00;18.7;2;NUAGEUX;8.7;17.3;0
Senlis;49.207;2.585;30/09/2026;09:00;19.7;2;NUAGEUX;10.0;20.9;0
Senlis;49.207;2.585;30/09/2026;10:00;20.7;2;NUAGEUX;11.5;24.8;0
Senlis;49.207;2.585;30/09/2026;11:00;24.1;2;NUAGEUX;12.7;28.4;0
Senlis;49.207;2.585;30/09/2026;12:00;24.1;2;NUAGEUX;13.2;31.0;0
Senlis;49.207;2.585;30/09/2026;13:00;24.1;2;NUAGEUX;13.1;32.8;0
Senlis;49.207;2.585;30/09/2026;14:00;24.6;2;NUAGEUX;13.1;33.8;0
Senlis;49.207;2.585;30/09/2026;15:00;25.6;2;NUAGEUX;13.7;34.2;0
Senlis;49.207;2.585;30/09/2026;16:00;24.6;2;NUAGEUX;14.4;33.8;0
Senlis;49.207;2.585;30/09/2026;17:00;21.4;7;PLUIE FAIBLE;14.0;32.4;0
Senlis;49.207;2.585;30/09/2026;18:00;21.4;7;PLUIE FAIBLE;12.4;28.8;0
Senlis;49.207;2.585;30/09/2026;19:00;21.4;7;PLUIE FAIBLE;10.4;23.8;0
Senlis;49.207;2.585;30/09/2026;20:00;20.7;2;NUAGEUX;8.8;19.1;0
Senlis;49.207;2.585;30/09/2026;21:00;19.7;2;NUAGEUX;7.6;15.1;0
Senlis;49.207;2.585;30/09/2026;22:00;18.7;2;NUAGEUX;6.2;11.5;0
Senlis;49.207;2.585;30/09/2026;23:00;17.9;6;AVERSES;5.3;9.4;0
Senlis;49.207;2.585;01/10/2026;00:00;17.9;6;AVERSES;5.6;9.9;0
Senlis;49.207;2.585;01/10/2026;01:00;17.9;6;AVERSES;5.8;10.8;0
Senlis;49.207;2.585;01/10/2026;02:00;14.9;6;AVERSES;5.7;11.2;0
Senlis;49.207;2.585;01/10/2026;03:00;14.9;6;AVERSES;5.7;11.2;0
Senlis;49.207;2.585;01/10/2026;04:00;14.9;6;AVERSES;5.8;11.5;0
Senlis;49.207;2.585;01/10/2026;05:00;16.2;7;PLUIE FAIBLE;6.1;11.9;0
Senlis;49.207;2.585;01/10/2026;06:00;16.2;7;PLUIE FAIBLE;6.3;12.6;0
Senlis;49.207;2.585;01/10/2026;07:00;16.2;7;PLUIE FAIBLE;6.7;13.3;0
Senlis;49.207;2.585;01/10/2026;08:00;16.1;6;AVERSES;6.9;13.7;0
Senlis;49.207;2.585;01/10/2026;09:00;16.6;6;AVERSES;8.7;16.9;0
Senlis;49.207;2.585;01/10/2026;10:00;17.2;6;AVERSES;11.2;23.4;0
Senlis;49.207;2.585;01/10/2026;11:00;19.4;6;AVERSES;13.2;28.1;0
Senlis;49.207;2.585;01/10/2026;12:00;19.4;6;AVERSES;13.8;30.2;0
Senlis;49.207;2.585;01/10/2026;13:00;19.4;6;AVERSES;13.8;30.6;0
Senlis;49.207;2.585;01/10/2026;14:00;19.5;6;AVERSES;13.8;31.0;0
Senlis;49.207;2.585;01/10/2026;15:00;20.1;6;AVERSES;13.8;31.7;0
Senlis;49.207;2.585;01/10/2026;16:00;19.5;6;AVERSES;13.4;31.7;0
Senlis;49.207;2.585;01/10/2026;17:00;16.6;6;AVERSES;12.4;29.9;0
Senlis;49.207;2.585;01/10/2026;18:00;16.6;6;AVERSES;9.6;23.8;0
Senlis;49.207;2.585;01/10/2026;19:00;16.6;6;AVERSES;6.1;15.5;0
Senlis;49.207;2.585;01/10/2026;20:00;17.2;6;AVERSES;4.4;9.7;0
Senlis;49.207;2.585;01/10/2026;21:00;16.6;6;AVERSES;4.7;8.3;0
Senlis;49.207;2.585;01/10/2026;22:00;16.1;6;AVERSES;5.2;9.4;0
Senlis;49.207;2.585;01/10/2026;23:00;13.1;0;SOLEIL;5.8;10.4;0
Senlis;49.207;2.585;02/10/2026;00:00;13.1;0;SOLEIL;5.9;10.8;0
Senlis;49.207;2.585;02/10/2026;01:00;13.1;0;SOLEIL;5.9;11.2;0
Senlis;49.207;2.585;02/10/2026;02:00;9.9;0;SOLEIL;6.0;11.2;0
Senlis;49.207;2.585;02/10/2026;03:00;9.9;0;SOLEIL;5.6;11.2;0
Senlis;49.207;2.585;02/10/2026;04:00;9.9;0;SOLEIL;5.5;10.8;0
Senlis;49.207;2.585;02/10/2026;05:00;10.9;0;SOLEIL;4.9;10.1;0
Senlis;49.207;2.585;02/10/2026;06:00;10.9;0;SOLEIL;4.4;8.3;0
Senlis;49.207;2.585;02/10/2026;07:00;10.9;0;SOLEIL;3.6;6.5;0
Senlis;49.207;2.585;02/10/2026;08:00;12.2;0;SOLEIL;3.7;6.5;0
Senlis;49.207;2.585;02/10/2026;09:00;13.3;0;SOLEIL;4.7;10.4;0
Senlis;49.207;2.585;02/10/2026;10:00;14.5;0;SOLEIL;6.8;16.6;0
Senlis;49.207;2.585;02/10/2026;11:00;19.5;0;SOLEIL;8.4;22.7;0
Senlis;49.207;2.585;02/10/2026;12:00;19.5;0;SOLEIL;9.6;28.1;0
Senlis;49.207;2.585;02/10/2026;13:00;19.5;0;SOLEIL;10.7;33.1;0
Senlis;49.207;2.585;02/10/2026;14:00;19.1;0;SOLEIL;11.6;36.7;0
Senlis;49.207;2.585;02/10/2026;15:00;20.2;0;SOLEIL;12.9;37.4;0
Senlis;49.207;2.585;02/10/2026;16:00;19.1;0;SOLEIL;14.4;36.7;0
Senlis;49.207;2.585;02/10/2026;17:00;15.6;0;SOLEIL;15.0;35.3;0
Senlis;49.207;2.585;02/10/2026;18:00;15.6;0;SOLEIL;14.6;33.8;0
Senlis;49.207;2.585;02/10/2026;19:00;15.6;0;SOLEIL;13.6;31.7;0
Senlis;49.207;2.585;02/10/2026;20:00;14.5;0;SOLEIL;12.5;29.2;0
Senlis;49.207;2.585;02/10/2026;21:00;13.3;0;SOLEIL;11.2;25.9;0
Senlis;49.207;2.585;02/10/2026;22:00;12.2;0;SOLEIL;9.6;22.3;0
Senlis;49.207;2.585;02/10/2026;23:00;11.7;0;SOLEIL;9.0;20.2;0
Senlis;49.207;2.585;03/10/2026;00:00;11.7;0;SOLEIL;9.7;20.5;0
Senlis;49.207;2.585;03/10/2026;01:00;11.7;0;SOLEIL;11.3;22.0;0
Senlis;49.207;2.585;03/10/2026;02:00;9;0;SOLEIL;11.8;24.1;0
Senlis;49.207;2.585;03/10/2026;03:00;9;0;SOLEIL;11.9;26.6;0
Senlis;49.207;2.585;03/10/2026;04:00;9;0;SOLEIL;13.4;29.5;0
Senlis;49.207;2.585;03/10/2026;05:00;10.2;0;SOLEIL;15.6;31.3;0
Senlis;49.207;2.585;03/10/2026;06:00;10.2;0;SOLEIL;15.3;31.7;0
Senlis;49.207;2.585;03/10/2026;07:00;10.2;0;SOLEIL;13.5;31.0;0
Senlis;49.207;2.585;03/10/2026;08:00;11.7;0;SOLEIL;12.2;30.6;0
Senlis;49.207;2.585;03/10/2026;09:00;13.0;0;SOLEIL;12.8;30.6;0
Senlis;49.207;2.585;03/10/2026;10:00;14.4;0;SOLEIL;14.1;31.0;0
Senlis;49.207;2.585;03/10/2026;11:00;20.1;0;SOLEIL;15.2;31.3;0
Senlis;49.207;2.585;03/10/2026;12:00;20.1;0;SOLEIL;12.5;27.4;0
Senlis;49.207;2.585;03/10/2026;13:00;20.1;0;SOLEIL;10.0;24.1;0
Senlis;49.207;2.585;03/10/2026;14:00;19.8;0;SOLEIL;7.2;20.8;0
Senlis;49.207;2.585;03/10/2026;15:00;21.1;0;SOLEIL;4.4;17.3;0
Senlis;49.207;2.585;03/10/2026;16:00;19.8;0;SOLEIL;4.7;17.6;0
Senlis;49.207;2.585;03/10/2026;17:00;16.6;0;SOLEIL;4.8;18.0;0
Senlis;49.207;2.585;03/10/2026;18:00;16.6;0;SOLEIL;4.9;18.0;0
Senlis;49.207;2.585;03/10/2026;19:00;16.6;0;SOLEIL;5.0;18.0;0
Senlis;49.207;2.585;03/10/2026;20:00;14.4;0;SOLEIL;4.9;17.3;0
Senlis;49.207;2.585;03/10/2026;21:00;13.0;0;SOLEIL;4.5;16.2;0
Senlis;49.207;2.585;03/10/2026;22:00;11.7;0;SOLEIL;4.1;14.4;0
Senlis;49.207;2.585;03/10/2026;23:00;12.9;0;SOLEIL;3.5;12.6;0
Feuquières;49.64;1.85;26/09/2026;00:00;15.4;3;TRÈS NUAGEUX;4.2;6.8;0
Feuquières;49.64;1.85;26/09/2026;01:00;14.7;3;TRÈS NUAGEUX;4.2;6.1;0
Feuquières;49.64;1.85;26/09/2026;02:00;14.4;3;TRÈS NUAGEUX;4.2;6.8;0
Feuquières;49.64;1.85;26/09/2026;03:00;15;3;TRÈS NUAGEUX;4.1;6.5;0
Feuquières;49.64;1.85;26/09/2026;04:00;14.6;4;COUVERT;3.6;6.1;0
Feuquières;49.64;1.85;26/09/2026;05:00;14;4;COUVERT;3.4;5.4;0
Feuquières;49.64;1.85;26/09/2026;06:00;14.5;4;COUVERT;3.3;5.4;0
Feuquières;49.64;1.85;26/09/2026;07:00;14.9;4;COUVERT;3.4;5.0;0
Feuquières;49.64;1.85;26/09/2026;08:00;15.6;2;NUAGEUX;3.7;5.0;0
Feuquières;49.64;1.85;26/09/2026;09:00;16.6;2;NUAGEUX;3.2;5.4;0
Feuquières;49.64;1.85;26/09/2026;10:00;17.6;2;NUAGEUX;4.2;6.8;0
Feuquières;49.64;1.85;26/09/2026;11:00;18.9;2;NUAGEUX;11.2;18.4;0
Feuquières;49.64;1.85;26/09/2026;12:00;18.6;2;NUAGEUX;13.7;23.0;0
Feuquières;49.64;1.85;26/09/2026;13:00;20.1;2;NUAGEUX;14.5;24.1;0
Feuquières;49.64;1.85;26/09/2026;14:00;19.6;2;NUAGEUX;14.3;24.1;0
Feuquières;49.64;1.85;26/09/2026;15:00;20.3;2;NUAGEUX;13.6;23.4;0
Feuquières;49.64;1.85;26/09/2026;16:00;20.1;2;NUAGEUX;13.5;22.7;0
Feuquières;49.64;1.85;26/09/2026;17:00;19.7;2;NUAGEUX;13.0;22.3;0
Feuquières;49.64;1.85;26/09/2026;18:00;18.1;2;NUAGEUX;12.4;21.6;0
Feuquières;49.64;1.85;26/09/2026;19:00;17.1;2;NUAGEUX;8.9;20.2;0
Feuquières;49.64;1.85;26/09/2026;20:00;15.9;2;NUAGEUX;6.6;14.0;0
Feuquières;49.64;1.85;26/09/2026;21:00;15.1;2;NUAGEUX;1.1;9.4;0
Feuquières;49.64;1.85;26/09/2026;22:00;14.1;2;NUAGEUX;6.4;11.5;0
Feuquières;49.64;1.85;26/09/2026;23:00;13.6;2;NUAGEUX;4.3;9.7;0
Feuquières;49.64;1.85;27/09/2026;00:00;13.4;2;NUAGEUX;4.6;7.6;0
Feuquières;49.64;1.85;27/09/2026;01:00;13.4;2;NUAGEUX;6.9;11.2;0
Feuquières;49.64;1.85;27/09/2026;02:00;11.7;0;SOLEIL;5.2;10.4;0
Feuquières;49.64;1.85;27/09/2026;03:00;11.7;0;SOLEIL;9.6;14.8;0
Feuquières;49.64;1.85;27/09/2026;04:00;11.7;0;SOLEIL;11.3;19.1;0
Feuquières;49.64;1.85;27/09/2026;05:00;12.5;5;SOLEIL VOILÉ;13.0;22.3;0
Feuquières;49.64;1.85;27/09/2026;06:00;12.5;5;SOLEIL VOILÉ;10.2;19.1;0
Feuquières;49.64;1.85;27/09/2026;07:00;12.5;5;SOLEIL VOILÉ;11.0;17.3;0
Feuquières;49.64;1.85;27/09/2026;08:00;18;5;SOLEIL VOILÉ;9.6;17.6;0
Feuquières;49.64;1.85;27/09/2026;09:00;18;5;SOLEIL VOILÉ;10.0;17.3;0
Feuquières;49.64;1.85;27/09/2026;10:00;18;5;SOLEIL VOILÉ;10.6;19.4;0
Feuquières;49.64;1.85;27/09/2026;11:00;23.1;5;SOLEIL VOILÉ;9.7;18.0;0
Feuquières;49.64;1.85;27/09/2026;12:00;23.1;5;SOLEIL VOILÉ;10.9;17.6;0
Feuquières;49.64;1.85;27/09/2026;13:00;23.1;5;SOLEIL VOILÉ;12.7;19.8;0
Feuquières;49.64;1.85;27/09/2026;14:00;24.9;2;NUAGEUX;11.7;20.5;0
Feuquières;49.64;1.85;27/09/2026;15:00;24.9;2;NUAGEUX;12.3;21.6;0
Feuquières;49.64;1.85;27/09/2026;16:00;24.9;2;NUAGEUX;13.0;22.0;0
Feuquières;49.64;1.85;27/09/2026;17:00;22.5;5;SOLEIL VOILÉ;12.8;21.6;0
Feuquières;49.64;1.85;27/09/2026;18:00;22.5;5;SOLEIL VOILÉ;12.5;21.6;0
Feuquières;49.64;1.85;27/09/2026;19:00;22.5;5;SOLEIL VOILÉ;10.4;20.5;0
Feuquières;49.64;1.85;27/09/2026;20:00;18;5;SOLEIL VOILÉ;7.9;16.2;0
Feuquières;49.64;1.85;27/09/2026;21:00;18;5;SOLEIL VOILÉ;6.6;12.2;0
Feuquières;49.64;1.85;27/09/2026;22:00;18;5;SOLEIL VOILÉ;4.3;10.8;0
Feuquières;49.64;1.85;27/09/2026;23:00;17;5;SOLEIL VOILÉ;5.4;8.3;0
Feuquières;49.64;1.85;28/09/2026;00:00;17;5;SOLEIL VOILÉ;4.3;8.6;0
Feuquières;49.64;1.85;28/09/2026;01:00;17;5;SOLEIL VOILÉ;4.8;7.6;0
Feuquières;49.64;1.85;28/09/2026;02:00;16.1;2;NUAGEUX;4.4;7.6;0
Feuquières;49.64;1.85;28/09/2026;03:00;16.1;2;NUAGEUX;4.5;7.6;0
Feuquières;49.64;1.85;28/09/2026;04:00;16.1;2;NUAGEUX;3.8;7.2;0
Feuquières;49.64;1.85;28/09/2026;05:00;15.6;2;NUAGEUX;3.3;6.1;0
Feuquières;49.64;1.85;28/09/2026;06:00;15.6;2;NUAGEUX;3.4;5.4;0
Feuquières;49.64;1.85;28/09/2026;07:00;15.6;2;NUAGEUX;3.5;5.4;0
Feuquières;49.64;1.85;28/09/2026;08:00;18;6;AVERSES;3.6;5.9;0
Feuquières;49.64;1.85;28/09/2026;09:00;18;6;AVERSES;3.6;6.1;0
Feuquières;49.64;1.85;28/09/2026;10:00;18;6;AVERSES;7.0;12.2;0
Feuquières;49.64;1.85;28/09/2026;11:00;20.4;5;SOLEIL VOILÉ;10.2;18.0;0
Feuquières;49.64;1.85;28/09/2026;12:00;20.4;5;SOLEIL VOILÉ;12.9;22.3;0
Feuquières;49.64;1.85;28/09/2026;13:00;20.4;5;SOLEIL VOILÉ;13.0;22.7;0
Feuquières;49.64;1.85;28/09/2026;14:00;20.6;5;SOLEIL VOILÉ;14.0;24.5;0
Feuquières;49.64;1.85;28/09/2026;15:00;20.6;5;SOLEIL VOILÉ;16.0;27.7;0
Feuquières;49.64;1.85;28/09/2026;16:00;20.6;5;SOLEIL VOILÉ;15.5;27.7;0
Feuquières;49.64;1.85;28/09/2026;17:00;16.4;6;AVERSES;15.5;27.7;0
Feuquières;49.64;1.85;28/09/2026;18:00;16.4;6;AVERSES;14.4;27.4;0
Feuquières;49.64;1.85;28/09/2026;19:00;16.4;6;AVERSES;12.4;25.2;0
Feuquières;49.64;1.85;28/09/2026;20:00;17.8;6;AVERSES;7.3;20.9;0
Feuquières;49.64;1.85;28/09/2026;21:00;17.1;6;AVERSES;5.5;11.9;0
Feuquières;49.64;1.85;28/09/2026;22:00;16.4;6;AVERSES;6.2;10.1;0
Feuquières;49.64;1.85;28/09/2026;23:00;14.1;2;NUAGEUX;7.7;13.0;0
Feuquières;49.64;1.85;29/09/2026;00:00;14.1;2;NUAGEUX;8.2;14.0;0
Feuquières;49.64;1.85;29/09/2026;01:00;14.1;2;NUAGEUX;8.3;15.5;0
Feuquières;49.64;1.85;29/09/2026;02:00;14.2;2;NUAGEUX;6.4;13.3;0
Feuquières;49.64;1.85;29/09/2026;03:00;14.2;2;NUAGEUX;5.4;10.8;0
Feuquières;49.64;1.85;29/09/2026;04:00;14.2;2;NUAGEUX;3.9;8.6;0
Feuquières;49.64;1.85;29/09/2026;05:00;15.2;2;NUAGEUX;4.5;7.2;0
Feuquières;49.64;1.85;29/09/2026;06:00;15.2;2;NUAGEUX;3.9;7.2;0
Feuquières;49.64;1.85;29/09/2026;07:00;15.2;2;NUAGEUX;3.3;6.1;0
Feuquières;49.64;1.85;29/09/2026;08:00;16.9;2;NUAGEUX;3.5;6.1;0
Feuquières;49.64;1.85;29/09/2026;09:00;18.3;2;NUAGEUX;4.9;8.3;0
Feuquières;49.64;1.85;29/09/2026;10:00;19.6;2;NUAGEUX;6.9;11.9;0
Feuquières;49.64;1.85;29/09/2026;11:00;24.4;2;NUAGEUX;8.6;15.1;0
Feuquières;49.64;1.85;29/09/2026;12:00;24.4;2;NUAGEUX;10.0;18.4;0
Feuquières;49.64;1.85;29/09/2026;13:00;24.4;2;NUAGEUX;11.3;21.6;0
Feuquières;49.64;1.85;29/09/2026;14:00;25.0;2;NUAGEUX;11.7;23.0;0
Feuquières;49.64;1.85;29/09/2026;15:00;26.4;2;NUAGEUX;9.0;20.5;0
Feuquières;49.64;1.85;29/09/2026;16:00;25.0;2;NUAGEUX;4.9;15.8;0
Feuquières;49.64;1.85;29/09/2026;17:00;23;2;NUAGEUX;1.3;13.0;0
Feuquières;49.64;1.85;29/09/2026;18:00;23;2;NUAGEUX;1.1;13.7;0
Feuquières;49.64;1.85;29/09/2026;19:00;23;2;NUAGEUX;2.9;15.8;0
Feuquières;49.64;1.85;29/09/2026;20:00;19.6;2;NUAGEUX;4.4;16.9;0
Feuquières;49.64;1.85;29/09/2026;21:00;18.3;2;NUAGEUX;5.4;15.1;0
Feuquières;49.64;1.85;29/09/2026;22:00;16.9;2;NUAGEUX;6.0;12.2;0
Feuquières;49.64;1.85;29/09/2026;23:00;19.4;2;NUAGEUX;6.4;10.4;0
Feuquières;49.64;1.85;30/09/2026;00:00;19.4;2;NUAGEUX;6.6;10.4;0
Feuquières;49.64;1.85;30/09/2026;01:00;19.4;2;NUAGEUX;6.9;11.5;0
Feuquières;49.64;1.85;30/09/2026;02:00;16.5;2;NUAGEUX;6.7;11.9;0
Feuquières;49.64;1.85;30/09/2026;03:00;16.5;2;NUAGEUX;6.5;10.8;0
Feuquières;49.64;1.85;30/09/2026;04:00;16.5;2;NUAGEUX;6.1;9.4;0
Feuquières;49.64;1.85;30/09/2026;05:00;17.5;2;NUAGEUX;5.6;9.4;0
Feuquières;49.64;1.85;30/09/2026;06:00;17.5;2;NUAGEUX;6.2;11.5;0
Feuquières;49.64;1.85;30/09/2026;07:00;17.5;2;NUAGEUX;8.4;15.1;0
Feuquières;49.64;1.85;30/09/2026;08:00;18.1;2;NUAGEUX;10.9;18.4;0
Feuquières;49.64;1.85;30/09/2026;09:00;18.9;2;NUAGEUX;12.6;21.2;0
Feuquières;49.64;1.85;30/09/2026;10:00;19.7;2;NUAGEUX;13.8;24.1;0
Feuquières;49.64;1.85;30/09/2026;11:00;22.7;2;NUAGEUX;15.5;27.0;0
Feuquières;49.64;1.85;30/09/2026;12:00;22.7;2;NUAGEUX;17.3;30.6;0
Feuquières;49.64;1.85;30/09/2026;13:00;22.7;2;NUAGEUX;19.2;34.6;0
Feuquières;49.64;1.85;30/09/2026;14:00;22.9;2;NUAGEUX;20.5;37.4;0
Feuquières;49.64;1.85;30/09/2026;15:00;23.7;2;NUAGEUX;21.4;38.9;0
Feuquières;49.64;1.85;30/09/2026;16:00;22.9;2;NUAGEUX;21.7;39.2;0
Feuquières;49.64;1.85;30/09/2026;17:00;20;6;AVERSES;21.0;38.2;0
Feuquières;49.64;1.85;30/09/2026;18:00;20;6;AVERSES;18.6;35.3;0
Feuquières;49.64;1.85;30/09/2026;19:00;20;6;AVERSES;14.9;31.0;0
Feuquières;49.64;1.85;30/09/2026;20:00;19.7;2;NUAGEUX;12.1;26.6;0
Feuquières;49.64;1.85;30/09/2026;21:00;18.9;2;NUAGEUX;10.5;22.3;0
Feuquières;49.64;1.85;30/09/2026;22:00;18.1;2;NUAGEUX;9.0;18.0;0
Feuquières;49.64;1.85;30/09/2026;23:00;16.5;7;PLUIE FAIBLE;8.1;14.4;0
Feuquières;49.64;1.85;01/10/2026;00:00;16.5;7;PLUIE FAIBLE;7.7;13.1;0
Feuquières;49.64;1.85;01/10/2026;01:00;16.5;7;PLUIE FAIBLE;8.0;13.5;0
Feuquières;49.64;1.85;01/10/2026;02:00;13.6;7;PLUIE FAIBLE;9.0;14.7;0
Feuquières;49.64;1.85;01/10/2026;03:00;13.6;7;PLUIE FAIBLE;9.2;15.1;0
Feuquières;49.64;1.85;01/10/2026;04:00;13.6;7;PLUIE FAIBLE;8.1;13.7;0
Feuquières;49.64;1.85;01/10/2026;05:00;14.4;2;NUAGEUX;7.6;13.0;0
Feuquières;49.64;1.85;01/10/2026;06:00;14.4;2;NUAGEUX;7.7;13.0;0
Feuquières;49.64;1.85;01/10/2026;07:00;14.4;2;NUAGEUX;7.9;13.0;0
Feuquières;49.64;1.85;01/10/2026;08:00;14.7;7;PLUIE FAIBLE;8.2;13.3;0
Feuquières;49.64;1.85;01/10/2026;09:00;15.3;7;PLUIE FAIBLE;10.3;17.3;0
Feuquières;49.64;1.85;01/10/2026;10:00;15.8;7;PLUIE FAIBLE;13.9;24.1;0
Feuquières;49.64;1.85;01/10/2026;11:00;18;7;PLUIE FAIBLE;16.9;29.9;0
Feuquières;49.64;1.85;01/10/2026;12:00;18;7;PLUIE FAIBLE;18.8;32.8;0
Feuquières;49.64;1.85;01/10/2026;13:00;18;7;PLUIE FAIBLE;19.6;34.6;0
Feuquières;49.64;1.85;01/10/2026;14:00;18.0;7;PLUIE FAIBLE;20.0;35.6;0
Feuquières;49.64;1.85;01/10/2026;15:00;18.6;7;PLUIE FAIBLE;20.5;36.4;0
Feuquières;49.64;1.85;01/10/2026;16:00;18.0;7;PLUIE FAIBLE;20.4;36.7;0
Feuquières;49.64;1.85;01/10/2026;17:00;15.4;7;PLUIE FAIBLE;19.2;35.3;0
Feuquières;49.64;1.85;01/10/2026;18:00;15.4;7;PLUIE FAIBLE;15.3;31.3;0
Feuquières;49.64;1.85;01/10/2026;19:00;15.4;7;PLUIE FAIBLE;10.5;25.6;0
Feuquières;49.64;1.85;01/10/2026;20:00;15.8;7;PLUIE FAIBLE;6.6;20.2;0
Feuquières;49.64;1.85;01/10/2026;21:00;15.3;7;PLUIE FAIBLE;5.1;15.5;0
Feuquières;49.64;1.85;01/10/2026;22:00;14.7;7;PLUIE FAIBLE;4.4;10.8;0
Feuquières;49.64;1.85;01/10/2026;23:00;12.6;0;SOLEIL;4.7;8.3;0
Feuquières;49.64;1.85;02/10/2026;00:00;12.6;0;SOLEIL;5.9;9.0;0
Feuquières;49.64;1.85;02/10/2026;01:00;12.6;0;SOLEIL;7.6;11.9;0
Feuquières;49.64;1.85;02/10/2026;02:00;10.1;6;AVERSES;8.5;14.0;0
Feuquières;49.64;1.85;02/10/2026;03:00;10.1;6;AVERSES;8.0;15.1;0
Feuquières;49.64;1.85;02/10/2026;04:00;10.1;6;AVERSES;8.4;15.8;0
Feuquières;49.64;1.85;02/10/2026;05:00;10.9;0;SOLEIL;9.4;16.6;0
Feuquières;49.64;1.85;02/10/2026;06:00;10.9;0;SOLEIL;9.8;17.6;0
Feuquières;49.64;1.85;02/10/2026;07:00;10.9;0;SOLEIL;9.2;18.7;0
Feuquières;49.64;1.85;02/10/2026;08:00;11.9;6;AVERSES;8.9;19.4;0
Feuquières;49.64;1.85;02/10/2026;09:00;12.8;6;AVERSES;8.6;19.1;0
Feuquières;49.64;1.85;02/10/2026;10:00;13.7;6;AVERSES;9.0;18.4;0
Feuquières;49.64;1.85;02/10/2026;11:00;17.4;6;AVERSES;10.0;18.4;0
Feuquières;49.64;1.85;02/10/2026;12:00;17.4;6;AVERSES;10.6;19.8;0
Feuquières;49.64;1.85;02/10/2026;13:00;17.4;6;AVERSES;11.4;21.6;0
Feuquières;49.64;1.85;02/10/2026;14:00;17.2;6;AVERSES;11.6;23.0;0
Feuquières;49.64;1.85;02/10/2026;15:00;18.1;6;AVERSES;11.7;22.7;0
Feuquières;49.64;1.85;02/10/2026;16:00;17.2;6;AVERSES;11.5;21.6;0
Feuquières;49.64;1.85;02/10/2026;17:00;14.5;6;AVERSES;12.3;21.6;0
Feuquières;49.64;1.85;02/10/2026;18:00;14.5;6;AVERSES;14.4;24.1;0
Feuquières;49.64;1.85;02/10/2026;19:00;14.5;6;AVERSES;17.0;27.4;0
Feuquières;49.64;1.85;02/10/2026;20:00;13.7;6;AVERSES;16.2;29.2;0
Feuquières;49.64;1.85;02/10/2026;21:00;12.8;6;AVERSES;9.7;27.7;0
Feuquières;49.64;1.85;02/10/2026;22:00;11.9;6;AVERSES;4.3;24.5;0
Feuquières;49.64;1.85;02/10/2026;23:00;11.1;0;SOLEIL;8.5;21.6;0
Feuquières;49.64;1.85;03/10/2026;00:00;11.1;0;SOLEIL;8.0;18.4;0
Feuquières;49.64;1.85;03/10/2026;01:00;11.1;0;SOLEIL;5.7;15.5;0
Feuquières;49.64;1.85;03/10/2026;02:00;9.5;0;SOLEIL;4.1;14.4;0
Feuquières;49.64;1.85;03/10/2026;03:00;9.5;0;SOLEIL;1.5;16.9;0
Feuquières;49.64;1.85;03/10/2026;04:00;9.5;0;SOLEIL;8.9;21.2;0
Feuquières;49.64;1.85;03/10/2026;05:00;10.6;0;SOLEIL;14.6;24.8;0
Feuquières;49.64;1.85;03/10/2026;06:00;10.6;0;SOLEIL;16.4;27.0;0
Feuquières;49.64;1.85;03/10/2026;07:00;10.6;0;SOLEIL;16.4;28.4;0
Feuquières;49.64;1.85;03/10/2026;08:00;11.6;0;SOLEIL;16.4;29.9;0
Feuquières;49.64;1.85;03/10/2026;09:00;12.7;0;SOLEIL;17.7;32.0;0
Feuquières;49.64;1.85;03/10/2026;10:00;13.8;0;SOLEIL;19.7;34.2;0
Feuquières;49.64;1.85;03/10/2026;11:00;18.2;0;SOLEIL;20.4;35.6;0
Feuquières;49.64;1.85;03/10/2026;12:00;18.2;0;SOLEIL;15.8;30.3;0
Feuquières;49.64;1.85;03/10/2026;13:00;18.2;0;SOLEIL;11.6;25.0;0
Feuquières;49.64;1.85;03/10/2026;14:00;18.0;0;SOLEIL;8.3;20.8;0
Feuquières;49.64;1.85;03/10/2026;15:00;19.1;0;SOLEIL;5.1;17.3;0
Feuquières;49.64;1.85;03/10/2026;16:00;18.0;0;SOLEIL;4.5;17.6;0
Feuquières;49.64;1.85;03/10/2026;17:00;15;0;SOLEIL;3.6;17.6;0
Feuquières;49.64;1.85;03/10/2026;18:00;15;0;SOLEIL;2.7;17.6;0
Feuquières;49.64;1.85;03/10/2026;19:00;15;0;SOLEIL;2.0;17.3;0
Feuquières;49.64;1.85;03/10/2026;20:00;13.8;0;SOLEIL;1.7;16.9;0
Feuquières;49.64;1.85;03/10/2026;21:00;12.7;0;SOLEIL;1.7;16.2;0
Feuquières;49.64;1.85;03/10/2026;22:00;11.6;0;SOLEIL;1.9;15.1;0
Feuquières;49.64;1.85;03/10/2026;23:00;12.2;2;NUAGEUX;2.2;14.0;0
Rosoy-en-Multien;49.098;2.995;26/09/2026;00:00;11.5;0;SOLEIL;3.9;7.2;0
Rosoy-en-Multien;49.098;2.995;26/09/2026;01:00;12.2;0;SOLEIL;3.6;6.1;0
Rosoy-en-Multien;49.098;2.995;26/09/2026;02:00;12.1;0;SOLEIL;3.8;6.1;0
Rosoy-en-Multien;49.098;2.995;26/09/2026;03:00;13.1;3;TRÈS NUAGEUX;3.3;5.0;0
Rosoy-en-Multien;49.098;2.995;26/09/2026;04:00;13.4;6;AVERSES;3.6;5.4;0
Rosoy-en-Multien;49.098;2.995;26/09/2026;05:00;13.1;6;AVERSES;2.9;5.8;0
Rosoy-en-Multien;49.098;2.995;26/09/2026;06:00;13.9;6;AVERSES;3.6;5.0;0
Rosoy-en-Multien;49.098;2.995;26/09/2026;07:00;14.6;6;AVERSES;3.4;5.4;0
Rosoy-en-Multien;49.098;2.995;26/09/2026;08:00;15.6;6;AVERSES;3.0;5.4;0
Rosoy-en-Multien;49.098;2.995;26/09/2026;09:00;17.4;2;NUAGEUX;3.4;5.0;0
Rosoy-en-Multien;49.098;2.995;26/09/2026;10:00;18.1;2;NUAGEUX;4.2;7.9;0
Rosoy-en-Multien;49.098;2.995;26/09/2026;11:00;19.6;2;NUAGEUX;8.6;14.8;0
Rosoy-en-Multien;49.098;2.995;26/09/2026;12:00;22.1;2;NUAGEUX;10.2;18.0;0
Rosoy-en-Multien;49.098;2.995;26/09/2026;13:00;22.4;2;NUAGEUX;9.6;18.0;0
Rosoy-en-Multien;49.098;2.995;26/09/2026;14:00;23.4;2;NUAGEUX;8.6;14.0;0
Rosoy-en-Multien;49.098;2.995;26/09/2026;15:00;24.3;2;NUAGEUX;7.6;15.5;0
Rosoy-en-Multien;49.098;2.995;26/09/2026;16:00;23.6;2;NUAGEUX;7.6;14.8;0
Rosoy-en-Multien;49.098;2.995;26/09/2026;17:00;21.2;2;NUAGEUX;8.4;14.4;0
Rosoy-en-Multien;49.098;2.995;26/09/2026;18:00;18.7;2;NUAGEUX;9.4;16.2;0
Rosoy-en-Multien;49.098;2.995;26/09/2026;19:00;16.1;2;NUAGEUX;8.8;16.2;0
Rosoy-en-Multien;49.098;2.995;26/09/2026;20:00;15.1;2;NUAGEUX;7.2;14.4;0
Rosoy-en-Multien;49.098;2.995;26/09/2026;21:00;14.4;2;NUAGEUX;5.9;11.2;0
Rosoy-en-Multien;49.098;2.995;26/09/2026;22:00;13.6;2;NUAGEUX;5.8;9.4;0
Rosoy-en-Multien;49.098;2.995;26/09/2026;23:00;12.7;2;NUAGEUX;6.0;9.0;0
Rosoy-en-Multien;49.098;2.995;27/09/2026;00:00;11.5;2;NUAGEUX;6.8;10.8;0
Rosoy-en-Multien;49.098;2.995;27/09/2026;01:00;11.5;2;NUAGEUX;5.6;10.4;0
Rosoy-en-Multien;49.098;2.995;27/09/2026;02:00;10;0;SOLEIL;3.2;9.0;0
Rosoy-en-Multien;49.098;2.995;27/09/2026;03:00;10;0;SOLEIL;0.7;3.6;0
Rosoy-en-Multien;49.098;2.995;27/09/2026;04:00;10;0;SOLEIL;1.8;3.2;0
Rosoy-en-Multien;49.098;2.995;27/09/2026;05:00;8.4;0;SOLEIL;5.4;8.3;0
Rosoy-en-Multien;49.098;2.995;27/09/2026;06:00;8.4;0;SOLEIL;5.4;9.0;0
Rosoy-en-Multien;49.098;2.995;27/09/2026;07:00;8.4;0;SOLEIL;5.8;9.0;0
Rosoy-en-Multien;49.098;2.995;27/09/2026;08:00;18.6;0;SOLEIL;7.4;13.7;0
Rosoy-en-Multien;49.098;2.995;27/09/2026;09:00;18.6;0;SOLEIL;6.9;10.8;0
Rosoy-en-Multien;49.098;2.995;27/09/2026;10:00;18.6;0;SOLEIL;14.2;27.0;0
Rosoy-en-Multien;49.098;2.995;27/09/2026;11:00;27;5;SOLEIL VOILÉ;15.1;25.9;0
Rosoy-en-Multien;49.098;2.995;27/09/2026;12:00;27;5;SOLEIL VOILÉ;11.8;24.1;0
Rosoy-en-Multien;49.098;2.995;27/09/2026;13:00;27;5;SOLEIL VOILÉ;12.4;22.7;0
Rosoy-en-Multien;49.098;2.995;27/09/2026;14:00;27.6;5;SOLEIL VOILÉ;13.4;21.6;0
Rosoy-en-Multien;49.098;2.995;27/09/2026;15:00;27.6;5;SOLEIL VOILÉ;13.7;17.6;0
Rosoy-en-Multien;49.098;2.995;27/09/2026;16:00;27.6;5;SOLEIL VOILÉ;11.4;17.6;0
Rosoy-en-Multien;49.098;2.995;27/09/2026;17:00;21.4;5;SOLEIL VOILÉ;14.0;20.2;0
Rosoy-en-Multien;49.098;2.995;27/09/2026;18:00;21.4;5;SOLEIL VOILÉ;16.8;27.4;0
Rosoy-en-Multien;49.098;2.995;27/09/2026;19:00;21.4;5;SOLEIL VOILÉ;14.1;28.1;0
Rosoy-en-Multien;49.098;2.995;27/09/2026;20:00;17.2;5;SOLEIL VOILÉ;10.5;22.0;0
Rosoy-en-Multien;49.098;2.995;27/09/2026;21:00;17.2;5;SOLEIL VOILÉ;10.1;17.3;0
Rosoy-en-Multien;49.098;2.995;27/09/2026;22:00;17.2;5;SOLEIL VOILÉ;9.0;15.8;0
Rosoy-en-Multien;49.098;2.995;27/09/2026;23:00;15.1;5;SOLEIL VOILÉ;7.6;14.4;0
Rosoy-en-Multien;49.098;2.995;28/09/2026;00:00;15.1;5;SOLEIL VOILÉ;5.8;12.2;0
Rosoy-en-Multien;49.098;2.995;28/09/2026;01:00;15.1;5;SOLEIL VOILÉ;5.9;11.2;0
Rosoy-en-Multien;49.098;2.995;28/09/2026;02:00;13.2;2;NUAGEUX;6.1;9.7;0
Rosoy-en-Multien;49.098;2.995;28/09/2026;03:00;13.2;2;NUAGEUX;4.9;10.4;0
Rosoy-en-Multien;49.098;2.995;28/09/2026;04:00;13.2;2;NUAGEUX;4.5;7.2;0
Rosoy-en-Multien;49.098;2.995;28/09/2026;05:00;13.4;2;NUAGEUX;4.0;7.2;0
Rosoy-en-Multien;49.098;2.995;28/09/2026;06:00;13.4;2;NUAGEUX;3.2;5.7;0
Rosoy-en-Multien;49.098;2.995;28/09/2026;07:00;13.4;2;NUAGEUX;3.2;5.6;0
Rosoy-en-Multien;49.098;2.995;28/09/2026;08:00;20.5;2;NUAGEUX;3.1;5.2;0
Rosoy-en-Multien;49.098;2.995;28/09/2026;09:00;20.5;2;NUAGEUX;3.1;5.0;0
Rosoy-en-Multien;49.098;2.995;28/09/2026;10:00;20.5;2;NUAGEUX;3.6;7.6;0
Rosoy-en-Multien;49.098;2.995;28/09/2026;11:00;23.6;5;SOLEIL VOILÉ;8.9;16.2;0
Rosoy-en-Multien;49.098;2.995;28/09/2026;12:00;23.6;5;SOLEIL VOILÉ;9.7;18.7;0
Rosoy-en-Multien;49.098;2.995;28/09/2026;13:00;23.6;5;SOLEIL VOILÉ;12.4;21.6;0
Rosoy-en-Multien;49.098;2.995;28/09/2026;14:00;24.5;5;SOLEIL VOILÉ;13.1;22.7;0
Rosoy-en-Multien;49.098;2.995;28/09/2026;15:00;24.5;5;SOLEIL VOILÉ;13.8;23.0;0
Rosoy-en-Multien;49.098;2.995;28/09/2026;16:00;24.5;5;SOLEIL VOILÉ;14.8;25.2;0
Rosoy-en-Multien;49.098;2.995;28/09/2026;17:00;20;5;SOLEIL VOILÉ;14.5;27.4;0
Rosoy-en-Multien;49.098;2.995;28/09/2026;18:00;20;5;SOLEIL VOILÉ;13.8;25.6;0
Rosoy-en-Multien;49.098;2.995;28/09/2026;19:00;20;5;SOLEIL VOILÉ;11.9;23.8;0
Rosoy-en-Multien;49.098;2.995;28/09/2026;20:00;18.0;2;NUAGEUX;6.6;19.1;0
Rosoy-en-Multien;49.098;2.995;28/09/2026;21:00;16.6;2;NUAGEUX;4.7;10.1;0
Rosoy-en-Multien;49.098;2.995;28/09/2026;22:00;15.2;2;NUAGEUX;5.2;8.6;0
Rosoy-en-Multien;49.098;2.995;28/09/2026;23:00;13.6;2;NUAGEUX;5.4;9.7;0
Rosoy-en-Multien;49.098;2.995;29/09/2026;00:00;13.6;2;NUAGEUX;7.3;11.5;0
Rosoy-en-Multien;49.098;2.995;29/09/2026;01:00;13.6;2;NUAGEUX;5.7;11.5;0
Rosoy-en-Multien;49.098;2.995;29/09/2026;02:00;13.1;2;NUAGEUX;5.8;9.0;0
Rosoy-en-Multien;49.098;2.995;29/09/2026;03:00;13.1;2;NUAGEUX;3.0;9.0;0
Rosoy-en-Multien;49.098;2.995;29/09/2026;04:00;13.1;2;NUAGEUX;3.7;6.5;0
Rosoy-en-Multien;49.098;2.995;29/09/2026;05:00;14.1;2;NUAGEUX;3.0;5.8;0
Rosoy-en-Multien;49.098;2.995;29/09/2026;06:00;14.1;2;NUAGEUX;3.6;5.4;0
Rosoy-en-Multien;49.098;2.995;29/09/2026;07:00;14.1;2;NUAGEUX;2.1;5.8;0
Rosoy-en-Multien;49.098;2.995;29/09/2026;08:00;16.7;2;NUAGEUX;2.0;4.3;0
Rosoy-en-Multien;49.098;2.995;29/09/2026;09:00;18.4;2;NUAGEUX;3.9;7.2;0
Rosoy-en-Multien;49.098;2.995;29/09/2026;10:00;20.2;2;NUAGEUX;6.0;11.2;0
Rosoy-en-Multien;49.098;2.995;29/09/2026;11:00;26.9;2;NUAGEUX;7.4;15.8;0
Rosoy-en-Multien;49.098;2.995;29/09/2026;12:00;26.9;2;NUAGEUX;7.2;21.6;0
Rosoy-en-Multien;49.098;2.995;29/09/2026;13:00;26.9;2;NUAGEUX;8.6;27.7;0
Rosoy-en-Multien;49.098;2.995;29/09/2026;14:00;27.3;2;NUAGEUX;10.2;30.2;0
Rosoy-en-Multien;49.098;2.995;29/09/2026;15:00;29.1;2;NUAGEUX;10.0;27.0;0
Rosoy-en-Multien;49.098;2.995;29/09/2026;16:00;27.3;2;NUAGEUX;8.9;20.2;0
Rosoy-en-Multien;49.098;2.995;29/09/2026;17:00;22.1;2;NUAGEUX;6.8;14.0;0
Rosoy-en-Multien;49.098;2.995;29/09/2026;18:00;22.1;2;NUAGEUX;4.0;9.7;0
Rosoy-en-Multien;49.098;2.995;29/09/2026;19:00;22.1;2;NUAGEUX;1.5;5.8;0
Rosoy-en-Multien;49.098;2.995;29/09/2026;20:00;20.2;2;NUAGEUX;2.6;3.6;0
Rosoy-en-Multien;49.098;2.995;29/09/2026;21:00;18.4;2;NUAGEUX;3.6;3.6;0
Rosoy-en-Multien;49.098;2.995;29/09/2026;22:00;16.7;2;NUAGEUX;4.0;5.4;0
Rosoy-en-Multien;49.098;2.995;29/09/2026;23:00;17;2;NUAGEUX;4.2;7.2;0
Rosoy-en-Multien;49.098;2.995;30/09/2026;00:00;17;2;NUAGEUX;4.8;8.6;0
Rosoy-en-Multien;49.098;2.995;30/09/2026;01:00;17;2;NUAGEUX;6.2;10.1;0
Rosoy-en-Multien;49.098;2.995;30/09/2026;02:00;15.1;2;NUAGEUX;7.2;11.5;0
Rosoy-en-Multien;49.098;2.995;30/09/2026;03:00;15.1;2;NUAGEUX;7.7;12.6;0
Rosoy-en-Multien;49.098;2.995;30/09/2026;04:00;15.1;2;NUAGEUX;8.2;13.7;0
Rosoy-en-Multien;49.098;2.995;30/09/2026;05:00;16;2;NUAGEUX;8.9;14.4;0
Rosoy-en-Multien;49.098;2.995;30/09/2026;06:00;16;2;NUAGEUX;9.4;14.8;0
Rosoy-en-Multien;49.098;2.995;30/09/2026;07:00;16;2;NUAGEUX;9.4;15.1;0
Rosoy-en-Multien;49.098;2.995;30/09/2026;08:00;17.6;2;NUAGEUX;10.0;16.6;0
Rosoy-en-Multien;49.098;2.995;30/09/2026;09:00;18.8;2;NUAGEUX;12.2;20.5;0
Rosoy-en-Multien;49.098;2.995;30/09/2026;10:00;20.0;2;NUAGEUX;14.9;25.6;0
Rosoy-en-Multien;49.098;2.995;30/09/2026;11:00;24.6;2;NUAGEUX;17.1;28.8;0
Rosoy-en-Multien;49.098;2.995;30/09/2026;12:00;24.6;2;NUAGEUX;17.2;28.8;0
Rosoy-en-Multien;49.098;2.995;30/09/2026;13:00;24.6;2;NUAGEUX;16.3;27.7;0
Rosoy-en-Multien;49.098;2.995;30/09/2026;14:00;25.0;2;NUAGEUX;15.9;27.0;0
Rosoy-en-Multien;49.098;2.995;30/09/2026;15:00;26.2;2;NUAGEUX;16.9;29.2;0
Rosoy-en-Multien;49.098;2.995;30/09/2026;16:00;25.0;2;NUAGEUX;18.0;32.0;0
Rosoy-en-Multien;49.098;2.995;30/09/2026;17:00;20.7;2;NUAGEUX;17.7;32.4;0
Rosoy-en-Multien;49.098;2.995;30/09/2026;18:00;20.7;2;NUAGEUX;14.2;27.4;0
Rosoy-en-Multien;49.098;2.995;30/09/2026;19:00;20.7;2;NUAGEUX;9.1;19.4;0
Rosoy-en-Multien;49.098;2.995;30/09/2026;20:00;20.0;2;NUAGEUX;5.4;13.0;0
Rosoy-en-Multien;49.098;2.995;30/09/2026;21:00;18.8;2;NUAGEUX;4.6;10.1;0
Rosoy-en-Multien;49.098;2.995;30/09/2026;22:00;17.6;2;NUAGEUX;4.7;8.6;0
Rosoy-en-Multien;49.098;2.995;30/09/2026;23:00;16.9;7;PLUIE FAIBLE;4.5;7.9;0
Rosoy-en-Multien;49.098;2.995;01/10/2026;00:00;16.9;7;PLUIE FAIBLE;5.6;9.3;0
Rosoy-en-Multien;49.098;2.995;01/10/2026;01:00;16.9;7;PLUIE FAIBLE;6.2;11.0;0
Rosoy-en-Multien;49.098;2.995;01/10/2026;02:00;14.6;7;PLUIE FAIBLE;6.8;12.6;0
Rosoy-en-Multien;49.098;2.995;01/10/2026;03:00;14.6;7;PLUIE FAIBLE;7.7;14.0;0
Rosoy-en-Multien;49.098;2.995;01/10/2026;04:00;14.6;7;PLUIE FAIBLE;8.1;14.4;0
Rosoy-en-Multien;49.098;2.995;01/10/2026;05:00;15.9;7;PLUIE FAIBLE;8.7;14.4;0
Rosoy-en-Multien;49.098;2.995;01/10/2026;06:00;15.9;7;PLUIE FAIBLE;8.9;14.8;0
Rosoy-en-Multien;49.098;2.995;01/10/2026;07:00;15.9;7;PLUIE FAIBLE;9.1;15.1;0
Rosoy-en-Multien;49.098;2.995;01/10/2026;08:00;15.8;7;PLUIE FAIBLE;9.3;15.5;0
Rosoy-en-Multien;49.098;2.995;01/10/2026;09:00;16.5;7;PLUIE FAIBLE;11.0;19.1;0
Rosoy-en-Multien;49.098;2.995;01/10/2026;10:00;17.1;7;PLUIE FAIBLE;14.1;24.5;0
Rosoy-en-Multien;49.098;2.995;01/10/2026;11:00;19.6;6;AVERSES;16.1;28.4;0
Rosoy-en-Multien;49.098;2.995;01/10/2026;12:00;19.6;6;AVERSES;16.5;29.9;0
Rosoy-en-Multien;49.098;2.995;01/10/2026;13:00;19.6;6;AVERSES;16.1;29.9;0
Rosoy-en-Multien;49.098;2.995;01/10/2026;14:00;19.6;7;PLUIE FAIBLE;15.7;29.9;0
Rosoy-en-Multien;49.098;2.995;01/10/2026;15:00;20.2;7;PLUIE FAIBLE;16.2;30.2;0
Rosoy-en-Multien;49.098;2.995;01/10/2026;16:00;19.6;7;PLUIE FAIBLE;16.2;30.2;0
Rosoy-en-Multien;49.098;2.995;01/10/2026;17:00;16.4;7;PLUIE FAIBLE;15.6;29.2;0
Rosoy-en-Multien;49.098;2.995;01/10/2026;18:00;16.4;7;PLUIE FAIBLE;12.6;25.9;0
Rosoy-en-Multien;49.098;2.995;01/10/2026;19:00;16.4;7;PLUIE FAIBLE;8.9;21.2;0
Rosoy-en-Multien;49.098;2.995;01/10/2026;20:00;17.1;7;PLUIE FAIBLE;6.6;17.6;0
Rosoy-en-Multien;49.098;2.995;01/10/2026;21:00;16.5;7;PLUIE FAIBLE;6.8;15.5;0
Rosoy-en-Multien;49.098;2.995;01/10/2026;22:00;15.8;7;PLUIE FAIBLE;7.3;14.4;0
Rosoy-en-Multien;49.098;2.995;01/10/2026;23:00;12.1;0;SOLEIL;8.0;13.7;0
Rosoy-en-Multien;49.098;2.995;02/10/2026;00:00;12.1;0;SOLEIL;7.9;13.0;0
Rosoy-en-Multien;49.098;2.995;02/10/2026;01:00;12.1;0;SOLEIL;7.9;12.6;0
Rosoy-en-Multien;49.098;2.995;02/10/2026;02:00;9.5;0;SOLEIL;7.7;12.6;0
Rosoy-en-Multien;49.098;2.995;02/10/2026;03:00;9.5;0;SOLEIL;7.8;12.6;0
Rosoy-en-Multien;49.098;2.995;02/10/2026;04:00;9.5;0;SOLEIL;7.9;12.6;0
Rosoy-en-Multien;49.098;2.995;02/10/2026;05:00;10.6;0;SOLEIL;8.3;14.0;0
Rosoy-en-Multien;49.098;2.995;02/10/2026;06:00;10.6;0;SOLEIL;9.2;18.0;0
Rosoy-en-Multien;49.098;2.995;02/10/2026;07:00;10.6;0;SOLEIL;9.8;23.0;0
Rosoy-en-Multien;49.098;2.995;02/10/2026;08:00;12.0;0;SOLEIL;10.5;25.9;0
Rosoy-en-Multien;49.098;2.995;02/10/2026;09:00;13.2;0;SOLEIL;10.4;24.1;0
Rosoy-en-Multien;49.098;2.995;02/10/2026;10:00;14.4;0;SOLEIL;9.8;20.2;0
Rosoy-en-Multien;49.098;2.995;02/10/2026;11:00;19.9;0;SOLEIL;10.1;18.4;0
Rosoy-en-Multien;49.098;2.995;02/10/2026;12:00;19.9;0;SOLEIL;11.9;21.2;0
Rosoy-en-Multien;49.098;2.995;02/10/2026;13:00;19.9;0;SOLEIL;15.3;26.3;0
Rosoy-en-Multien;49.098;2.995;02/10/2026;14:00;19.4;0;SOLEIL;17.9;30.6;0
Rosoy-en-Multien;49.098;2.995;02/10/2026;15:00;20.6;0;SOLEIL;18.8;32.8;0
Rosoy-en-Multien;49.098;2.995;02/10/2026;16:00;19.4;0;SOLEIL;18.8;34.6;0
Rosoy-en-Multien;49.098;2.995;02/10/2026;17:00;15.1;0;SOLEIL;18.5;34.9;0
Rosoy-en-Multien;49.098;2.995;02/10/2026;18:00;15.1;0;SOLEIL;17.7;34.2;0
Rosoy-en-Multien;49.098;2.995;02/10/2026;19:00;15.1;0;SOLEIL;16.6;32.8;0
Rosoy-en-Multien;49.098;2.995;02/10/2026;20:00;14.4;0;SOLEIL;15.5;31.0;0
Rosoy-en-Multien;49.098;2.995;02/10/2026;21:00;13.2;0;SOLEIL;15.2;29.2;0
Rosoy-en-Multien;49.098;2.995;02/10/2026;22:00;12.0;0;SOLEIL;15.3;27.4;0
Rosoy-en-Multien;49.098;2.995;02/10/2026;23:00;10.6;0;SOLEIL;15.4;26.3;0
Rosoy-en-Multien;49.098;2.995;03/10/2026;00:00;10.6;0;SOLEIL;15.6;26.3;0
Rosoy-en-Multien;49.098;2.995;03/10/2026;01:00;10.6;0;SOLEIL;16.3;27.4;0
Rosoy-en-Multien;49.098;2.995;03/10/2026;02:00;8.5;0;SOLEIL;16.3;28.1;0
Rosoy-en-Multien;49.098;2.995;03/10/2026;03:00;8.5;0;SOLEIL;15.8;28.8;0
Rosoy-en-Multien;49.098;2.995;03/10/2026;04:00;8.5;0;SOLEIL;15.5;29.2;0
Rosoy-en-Multien;49.098;2.995;03/10/2026;05:00;10;0;SOLEIL;15.5;29.9;0
Rosoy-en-Multien;49.098;2.995;03/10/2026;06:00;10;0;SOLEIL;15.3;30.6;0
Rosoy-en-Multien;49.098;2.995;03/10/2026;07:00;10;0;SOLEIL;15.8;31.3;0
Rosoy-en-Multien;49.098;2.995;03/10/2026;08:00;11.3;0;SOLEIL;17.0;31.7;0
Rosoy-en-Multien;49.098;2.995;03/10/2026;09:00;12.7;0;SOLEIL;17.6;31.7;0
Rosoy-en-Multien;49.098;2.995;03/10/2026;10:00;14.1;0;SOLEIL;17.2;31.7;0
Rosoy-en-Multien;49.098;2.995;03/10/2026;11:00;20.4;0;SOLEIL;17.1;31.7;0
Rosoy-en-Multien;49.098;2.995;03/10/2026;12:00;20.4;0;SOLEIL;14.2;27.4;0
Rosoy-en-Multien;49.098;2.995;03/10/2026;13:00;20.4;0;SOLEIL;11.5;24.1;0
Rosoy-en-Multien;49.098;2.995;03/10/2026;14:00;19.7;0;SOLEIL;8.6;21.2;0
Rosoy-en-Multien;49.098;2.995;03/10/2026;15:00;21.1;0;SOLEIL;5.2;18.4;0
Rosoy-en-Multien;49.098;2.995;03/10/2026;16:00;19.7;0;SOLEIL;5.1;18.7;0
Rosoy-en-Multien;49.098;2.995;03/10/2026;17:00;16;0;SOLEIL;4.7;19.1;0
Rosoy-en-Multien;49.098;2.995;03/10/2026;18:00;16;0;SOLEIL;4.6;19.1;0
Rosoy-en-Multien;49.098;2.995;03/10/2026;19:00;16;0;SOLEIL;4.5;18.7;0
Rosoy-en-Multien;49.098;2.995;03/10/2026;20:00;14.1;0;SOLEIL;4.5;18.0;0
Rosoy-en-Multien;49.098;2.995;03/10/2026;21:00;12.7;0;SOLEIL;4.2;16.9;0
Rosoy-en-Multien;49.098;2.995;03/10/2026;22:00;11.3;0;SOLEIL;3.7;15.5;0
Rosoy-en-Multien;49.098;2.995;03/10/2026;23:00;12;0;SOLEIL;3.2;13.3;0
Arras;50.29;2.78;26/09/2026;00:00;15.2;2;NUAGEUX;11.2;18.7;0
Arras;50.29;2.78;26/09/2026;01:00;14.7;2;NUAGEUX;8.6;15.1;0
Arras;50.29;2.78;26/09/2026;02:00;14.6;2;NUAGEUX;8.6;14.0;0
Arras;50.29;2.78;26/09/2026;03:00;15.7;2;NUAGEUX;9.7;16.2;0
Arras;50.29;2.78;26/09/2026;04:00;16;2;NUAGEUX;9.0;15.5;0
Arras;50.29;2.78;26/09/2026;05:00;16.1;2;NUAGEUX;9.0;15.5;0
Arras;50.29;2.78;26/09/2026;06:00;16.1;2;NUAGEUX;8.3;13.3;0
Arras;50.29;2.78;26/09/2026;07:00;16.2;2;NUAGEUX;7.2;12.2;0
Arras;50.29;2.78;26/09/2026;08:00;17.1;2;NUAGEUX;8.3;14.0;0
Arras;50.29;2.78;26/09/2026;09:00;17.9;2;NUAGEUX;7.2;14.4;0
Arras;50.29;2.78;26/09/2026;10:00;18.2;2;NUAGEUX;8.6;18.0;0
Arras;50.29;2.78;26/09/2026;11:00;19.6;2;NUAGEUX;9.4;20.2;0
Arras;50.29;2.78;26/09/2026;12:00;20.6;2;NUAGEUX;10.4;22.7;0
Arras;50.29;2.78;26/09/2026;13:00;20.2;2;NUAGEUX;10.4;23.8;0
Arras;50.29;2.78;26/09/2026;14:00;21.3;2;NUAGEUX;10.4;23.8;0
Arras;50.29;2.78;26/09/2026;15:00;20.8;2;NUAGEUX;10.1;24.1;0
Arras;50.29;2.78;26/09/2026;16:00;20.7;2;NUAGEUX;9.7;23.4;0
Arras;50.29;2.78;26/09/2026;17:00;19.7;2;NUAGEUX;9.7;23.0;0
Arras;50.29;2.78;26/09/2026;18:00;18.6;2;NUAGEUX;10.1;22.0;0
Arras;50.29;2.78;26/09/2026;19:00;17.5;2;NUAGEUX;11.2;20.9;0
Arras;50.29;2.78;26/09/2026;20:00;16.5;2;NUAGEUX;11.5;21.2;0
Arras;50.29;2.78;26/09/2026;21:00;15.6;2;NUAGEUX;11.5;20.9;0
Arras;50.29;2.78;26/09/2026;22:00;15.1;2;NUAGEUX;9.4;20.5;0
Arras;50.29;2.78;26/09/2026;23:00;14.1;2;NUAGEUX;6.5;24.5;0
Arras;50.29;2.78;27/09/2026;00:00;14;2;NUAGEUX;9.7;17.3;0
Arras;50.29;2.78;27/09/2026;01:00;14;2;NUAGEUX;9.7;17.6;0
Arras;50.29;2.78;27/09/2026;02:00;11.4;0;SOLEIL;9.7;20.9;0
Arras;50.29;2.78;27/09/2026;03:00;11.4;0;SOLEIL;13.3;24.8;0
Arras;50.29;2.78;27/09/2026;04:00;11.4;0;SOLEIL;10.1;26.3;0
Arras;50.29;2.78;27/09/2026;05:00;11.9;5;SOLEIL VOILÉ;12.2;22.7;0
Arras;50.29;2.78;27/09/2026;06:00;11.9;5;SOLEIL VOILÉ;17.3;32.8;0
Arras;50.29;2.78;27/09/2026;07:00;11.9;5;SOLEIL VOILÉ;16.6;33.5;0
Arras;50.29;2.78;27/09/2026;08:00;17.1;5;SOLEIL VOILÉ;13.0;31.0;0
Arras;50.29;2.78;27/09/2026;09:00;17.1;5;SOLEIL VOILÉ;11.9;24.5;0
Arras;50.29;2.78;27/09/2026;10:00;17.1;5;SOLEIL VOILÉ;11.5;22.7;0
Arras;50.29;2.78;27/09/2026;11:00;23;5;SOLEIL VOILÉ;12.2;24.1;0
Arras;50.29;2.78;27/09/2026;12:00;23;5;SOLEIL VOILÉ;10.4;25.2;0
Arras;50.29;2.78;27/09/2026;13:00;23;5;SOLEIL VOILÉ;9.4;20.5;0
Arras;50.29;2.78;27/09/2026;14:00;25.1;5;SOLEIL VOILÉ;9.7;20.5;0
Arras;50.29;2.78;27/09/2026;15:00;25.1;5;SOLEIL VOILÉ;10.8;23.8;0
Arras;50.29;2.78;27/09/2026;16:00;25.1;5;SOLEIL VOILÉ;9.7;23.4;0
Arras;50.29;2.78;27/09/2026;17:00;22.1;2;NUAGEUX;8.3;20.2;0
Arras;50.29;2.78;27/09/2026;18:00;22.1;2;NUAGEUX;7.9;18.7;0
Arras;50.29;2.78;27/09/2026;19:00;22.1;2;NUAGEUX;9.7;19.1;0
Arras;50.29;2.78;27/09/2026;20:00;19.2;5;SOLEIL VOILÉ;10.4;19.8;0
Arras;50.29;2.78;27/09/2026;21:00;19.2;5;SOLEIL VOILÉ;11.5;21.6;0
Arras;50.29;2.78;27/09/2026;22:00;19.2;5;SOLEIL VOILÉ;10.8;21.6;0
Arras;50.29;2.78;27/09/2026;23:00;16.6;5;SOLEIL VOILÉ;9.7;19.8;0
Arras;50.29;2.78;28/09/2026;00:00;16.6;5;SOLEIL VOILÉ;9.4;17.6;0
Arras;50.29;2.78;28/09/2026;01:00;16.6;5;SOLEIL VOILÉ;9.7;18.0;0
Arras;50.29;2.78;28/09/2026;02:00;16.4;2;NUAGEUX;9.4;18.0;0
Arras;50.29;2.78;28/09/2026;03:00;16.4;2;NUAGEUX;7.2;17.3;0
Arras;50.29;2.78;28/09/2026;04:00;16.4;2;NUAGEUX;5.8;14.0;0
Arras;50.29;2.78;28/09/2026;05:00;15.6;2;NUAGEUX;6.1;11.5;0
Arras;50.29;2.78;28/09/2026;06:00;15.6;2;NUAGEUX;6.5;11.9;0
Arras;50.29;2.78;28/09/2026;07:00;15.6;2;NUAGEUX;5.8;12.2;0
Arras;50.29;2.78;28/09/2026;08:00;19.1;2;NUAGEUX;6.8;12.2;0
Arras;50.29;2.78;28/09/2026;09:00;19.1;2;NUAGEUX;6.8;14.4;0
Arras;50.29;2.78;28/09/2026;10:00;19.1;2;NUAGEUX;6.8;14.8;0
Arras;50.29;2.78;28/09/2026;11:00;22.4;2;NUAGEUX;6.5;15.8;0
Arras;50.29;2.78;28/09/2026;12:00;22.4;2;NUAGEUX;8.3;18.0;0
Arras;50.29;2.78;28/09/2026;13:00;22.4;2;NUAGEUX;10.8;23.8;0
Arras;50.29;2.78;28/09/2026;14:00;20.7;5;SOLEIL VOILÉ;12.6;27.0;0
Arras;50.29;2.78;28/09/2026;15:00;20.7;5;SOLEIL VOILÉ;13.3;28.4;0
Arras;50.29;2.78;28/09/2026;16:00;20.7;5;SOLEIL VOILÉ;13.7;29.2;0
Arras;50.29;2.78;28/09/2026;17:00;19.4;5;SOLEIL VOILÉ;12.6;29.2;0
Arras;50.29;2.78;28/09/2026;18:00;19.4;5;SOLEIL VOILÉ;14.6;29.0;0
Arras;50.29;2.78;28/09/2026;19:00;19.4;5;SOLEIL VOILÉ;12.2;31.0;0
Arras;50.29;2.78;28/09/2026;20:00;18.5;2;NUAGEUX;8.3;21.7;0
Arras;50.29;2.78;28/09/2026;21:00;17.6;2;NUAGEUX;11.8;19.8;0
Arras;50.29;2.78;28/09/2026;22:00;16.7;2;NUAGEUX;11.7;21.2;0
Arras;50.29;2.78;28/09/2026;23:00;15.6;2;NUAGEUX;9.6;20.2;0
Arras;50.29;2.78;29/09/2026;00:00;15.6;2;NUAGEUX;6.8;16.6;0
Arras;50.29;2.78;29/09/2026;01:00;15.6;2;NUAGEUX;3.7;11.9;0
Arras;50.29;2.78;29/09/2026;02:00;15;2;NUAGEUX;3.7;6.8;0
Arras;50.29;2.78;29/09/2026;03:00;15;2;NUAGEUX;5.6;10.4;0
Arras;50.29;2.78;29/09/2026;04:00;15;2;NUAGEUX;5.3;9.7;0
Arras;50.29;2.78;29/09/2026;05:00;15.9;2;NUAGEUX;6.3;11.2;0
Arras;50.29;2.78;29/09/2026;06:00;15.9;2;NUAGEUX;8.6;14.8;0
Arras;50.29;2.78;29/09/2026;07:00;15.9;2;NUAGEUX;10.0;17.6;0
Arras;50.29;2.78;29/09/2026;08:00;18.0;2;NUAGEUX;8.6;17.3;0
Arras;50.29;2.78;29/09/2026;09:00;19.5;2;NUAGEUX;10.2;17.6;0
Arras;50.29;2.78;29/09/2026;10:00;21.0;2;NUAGEUX;7.8;17.6;0
Arras;50.29;2.78;29/09/2026;11:00;25.7;2;NUAGEUX;8.1;18.4;0
Arras;50.29;2.78;29/09/2026;12:00;25.7;2;NUAGEUX;7.6;19.4;0
Arras;50.29;2.78;29/09/2026;13:00;25.7;2;NUAGEUX;5.0;19.1;0
Arras;50.29;2.78;29/09/2026;14:00;26.9;2;NUAGEUX;5.6;17.3;0
Arras;50.29;2.78;29/09/2026;15:00;28.4;2;NUAGEUX;4.7;17.3;0
Arras;50.29;2.78;29/09/2026;16:00;26.9;2;NUAGEUX;10.3;21.6;0
Arras;50.29;2.78;29/09/2026;17:00;23.6;2;NUAGEUX;13.6;28.4;0
Arras;50.29;2.78;29/09/2026;18:00;23.6;2;NUAGEUX;11.5;27.7;0
Arras;50.29;2.78;29/09/2026;19:00;23.6;2;NUAGEUX;10.6;23.4;0
Arras;50.29;2.78;29/09/2026;20:00;21.0;2;NUAGEUX;9.5;18.7;0
Arras;50.29;2.78;29/09/2026;21:00;19.5;2;NUAGEUX;9.3;18.0;0
Arras;50.29;2.78;29/09/2026;22:00;18.0;2;NUAGEUX;8.9;18.7;0
Arras;50.29;2.78;29/09/2026;23:00;19.6;2;NUAGEUX;8.4;18.7;0
Arras;50.29;2.78;30/09/2026;00:00;19.6;2;NUAGEUX;8.2;18.0;0
Arras;50.29;2.78;30/09/2026;01:00;19.6;2;NUAGEUX;8.2;16.9;0
Arras;50.29;2.78;30/09/2026;02:00;17.1;2;NUAGEUX;7.9;16.2;0
Arras;50.29;2.78;30/09/2026;03:00;17.1;2;NUAGEUX;7.5;15.8;0
Arras;50.29;2.78;30/09/2026;04:00;17.1;2;NUAGEUX;7.3;15.5;0
Arras;50.29;2.78;30/09/2026;05:00;18;2;NUAGEUX;7.2;15.1;0
Arras;50.29;2.78;30/09/2026;06:00;18;2;NUAGEUX;6.6;14.0;0
Arras;50.29;2.78;30/09/2026;07:00;18;2;NUAGEUX;5.9;12.6;0
Arras;50.29;2.78;30/09/2026;08:00;19.1;2;NUAGEUX;5.5;12.2;0
Arras;50.29;2.78;30/09/2026;09:00;20.1;2;NUAGEUX;5.8;13.7;0
Arras;50.29;2.78;30/09/2026;10:00;21.1;2;NUAGEUX;6.4;16.6;0
Arras;50.29;2.78;30/09/2026;11:00;24.9;2;NUAGEUX;7.5;19.1;0
Arras;50.29;2.78;30/09/2026;12:00;24.9;2;NUAGEUX;8.7;21.6;0
Arras;50.29;2.78;30/09/2026;13:00;24.9;2;NUAGEUX;10.3;23.8;0
Arras;50.29;2.78;30/09/2026;14:00;25.2;2;NUAGEUX;11.4;26.3;0
Arras;50.29;2.78;30/09/2026;15:00;26.2;2;NUAGEUX;12.9;28.8;0
Arras;50.29;2.78;30/09/2026;16:00;25.2;2;NUAGEUX;14.8;31.3;0
Arras;50.29;2.78;30/09/2026;17:00;22;7;PLUIE FAIBLE;16.2;33.1;0
Arras;50.29;2.78;30/09/2026;18:00;22;7;PLUIE FAIBLE;15.1;33.1;0
Arras;50.29;2.78;30/09/2026;19:00;22;7;PLUIE FAIBLE;12.9;32.4;0
Arras;50.29;2.78;30/09/2026;20:00;21.1;2;NUAGEUX;11.6;31.3;0
Arras;50.29;2.78;30/09/2026;21:00;20.1;2;NUAGEUX;12.4;29.5;0
Arras;50.29;2.78;30/09/2026;22:00;19.1;2;NUAGEUX;14.0;27.4;0
Arras;50.29;2.78;30/09/2026;23:00;18.1;6;AVERSES;15.6;26.6;0
Arras;50.29;2.78;01/10/2026;00:00;18.1;6;AVERSES;17.0;28.4;0
Arras;50.29;2.78;01/10/2026;01:00;18.1;6;AVERSES;18.5;31.7;0
Arras;50.29;2.78;01/10/2026;02:00;15.2;7;PLUIE FAIBLE;19.2;33.8;0
Arras;50.29;2.78;01/10/2026;03:00;15.2;7;PLUIE FAIBLE;18.4;34.6;0
Arras;50.29;2.78;01/10/2026;04:00;15.2;7;PLUIE FAIBLE;16.7;34.6;0
Arras;50.29;2.78;01/10/2026;05:00;16.5;7;PLUIE FAIBLE;15.3;33.8;0
Arras;50.29;2.78;01/10/2026;06:00;16.5;7;PLUIE FAIBLE;14.5;32.0;0
Arras;50.29;2.78;01/10/2026;07:00;16.5;7;PLUIE FAIBLE;13.9;29.2;0
Arras;50.29;2.78;01/10/2026;08:00;16.3;7;PLUIE FAIBLE;13.4;27.0;0
Arras;50.29;2.78;01/10/2026;09:00;16.8;7;PLUIE FAIBLE;13.0;25.9;0
Arras;50.29;2.78;01/10/2026;10:00;17.4;7;PLUIE FAIBLE;12.6;25.2;0
Arras;50.29;2.78;01/10/2026;11:00;19.6;7;PLUIE FAIBLE;12.5;25.2;0
Arras;50.29;2.78;01/10/2026;12:00;19.6;7;PLUIE FAIBLE;12.1;26.3;0
Arras;50.29;2.78;01/10/2026;13:00;19.6;7;PLUIE FAIBLE;12.1;27.7;0
Arras;50.29;2.78;01/10/2026;14:00;19.6;7;PLUIE FAIBLE;12.1;28.8;0
Arras;50.29;2.78;01/10/2026;15:00;20.1;7;PLUIE FAIBLE;12.3;29.2;0
Arras;50.29;2.78;01/10/2026;16:00;19.6;7;PLUIE FAIBLE;13.9;29.5;0
Arras;50.29;2.78;01/10/2026;17:00;17;7;PLUIE FAIBLE;15.1;29.5;0
Arras;50.29;2.78;01/10/2026;18:00;17;7;PLUIE FAIBLE;14.0;29.9;0
Arras;50.29;2.78;01/10/2026;19:00;17;7;PLUIE FAIBLE;13.0;30.6;0
Arras;50.29;2.78;01/10/2026;20:00;17.4;7;PLUIE FAIBLE;13.0;30.2;0
Arras;50.29;2.78;01/10/2026;21:00;16.8;7;PLUIE FAIBLE;11.6;28.8;0
Arras;50.29;2.78;01/10/2026;22:00;16.3;7;PLUIE FAIBLE;9.3;27.0;0
Arras;50.29;2.78;01/10/2026;23:00;13.6;0;SOLEIL;7.7;24.8;0
Arras;50.29;2.78;02/10/2026;00:00;13.6;0;SOLEIL;10.2;21.2;0
Arras;50.29;2.78;02/10/2026;01:00;13.6;0;SOLEIL;9.8;19.1;0
Arras;50.29;2.78;02/10/2026;02:00;11.5;0;SOLEIL;9.7;17.6;0
Arras;50.29;2.78;02/10/2026;03:00;11.5;0;SOLEIL;10.0;17.3;0
Arras;50.29;2.78;02/10/2026;04:00;11.5;0;SOLEIL;10.7;18.0;0
Arras;50.29;2.78;02/10/2026;05:00;12.6;0;SOLEIL;11.4;19.1;0
Arras;50.29;2.78;02/10/2026;06:00;12.6;0;SOLEIL;12.0;20.2;0
Arras;50.29;2.78;02/10/2026;07:00;12.6;0;SOLEIL;12.7;21.2;0
Arras;50.29;2.78;02/10/2026;08:00;13.4;0;SOLEIL;13.0;22.3;0
Arras;50.29;2.78;02/10/2026;09:00;14.4;0;SOLEIL;13.0;23.0;0
Arras;50.29;2.78;02/10/2026;10:00;15.3;0;SOLEIL;13.0;24.1;0
Arras;50.29;2.78;02/10/2026;11:00;19.4;7;PLUIE FAIBLE;12.9;24.8;0
Arras;50.29;2.78;02/10/2026;12:00;19.4;7;PLUIE FAIBLE;12.6;25.9;0
Arras;50.29;2.78;02/10/2026;13:00;19.4;7;PLUIE FAIBLE;12.2;26.6;0
Arras;50.29;2.78;02/10/2026;14:00;19.1;0;SOLEIL;11.6;27.0;0
Arras;50.29;2.78;02/10/2026;15:00;20.1;0;SOLEIL;10.8;27.4;0
Arras;50.29;2.78;02/10/2026;16:00;19.1;0;SOLEIL;9.6;28.1;0
Arras;50.29;2.78;02/10/2026;17:00;16.2;6;AVERSES;8.5;28.4;0
Arras;50.29;2.78;02/10/2026;18:00;16.2;6;AVERSES;7.6;28.8;0
Arras;50.29;2.78;02/10/2026;19:00;16.2;6;AVERSES;6.6;28.4;0
Arras;50.29;2.78;02/10/2026;20:00;15.3;0;SOLEIL;6.0;27.4;0
Arras;50.29;2.78;02/10/2026;21:00;14.4;0;SOLEIL;5.4;25.6;0
Arras;50.29;2.78;02/10/2026;22:00;13.4;0;SOLEIL;4.7;22.7;0
Arras;50.29;2.78;02/10/2026;23:00;12.6;0;SOLEIL;4.0;19.4;0
Arras;50.29;2.78;03/10/2026;00:00;12.6;0;SOLEIL;3.2;16.2;0
Arras;50.29;2.78;03/10/2026;01:00;12.6;0;SOLEIL;2.8;13.0;0
Arras;50.29;2.78;03/10/2026;02:00;10.5;0;SOLEIL;2.4;10.8;0
Arras;50.29;2.78;03/10/2026;03:00;10.5;0;SOLEIL;2.2;9.4;0
Arras;50.29;2.78;03/10/2026;04:00;10.5;0;SOLEIL;2.3;7.9;0
Arras;50.29;2.78;03/10/2026;05:00;11.7;0;SOLEIL;2.5;7.2;0
Arras;50.29;2.78;03/10/2026;06:00;11.7;0;SOLEIL;2.8;6.5;0
Arras;50.29;2.78;03/10/2026;07:00;11.7;0;SOLEIL;3.0;6.1;0
Arras;50.29;2.78;03/10/2026;08:00;12.7;0;SOLEIL;3.1;6.5;0
Arras;50.29;2.78;03/10/2026;09:00;13.8;0;SOLEIL;3.1;7.2;0
Arras;50.29;2.78;03/10/2026;10:00;14.9;0;SOLEIL;3.4;9.0;0
Arras;50.29;2.78;03/10/2026;11:00;19.6;0;SOLEIL;3.9;10.8;0
Arras;50.29;2.78;03/10/2026;12:00;19.6;0;SOLEIL;4.4;12.6;0
Arras;50.29;2.78;03/10/2026;13:00;19.6;0;SOLEIL;4.6;14.4;0
Arras;50.29;2.78;03/10/2026;14:00;19.4;0;SOLEIL;4.2;15.5;0
Arras;50.29;2.78;03/10/2026;15:00;20.5;0;SOLEIL;2.9;15.8;0
Arras;50.29;2.78;03/10/2026;16:00;19.4;0;SOLEIL;1.0;16.2;0
Arras;50.29;2.78;03/10/2026;17:00;16.5;7;PLUIE FAIBLE;1.5;16.2;0
Arras;50.29;2.78;03/10/2026;18:00;16.5;7;PLUIE FAIBLE;3.8;15.8;0
Arras;50.29;2.78;03/10/2026;19:00;16.5;7;PLUIE FAIBLE;5.8;15.5;0
Arras;50.29;2.78;03/10/2026;20:00;14.9;0;SOLEIL;6.7;15.1;0
Arras;50.29;2.78;03/10/2026;21:00;13.8;0;SOLEIL;6.7;14.8;0
Arras;50.29;2.78;03/10/2026;22:00;12.7;0;SOLEIL;5.8;14.8;0
Arras;50.29;2.78;03/10/2026;23:00;13.1;2;NUAGEUX;4.5;14.4;0
Berck;50.4;1.57;26/09/2026;00:00;18.4;0;SOLEIL;10.5;20.2;0
Berck;50.4;1.57;26/09/2026;01:00;17.6;5;SOLEIL VOILÉ;11.3;20.9;0
Berck;50.4;1.57;26/09/2026;02:00;16.7;5;SOLEIL VOILÉ;11.3;20.5;0
Berck;50.4;1.57;26/09/2026;03:00;16.4;5;SOLEIL VOILÉ;11.3;21.6;0
Berck;50.4;1.57;26/09/2026;04:00;16.9;2;NUAGEUX;11.2;21.6;0
Berck;50.4;1.57;26/09/2026;05:00;16.6;2;NUAGEUX;11.5;20.9;0
Berck;50.4;1.57;26/09/2026;06:00;16.4;2;NUAGEUX;10.7;21.6;0
Berck;50.4;1.57;26/09/2026;07:00;15.7;2;NUAGEUX;10.0;19.4;0
Berck;50.4;1.57;26/09/2026;08:00;16.2;2;NUAGEUX;10.2;19.8;0
Berck;50.4;1.57;26/09/2026;09:00;17.4;2;NUAGEUX;9.7;19.1;0
Berck;50.4;1.57;26/09/2026;10:00;18.1;2;NUAGEUX;11.0;21.2;0
Berck;50.4;1.57;26/09/2026;11:00;18.6;2;NUAGEUX;12.3;24.1;0
Berck;50.4;1.57;26/09/2026;12:00;18.9;2;NUAGEUX;11.4;24.8;0
Berck;50.4;1.57;26/09/2026;13:00;19.2;2;NUAGEUX;10.2;23.0;0
Berck;50.4;1.57;26/09/2026;14:00;18.8;2;NUAGEUX;8.8;21.2;0
Berck;50.4;1.57;26/09/2026;15:00;18.6;2;NUAGEUX;7.4;18.7;0
Berck;50.4;1.57;26/09/2026;16:00;18.5;2;NUAGEUX;6.5;16.2;0
Berck;50.4;1.57;26/09/2026;17:00;17.9;2;NUAGEUX;8.9;18.4;0
Berck;50.4;1.57;26/09/2026;18:00;16.9;2;NUAGEUX;9.2;19.4;0
Berck;50.4;1.57;26/09/2026;19:00;16;2;NUAGEUX;8.4;19.1;0
Berck;50.4;1.57;26/09/2026;20:00;15.5;2;NUAGEUX;6.6;16.2;0
Berck;50.4;1.57;26/09/2026;21:00;14.6;2;NUAGEUX;4.6;12.2;0
Berck;50.4;1.57;26/09/2026;22:00;16.1;2;NUAGEUX;4.1;8.3;0
Berck;50.4;1.57;26/09/2026;23:00;15.1;2;NUAGEUX;6.8;12.2;0
Berck;50.4;1.57;27/09/2026;00:00;14.9;2;NUAGEUX;6.8;13.3;0
Berck;50.4;1.57;27/09/2026;01:00;14.9;2;NUAGEUX;5.4;11.9;0
Berck;50.4;1.57;27/09/2026;02:00;13.9;5;SOLEIL VOILÉ;5.4;9.7;0
Berck;50.4;1.57;27/09/2026;03:00;13.9;5;SOLEIL VOILÉ;8.9;16.2;0
Berck;50.4;1.57;27/09/2026;04:00;13.9;5;SOLEIL VOILÉ;9.0;24.8;0
Berck;50.4;1.57;27/09/2026;05:00;14.1;5;SOLEIL VOILÉ;9.4;17.3;0
Berck;50.4;1.57;27/09/2026;06:00;14.1;5;SOLEIL VOILÉ;9.1;19.1;0
Berck;50.4;1.57;27/09/2026;07:00;14.1;5;SOLEIL VOILÉ;7.6;15.5;0
Berck;50.4;1.57;27/09/2026;08:00;17.1;5;SOLEIL VOILÉ;11.2;20.9;0
Berck;50.4;1.57;27/09/2026;09:00;17.1;5;SOLEIL VOILÉ;15.1;32.4;0
Berck;50.4;1.57;27/09/2026;10:00;17.1;5;SOLEIL VOILÉ;15.6;28.8;0
Berck;50.4;1.57;27/09/2026;11:00;21.1;5;SOLEIL VOILÉ;14.5;30.2;0
Berck;50.4;1.57;27/09/2026;12:00;21.1;5;SOLEIL VOILÉ;14.1;30.2;0
Berck;50.4;1.57;27/09/2026;13:00;21.1;5;SOLEIL VOILÉ;12.4;27.4;0
Berck;50.4;1.57;27/09/2026;14:00;22.6;2;NUAGEUX;11.7;24.5;0
Berck;50.4;1.57;27/09/2026;15:00;22.6;2;NUAGEUX;12.1;19.4;0
Berck;50.4;1.57;27/09/2026;16:00;22.6;2;NUAGEUX;11.2;17.6;0
Berck;50.4;1.57;27/09/2026;17:00;19.7;2;NUAGEUX;10.1;16.6;0
Berck;50.4;1.57;27/09/2026;18:00;19.7;2;NUAGEUX;8.8;16.6;0
Berck;50.4;1.57;27/09/2026;19:00;19.7;2;NUAGEUX;6.9;15.8;0
Berck;50.4;1.57;27/09/2026;20:00;18.1;5;SOLEIL VOILÉ;7.2;13.3;0
Berck;50.4;1.57;27/09/2026;21:00;18.1;5;SOLEIL VOILÉ;6.4;14.0;0
Berck;50.4;1.57;27/09/2026;22:00;18.1;5;SOLEIL VOILÉ;6.1;12.6;0
Berck;50.4;1.57;27/09/2026;23:00;18.1;5;SOLEIL VOILÉ;6.6;11.9;0
Berck;50.4;1.57;28/09/2026;00:00;18.1;5;SOLEIL VOILÉ;7.2;13.0;0
Berck;50.4;1.57;28/09/2026;01:00;18.1;5;SOLEIL VOILÉ;7.5;14.0;0
Berck;50.4;1.57;28/09/2026;02:00;19.2;2;NUAGEUX;7.6;15.1;0
Berck;50.4;1.57;28/09/2026;03:00;19.2;2;NUAGEUX;7.2;14.0;0
Berck;50.4;1.57;28/09/2026;04:00;19.2;2;NUAGEUX;6.8;13.7;0
Berck;50.4;1.57;28/09/2026;05:00;18.5;2;NUAGEUX;6.2;13.0;0
Berck;50.4;1.57;28/09/2026;06:00;18.5;2;NUAGEUX;6.6;12.2;0
Berck;50.4;1.57;28/09/2026;07:00;18.5;2;NUAGEUX;7.0;12.8;0
Berck;50.4;1.57;28/09/2026;08:00;17.6;5;SOLEIL VOILÉ;7.4;12.5;0
Berck;50.4;1.57;28/09/2026;09:00;17.6;5;SOLEIL VOILÉ;6.9;12.6;0
Berck;50.4;1.57;28/09/2026;10:00;17.6;5;SOLEIL VOILÉ;10.2;18.0;0
Berck;50.4;1.57;28/09/2026;11:00;18.1;5;SOLEIL VOILÉ;11.8;20.5;0
Berck;50.4;1.57;28/09/2026;12:00;18.1;5;SOLEIL VOILÉ;12.6;22.3;0
Berck;50.4;1.57;28/09/2026;13:00;18.1;5;SOLEIL VOILÉ;13.0;23.4;0
Berck;50.4;1.57;28/09/2026;14:00;17.2;5;SOLEIL VOILÉ;12.0;23.0;0
Berck;50.4;1.57;28/09/2026;15:00;17.2;5;SOLEIL VOILÉ;13.2;23.8;0
Berck;50.4;1.57;28/09/2026;16:00;17.2;5;SOLEIL VOILÉ;12.2;23.8;0
Berck;50.4;1.57;28/09/2026;17:00;17;5;SOLEIL VOILÉ;11.3;21.6;0
Berck;50.4;1.57;28/09/2026;18:00;17;5;SOLEIL VOILÉ;7.6;20.2;0
Berck;50.4;1.57;28/09/2026;19:00;17;5;SOLEIL VOILÉ;1.8;13.0;0
Berck;50.4;1.57;28/09/2026;20:00;17.7;5;SOLEIL VOILÉ;3.4;5.0;0
Berck;50.4;1.57;28/09/2026;21:00;17.5;5;SOLEIL VOILÉ;5.1;8.3;0
Berck;50.4;1.57;28/09/2026;22:00;17.3;5;SOLEIL VOILÉ;6.6;10.8;0
Berck;50.4;1.57;28/09/2026;23:00;16.1;2;NUAGEUX;8.4;14.0;0
Berck;50.4;1.57;29/09/2026;00:00;16.1;2;NUAGEUX;10.8;18.0;0
Berck;50.4;1.57;29/09/2026;01:00;16.1;2;NUAGEUX;11.6;19.1;0
Berck;50.4;1.57;29/09/2026;02:00;14.7;2;NUAGEUX;12.0;20.9;0
Berck;50.4;1.57;29/09/2026;03:00;14.7;2;NUAGEUX;9.0;20.2;0
Berck;50.4;1.57;29/09/2026;04:00;14.7;2;NUAGEUX;7.2;15.1;0
Berck;50.4;1.57;29/09/2026;05:00;16.1;7;PLUIE FAIBLE;5.8;11.5;0
Berck;50.4;1.57;29/09/2026;06:00;16.1;7;PLUIE FAIBLE;6.6;26.3;0
Berck;50.4;1.57;29/09/2026;07:00;16.1;7;PLUIE FAIBLE;4.7;26.6;0
Berck;50.4;1.57;29/09/2026;08:00;17.3;2;NUAGEUX;5.8;9.7;0
Berck;50.4;1.57;29/09/2026;09:00;18.6;2;NUAGEUX;7.0;10.8;0
Berck;50.4;1.57;29/09/2026;10:00;19.9;2;NUAGEUX;8.1;13.0;0
Berck;50.4;1.57;29/09/2026;11:00;23.6;2;NUAGEUX;9.0;16.6;0
Berck;50.4;1.57;29/09/2026;12:00;23.6;2;NUAGEUX;9.6;23.8;0
Berck;50.4;1.57;29/09/2026;13:00;23.6;2;NUAGEUX;10.5;32.0;0
Berck;50.4;1.57;29/09/2026;14:00;25.2;2;NUAGEUX;10.9;36.4;0
Berck;50.4;1.57;29/09/2026;15:00;26.5;2;NUAGEUX;9.2;32.4;0
Berck;50.4;1.57;29/09/2026;16:00;25.2;2;NUAGEUX;8.0;24.5;0
Berck;50.4;1.57;29/09/2026;17:00;22.6;2;NUAGEUX;7.8;17.6;0
Berck;50.4;1.57;29/09/2026;18:00;22.6;2;NUAGEUX;6.9;14.0;0
Berck;50.4;1.57;29/09/2026;19:00;22.6;2;NUAGEUX;5.4;12.2;0
Berck;50.4;1.57;29/09/2026;20:00;19.9;2;NUAGEUX;4.5;11.2;0
Berck;50.4;1.57;29/09/2026;21:00;18.6;2;NUAGEUX;5.4;11.9;0
Berck;50.4;1.57;29/09/2026;22:00;17.3;2;NUAGEUX;7.8;13.7;0
Berck;50.4;1.57;29/09/2026;23:00;19.9;2;NUAGEUX;9.6;15.5;0
Berck;50.4;1.57;30/09/2026;00:00;19.9;2;NUAGEUX;10.6;17.3;0
Berck;50.4;1.57;30/09/2026;01:00;19.9;2;NUAGEUX;10.5;19.4;0
Berck;50.4;1.57;30/09/2026;02:00;17.1;7;PLUIE FAIBLE;10.5;20.5;0
Berck;50.4;1.57;30/09/2026;03:00;17.1;7;PLUIE FAIBLE;10.8;20.2;0
Berck;50.4;1.57;30/09/2026;04:00;17.1;7;PLUIE FAIBLE;10.8;18.7;0
Berck;50.4;1.57;30/09/2026;05:00;18.1;2;NUAGEUX;10.8;18.0;0
Berck;50.4;1.57;30/09/2026;06:00;18.1;2;NUAGEUX;10.5;17.6;0
Berck;50.4;1.57;30/09/2026;07:00;18.1;2;NUAGEUX;10.2;17.6;0
Berck;50.4;1.57;30/09/2026;08:00;18.7;7;PLUIE FAIBLE;10.2;19.1;0
Berck;50.4;1.57;30/09/2026;09:00;19.5;7;PLUIE FAIBLE;12.0;22.7;0
Berck;50.4;1.57;30/09/2026;10:00;20.3;7;PLUIE FAIBLE;14.8;27.7;0
Berck;50.4;1.57;30/09/2026;11:00;23.5;7;PLUIE FAIBLE;17.2;31.3;0
Berck;50.4;1.57;30/09/2026;12:00;23.5;7;PLUIE FAIBLE;18.2;32.8;0
Berck;50.4;1.57;30/09/2026;13:00;23.5;7;PLUIE FAIBLE;17.9;32.8;0
Berck;50.4;1.57;30/09/2026;14:00;23.6;7;PLUIE FAIBLE;17.4;32.0;0
Berck;50.4;1.57;30/09/2026;15:00;24.4;7;PLUIE FAIBLE;16.3;30.6;0
Berck;50.4;1.57;30/09/2026;16:00;23.6;7;PLUIE FAIBLE;14.9;28.4;0
Berck;50.4;1.57;30/09/2026;17:00;19.7;6;AVERSES;13.3;26.6;0
Berck;50.4;1.57;30/09/2026;18:00;19.7;6;AVERSES;11.4;24.8;0
Berck;50.4;1.57;30/09/2026;19:00;19.7;6;AVERSES;9.6;23.4;0
Berck;50.4;1.57;30/09/2026;20:00;20.3;7;PLUIE FAIBLE;9.2;22.0;0
Berck;50.4;1.57;30/09/2026;21:00;19.5;7;PLUIE FAIBLE;9.7;20.5;0
Berck;50.4;1.57;30/09/2026;22:00;18.7;7;PLUIE FAIBLE;10.4;19.4;0
Berck;50.4;1.57;30/09/2026;23:00;17.4;7;PLUIE FAIBLE;11.0;18.4;0
Berck;50.4;1.57;01/10/2026;00:00;17.4;7;PLUIE FAIBLE;10.6;17.5;0
Berck;50.4;1.57;01/10/2026;01:00;17.4;7;PLUIE FAIBLE;11.2;18.2;0
Berck;50.4;1.57;01/10/2026;02:00;15.1;7;PLUIE FAIBLE;12.4;19.9;0
Berck;50.4;1.57;01/10/2026;03:00;15.1;7;PLUIE FAIBLE;14.0;22.0;0
Berck;50.4;1.57;01/10/2026;04:00;15.1;7;PLUIE FAIBLE;14.8;23.0;0
Berck;50.4;1.57;01/10/2026;05:00;15.9;7;PLUIE FAIBLE;15.3;23.8;0
Berck;50.4;1.57;01/10/2026;06:00;15.9;7;PLUIE FAIBLE;15.8;24.5;0
Berck;50.4;1.57;01/10/2026;07:00;15.9;7;PLUIE FAIBLE;16.3;25.2;0
Berck;50.4;1.57;01/10/2026;08:00;16.1;7;PLUIE FAIBLE;16.3;25.6;0
Berck;50.4;1.57;01/10/2026;09:00;16.5;7;PLUIE FAIBLE;16.4;25.6;0
Berck;50.4;1.57;01/10/2026;10:00;17.0;7;PLUIE FAIBLE;18.3;28.4;0
Berck;50.4;1.57;01/10/2026;11:00;19;6;AVERSES;19.4;30.6;0
Berck;50.4;1.57;01/10/2026;12:00;19;6;AVERSES;20.1;31.7;0
Berck;50.4;1.57;01/10/2026;13:00;19;6;AVERSES;20.0;32.0;0
Berck;50.4;1.57;01/10/2026;14:00;18.9;7;PLUIE FAIBLE;18.5;30.6;0
Berck;50.4;1.57;01/10/2026;15:00;19.4;7;PLUIE FAIBLE;13.7;25.9;0
Berck;50.4;1.57;01/10/2026;16:00;18.9;7;PLUIE FAIBLE;8.1;19.4;0
Berck;50.4;1.57;01/10/2026;17:00;16.7;7;PLUIE FAIBLE;6.0;15.8;0
Berck;50.4;1.57;01/10/2026;18:00;16.7;7;PLUIE FAIBLE;5.4;18.4;0
Berck;50.4;1.57;01/10/2026;19:00;16.7;7;PLUIE FAIBLE;5.6;23.4;0
Berck;50.4;1.57;01/10/2026;20:00;17.0;7;PLUIE FAIBLE;6.3;25.6;0
Berck;50.4;1.57;01/10/2026;21:00;16.5;7;PLUIE FAIBLE;5.9;20.9;0
Berck;50.4;1.57;01/10/2026;22:00;16.1;7;PLUIE FAIBLE;5.0;13.0;0
Berck;50.4;1.57;01/10/2026;23:00;15.1;7;PLUIE FAIBLE;4.3;7.6;0
Berck;50.4;1.57;02/10/2026;00:00;15.1;7;PLUIE FAIBLE;2.6;6.5;0
Berck;50.4;1.57;02/10/2026;01:00;15.1;7;PLUIE FAIBLE;1.8;7.6;0
Berck;50.4;1.57;02/10/2026;02:00;13;6;AVERSES;3.4;9.4;0
Berck;50.4;1.57;02/10/2026;03:00;13;6;AVERSES;6.2;12.2;0
Berck;50.4;1.57;02/10/2026;04:00;13;6;AVERSES;9.4;15.8;0
Berck;50.4;1.57;02/10/2026;05:00;13.6;6;AVERSES;12.1;18.7;0
Berck;50.4;1.57;02/10/2026;06:00;13.6;6;AVERSES;12.9;20.2;0
Berck;50.4;1.57;02/10/2026;07:00;13.6;6;AVERSES;12.4;21.2;0
Berck;50.4;1.57;02/10/2026;08:00;14.2;6;AVERSES;12.1;21.2;0
Berck;50.4;1.57;02/10/2026;09:00;14.9;6;AVERSES;11.3;20.2;0
Berck;50.4;1.57;02/10/2026;10:00;15.5;6;AVERSES;10.8;18.0;0
Berck;50.4;1.57;02/10/2026;11:00;18;6;AVERSES;10.3;16.6;0
Berck;50.4;1.57;02/10/2026;12:00;18;6;AVERSES;10.0;16.2;0
Berck;50.4;1.57;02/10/2026;13:00;18;6;AVERSES;9.2;16.2;0
Berck;50.4;1.57;02/10/2026;14:00;18.0;6;AVERSES;7.6;16.2;0
Berck;50.4;1.57;02/10/2026;15:00;18.6;6;AVERSES;4.7;14.8;0
Berck;50.4;1.57;02/10/2026;16:00;18.0;6;AVERSES;4.7;12.6;0
Berck;50.4;1.57;02/10/2026;17:00;16.1;7;PLUIE FAIBLE;8.1;13.0;0
Berck;50.4;1.57;02/10/2026;18:00;16.1;7;PLUIE FAIBLE;11.7;17.6;0
Berck;50.4;1.57;02/10/2026;19:00;16.1;7;PLUIE FAIBLE;15.2;24.5;0
Berck;50.4;1.57;02/10/2026;20:00;15.5;6;AVERSES;17.4;28.8;0
Berck;50.4;1.57;02/10/2026;21:00;14.9;6;AVERSES;16.9;28.1;0
Berck;50.4;1.57;02/10/2026;22:00;14.2;6;AVERSES;15.1;24.5;0
Berck;50.4;1.57;02/10/2026;23:00;13.6;0;SOLEIL;13.5;21.2;0
Berck;50.4;1.57;03/10/2026;00:00;13.6;0;SOLEIL;12.2;19.1;0
Berck;50.4;1.57;03/10/2026;01:00;13.6;0;SOLEIL;10.3;17.6;0
Berck;50.4;1.57;03/10/2026;02:00;11.4;0;SOLEIL;9.0;16.2;0
Berck;50.4;1.57;03/10/2026;03:00;11.4;0;SOLEIL;8.9;14.8;0
Berck;50.4;1.57;03/10/2026;04:00;11.4;0;SOLEIL;8.9;14.0;0
Berck;50.4;1.57;03/10/2026;05:00;12.2;0;SOLEIL;6.4;14.4;0
Berck;50.4;1.57;03/10/2026;06:00;12.2;0;SOLEIL;0.4;16.9;0
Berck;50.4;1.57;03/10/2026;07:00;12.2;0;SOLEIL;9.2;20.5;0
Berck;50.4;1.57;03/10/2026;08:00;13.3;0;SOLEIL;16.8;25.9;0
Berck;50.4;1.57;03/10/2026;09:00;14.2;0;SOLEIL;22.9;34.2;0
Berck;50.4;1.57;03/10/2026;10:00;15.2;0;SOLEIL;28.3;43.6;0
Berck;50.4;1.57;03/10/2026;11:00;19.1;7;PLUIE FAIBLE;31.6;50.4;0
Berck;50.4;1.57;03/10/2026;12:00;19.1;7;PLUIE FAIBLE;24.7;42.8;0
Berck;50.4;1.57;03/10/2026;13:00;19.1;7;PLUIE FAIBLE;17.3;33.8;0
Berck;50.4;1.57;03/10/2026;14:00;19.0;0;SOLEIL;11.6;25.6;0
Berck;50.4;1.57;03/10/2026;15:00;19.9;0;SOLEIL;6.1;18.0;0
Berck;50.4;1.57;03/10/2026;16:00;19.0;0;SOLEIL;5.1;18.7;0
Berck;50.4;1.57;03/10/2026;17:00;16.6;0;SOLEIL;4.0;19.4;0
Berck;50.4;1.57;03/10/2026;18:00;16.6;0;SOLEIL;3.2;19.4;0
Berck;50.4;1.57;03/10/2026;19:00;16.6;0;SOLEIL;3.1;19.4;0
Berck;50.4;1.57;03/10/2026;20:00;15.2;0;SOLEIL;3.1;19.1;0
Berck;50.4;1.57;03/10/2026;21:00;14.2;0;SOLEIL;2.8;18.0;0
Berck;50.4;1.57;03/10/2026;22:00;13.3;0;SOLEIL;2.4;16.6;0
Berck;50.4;1.57;03/10/2026;23:00;14.2;2;NUAGEUX;2.6;14.8;0
Calais;50.95;1.85;26/09/2026;00:00;17.7;5;SOLEIL VOILÉ;8.2;16.2;0
Calais;50.95;1.85;26/09/2026;01:00;17.2;2;NUAGEUX;8.7;17.3;0
Calais;50.95;1.85;26/09/2026;02:00;16.9;2;NUAGEUX;8.4;16.9;0
Calais;50.95;1.85;26/09/2026;03:00;17;2;NUAGEUX;8.2;16.9;0
Calais;50.95;1.85;26/09/2026;04:00;17.2;2;NUAGEUX;7.0;15.8;0
Calais;50.95;1.85;26/09/2026;05:00;16.9;2;NUAGEUX;7.3;14.0;0
Calais;50.95;1.85;26/09/2026;06:00;17;2;NUAGEUX;7.0;14.4;0
Calais;50.95;1.85;26/09/2026;07:00;17.1;2;NUAGEUX;6.8;13.7;0
Calais;50.95;1.85;26/09/2026;08:00;17.2;2;NUAGEUX;6.0;13.0;0
Calais;50.95;1.85;26/09/2026;09:00;17.6;2;NUAGEUX;4.7;11.5;0
Calais;50.95;1.85;26/09/2026;10:00;17.6;2;NUAGEUX;4.1;9.0;0
Calais;50.95;1.85;26/09/2026;11:00;17.7;2;NUAGEUX;5.2;11.9;0
Calais;50.95;1.85;26/09/2026;12:00;18.4;2;NUAGEUX;4.9;12.6;0
Calais;50.95;1.85;26/09/2026;13:00;18.4;2;NUAGEUX;5.4;13.3;0
Calais;50.95;1.85;26/09/2026;14:00;18.1;2;NUAGEUX;6.7;15.8;0
Calais;50.95;1.85;26/09/2026;15:00;17.9;2;NUAGEUX;6.8;16.2;0
Calais;50.95;1.85;26/09/2026;16:00;17.6;2;NUAGEUX;7.8;18.0;0
Calais;50.95;1.85;26/09/2026;17:00;17.4;2;NUAGEUX;7.1;18.4;0
Calais;50.95;1.85;26/09/2026;18:00;16.6;2;NUAGEUX;6.4;15.5;0
Calais;50.95;1.85;26/09/2026;19:00;16;2;NUAGEUX;6.4;14.8;0
Calais;50.95;1.85;26/09/2026;20:00;15.6;2;NUAGEUX;5.9;14.8;0
Calais;50.95;1.85;26/09/2026;21:00;14.6;2;NUAGEUX;3.6;11.9;0
Calais;50.95;1.85;26/09/2026;22:00;15.7;2;NUAGEUX;1.5;6.1;0
Calais;50.95;1.85;26/09/2026;23:00;14.9;2;NUAGEUX;3.6;6.5;0
Calais;50.95;1.85;27/09/2026;00:00;14.9;2;NUAGEUX;4.3;8.3;0
Calais;50.95;1.85;27/09/2026;01:00;14.9;2;NUAGEUX;4.7;9.4;0
Calais;50.95;1.85;27/09/2026;02:00;13.6;5;SOLEIL VOILÉ;6.2;11.9;0
Calais;50.95;1.85;27/09/2026;03:00;13.6;5;SOLEIL VOILÉ;11.8;25.9;0
Calais;50.95;1.85;27/09/2026;04:00;13.6;5;SOLEIL VOILÉ;8.9;20.9;0
Calais;50.95;1.85;27/09/2026;05:00;14.1;5;SOLEIL VOILÉ;11.5;22.0;0
Calais;50.95;1.85;27/09/2026;06:00;14.1;5;SOLEIL VOILÉ;15.2;29.5;0
Calais;50.95;1.85;27/09/2026;07:00;14.1;5;SOLEIL VOILÉ;16.6;32.0;0
Calais;50.95;1.85;27/09/2026;08:00;17.1;5;SOLEIL VOILÉ;16.8;41.4;0
Calais;50.95;1.85;27/09/2026;09:00;17.1;5;SOLEIL VOILÉ;18.5;37.8;0
Calais;50.95;1.85;27/09/2026;10:00;17.1;5;SOLEIL VOILÉ;16.7;37.4;0
Calais;50.95;1.85;27/09/2026;11:00;21.4;5;SOLEIL VOILÉ;15.8;34.6;0
Calais;50.95;1.85;27/09/2026;12:00;21.4;5;SOLEIL VOILÉ;14.8;32.0;0
Calais;50.95;1.85;27/09/2026;13:00;21.4;5;SOLEIL VOILÉ;13.3;30.6;0
Calais;50.95;1.85;27/09/2026;14:00;22.2;5;SOLEIL VOILÉ;13.3;27.7;0
Calais;50.95;1.85;27/09/2026;15:00;22.2;5;SOLEIL VOILÉ;12.6;23.8;0
Calais;50.95;1.85;27/09/2026;16:00;22.2;5;SOLEIL VOILÉ;11.6;21.2;0
Calais;50.95;1.85;27/09/2026;17:00;20.1;5;SOLEIL VOILÉ;10.4;18.7;0
Calais;50.95;1.85;27/09/2026;18:00;20.1;5;SOLEIL VOILÉ;9.2;16.2;0
Calais;50.95;1.85;27/09/2026;19:00;20.1;5;SOLEIL VOILÉ;8.3;16.9;0
Calais;50.95;1.85;27/09/2026;20:00;18.7;5;SOLEIL VOILÉ;6.2;17.3;0
Calais;50.95;1.85;27/09/2026;21:00;18.7;5;SOLEIL VOILÉ;4.3;11.5;0
Calais;50.95;1.85;27/09/2026;22:00;18.7;5;SOLEIL VOILÉ;4.2;8.6;0
Calais;50.95;1.85;27/09/2026;23:00;18.7;2;NUAGEUX;4.4;8.6;0
Calais;50.95;1.85;28/09/2026;00:00;18.7;2;NUAGEUX;4.7;9.0;0
Calais;50.95;1.85;28/09/2026;01:00;18.7;2;NUAGEUX;5.1;10.4;0
Calais;50.95;1.85;28/09/2026;02:00;19.1;2;NUAGEUX;5.9;11.2;0
Calais;50.95;1.85;28/09/2026;03:00;19.1;2;NUAGEUX;5.1;11.2;0
Calais;50.95;1.85;28/09/2026;04:00;19.1;2;NUAGEUX;4.8;10.1;0
Calais;50.95;1.85;28/09/2026;05:00;18.5;2;NUAGEUX;4.9;9.7;0
Calais;50.95;1.85;28/09/2026;06:00;18.5;2;NUAGEUX;5.6;10.5;0
Calais;50.95;1.85;28/09/2026;07:00;18.5;2;NUAGEUX;6.3;11.9;0
Calais;50.95;1.85;28/09/2026;08:00;18.1;5;SOLEIL VOILÉ;6.6;12.2;0
Calais;50.95;1.85;28/09/2026;09:00;18.1;5;SOLEIL VOILÉ;7.2;12.2;0
Calais;50.95;1.85;28/09/2026;10:00;18.1;5;SOLEIL VOILÉ;8.4;15.5;0
Calais;50.95;1.85;28/09/2026;11:00;18.6;5;SOLEIL VOILÉ;10.1;18.7;0
Calais;50.95;1.85;28/09/2026;12:00;18.6;5;SOLEIL VOILÉ;11.8;21.6;0
Calais;50.95;1.85;28/09/2026;13:00;18.6;5;SOLEIL VOILÉ;12.0;22.0;0
Calais;50.95;1.85;28/09/2026;14:00;18.2;5;SOLEIL VOILÉ;11.8;22.3;0
Calais;50.95;1.85;28/09/2026;15:00;18.2;5;SOLEIL VOILÉ;12.4;23.0;0
Calais;50.95;1.85;28/09/2026;16:00;18.2;5;SOLEIL VOILÉ;13.2;23.8;0
Calais;50.95;1.85;28/09/2026;17:00;17.5;5;SOLEIL VOILÉ;13.7;24.8;0
Calais;50.95;1.85;28/09/2026;18:00;17.5;5;SOLEIL VOILÉ;12.3;24.5;0
Calais;50.95;1.85;28/09/2026;19:00;17.5;5;SOLEIL VOILÉ;7.6;21.6;0
Calais;50.95;1.85;28/09/2026;20:00;17.7;5;SOLEIL VOILÉ;4.8;13.0;0
Calais;50.95;1.85;28/09/2026;21:00;17.4;5;SOLEIL VOILÉ;6.4;10.4;0
Calais;50.95;1.85;28/09/2026;22:00;17.1;5;SOLEIL VOILÉ;7.1;12.2;0
Calais;50.95;1.85;28/09/2026;23:00;16.5;2;NUAGEUX;7.9;13.7;0
Calais;50.95;1.85;29/09/2026;00:00;16.5;2;NUAGEUX;7.0;13.7;0
Calais;50.95;1.85;29/09/2026;01:00;16.5;2;NUAGEUX;8.6;14.8;0
Calais;50.95;1.85;29/09/2026;02:00;15.2;2;NUAGEUX;10.5;18.4;0
Calais;50.95;1.85;29/09/2026;03:00;15.2;2;NUAGEUX;9.7;19.4;0
Calais;50.95;1.85;29/09/2026;04:00;15.2;2;NUAGEUX;9.5;17.3;0
Calais;50.95;1.85;29/09/2026;05:00;16.1;7;PLUIE FAIBLE;10.0;19.1;0
Calais;50.95;1.85;29/09/2026;06:00;16.1;7;PLUIE FAIBLE;9.4;17.3;0
Calais;50.95;1.85;29/09/2026;07:00;16.1;7;PLUIE FAIBLE;7.4;16.6;0
Calais;50.95;1.85;29/09/2026;08:00;17.7;2;NUAGEUX;6.1;13.7;0
Calais;50.95;1.85;29/09/2026;09:00;19.0;2;NUAGEUX;7.5;15.1;0
Calais;50.95;1.85;29/09/2026;10:00;20.3;2;NUAGEUX;9.5;18.0;0
Calais;50.95;1.85;29/09/2026;11:00;23.9;2;NUAGEUX;11.4;20.9;0
Calais;50.95;1.85;29/09/2026;12:00;23.9;2;NUAGEUX;12.9;23.8;0
Calais;50.95;1.85;29/09/2026;13:00;23.9;2;NUAGEUX;14.7;26.6;0
Calais;50.95;1.85;29/09/2026;14:00;25.3;2;NUAGEUX;15.5;28.1;0
Calais;50.95;1.85;29/09/2026;15:00;26.6;2;NUAGEUX;14.0;27.4;0
Calais;50.95;1.85;29/09/2026;16:00;25.3;2;NUAGEUX;11.6;24.8;0
Calais;50.95;1.85;29/09/2026;17:00;22.6;2;NUAGEUX;8.7;22.0;0
Calais;50.95;1.85;29/09/2026;18:00;22.6;2;NUAGEUX;4.9;18.0;0
Calais;50.95;1.85;29/09/2026;19:00;22.6;2;NUAGEUX;3.3;13.3;0
Calais;50.95;1.85;29/09/2026;20:00;20.3;2;NUAGEUX;5.9;10.1;0
Calais;50.95;1.85;29/09/2026;21:00;19.0;2;NUAGEUX;6.9;9.7;0
Calais;50.95;1.85;29/09/2026;22:00;17.7;2;NUAGEUX;6.7;11.2;0
Calais;50.95;1.85;29/09/2026;23:00;20.5;2;NUAGEUX;7.2;12.6;0
Calais;50.95;1.85;30/09/2026;00:00;20.5;2;NUAGEUX;8.3;14.0;0
Calais;50.95;1.85;30/09/2026;01:00;20.5;2;NUAGEUX;9.0;15.8;0
Calais;50.95;1.85;30/09/2026;02:00;18;7;PLUIE FAIBLE;9.7;16.9;0
Calais;50.95;1.85;30/09/2026;03:00;18;7;PLUIE FAIBLE;9.7;16.9;0
Calais;50.95;1.85;30/09/2026;04:00;18;7;PLUIE FAIBLE;9.4;16.6;0
Calais;50.95;1.85;30/09/2026;05:00;19.1;2;NUAGEUX;9.4;16.6;0
Calais;50.95;1.85;30/09/2026;06:00;19.1;2;NUAGEUX;9.8;17.3;0
Calais;50.95;1.85;30/09/2026;07:00;19.1;2;NUAGEUX;10.5;18.4;0
Calais;50.95;1.85;30/09/2026;08:00;19.7;7;PLUIE FAIBLE;11.2;19.4;0
Calais;50.95;1.85;30/09/2026;09:00;20.6;7;PLUIE FAIBLE;11.8;20.5;0
Calais;50.95;1.85;30/09/2026;10:00;21.4;7;PLUIE FAIBLE;12.9;21.6;0
Calais;50.95;1.85;30/09/2026;11:00;24.2;2;NUAGEUX;13.3;23.4;0
Calais;50.95;1.85;30/09/2026;12:00;24.2;2;NUAGEUX;14.3;26.6;0
Calais;50.95;1.85;30/09/2026;13:00;24.2;2;NUAGEUX;16.6;30.6;0
Calais;50.95;1.85;30/09/2026;14:00;24.8;7;PLUIE FAIBLE;18.2;33.1;0
Calais;50.95;1.85;30/09/2026;15:00;25.7;7;PLUIE FAIBLE;17.8;33.1;0
Calais;50.95;1.85;30/09/2026;16:00;24.8;7;PLUIE FAIBLE;16.2;32.0;0
Calais;50.95;1.85;30/09/2026;17:00;20.7;7;PLUIE FAIBLE;14.3;29.9;0
Calais;50.95;1.85;30/09/2026;18:00;20.7;7;PLUIE FAIBLE;13.0;27.0;0
Calais;50.95;1.85;30/09/2026;19:00;20.7;7;PLUIE FAIBLE;12.0;23.8;0
Calais;50.95;1.85;30/09/2026;20:00;21.4;7;PLUIE FAIBLE;10.9;20.5;0
Calais;50.95;1.85;30/09/2026;21:00;20.6;7;PLUIE FAIBLE;10.1;18.0;0
Calais;50.95;1.85;30/09/2026;22:00;19.7;7;PLUIE FAIBLE;9.2;16.2;0
Calais;50.95;1.85;30/09/2026;23:00;18.1;7;PLUIE FAIBLE;8.6;14.8;0
Calais;50.95;1.85;01/10/2026;00:00;18.1;7;PLUIE FAIBLE;8.4;14.5;0
Calais;50.95;1.85;01/10/2026;01:00;18.1;7;PLUIE FAIBLE;8.9;15.3;0
Calais;50.95;1.85;01/10/2026;02:00;16.1;7;PLUIE FAIBLE;10.1;16.8;0
Calais;50.95;1.85;01/10/2026;03:00;16.1;7;PLUIE FAIBLE;11.6;18.4;0
Calais;50.95;1.85;01/10/2026;04:00;16.1;7;PLUIE FAIBLE;11.6;18.7;0
Calais;50.95;1.85;01/10/2026;05:00;17.1;7;PLUIE FAIBLE;11.8;19.1;0
Calais;50.95;1.85;01/10/2026;06:00;17.1;7;PLUIE FAIBLE;12.1;19.8;0
Calais;50.95;1.85;01/10/2026;07:00;17.1;7;PLUIE FAIBLE;12.6;20.5;0
Calais;50.95;1.85;01/10/2026;08:00;17.0;7;PLUIE FAIBLE;12.9;21.2;0
Calais;50.95;1.85;01/10/2026;09:00;17.5;7;PLUIE FAIBLE;13.7;22.3;0
Calais;50.95;1.85;01/10/2026;10:00;17.9;7;PLUIE FAIBLE;16.5;27.0;0
Calais;50.95;1.85;01/10/2026;11:00;19.7;6;AVERSES;18.4;30.6;0
Calais;50.95;1.85;01/10/2026;12:00;19.7;6;AVERSES;19.5;33.1;0
Calais;50.95;1.85;01/10/2026;13:00;19.7;6;AVERSES;20.0;34.6;0
Calais;50.95;1.85;01/10/2026;14:00;19.7;7;PLUIE FAIBLE;19.6;34.6;0
Calais;50.95;1.85;01/10/2026;15:00;20.2;7;PLUIE FAIBLE;17.5;32.8;0
Calais;50.95;1.85;01/10/2026;16:00;19.7;7;PLUIE FAIBLE;14.1;29.9;0
Calais;50.95;1.85;01/10/2026;17:00;17.6;7;PLUIE FAIBLE;10.1;26.3;0
Calais;50.95;1.85;01/10/2026;18:00;17.6;7;PLUIE FAIBLE;6.0;21.6;0
Calais;50.95;1.85;01/10/2026;19:00;17.6;7;PLUIE FAIBLE;5.2;16.2;0
Calais;50.95;1.85;01/10/2026;20:00;17.9;7;PLUIE FAIBLE;7.1;11.9;0
Calais;50.95;1.85;01/10/2026;21:00;17.5;7;PLUIE FAIBLE;5.5;9.4;0
Calais;50.95;1.85;01/10/2026;22:00;17.0;7;PLUIE FAIBLE;2.7;7.6;0
Calais;50.95;1.85;01/10/2026;23:00;15.7;7;PLUIE FAIBLE;3.7;6.1;0
Calais;50.95;1.85;02/10/2026;00:00;15.7;7;PLUIE FAIBLE;3.7;4.0;0
Calais;50.95;1.85;02/10/2026;01:00;15.7;7;PLUIE FAIBLE;2.7;2.2;0
Calais;50.95;1.85;02/10/2026;02:00;14.2;7;PLUIE FAIBLE;1.5;2.2;0
Calais;50.95;1.85;02/10/2026;03:00;14.2;7;PLUIE FAIBLE;2.8;4.7;0
Calais;50.95;1.85;02/10/2026;04:00;14.2;7;PLUIE FAIBLE;5.8;8.6;0
Calais;50.95;1.85;02/10/2026;05:00;15.2;7;PLUIE FAIBLE;8.5;13.7;0
Calais;50.95;1.85;02/10/2026;06:00;15.2;7;PLUIE FAIBLE;10.5;20.5;0
Calais;50.95;1.85;02/10/2026;07:00;15.2;7;PLUIE FAIBLE;13.6;28.1;0
Calais;50.95;1.85;02/10/2026;08:00;15.5;7;PLUIE FAIBLE;15.8;32.8;0
Calais;50.95;1.85;02/10/2026;09:00;16.1;7;PLUIE FAIBLE;16.4;32.8;0
Calais;50.95;1.85;02/10/2026;10:00;16.7;7;PLUIE FAIBLE;15.8;29.5;0
Calais;50.95;1.85;02/10/2026;11:00;19.4;7;PLUIE FAIBLE;14.8;26.6;0
Calais;50.95;1.85;02/10/2026;12:00;19.4;7;PLUIE FAIBLE;13.6;24.5;0
Calais;50.95;1.85;02/10/2026;13:00;19.4;7;PLUIE FAIBLE;11.9;22.3;0
Calais;50.95;1.85;02/10/2026;14:00;19.3;7;PLUIE FAIBLE;10.0;19.4;0
Calais;50.95;1.85;02/10/2026;15:00;19.9;7;PLUIE FAIBLE;7.1;14.4;0
Calais;50.95;1.85;02/10/2026;16:00;19.3;7;PLUIE FAIBLE;3.9;9.0;0
Calais;50.95;1.85;02/10/2026;17:00;17.1;0;SOLEIL;1.8;7.2;0
Calais;50.95;1.85;02/10/2026;18:00;17.1;0;SOLEIL;6.4;12.6;0
Calais;50.95;1.85;02/10/2026;19:00;17.1;0;SOLEIL;12.9;22.0;0
Calais;50.95;1.85;02/10/2026;20:00;16.7;7;PLUIE FAIBLE;17.5;28.8;0
Calais;50.95;1.85;02/10/2026;21:00;16.1;7;PLUIE FAIBLE;17.9;31.7;0
Calais;50.95;1.85;02/10/2026;22:00;15.5;7;PLUIE FAIBLE;16.6;32.4;0
Calais;50.95;1.85;02/10/2026;23:00;14.6;0;SOLEIL;14.9;31.0;0
Calais;50.95;1.85;03/10/2026;00:00;14.6;0;SOLEIL;12.1;25.2;0
Calais;50.95;1.85;03/10/2026;01:00;14.6;0;SOLEIL;8.7;17.3;0
Calais;50.95;1.85;03/10/2026;02:00;13;0;SOLEIL;7.4;12.2;0
Calais;50.95;1.85;03/10/2026;03:00;13;0;SOLEIL;8.5;13.0;0
Calais;50.95;1.85;03/10/2026;04:00;13;0;SOLEIL;10.3;16.6;0
Calais;50.95;1.85;03/10/2026;05:00;14.1;0;SOLEIL;11.5;19.1;0
Calais;50.95;1.85;03/10/2026;06:00;14.1;0;SOLEIL;12.1;18.7;0
Calais;50.95;1.85;03/10/2026;07:00;14.1;0;SOLEIL;11.7;17.3;0
Calais;50.95;1.85;03/10/2026;08:00;14.7;0;SOLEIL;8.4;18.4;0
Calais;50.95;1.85;03/10/2026;09:00;15.5;0;SOLEIL;3.2;24.1;0
Calais;50.95;1.85;03/10/2026;10:00;16.4;0;SOLEIL;14.7;32.0;0
Calais;50.95;1.85;03/10/2026;11:00;20;0;SOLEIL;24.2;39.6;0
Calais;50.95;1.85;03/10/2026;12:00;20;0;SOLEIL;23.1;39.1;0
Calais;50.95;1.85;03/10/2026;13:00;20;0;SOLEIL;19.1;35.6;0
Calais;50.95;1.85;03/10/2026;14:00;19.8;0;SOLEIL;13.6;28.8;0
Calais;50.95;1.85;03/10/2026;15:00;20.6;0;SOLEIL;6.3;20.2;0
Calais;50.95;1.85;03/10/2026;16:00;19.8;0;SOLEIL;5.3;20.5;0
Calais;50.95;1.85;03/10/2026;17:00;17.1;0;SOLEIL;4.0;20.5;0
Calais;50.95;1.85;03/10/2026;18:00;17.1;0;SOLEIL;2.6;20.5;0
Calais;50.95;1.85;03/10/2026;19:00;17.1;0;SOLEIL;1.5;20.5;0
Calais;50.95;1.85;03/10/2026;20:00;16.4;0;SOLEIL;1.1;19.8;0
Calais;50.95;1.85;03/10/2026;21:00;15.5;0;SOLEIL;1.5;18.7;0
Calais;50.95;1.85;03/10/2026;22:00;14.7;0;SOLEIL;2.2;16.9;0
Calais;50.95;1.85;03/10/2026;23:00;15;2;NUAGEUX;3.1;15.1;0
Renty;50.58;2.06;26/09/2026;00:00;15;3;TRÈS NUAGEUX;5.7;9.0;0
Renty;50.58;2.06;26/09/2026;01:00;14.6;3;TRÈS NUAGEUX;6.9;10.4;0
Renty;50.58;2.06;26/09/2026;02:00;15.1;2;NUAGEUX;5.9;10.4;0
Renty;50.58;2.06;26/09/2026;03:00;15.4;2;NUAGEUX;5.9;9.7;0
Renty;50.58;2.06;26/09/2026;04:00;15.5;2;NUAGEUX;5.6;9.0;0
Renty;50.58;2.06;26/09/2026;05:00;15.1;2;NUAGEUX;6.3;8.3;0
Renty;50.58;2.06;26/09/2026;06:00;14.7;2;NUAGEUX;6.1;10.1;0
Renty;50.58;2.06;26/09/2026;07:00;15.4;2;NUAGEUX;5.6;8.6;0
Renty;50.58;2.06;26/09/2026;08:00;15.6;2;NUAGEUX;5.6;8.3;0
Renty;50.58;2.06;26/09/2026;09:00;16.9;2;NUAGEUX;4.9;8.6;0
Renty;50.58;2.06;26/09/2026;10:00;17.9;2;NUAGEUX;6.4;9.7;0
Renty;50.58;2.06;26/09/2026;11:00;18.6;2;NUAGEUX;8.9;13.7;0
Renty;50.58;2.06;26/09/2026;12:00;18.6;2;NUAGEUX;10.2;16.6;0
Renty;50.58;2.06;26/09/2026;13:00;19.1;2;NUAGEUX;10.9;18.0;0
Renty;50.58;2.06;26/09/2026;14:00;19.3;2;NUAGEUX;11.2;18.0;0
Renty;50.58;2.06;26/09/2026;15:00;18.6;2;NUAGEUX;11.2;18.4;0
Renty;50.58;2.06;26/09/2026;16:00;18.1;2;NUAGEUX;11.3;18.7;0
Renty;50.58;2.06;26/09/2026;17:00;17.8;2;NUAGEUX;10.1;18.4;0
Renty;50.58;2.06;26/09/2026;18:00;16.2;2;NUAGEUX;7.3;16.2;0
Renty;50.58;2.06;26/09/2026;19:00;15;2;NUAGEUX;2.5;10.8;0
Renty;50.58;2.06;26/09/2026;20:00;14;2;NUAGEUX;5.6;7.9;0
Renty;50.58;2.06;26/09/2026;21:00;13.2;2;NUAGEUX;4.6;9.0;0
Renty;50.58;2.06;26/09/2026;22:00;12.7;2;NUAGEUX;1.8;6.1;0
Renty;50.58;2.06;26/09/2026;23:00;12.6;2;NUAGEUX;2.4;3.6;0
Renty;50.58;2.06;27/09/2026;00:00;12.1;2;NUAGEUX;3.7;5.8;0
Renty;50.58;2.06;27/09/2026;01:00;12.1;2;NUAGEUX;3.7;6.5;0
Renty;50.58;2.06;27/09/2026;02:00;11.1;5;SOLEIL VOILÉ;3.7;5.4;0
Renty;50.58;2.06;27/09/2026;03:00;11.1;5;SOLEIL VOILÉ;4.0;5.8;0
Renty;50.58;2.06;27/09/2026;04:00;11.1;5;SOLEIL VOILÉ;4.2;7.2;0
Renty;50.58;2.06;27/09/2026;05:00;11.1;5;SOLEIL VOILÉ;3.5;6.1;0
Renty;50.58;2.06;27/09/2026;06:00;11.1;5;SOLEIL VOILÉ;4.6;7.2;0
Renty;50.58;2.06;27/09/2026;07:00;11.1;5;SOLEIL VOILÉ;2.5;7.9;0
Renty;50.58;2.06;27/09/2026;08:00;16.6;5;SOLEIL VOILÉ;6.1;9.7;0
Renty;50.58;2.06;27/09/2026;09:00;16.6;5;SOLEIL VOILÉ;8.9;13.0;0
Renty;50.58;2.06;27/09/2026;10:00;16.6;5;SOLEIL VOILÉ;13.3;20.9;0
Renty;50.58;2.06;27/09/2026;11:00;22.6;5;SOLEIL VOILÉ;11.9;21.6;0
Renty;50.58;2.06;27/09/2026;12:00;22.6;5;SOLEIL VOILÉ;14.4;22.3;0
Renty;50.58;2.06;27/09/2026;13:00;22.6;5;SOLEIL VOILÉ;15.0;25.2;0
Renty;50.58;2.06;27/09/2026;14:00;23.4;5;SOLEIL VOILÉ;13.7;22.3;0
Renty;50.58;2.06;27/09/2026;15:00;23.4;5;SOLEIL VOILÉ;11.8;20.2;0
Renty;50.58;2.06;27/09/2026;16:00;23.4;5;SOLEIL VOILÉ;10.8;19.1;0
Renty;50.58;2.06;27/09/2026;17:00;20.2;5;SOLEIL VOILÉ;10.0;16.9;0
Renty;50.58;2.06;27/09/2026;18:00;20.2;5;SOLEIL VOILÉ;9.8;18.4;0
Renty;50.58;2.06;27/09/2026;19:00;20.2;5;SOLEIL VOILÉ;7.4;15.1;0
Renty;50.58;2.06;27/09/2026;20:00;16.6;5;SOLEIL VOILÉ;6.9;11.5;0
Renty;50.58;2.06;27/09/2026;21:00;16.6;5;SOLEIL VOILÉ;6.4;10.4;0
Renty;50.58;2.06;27/09/2026;22:00;16.6;5;SOLEIL VOILÉ;4.3;9.7;0
Renty;50.58;2.06;27/09/2026;23:00;16.4;5;SOLEIL VOILÉ;4.1;6.1;0
Renty;50.58;2.06;28/09/2026;00:00;16.4;5;SOLEIL VOILÉ;3.8;6.1;0
Renty;50.58;2.06;28/09/2026;01:00;16.4;5;SOLEIL VOILÉ;4.0;5.8;0
Renty;50.58;2.06;28/09/2026;02:00;15.6;2;NUAGEUX;4.5;6.8;0
Renty;50.58;2.06;28/09/2026;03:00;15.6;2;NUAGEUX;4.2;7.2;0
Renty;50.58;2.06;28/09/2026;04:00;15.6;2;NUAGEUX;4.7;7.2;0
Renty;50.58;2.06;28/09/2026;05:00;16.2;2;NUAGEUX;3.1;6.5;0
Renty;50.58;2.06;28/09/2026;06:00;16.2;2;NUAGEUX;4.5;7.0;0
Renty;50.58;2.06;28/09/2026;07:00;16.2;2;NUAGEUX;4.0;7.6;0
Renty;50.58;2.06;28/09/2026;08:00;17.6;2;NUAGEUX;4.0;6.7;0
Renty;50.58;2.06;28/09/2026;09:00;17.6;2;NUAGEUX;4.0;7.6;0
Renty;50.58;2.06;28/09/2026;10:00;17.6;2;NUAGEUX;3.7;7.6;0
Renty;50.58;2.06;28/09/2026;11:00;19.1;5;SOLEIL VOILÉ;7.7;14.0;0
Renty;50.58;2.06;28/09/2026;12:00;19.1;5;SOLEIL VOILÉ;10.7;19.4;0
Renty;50.58;2.06;28/09/2026;13:00;19.1;5;SOLEIL VOILÉ;11.7;20.9;0
Renty;50.58;2.06;28/09/2026;14:00;18.1;5;SOLEIL VOILÉ;11.9;22.0;0
Renty;50.58;2.06;28/09/2026;15:00;18.1;5;SOLEIL VOILÉ;12.8;23.4;0
Renty;50.58;2.06;28/09/2026;16:00;18.1;5;SOLEIL VOILÉ;13.9;25.6;0
Renty;50.58;2.06;28/09/2026;17:00;17.5;5;SOLEIL VOILÉ;12.5;25.2;0
Renty;50.58;2.06;28/09/2026;18:00;17.5;5;SOLEIL VOILÉ;10.0;22.7;0
Renty;50.58;2.06;28/09/2026;19:00;17.5;5;SOLEIL VOILÉ;3.3;18.0;0
Renty;50.58;2.06;28/09/2026;20:00;16.8;2;NUAGEUX;3.0;6.1;0
Renty;50.58;2.06;28/09/2026;21:00;16.3;2;NUAGEUX;3.1;4.7;0
Renty;50.58;2.06;28/09/2026;22:00;15.7;2;NUAGEUX;3.3;5.8;0
Renty;50.58;2.06;28/09/2026;23:00;14.9;2;NUAGEUX;6.0;10.1;0
Renty;50.58;2.06;29/09/2026;00:00;14.9;2;NUAGEUX;7.4;13.7;0
Renty;50.58;2.06;29/09/2026;01:00;14.9;2;NUAGEUX;10.2;18.0;0
Renty;50.58;2.06;29/09/2026;02:00;14.2;2;NUAGEUX;10.9;19.1;0
Renty;50.58;2.06;29/09/2026;03:00;14.2;2;NUAGEUX;12.4;22.7;0
Renty;50.58;2.06;29/09/2026;04:00;14.2;2;NUAGEUX;9.7;21.6;0
Renty;50.58;2.06;29/09/2026;05:00;15.1;2;NUAGEUX;9.4;17.6;0
Renty;50.58;2.06;29/09/2026;06:00;15.1;2;NUAGEUX;9.9;17.3;0
Renty;50.58;2.06;29/09/2026;07:00;15.1;2;NUAGEUX;8.9;18.0;0
Renty;50.58;2.06;29/09/2026;08:00;16.7;2;NUAGEUX;7.2;15.8;0
Renty;50.58;2.06;29/09/2026;09:00;18.0;2;NUAGEUX;7.4;15.5;0
Renty;50.58;2.06;29/09/2026;10:00;19.3;2;NUAGEUX;8.8;15.5;0
Renty;50.58;2.06;29/09/2026;11:00;23.4;2;NUAGEUX;10.1;18.4;0
Renty;50.58;2.06;29/09/2026;12:00;23.4;2;NUAGEUX;12.1;27.4;0
Renty;50.58;2.06;29/09/2026;13:00;23.4;2;NUAGEUX;14.8;39.6;0
Renty;50.58;2.06;29/09/2026;14:00;24.3;2;NUAGEUX;15.9;45.7;0
Renty;50.58;2.06;29/09/2026;15:00;25.6;2;NUAGEUX;14.0;41.4;0
Renty;50.58;2.06;29/09/2026;16:00;24.3;2;NUAGEUX;10.8;31.3;0
Renty;50.58;2.06;29/09/2026;17:00;21.6;2;NUAGEUX;8.6;22.3;0
Renty;50.58;2.06;29/09/2026;18:00;21.6;2;NUAGEUX;5.8;15.8;0
Renty;50.58;2.06;29/09/2026;19:00;21.6;2;NUAGEUX;3.2;10.1;0
Renty;50.58;2.06;29/09/2026;20:00;19.3;2;NUAGEUX;4.2;7.2;0
Renty;50.58;2.06;29/09/2026;21:00;18.0;2;NUAGEUX;5.9;8.3;0
Renty;50.58;2.06;29/09/2026;22:00;16.7;2;NUAGEUX;7.1;11.9;0
Renty;50.58;2.06;29/09/2026;23:00;19;2;NUAGEUX;8.0;14.8;0
Renty;50.58;2.06;30/09/2026;00:00;19;2;NUAGEUX;8.5;15.8;0
Renty;50.58;2.06;30/09/2026;01:00;19;2;NUAGEUX;8.9;15.8;0
Renty;50.58;2.06;30/09/2026;02:00;16.4;7;PLUIE FAIBLE;9.1;15.8;0
Renty;50.58;2.06;30/09/2026;03:00;16.4;7;PLUIE FAIBLE;8.9;15.5;0
Renty;50.58;2.06;30/09/2026;04:00;16.4;7;PLUIE FAIBLE;8.0;14.8;0
Renty;50.58;2.06;30/09/2026;05:00;17.2;2;NUAGEUX;7.6;14.4;0
Renty;50.58;2.06;30/09/2026;06:00;17.2;2;NUAGEUX;7.0;14.0;0
Renty;50.58;2.06;30/09/2026;07:00;17.2;2;NUAGEUX;6.5;13.7;0
Renty;50.58;2.06;30/09/2026;08:00;18.1;7;PLUIE FAIBLE;7.0;15.1;0
Renty;50.58;2.06;30/09/2026;09:00;19.0;7;PLUIE FAIBLE;9.9;20.2;0
Renty;50.58;2.06;30/09/2026;10:00;19.8;7;PLUIE FAIBLE;14.6;27.0;0
Renty;50.58;2.06;30/09/2026;11:00;22.6;2;NUAGEUX;18.2;32.0;0
Renty;50.58;2.06;30/09/2026;12:00;22.6;2;NUAGEUX;19.4;34.2;0
Renty;50.58;2.06;30/09/2026;13:00;22.6;2;NUAGEUX;19.1;34.6;0
Renty;50.58;2.06;30/09/2026;14:00;23.2;7;PLUIE FAIBLE;18.9;34.6;0
Renty;50.58;2.06;30/09/2026;15:00;24.1;7;PLUIE FAIBLE;18.8;33.8;0
Renty;50.58;2.06;30/09/2026;16:00;23.2;7;PLUIE FAIBLE;18.5;32.4;0
Renty;50.58;2.06;30/09/2026;17:00;19.1;7;PLUIE FAIBLE;17.5;31.0;0
Renty;50.58;2.06;30/09/2026;18:00;19.1;7;PLUIE FAIBLE;15.4;29.5;0
Renty;50.58;2.06;30/09/2026;19:00;19.1;7;PLUIE FAIBLE;12.2;27.4;0
Renty;50.58;2.06;30/09/2026;20:00;19.8;7;PLUIE FAIBLE;10.0;25.2;0
Renty;50.58;2.06;30/09/2026;21:00;19.0;7;PLUIE FAIBLE;9.1;22.0;0
Renty;50.58;2.06;30/09/2026;22:00;18.1;7;PLUIE FAIBLE;8.6;18.4;0
Renty;50.58;2.06;30/09/2026;23:00;16.9;7;PLUIE FAIBLE;8.5;15.5;0
Renty;50.58;2.06;01/10/2026;00:00;16.9;7;PLUIE FAIBLE;8.0;14.1;0
Renty;50.58;2.06;01/10/2026;01:00;16.9;7;PLUIE FAIBLE;8.0;14.8;0
Renty;50.58;2.06;01/10/2026;02:00;14.1;7;PLUIE FAIBLE;8.7;16.0;0
Renty;50.58;2.06;01/10/2026;03:00;14.1;7;PLUIE FAIBLE;9.5;17.6;0
Renty;50.58;2.06;01/10/2026;04:00;14.1;7;PLUIE FAIBLE;9.7;18.0;0
Renty;50.58;2.06;01/10/2026;05:00;15.1;7;PLUIE FAIBLE;9.7;18.4;0
Renty;50.58;2.06;01/10/2026;06:00;15.1;7;PLUIE FAIBLE;9.7;18.4;0
Renty;50.58;2.06;01/10/2026;07:00;15.1;7;PLUIE FAIBLE;10.0;18.4;0
Renty;50.58;2.06;01/10/2026;08:00;15.2;7;PLUIE FAIBLE;10.0;18.4;0
Renty;50.58;2.06;01/10/2026;09:00;15.8;7;PLUIE FAIBLE;10.9;19.8;0
Renty;50.58;2.06;01/10/2026;10:00;16.3;7;PLUIE FAIBLE;15.0;26.6;0
Renty;50.58;2.06;01/10/2026;11:00;18.6;7;PLUIE FAIBLE;18.3;32.0;0
Renty;50.58;2.06;01/10/2026;12:00;18.6;7;PLUIE FAIBLE;19.5;34.2;0
Renty;50.58;2.06;01/10/2026;13:00;18.6;7;PLUIE FAIBLE;19.9;34.9;0
Renty;50.58;2.06;01/10/2026;14:00;18.5;7;PLUIE FAIBLE;19.4;34.9;0
Renty;50.58;2.06;01/10/2026;15:00;19.1;7;PLUIE FAIBLE;18.3;34.6;0
Renty;50.58;2.06;01/10/2026;16:00;18.5;7;PLUIE FAIBLE;16.4;33.1;0
Renty;50.58;2.06;01/10/2026;17:00;15.5;7;PLUIE FAIBLE;14.2;30.6;0
Renty;50.58;2.06;01/10/2026;18:00;15.5;7;PLUIE FAIBLE;11.0;24.8;0
Renty;50.58;2.06;01/10/2026;19:00;15.5;7;PLUIE FAIBLE;7.7;17.6;0
Renty;50.58;2.06;01/10/2026;20:00;16.3;7;PLUIE FAIBLE;5.6;13.0;0
Renty;50.58;2.06;01/10/2026;21:00;15.8;7;PLUIE FAIBLE;5.9;12.6;0
Renty;50.58;2.06;01/10/2026;22:00;15.2;7;PLUIE FAIBLE;6.9;14.4;0
Renty;50.58;2.06;01/10/2026;23:00;13.2;0;SOLEIL;8.0;15.8;0
Renty;50.58;2.06;02/10/2026;00:00;13.2;0;SOLEIL;8.0;15.5;0
Renty;50.58;2.06;02/10/2026;01:00;13.2;0;SOLEIL;7.7;14.4;0
Renty;50.58;2.06;02/10/2026;02:00;11.1;6;AVERSES;7.6;14.0;0
Renty;50.58;2.06;02/10/2026;03:00;11.1;6;AVERSES;8.1;15.1;0
Renty;50.58;2.06;02/10/2026;04:00;11.1;6;AVERSES;9.1;16.6;0
Renty;50.58;2.06;02/10/2026;05:00;11.9;0;SOLEIL;10.4;19.1;0
Renty;50.58;2.06;02/10/2026;06:00;11.9;0;SOLEIL;11.5;23.0;0
Renty;50.58;2.06;02/10/2026;07:00;11.9;0;SOLEIL;12.9;27.7;0
Renty;50.58;2.06;02/10/2026;08:00;12.7;6;AVERSES;14.1;30.6;0
Renty;50.58;2.06;02/10/2026;09:00;13.5;6;AVERSES;14.5;29.9;0
Renty;50.58;2.06;02/10/2026;10:00;14.3;6;AVERSES;14.7;27.7;0
Renty;50.58;2.06;02/10/2026;11:00;17.6;6;AVERSES;14.5;25.6;0
Renty;50.58;2.06;02/10/2026;12:00;17.6;6;AVERSES;13.8;25.2;0
Renty;50.58;2.06;02/10/2026;13:00;17.6;6;AVERSES;12.4;24.8;0
Renty;50.58;2.06;02/10/2026;14:00;17.4;6;AVERSES;11.2;23.8;0
Renty;50.58;2.06;02/10/2026;15:00;18.2;6;AVERSES;10.4;20.5;0
Renty;50.58;2.06;02/10/2026;16:00;17.4;6;AVERSES;9.4;15.8;0
Renty;50.58;2.06;02/10/2026;17:00;14.6;6;AVERSES;7.3;13.3;0
Renty;50.58;2.06;02/10/2026;18:00;14.6;6;AVERSES;2.9;13.7;0
Renty;50.58;2.06;02/10/2026;19:00;14.6;6;AVERSES;5.5;15.8;0
Renty;50.58;2.06;02/10/2026;20:00;14.3;6;AVERSES;10.4;18.0;0
Renty;50.58;2.06;02/10/2026;21:00;13.5;6;AVERSES;12.5;19.4;0
Renty;50.58;2.06;02/10/2026;22:00;12.7;6;AVERSES;13.0;20.9;0
Renty;50.58;2.06;02/10/2026;23:00;12.1;0;SOLEIL;12.2;21.6;0
Renty;50.58;2.06;03/10/2026;00:00;12.1;0;SOLEIL;10.3;22.0;0
Renty;50.58;2.06;03/10/2026;01:00;12.1;0;SOLEIL;9.4;21.6;0
Renty;50.58;2.06;03/10/2026;02:00;10.1;0;SOLEIL;10.3;20.9;0
Renty;50.58;2.06;03/10/2026;03:00;10.1;0;SOLEIL;11.2;20.2;0
Renty;50.58;2.06;03/10/2026;04:00;10.1;0;SOLEIL;11.0;18.7;0
Renty;50.58;2.06;03/10/2026;05:00;11.1;0;SOLEIL;9.4;17.3;0
Renty;50.58;2.06;03/10/2026;06:00;11.1;0;SOLEIL;5.6;13.7;0
Renty;50.58;2.06;03/10/2026;07:00;11.1;0;SOLEIL;0.8;10.1;0
Renty;50.58;2.06;03/10/2026;08:00;12.1;0;SOLEIL;6.4;11.2;0
Renty;50.58;2.06;03/10/2026;09:00;13.1;0;SOLEIL;13.8;21.6;0
Renty;50.58;2.06;03/10/2026;10:00;14.1;0;SOLEIL;22.2;37.1;0
Renty;50.58;2.06;03/10/2026;11:00;18.6;0;SOLEIL;28.0;49.7;0
Renty;50.58;2.06;03/10/2026;12:00;18.6;0;SOLEIL;24.4;46.2;0
Renty;50.58;2.06;03/10/2026;13:00;18.6;0;SOLEIL;19.5;38.9;0
Renty;50.58;2.06;03/10/2026;14:00;18.1;0;SOLEIL;14.0;30.2;0
Renty;50.58;2.06;03/10/2026;15:00;19.1;0;SOLEIL;7.1;20.9;0
Renty;50.58;2.06;03/10/2026;16:00;18.1;0;SOLEIL;5.4;21.2;0
Renty;50.58;2.06;03/10/2026;17:00;15.1;0;SOLEIL;3.8;21.2;0
Renty;50.58;2.06;03/10/2026;18:00;15.1;0;SOLEIL;2.7;20.9;0
Renty;50.58;2.06;03/10/2026;19:00;15.1;0;SOLEIL;2.7;20.5;0
Renty;50.58;2.06;03/10/2026;20:00;14.1;0;SOLEIL;3.1;19.4;0
Renty;50.58;2.06;03/10/2026;21:00;13.1;0;SOLEIL;2.9;17.6;0
Renty;50.58;2.06;03/10/2026;22:00;12.1;0;SOLEIL;2.1;15.5;0
Renty;50.58;2.06;03/10/2026;23:00;13;2;NUAGEUX;1.8;12.6;0
Saint-Pol-sur-Ternoise;50.38;2.33;26/09/2026;00:00;15;3;TRÈS NUAGEUX;15.1;22.3;0
Saint-Pol-sur-Ternoise;50.38;2.33;26/09/2026;01:00;15.4;4;COUVERT;12.6;18.7;0
Saint-Pol-sur-Ternoise;50.38;2.33;26/09/2026;02:00;15.1;4;COUVERT;14.0;20.9;0
Saint-Pol-sur-Ternoise;50.38;2.33;26/09/2026;03:00;15.1;4;COUVERT;14.4;22.0;0
Saint-Pol-sur-Ternoise;50.38;2.33;26/09/2026;04:00;15;2;NUAGEUX;13.7;20.9;0
Saint-Pol-sur-Ternoise;50.38;2.33;26/09/2026;05:00;14.4;2;NUAGEUX;12.6;20.2;0
Saint-Pol-sur-Ternoise;50.38;2.33;26/09/2026;06:00;14.7;2;NUAGEUX;12.6;18.7;0
Saint-Pol-sur-Ternoise;50.38;2.33;26/09/2026;07:00;15.5;2;NUAGEUX;13.0;20.5;0
Saint-Pol-sur-Ternoise;50.38;2.33;26/09/2026;08:00;16.5;2;NUAGEUX;13.3;19.8;0
Saint-Pol-sur-Ternoise;50.38;2.33;26/09/2026;09:00;17.6;2;NUAGEUX;11.9;19.8;0
Saint-Pol-sur-Ternoise;50.38;2.33;26/09/2026;10:00;18;2;NUAGEUX;13.0;23.4;0
Saint-Pol-sur-Ternoise;50.38;2.33;26/09/2026;11:00;18.9;2;NUAGEUX;13.0;24.1;0
Saint-Pol-sur-Ternoise;50.38;2.33;26/09/2026;12:00;18.6;2;NUAGEUX;11.5;24.1;0
Saint-Pol-sur-Ternoise;50.38;2.33;26/09/2026;13:00;19.6;2;NUAGEUX;11.9;23.8;0
Saint-Pol-sur-Ternoise;50.38;2.33;26/09/2026;14:00;20.1;2;NUAGEUX;11.9;24.5;0
Saint-Pol-sur-Ternoise;50.38;2.33;26/09/2026;15:00;19.8;2;NUAGEUX;10.4;24.1;0
Saint-Pol-sur-Ternoise;50.38;2.33;26/09/2026;16:00;19.9;2;NUAGEUX;11.2;23.0;0
Saint-Pol-sur-Ternoise;50.38;2.33;26/09/2026;17:00;19.1;2;NUAGEUX;10.1;23.0;0
Saint-Pol-sur-Ternoise;50.38;2.33;26/09/2026;18:00;17.5;2;NUAGEUX;9.0;20.9;0
Saint-Pol-sur-Ternoise;50.38;2.33;26/09/2026;19:00;15.9;2;NUAGEUX;5.0;16.2;0
Saint-Pol-sur-Ternoise;50.38;2.33;26/09/2026;20:00;14.6;2;NUAGEUX;8.3;10.8;0
Saint-Pol-sur-Ternoise;50.38;2.33;26/09/2026;21:00;14;2;NUAGEUX;10.4;15.5;0
Saint-Pol-sur-Ternoise;50.38;2.33;26/09/2026;22:00;13.6;2;NUAGEUX;8.6;18.0;0
Saint-Pol-sur-Ternoise;50.38;2.33;26/09/2026;23:00;12.6;2;NUAGEUX;9.4;14.0;0
Saint-Pol-sur-Ternoise;50.38;2.33;27/09/2026;00:00;12.5;2;NUAGEUX;9.0;15.5;0
Saint-Pol-sur-Ternoise;50.38;2.33;27/09/2026;01:00;12.5;2;NUAGEUX;10.1;15.5;0
Saint-Pol-sur-Ternoise;50.38;2.33;27/09/2026;02:00;11.6;5;SOLEIL VOILÉ;12.2;20.5;0
Saint-Pol-sur-Ternoise;50.38;2.33;27/09/2026;03:00;11.6;5;SOLEIL VOILÉ;13.3;22.7;0
Saint-Pol-sur-Ternoise;50.38;2.33;27/09/2026;04:00;11.6;5;SOLEIL VOILÉ;8.3;22.7;0
Saint-Pol-sur-Ternoise;50.38;2.33;27/09/2026;05:00;12.1;5;SOLEIL VOILÉ;12.2;20.5;0
Saint-Pol-sur-Ternoise;50.38;2.33;27/09/2026;06:00;12.1;5;SOLEIL VOILÉ;15.5;26.3;0
Saint-Pol-sur-Ternoise;50.38;2.33;27/09/2026;07:00;12.1;5;SOLEIL VOILÉ;16.2;29.5;0
Saint-Pol-sur-Ternoise;50.38;2.33;27/09/2026;08:00;17.6;5;SOLEIL VOILÉ;9.7;27.7;0
Saint-Pol-sur-Ternoise;50.38;2.33;27/09/2026;09:00;17.6;5;SOLEIL VOILÉ;14.0;24.8;0
Saint-Pol-sur-Ternoise;50.38;2.33;27/09/2026;10:00;17.6;5;SOLEIL VOILÉ;11.9;25.9;0
Saint-Pol-sur-Ternoise;50.38;2.33;27/09/2026;11:00;22.5;5;SOLEIL VOILÉ;13.0;23.4;0
Saint-Pol-sur-Ternoise;50.38;2.33;27/09/2026;12:00;22.5;5;SOLEIL VOILÉ;11.5;23.0;0
Saint-Pol-sur-Ternoise;50.38;2.33;27/09/2026;13:00;22.5;5;SOLEIL VOILÉ;9.4;22.3;0
Saint-Pol-sur-Ternoise;50.38;2.33;27/09/2026;14:00;24.5;5;SOLEIL VOILÉ;7.9;19.1;0
Saint-Pol-sur-Ternoise;50.38;2.33;27/09/2026;15:00;24.5;5;SOLEIL VOILÉ;7.6;17.3;0
Saint-Pol-sur-Ternoise;50.38;2.33;27/09/2026;16:00;24.5;5;SOLEIL VOILÉ;9.7;20.5;0
Saint-Pol-sur-Ternoise;50.38;2.33;27/09/2026;17:00;21;2;NUAGEUX;10.4;21.2;0
Saint-Pol-sur-Ternoise;50.38;2.33;27/09/2026;18:00;21;2;NUAGEUX;10.8;21.2;0
Saint-Pol-sur-Ternoise;50.38;2.33;27/09/2026;19:00;21;2;NUAGEUX;11.2;20.9;0
Saint-Pol-sur-Ternoise;50.38;2.33;27/09/2026;20:00;16.6;5;SOLEIL VOILÉ;9.4;19.4;0
Saint-Pol-sur-Ternoise;50.38;2.33;27/09/2026;21:00;16.6;5;SOLEIL VOILÉ;10.4;17.3;0
Saint-Pol-sur-Ternoise;50.38;2.33;27/09/2026;22:00;16.6;5;SOLEIL VOILÉ;9.0;17.3;0
Saint-Pol-sur-Ternoise;50.38;2.33;27/09/2026;23:00;15.1;5;SOLEIL VOILÉ;7.6;14.4;0
Saint-Pol-sur-Ternoise;50.38;2.33;28/09/2026;00:00;15.1;5;SOLEIL VOILÉ;8.3;13.0;0
Saint-Pol-sur-Ternoise;50.38;2.33;28/09/2026;01:00;15.1;5;SOLEIL VOILÉ;8.3;13.3;0
Saint-Pol-sur-Ternoise;50.38;2.33;28/09/2026;02:00;15;2;NUAGEUX;8.6;13.3;0
Saint-Pol-sur-Ternoise;50.38;2.33;28/09/2026;03:00;15;2;NUAGEUX;8.6;13.3;0
Saint-Pol-sur-Ternoise;50.38;2.33;28/09/2026;04:00;15;2;NUAGEUX;7.2;13.3;0
Saint-Pol-sur-Ternoise;50.38;2.33;28/09/2026;05:00;15;2;NUAGEUX;7.6;11.2;0
Saint-Pol-sur-Ternoise;50.38;2.33;28/09/2026;06:00;15;2;NUAGEUX;6.5;11.2;0
Saint-Pol-sur-Ternoise;50.38;2.33;28/09/2026;07:00;15;2;NUAGEUX;6.1;9.0;0
Saint-Pol-sur-Ternoise;50.38;2.33;28/09/2026;08:00;18.6;2;NUAGEUX;7.2;9.7;0
Saint-Pol-sur-Ternoise;50.38;2.33;28/09/2026;09:00;18.6;2;NUAGEUX;9.4;15.1;0
Saint-Pol-sur-Ternoise;50.38;2.33;28/09/2026;10:00;18.6;2;NUAGEUX;9.0;18.4;0
Saint-Pol-sur-Ternoise;50.38;2.33;28/09/2026;11:00;20.5;5;SOLEIL VOILÉ;7.2;16.2;0
Saint-Pol-sur-Ternoise;50.38;2.33;28/09/2026;12:00;20.5;5;SOLEIL VOILÉ;10.4;20.2;0
Saint-Pol-sur-Ternoise;50.38;2.33;28/09/2026;13:00;20.5;5;SOLEIL VOILÉ;12.6;24.1;0
Saint-Pol-sur-Ternoise;50.38;2.33;28/09/2026;14:00;19.7;5;SOLEIL VOILÉ;13.3;25.9;0
Saint-Pol-sur-Ternoise;50.38;2.33;28/09/2026;15:00;19.7;5;SOLEIL VOILÉ;14.0;27.7;0
Saint-Pol-sur-Ternoise;50.38;2.33;28/09/2026;16:00;19.7;5;SOLEIL VOILÉ;15.5;30.6;0
Saint-Pol-sur-Ternoise;50.38;2.33;28/09/2026;17:00;18.4;5;SOLEIL VOILÉ;14.0;29.5;0
Saint-Pol-sur-Ternoise;50.38;2.33;28/09/2026;18:00;18.4;5;SOLEIL VOILÉ;14.0;28.7;0
Saint-Pol-sur-Ternoise;50.38;2.33;28/09/2026;19:00;18.4;5;SOLEIL VOILÉ;12.4;23.4;0
Saint-Pol-sur-Ternoise;50.38;2.33;28/09/2026;20:00;16.9;2;NUAGEUX;15.0;25.4;0
Saint-Pol-sur-Ternoise;50.38;2.33;28/09/2026;21:00;16.1;2;NUAGEUX;15.7;27.4;0
Saint-Pol-sur-Ternoise;50.38;2.33;28/09/2026;22:00;15.2;2;NUAGEUX;12.7;27.4;0
Saint-Pol-sur-Ternoise;50.38;2.33;28/09/2026;23:00;15.1;2;NUAGEUX;7.9;22.0;0
Saint-Pol-sur-Ternoise;50.38;2.33;29/09/2026;00:00;15.1;2;NUAGEUX;5.2;13.3;0
Saint-Pol-sur-Ternoise;50.38;2.33;29/09/2026;01:00;15.1;2;NUAGEUX;5.6;8.6;0
Saint-Pol-sur-Ternoise;50.38;2.33;29/09/2026;02:00;14.1;2;NUAGEUX;7.7;12.2;0
Saint-Pol-sur-Ternoise;50.38;2.33;29/09/2026;03:00;14.1;2;NUAGEUX;11.4;19.1;0
Saint-Pol-sur-Ternoise;50.38;2.33;29/09/2026;04:00;14.1;2;NUAGEUX;10.9;20.2;0
Saint-Pol-sur-Ternoise;50.38;2.33;29/09/2026;05:00;15.5;2;NUAGEUX;10.2;18.7;0
Saint-Pol-sur-Ternoise;50.38;2.33;29/09/2026;06:00;15.5;2;NUAGEUX;10.3;17.3;0
Saint-Pol-sur-Ternoise;50.38;2.33;29/09/2026;07:00;15.5;2;NUAGEUX;11.7;20.9;0
Saint-Pol-sur-Ternoise;50.38;2.33;29/09/2026;08:00;17.0;2;NUAGEUX;10.6;20.2;0
Saint-Pol-sur-Ternoise;50.38;2.33;29/09/2026;09:00;18.4;2;NUAGEUX;9.6;19.8;0
Saint-Pol-sur-Ternoise;50.38;2.33;29/09/2026;10:00;19.9;2;NUAGEUX;10.2;19.1;0
Saint-Pol-sur-Ternoise;50.38;2.33;29/09/2026;11:00;24.7;2;NUAGEUX;9.6;23.0;0
Saint-Pol-sur-Ternoise;50.38;2.33;29/09/2026;12:00;24.7;2;NUAGEUX;7.3;20.9;0
Saint-Pol-sur-Ternoise;50.38;2.33;29/09/2026;13:00;24.7;2;NUAGEUX;8.5;19.1;0
Saint-Pol-sur-Ternoise;50.38;2.33;29/09/2026;14:00;25.7;2;NUAGEUX;8.2;21.2;0
Saint-Pol-sur-Ternoise;50.38;2.33;29/09/2026;15:00;27.1;2;NUAGEUX;7.8;19.8;0
Saint-Pol-sur-Ternoise;50.38;2.33;29/09/2026;16:00;25.7;2;NUAGEUX;8.4;27.0;0
Saint-Pol-sur-Ternoise;50.38;2.33;29/09/2026;17:00;22.1;2;NUAGEUX;8.8;26.3;0
Saint-Pol-sur-Ternoise;50.38;2.33;29/09/2026;18:00;22.1;2;NUAGEUX;7.9;24.8;0
Saint-Pol-sur-Ternoise;50.38;2.33;29/09/2026;19:00;22.1;2;NUAGEUX;9.7;23.8;0
Saint-Pol-sur-Ternoise;50.38;2.33;29/09/2026;20:00;19.9;2;NUAGEUX;12.5;23.0;0
Saint-Pol-sur-Ternoise;50.38;2.33;29/09/2026;21:00;18.4;2;NUAGEUX;12.8;23.8;0
Saint-Pol-sur-Ternoise;50.38;2.33;29/09/2026;22:00;17.0;2;NUAGEUX;12.1;24.8;0
Saint-Pol-sur-Ternoise;50.38;2.33;29/09/2026;23:00;19.1;2;NUAGEUX;11.3;25.6;0
Saint-Pol-sur-Ternoise;50.38;2.33;30/09/2026;00:00;19.1;2;NUAGEUX;11.5;24.8;0
Saint-Pol-sur-Ternoise;50.38;2.33;30/09/2026;01:00;19.1;2;NUAGEUX;11.9;23.4;0
Saint-Pol-sur-Ternoise;50.38;2.33;30/09/2026;02:00;16.4;7;PLUIE FAIBLE;12.2;22.3;0
Saint-Pol-sur-Ternoise;50.38;2.33;30/09/2026;03:00;16.4;7;PLUIE FAIBLE;12.0;22.0;0
Saint-Pol-sur-Ternoise;50.38;2.33;30/09/2026;04:00;16.4;7;PLUIE FAIBLE;11.6;22.3;0
Saint-Pol-sur-Ternoise;50.38;2.33;30/09/2026;05:00;17.2;2;NUAGEUX;10.9;22.0;0
Saint-Pol-sur-Ternoise;50.38;2.33;30/09/2026;06:00;17.2;2;NUAGEUX;10.0;20.9;0
Saint-Pol-sur-Ternoise;50.38;2.33;30/09/2026;07:00;17.2;2;NUAGEUX;8.8;19.4;0
Saint-Pol-sur-Ternoise;50.38;2.33;30/09/2026;08:00;18.3;7;PLUIE FAIBLE;8.2;18.7;0
Saint-Pol-sur-Ternoise;50.38;2.33;30/09/2026;09:00;19.3;7;PLUIE FAIBLE;8.5;19.8;0
Saint-Pol-sur-Ternoise;50.38;2.33;30/09/2026;10:00;20.3;7;PLUIE FAIBLE;9.4;22.0;0
Saint-Pol-sur-Ternoise;50.38;2.33;30/09/2026;11:00;23.6;2;NUAGEUX;10.6;24.1;0
Saint-Pol-sur-Ternoise;50.38;2.33;30/09/2026;12:00;23.6;2;NUAGEUX;11.8;25.6;0
Saint-Pol-sur-Ternoise;50.38;2.33;30/09/2026;13:00;23.6;2;NUAGEUX;13.0;27.0;0
Saint-Pol-sur-Ternoise;50.38;2.33;30/09/2026;14:00;24.1;7;PLUIE FAIBLE;13.6;28.1;0
Saint-Pol-sur-Ternoise;50.38;2.33;30/09/2026;15:00;25.1;7;PLUIE FAIBLE;13.8;29.2;0
Saint-Pol-sur-Ternoise;50.38;2.33;30/09/2026;16:00;24.1;7;PLUIE FAIBLE;14.0;29.9;0
Saint-Pol-sur-Ternoise;50.38;2.33;30/09/2026;17:00;20.2;7;PLUIE FAIBLE;14.6;30.6;0
Saint-Pol-sur-Ternoise;50.38;2.33;30/09/2026;18:00;20.2;7;PLUIE FAIBLE;14.6;30.2;0
Saint-Pol-sur-Ternoise;50.38;2.33;30/09/2026;19:00;20.2;7;PLUIE FAIBLE;14.4;29.9;0
Saint-Pol-sur-Ternoise;50.38;2.33;30/09/2026;20:00;20.3;7;PLUIE FAIBLE;14.8;29.9;0
Saint-Pol-sur-Ternoise;50.38;2.33;30/09/2026;21:00;19.3;7;PLUIE FAIBLE;16.3;31.3;0
Saint-Pol-sur-Ternoise;50.38;2.33;30/09/2026;22:00;18.3;7;PLUIE FAIBLE;18.6;33.1;0
Saint-Pol-sur-Ternoise;50.38;2.33;30/09/2026;23:00;17;7;PLUIE FAIBLE;20.1;34.6;0
Saint-Pol-sur-Ternoise;50.38;2.33;01/10/2026;00:00;17;7;PLUIE FAIBLE;20.4;35.3;0
Saint-Pol-sur-Ternoise;50.38;2.33;01/10/2026;01:00;17;7;PLUIE FAIBLE;19.9;36.0;0
Saint-Pol-sur-Ternoise;50.38;2.33;01/10/2026;02:00;14.1;7;PLUIE FAIBLE;19.0;36.0;0
Saint-Pol-sur-Ternoise;50.38;2.33;01/10/2026;03:00;14.1;7;PLUIE FAIBLE;18.0;35.3;0
Saint-Pol-sur-Ternoise;50.38;2.33;01/10/2026;04:00;14.1;7;PLUIE FAIBLE;16.7;34.2;0
Saint-Pol-sur-Ternoise;50.38;2.33;01/10/2026;05:00;15.1;7;PLUIE FAIBLE;15.7;32.8;0
Saint-Pol-sur-Ternoise;50.38;2.33;01/10/2026;06:00;15.1;7;PLUIE FAIBLE;15.3;31.3;0
Saint-Pol-sur-Ternoise;50.38;2.33;01/10/2026;07:00;15.1;7;PLUIE FAIBLE;15.4;29.5;0
Saint-Pol-sur-Ternoise;50.38;2.33;01/10/2026;08:00;15.3;7;PLUIE FAIBLE;15.3;28.1;0
Saint-Pol-sur-Ternoise;50.38;2.33;01/10/2026;09:00;15.9;7;PLUIE FAIBLE;15.1;27.4;0
Saint-Pol-sur-Ternoise;50.38;2.33;01/10/2026;10:00;16.5;7;PLUIE FAIBLE;14.8;27.4;0
Saint-Pol-sur-Ternoise;50.38;2.33;01/10/2026;11:00;19;7;PLUIE FAIBLE;14.6;27.7;0
Saint-Pol-sur-Ternoise;50.38;2.33;01/10/2026;12:00;19;7;PLUIE FAIBLE;14.4;28.4;0
Saint-Pol-sur-Ternoise;50.38;2.33;01/10/2026;13:00;19;7;PLUIE FAIBLE;14.2;29.5;0
Saint-Pol-sur-Ternoise;50.38;2.33;01/10/2026;14:00;18.9;7;PLUIE FAIBLE;14.2;30.6;0
Saint-Pol-sur-Ternoise;50.38;2.33;01/10/2026;15:00;19.5;7;PLUIE FAIBLE;14.5;31.7;0
Saint-Pol-sur-Ternoise;50.38;2.33;01/10/2026;16:00;18.9;7;PLUIE FAIBLE;15.2;32.8;0
Saint-Pol-sur-Ternoise;50.38;2.33;01/10/2026;17:00;15.9;7;PLUIE FAIBLE;15.1;33.5;0
Saint-Pol-sur-Ternoise;50.38;2.33;01/10/2026;18:00;15.9;7;PLUIE FAIBLE;13.7;33.1;0
Saint-Pol-sur-Ternoise;50.38;2.33;01/10/2026;19:00;15.9;7;PLUIE FAIBLE;11.5;32.4;0
Saint-Pol-sur-Ternoise;50.38;2.33;01/10/2026;20:00;16.5;7;PLUIE FAIBLE;9.7;31.3;0
Saint-Pol-sur-Ternoise;50.38;2.33;01/10/2026;21:00;15.9;7;PLUIE FAIBLE;8.5;29.5;0
Saint-Pol-sur-Ternoise;50.38;2.33;01/10/2026;22:00;15.3;7;PLUIE FAIBLE;8.0;27.4;0
Saint-Pol-sur-Ternoise;50.38;2.33;01/10/2026;23:00;13;0;SOLEIL;8.4;25.2;0
Saint-Pol-sur-Ternoise;50.38;2.33;02/10/2026;00:00;13;0;SOLEIL;10.0;22.0;0
Saint-Pol-sur-Ternoise;50.38;2.33;02/10/2026;01:00;13;0;SOLEIL;10.5;19.8;0
Saint-Pol-sur-Ternoise;50.38;2.33;02/10/2026;02:00;10.5;0;SOLEIL;11.1;18.4;0
Saint-Pol-sur-Ternoise;50.38;2.33;02/10/2026;03:00;10.5;0;SOLEIL;11.5;18.0;0
Saint-Pol-sur-Ternoise;50.38;2.33;02/10/2026;04:00;10.5;0;SOLEIL;11.7;18.4;0
Saint-Pol-sur-Ternoise;50.38;2.33;02/10/2026;05:00;11.4;0;SOLEIL;12.0;19.1;0
Saint-Pol-sur-Ternoise;50.38;2.33;02/10/2026;06:00;11.4;0;SOLEIL;12.2;20.2;0
Saint-Pol-sur-Ternoise;50.38;2.33;02/10/2026;07:00;11.4;0;SOLEIL;12.3;20.9;0
Saint-Pol-sur-Ternoise;50.38;2.33;02/10/2026;08:00;12.4;0;SOLEIL;12.3;22.0;0
Saint-Pol-sur-Ternoise;50.38;2.33;02/10/2026;09:00;13.4;0;SOLEIL;12.4;22.7;0
Saint-Pol-sur-Ternoise;50.38;2.33;02/10/2026;10:00;14.4;0;SOLEIL;12.5;23.8;0
Saint-Pol-sur-Ternoise;50.38;2.33;02/10/2026;11:00;18.6;6;AVERSES;12.7;25.2;0
Saint-Pol-sur-Ternoise;50.38;2.33;02/10/2026;12:00;18.6;6;AVERSES;12.9;25.9;0
Saint-Pol-sur-Ternoise;50.38;2.33;02/10/2026;13:00;18.6;6;AVERSES;12.7;27.0;0
Saint-Pol-sur-Ternoise;50.38;2.33;02/10/2026;14:00;18.2;0;SOLEIL;12.4;27.7;0
Saint-Pol-sur-Ternoise;50.38;2.33;02/10/2026;15:00;19.2;0;SOLEIL;11.6;28.4;0
Saint-Pol-sur-Ternoise;50.38;2.33;02/10/2026;16:00;18.2;0;SOLEIL;10.4;29.2;0
Saint-Pol-sur-Ternoise;50.38;2.33;02/10/2026;17:00;15.1;7;PLUIE FAIBLE;9.1;29.9;0
Saint-Pol-sur-Ternoise;50.38;2.33;02/10/2026;18:00;15.1;7;PLUIE FAIBLE;7.7;29.9;0
Saint-Pol-sur-Ternoise;50.38;2.33;02/10/2026;19:00;15.1;7;PLUIE FAIBLE;6.5;29.5;0
Saint-Pol-sur-Ternoise;50.38;2.33;02/10/2026;20:00;14.4;0;SOLEIL;5.7;28.4;0
Saint-Pol-sur-Ternoise;50.38;2.33;02/10/2026;21:00;13.4;0;SOLEIL;5.2;25.9;0
Saint-Pol-sur-Ternoise;50.38;2.33;02/10/2026;22:00;12.4;0;SOLEIL;4.9;22.7;0
Saint-Pol-sur-Ternoise;50.38;2.33;02/10/2026;23:00;11.9;0;SOLEIL;4.7;18.7;0
Saint-Pol-sur-Ternoise;50.38;2.33;03/10/2026;00:00;11.9;0;SOLEIL;4.7;14.4;0
Saint-Pol-sur-Ternoise;50.38;2.33;03/10/2026;01:00;11.9;0;SOLEIL;4.5;10.8;0
Saint-Pol-sur-Ternoise;50.38;2.33;03/10/2026;02:00;9.4;0;SOLEIL;4.2;8.3;0
Saint-Pol-sur-Ternoise;50.38;2.33;03/10/2026;03:00;9.4;0;SOLEIL;3.6;6.8;0
Saint-Pol-sur-Ternoise;50.38;2.33;03/10/2026;04:00;9.4;0;SOLEIL;3.0;5.8;0
Saint-Pol-sur-Ternoise;50.38;2.33;03/10/2026;05:00;10.6;0;SOLEIL;2.3;5.0;0
Saint-Pol-sur-Ternoise;50.38;2.33;03/10/2026;06:00;10.6;0;SOLEIL;1.8;5.0;0
Saint-Pol-sur-Ternoise;50.38;2.33;03/10/2026;07:00;10.6;0;SOLEIL;1.7;5.4;0
Saint-Pol-sur-Ternoise;50.38;2.33;03/10/2026;08:00;11.8;0;SOLEIL;1.9;6.1;0
Saint-Pol-sur-Ternoise;50.38;2.33;03/10/2026;09:00;13.0;0;SOLEIL;2.4;7.6;0
Saint-Pol-sur-Ternoise;50.38;2.33;03/10/2026;10:00;14.2;0;SOLEIL;3.4;9.4;0
Saint-Pol-sur-Ternoise;50.38;2.33;03/10/2026;11:00;19.4;0;SOLEIL;4.5;11.9;0
Saint-Pol-sur-Ternoise;50.38;2.33;03/10/2026;12:00;19.4;0;SOLEIL;5.5;14.4;0
Saint-Pol-sur-Ternoise;50.38;2.33;03/10/2026;13:00;19.4;0;SOLEIL;6.1;16.6;0
Saint-Pol-sur-Ternoise;50.38;2.33;03/10/2026;14:00;18.9;0;SOLEIL;6.2;18.0;0
Saint-Pol-sur-Ternoise;50.38;2.33;03/10/2026;15:00;20.1;0;SOLEIL;5.4;18.7;0
Saint-Pol-sur-Ternoise;50.38;2.33;03/10/2026;16:00;18.9;0;SOLEIL;4.0;18.7;0
Saint-Pol-sur-Ternoise;50.38;2.33;03/10/2026;17:00;15.5;0;SOLEIL;2.3;18.4;0
Saint-Pol-sur-Ternoise;50.38;2.33;03/10/2026;18:00;15.5;0;SOLEIL;0.7;18.0;0
Saint-Pol-sur-Ternoise;50.38;2.33;03/10/2026;19:00;15.5;0;SOLEIL;1.5;17.6;0
Saint-Pol-sur-Ternoise;50.38;2.33;03/10/2026;20:00;14.2;0;SOLEIL;2.3;16.9;0
Saint-Pol-sur-Ternoise;50.38;2.33;03/10/2026;21:00;13.0;0;SOLEIL;3.0;16.2;0
Saint-Pol-sur-Ternoise;50.38;2.33;03/10/2026;22:00;11.8;0;SOLEIL;3.5;15.5;0
Saint-Pol-sur-Ternoise;50.38;2.33;03/10/2026;23:00;12.6;2;NUAGEUX;4.3;14.4;0
Abbeville;50.11;1.83;26/09/2026;00:00;15.6;0;SOLEIL;4.4;9.7;0
Abbeville;50.11;1.83;26/09/2026;01:00;14.5;0;SOLEIL;5.5;10.4;0
Abbeville;50.11;1.83;26/09/2026;02:00;14.6;2;NUAGEUX;5.7;10.1;0
Abbeville;50.11;1.83;26/09/2026;03:00;14.4;2;NUAGEUX;5.6;10.8;0
Abbeville;50.11;1.83;26/09/2026;04:00;14.4;2;NUAGEUX;5.1;10.1;0
Abbeville;50.11;1.83;26/09/2026;05:00;14.5;2;NUAGEUX;5.1;9.0;0
Abbeville;50.11;1.83;26/09/2026;06:00;14.9;2;NUAGEUX;5.1;9.7;0
Abbeville;50.11;1.83;26/09/2026;07:00;15.2;2;NUAGEUX;4.9;9.7;0
Abbeville;50.11;1.83;26/09/2026;08:00;16.6;2;NUAGEUX;5.9;9.4;0
Abbeville;50.11;1.83;26/09/2026;09:00;18;2;NUAGEUX;4.9;9.7;0
Abbeville;50.11;1.83;26/09/2026;10:00;19;2;NUAGEUX;6.9;13.3;0
Abbeville;50.11;1.83;26/09/2026;11:00;20.2;2;NUAGEUX;9.4;18.4;0
Abbeville;50.11;1.83;26/09/2026;12:00;20.4;2;NUAGEUX;10.2;20.2;0
Abbeville;50.11;1.83;26/09/2026;13:00;20.4;2;NUAGEUX;9.8;20.2;0
Abbeville;50.11;1.83;26/09/2026;14:00;19.8;2;NUAGEUX;9.3;20.2;0
Abbeville;50.11;1.83;26/09/2026;15:00;19.8;2;NUAGEUX;8.6;18.4;0
Abbeville;50.11;1.83;26/09/2026;16:00;20.2;2;NUAGEUX;8.1;17.6;0
Abbeville;50.11;1.83;26/09/2026;17:00;19.9;2;NUAGEUX;8.6;17.3;0
Abbeville;50.11;1.83;26/09/2026;18:00;18.5;2;NUAGEUX;7.4;17.3;0
Abbeville;50.11;1.83;26/09/2026;19:00;16.7;2;NUAGEUX;11.3;21.6;0
Abbeville;50.11;1.83;26/09/2026;20:00;15.7;2;NUAGEUX;9.0;22.0;0
Abbeville;50.11;1.83;26/09/2026;21:00;15.1;2;NUAGEUX;5.4;15.8;0
Abbeville;50.11;1.83;26/09/2026;22:00;13.9;2;NUAGEUX;3.4;8.3;0
Abbeville;50.11;1.83;26/09/2026;23:00;14;2;NUAGEUX;3.8;7.2;0
Abbeville;50.11;1.83;27/09/2026;00:00;12.6;2;NUAGEUX;3.7;7.2;0
Abbeville;50.11;1.83;27/09/2026;01:00;12.6;2;NUAGEUX;2.7;6.5;0
Abbeville;50.11;1.83;27/09/2026;02:00;12.1;5;SOLEIL VOILÉ;2.9;5.0;0
Abbeville;50.11;1.83;27/09/2026;03:00;12.1;5;SOLEIL VOILÉ;2.9;5.0;0
Abbeville;50.11;1.83;27/09/2026;04:00;12.1;5;SOLEIL VOILÉ;3.5;6.8;0
Abbeville;50.11;1.83;27/09/2026;05:00;12;5;SOLEIL VOILÉ;3.6;7.2;0
Abbeville;50.11;1.83;27/09/2026;06:00;12;5;SOLEIL VOILÉ;4.8;8.3;0
Abbeville;50.11;1.83;27/09/2026;07:00;12;5;SOLEIL VOILÉ;3.4;9.0;0
Abbeville;50.11;1.83;27/09/2026;08:00;17.7;5;SOLEIL VOILÉ;2.2;7.2;0
Abbeville;50.11;1.83;27/09/2026;09:00;17.7;5;SOLEIL VOILÉ;2.6;5.8;0
Abbeville;50.11;1.83;27/09/2026;10:00;17.7;5;SOLEIL VOILÉ;6.5;13.0;0
Abbeville;50.11;1.83;27/09/2026;11:00;23.2;5;SOLEIL VOILÉ;5.8;12.6;0
Abbeville;50.11;1.83;27/09/2026;12:00;23.2;5;SOLEIL VOILÉ;7.8;16.6;0
Abbeville;50.11;1.83;27/09/2026;13:00;23.2;5;SOLEIL VOILÉ;10.1;19.4;0
Abbeville;50.11;1.83;27/09/2026;14:00;25.2;5;SOLEIL VOILÉ;10.9;21.2;0
Abbeville;50.11;1.83;27/09/2026;15:00;25.2;5;SOLEIL VOILÉ;10.1;20.9;0
Abbeville;50.11;1.83;27/09/2026;16:00;25.2;5;SOLEIL VOILÉ;9.3;19.8;0
Abbeville;50.11;1.83;27/09/2026;17:00;22.4;2;NUAGEUX;9.2;17.6;0
Abbeville;50.11;1.83;27/09/2026;18:00;22.4;2;NUAGEUX;8.9;17.6;0
Abbeville;50.11;1.83;27/09/2026;19:00;22.4;2;NUAGEUX;6.9;16.9;0
Abbeville;50.11;1.83;27/09/2026;20:00;17.7;5;SOLEIL VOILÉ;4.7;12.2;0
Abbeville;50.11;1.83;27/09/2026;21:00;17.7;5;SOLEIL VOILÉ;3.2;8.6;0
Abbeville;50.11;1.83;27/09/2026;22:00;17.7;5;SOLEIL VOILÉ;2.9;5.4;0
Abbeville;50.11;1.83;27/09/2026;23:00;17.1;5;SOLEIL VOILÉ;3.3;5.8;0
Abbeville;50.11;1.83;28/09/2026;00:00;17.1;5;SOLEIL VOILÉ;3.7;7.2;0
Abbeville;50.11;1.83;28/09/2026;01:00;17.1;5;SOLEIL VOILÉ;3.2;6.1;0
Abbeville;50.11;1.83;28/09/2026;02:00;16.9;2;NUAGEUX;2.5;5.4;0
Abbeville;50.11;1.83;28/09/2026;03:00;16.9;2;NUAGEUX;4.3;7.9;0
Abbeville;50.11;1.83;28/09/2026;04:00;16.9;2;NUAGEUX;3.6;7.6;0
Abbeville;50.11;1.83;28/09/2026;05:00;16.7;2;NUAGEUX;2.9;6.5;0
Abbeville;50.11;1.83;28/09/2026;06:00;16.7;2;NUAGEUX;3.6;6.6;0
Abbeville;50.11;1.83;28/09/2026;07:00;16.7;2;NUAGEUX;3.8;7.2;0
Abbeville;50.11;1.83;28/09/2026;08:00;19;2;NUAGEUX;4.4;7.9;0
Abbeville;50.11;1.83;28/09/2026;09:00;19;2;NUAGEUX;5.4;10.1;0
Abbeville;50.11;1.83;28/09/2026;10:00;19;2;NUAGEUX;8.3;15.5;0
Abbeville;50.11;1.83;28/09/2026;11:00;19.6;5;SOLEIL VOILÉ;11.5;22.0;0
Abbeville;50.11;1.83;28/09/2026;12:00;19.6;5;SOLEIL VOILÉ;12.2;23.8;0
Abbeville;50.11;1.83;28/09/2026;13:00;19.6;5;SOLEIL VOILÉ;12.0;23.4;0
Abbeville;50.11;1.83;28/09/2026;14:00;18.6;5;SOLEIL VOILÉ;10.9;23.4;0
Abbeville;50.11;1.83;28/09/2026;15:00;18.6;5;SOLEIL VOILÉ;11.2;22.0;0
Abbeville;50.11;1.83;28/09/2026;16:00;18.6;5;SOLEIL VOILÉ;11.6;22.7;0
Abbeville;50.11;1.83;28/09/2026;17:00;19.5;5;SOLEIL VOILÉ;10.5;22.7;0
Abbeville;50.11;1.83;28/09/2026;18:00;19.5;5;SOLEIL VOILÉ;7.9;20.2;0
Abbeville;50.11;1.83;28/09/2026;19:00;19.5;5;SOLEIL VOILÉ;3.6;14.4;0
Abbeville;50.11;1.83;28/09/2026;20:00;17.9;2;NUAGEUX;3.6;6.5;0
Abbeville;50.11;1.83;28/09/2026;21:00;17.3;2;NUAGEUX;4.8;8.3;0
Abbeville;50.11;1.83;28/09/2026;22:00;16.8;2;NUAGEUX;5.9;11.2;0
Abbeville;50.11;1.83;28/09/2026;23:00;16.1;2;NUAGEUX;6.8;16.2;0
Abbeville;50.11;1.83;29/09/2026;00:00;16.1;2;NUAGEUX;8.5;15.1;0
Abbeville;50.11;1.83;29/09/2026;01:00;16.1;2;NUAGEUX;10.3;18.7;0
Abbeville;50.11;1.83;29/09/2026;02:00;15.4;2;NUAGEUX;7.6;19.1;0
Abbeville;50.11;1.83;29/09/2026;03:00;15.4;2;NUAGEUX;5.5;13.3;0
Abbeville;50.11;1.83;29/09/2026;04:00;15.4;2;NUAGEUX;2.9;9.7;0
Abbeville;50.11;1.83;29/09/2026;05:00;16.1;2;NUAGEUX;3.3;5.4;0
Abbeville;50.11;1.83;29/09/2026;06:00;16.1;2;NUAGEUX;4.6;7.9;0
Abbeville;50.11;1.83;29/09/2026;07:00;16.1;2;NUAGEUX;3.8;7.9;0
Abbeville;50.11;1.83;29/09/2026;08:00;18.4;2;NUAGEUX;4.5;7.9;0
Abbeville;50.11;1.83;29/09/2026;09:00;20.0;2;NUAGEUX;5.3;9.4;0
Abbeville;50.11;1.83;29/09/2026;10:00;21.5;2;NUAGEUX;6.3;10.8;0
Abbeville;50.11;1.83;29/09/2026;11:00;26.1;2;NUAGEUX;6.6;13.0;0
Abbeville;50.11;1.83;29/09/2026;12:00;26.1;2;NUAGEUX;7.6;16.2;0
Abbeville;50.11;1.83;29/09/2026;13:00;26.1;2;NUAGEUX;9.8;19.8;0
Abbeville;50.11;1.83;29/09/2026;14:00;27.6;2;NUAGEUX;10.4;22.0;0
Abbeville;50.11;1.83;29/09/2026;15:00;29.1;2;NUAGEUX;8.1;22.3;0
Abbeville;50.11;1.83;29/09/2026;16:00;27.6;2;NUAGEUX;7.9;21.2;0
Abbeville;50.11;1.83;29/09/2026;17:00;24.6;2;NUAGEUX;10.1;19.8;0
Abbeville;50.11;1.83;29/09/2026;18:00;24.6;2;NUAGEUX;9.7;18.4;0
Abbeville;50.11;1.83;29/09/2026;19:00;24.6;2;NUAGEUX;7.3;16.6;0
Abbeville;50.11;1.83;29/09/2026;20:00;21.5;2;NUAGEUX;5.1;15.1;0
Abbeville;50.11;1.83;29/09/2026;21:00;20.0;2;NUAGEUX;4.3;13.7;0
Abbeville;50.11;1.83;29/09/2026;22:00;18.4;2;NUAGEUX;5.2;12.6;0
Abbeville;50.11;1.83;29/09/2026;23:00;21;2;NUAGEUX;6.4;11.9;0
Abbeville;50.11;1.83;30/09/2026;00:00;21;2;NUAGEUX;6.5;11.9;0
Abbeville;50.11;1.83;30/09/2026;01:00;21;2;NUAGEUX;6.6;12.6;0
Abbeville;50.11;1.83;30/09/2026;02:00;18.1;2;NUAGEUX;6.5;12.6;0
Abbeville;50.11;1.83;30/09/2026;03:00;18.1;2;NUAGEUX;6.0;11.5;0
Abbeville;50.11;1.83;30/09/2026;04:00;18.1;2;NUAGEUX;5.5;10.4;0
Abbeville;50.11;1.83;30/09/2026;05:00;19.2;2;NUAGEUX;5.5;10.4;0
Abbeville;50.11;1.83;30/09/2026;06:00;19.2;2;NUAGEUX;6.8;12.6;0
Abbeville;50.11;1.83;30/09/2026;07:00;19.2;2;NUAGEUX;8.9;16.2;0
Abbeville;50.11;1.83;30/09/2026;08:00;19.9;2;NUAGEUX;11.2;20.2;0
Abbeville;50.11;1.83;30/09/2026;09:00;20.8;2;NUAGEUX;13.3;24.5;0
Abbeville;50.11;1.83;30/09/2026;10:00;21.7;2;NUAGEUX;15.5;29.2;0
Abbeville;50.11;1.83;30/09/2026;11:00;25;2;NUAGEUX;17.3;32.8;0
Abbeville;50.11;1.83;30/09/2026;12:00;25;2;NUAGEUX;18.0;33.8;0
Abbeville;50.11;1.83;30/09/2026;13:00;25;2;NUAGEUX;17.9;33.8;0
Abbeville;50.11;1.83;30/09/2026;14:00;25.3;2;NUAGEUX;17.9;33.8;0
Abbeville;50.11;1.83;30/09/2026;15:00;26.2;2;NUAGEUX;18.3;34.9;0
Abbeville;50.11;1.83;30/09/2026;16:00;25.3;2;NUAGEUX;18.9;35.6;0
Abbeville;50.11;1.83;30/09/2026;17:00;21.6;7;PLUIE FAIBLE;18.4;34.9;0
Abbeville;50.11;1.83;30/09/2026;18:00;21.6;7;PLUIE FAIBLE;15.8;31.0;0
Abbeville;50.11;1.83;30/09/2026;19:00;21.6;7;PLUIE FAIBLE;12.7;25.6;0
Abbeville;50.11;1.83;30/09/2026;20:00;21.7;2;NUAGEUX;10.5;21.2;0
Abbeville;50.11;1.83;30/09/2026;21:00;20.8;2;NUAGEUX;9.4;19.1;0
Abbeville;50.11;1.83;30/09/2026;22:00;19.9;2;NUAGEUX;9.2;17.6;0
Abbeville;50.11;1.83;30/09/2026;23:00;18.1;6;AVERSES;9.0;16.9;0
Abbeville;50.11;1.83;01/10/2026;00:00;18.1;6;AVERSES;8.9;15.8;0
Abbeville;50.11;1.83;01/10/2026;01:00;18.1;6;AVERSES;8.9;15.7;0
Abbeville;50.11;1.83;01/10/2026;02:00;15.1;7;PLUIE FAIBLE;9.4;16.0;0
Abbeville;50.11;1.83;01/10/2026;03:00;15.1;7;PLUIE FAIBLE;10.2;16.9;0
Abbeville;50.11;1.83;01/10/2026;04:00;15.1;7;PLUIE FAIBLE;10.2;17.3;0
Abbeville;50.11;1.83;01/10/2026;05:00;15.9;2;NUAGEUX;10.4;17.6;0
Abbeville;50.11;1.83;01/10/2026;06:00;15.9;2;NUAGEUX;10.9;18.0;0
Abbeville;50.11;1.83;01/10/2026;07:00;15.9;2;NUAGEUX;10.9;18.7;0
Abbeville;50.11;1.83;01/10/2026;08:00;16.3;7;PLUIE FAIBLE;11.5;19.1;0
Abbeville;50.11;1.83;01/10/2026;09:00;17.0;7;PLUIE FAIBLE;12.7;21.6;0
Abbeville;50.11;1.83;01/10/2026;10:00;17.6;7;PLUIE FAIBLE;15.8;27.4;0
Abbeville;50.11;1.83;01/10/2026;11:00;20.1;7;PLUIE FAIBLE;18.3;31.7;0
Abbeville;50.11;1.83;01/10/2026;12:00;20.1;7;PLUIE FAIBLE;19.4;33.5;0
Abbeville;50.11;1.83;01/10/2026;13:00;20.1;7;PLUIE FAIBLE;19.6;34.2;0
Abbeville;50.11;1.83;01/10/2026;14:00;20.1;7;PLUIE FAIBLE;19.3;34.2;0
Abbeville;50.11;1.83;01/10/2026;15:00;20.7;7;PLUIE FAIBLE;18.7;34.2;0
Abbeville;50.11;1.83;01/10/2026;16:00;20.1;7;PLUIE FAIBLE;17.9;33.5;0
Abbeville;50.11;1.83;01/10/2026;17:00;17.1;6;AVERSES;16.3;31.3;0
Abbeville;50.11;1.83;01/10/2026;18:00;17.1;6;AVERSES;12.3;26.6;0
Abbeville;50.11;1.83;01/10/2026;19:00;17.1;6;AVERSES;7.4;20.2;0
Abbeville;50.11;1.83;01/10/2026;20:00;17.6;7;PLUIE FAIBLE;4.4;15.5;0
Abbeville;50.11;1.83;01/10/2026;21:00;17.0;7;PLUIE FAIBLE;4.1;13.3;0
Abbeville;50.11;1.83;01/10/2026;22:00;16.3;7;PLUIE FAIBLE;5.2;12.6;0
Abbeville;50.11;1.83;01/10/2026;23:00;13.6;7;PLUIE FAIBLE;6.3;12.6;0
Abbeville;50.11;1.83;02/10/2026;00:00;13.6;7;PLUIE FAIBLE;7.3;13.0;0
Abbeville;50.11;1.83;02/10/2026;01:00;13.6;7;PLUIE FAIBLE;8.6;14.0;0
Abbeville;50.11;1.83;02/10/2026;02:00;11.5;6;AVERSES;8.7;14.8;0
Abbeville;50.11;1.83;02/10/2026;03:00;11.5;6;AVERSES;7.7;14.4;0
Abbeville;50.11;1.83;02/10/2026;04:00;11.5;6;AVERSES;7.1;13.3;0
Abbeville;50.11;1.83;02/10/2026;05:00;12.5;0;SOLEIL;7.2;13.3;0
Abbeville;50.11;1.83;02/10/2026;06:00;12.5;0;SOLEIL;6.5;14.8;0
Abbeville;50.11;1.83;02/10/2026;07:00;12.5;0;SOLEIL;5.2;16.6;0
Abbeville;50.11;1.83;02/10/2026;08:00;13.4;6;AVERSES;5.3;18.4;0
Abbeville;50.11;1.83;02/10/2026;09:00;14.4;6;AVERSES;7.1;19.1;0
Abbeville;50.11;1.83;02/10/2026;10:00;15.4;6;AVERSES;9.5;19.4;0
Abbeville;50.11;1.83;02/10/2026;11:00;19.5;6;AVERSES;11.3;19.4;0
Abbeville;50.11;1.83;02/10/2026;12:00;19.5;6;AVERSES;11.3;19.4;0
Abbeville;50.11;1.83;02/10/2026;13:00;19.5;6;AVERSES;10.9;19.4;0
Abbeville;50.11;1.83;02/10/2026;14:00;19.2;6;AVERSES;10.0;19.1;0
Abbeville;50.11;1.83;02/10/2026;15:00;20.2;6;AVERSES;9.5;18.4;0
Abbeville;50.11;1.83;02/10/2026;16:00;19.2;6;AVERSES;8.5;17.3;0
Abbeville;50.11;1.83;02/10/2026;17:00;16.4;6;AVERSES;6.5;16.6;0
Abbeville;50.11;1.83;02/10/2026;18:00;16.4;6;AVERSES;3.1;15.8;0
Abbeville;50.11;1.83;02/10/2026;19:00;16.4;6;AVERSES;5.5;15.8;0
Abbeville;50.11;1.83;02/10/2026;20:00;15.4;6;AVERSES;9.4;16.6;0
Abbeville;50.11;1.83;02/10/2026;21:00;14.4;6;AVERSES;11.2;20.2;0
Abbeville;50.11;1.83;02/10/2026;22:00;13.4;6;AVERSES;12.3;25.2;0
Abbeville;50.11;1.83;02/10/2026;23:00;13.1;0;SOLEIL;11.9;27.0;0
Abbeville;50.11;1.83;03/10/2026;00:00;13.1;0;SOLEIL;9.4;23.0;0
Abbeville;50.11;1.83;03/10/2026;01:00;13.1;0;SOLEIL;6.1;16.2;0
Abbeville;50.11;1.83;03/10/2026;02:00;10.4;0;SOLEIL;3.8;10.8;0
Abbeville;50.11;1.83;03/10/2026;03:00;10.4;0;SOLEIL;3.4;8.3;0
Abbeville;50.11;1.83;03/10/2026;04:00;10.4;0;SOLEIL;3.6;7.6;0
Abbeville;50.11;1.83;03/10/2026;05:00;11.5;0;SOLEIL;3.6;9.0;0
Abbeville;50.11;1.83;03/10/2026;06:00;11.5;0;SOLEIL;5.1;13.3;0
Abbeville;50.11;1.83;03/10/2026;07:00;11.5;0;SOLEIL;10.0;19.8;0
Abbeville;50.11;1.83;03/10/2026;08:00;12.7;0;SOLEIL;14.8;25.9;0
Abbeville;50.11;1.83;03/10/2026;09:00;13.8;0;SOLEIL;18.1;31.3;0
Abbeville;50.11;1.83;03/10/2026;10:00;15.0;0;SOLEIL;21.1;36.4;0
Abbeville;50.11;1.83;03/10/2026;11:00;20;0;SOLEIL;22.7;40.0;0
Abbeville;50.11;1.83;03/10/2026;12:00;20;0;SOLEIL;18.0;34.5;0
Abbeville;50.11;1.83;03/10/2026;13:00;20;0;SOLEIL;12.9;28.3;0
Abbeville;50.11;1.83;03/10/2026;14:00;19.6;0;SOLEIL;7.9;22.1;0
Abbeville;50.11;1.83;03/10/2026;15:00;20.7;0;SOLEIL;2.6;15.5;0
Abbeville;50.11;1.83;03/10/2026;16:00;19.6;0;SOLEIL;2.1;15.5;0
Abbeville;50.11;1.83;03/10/2026;17:00;17;0;SOLEIL;2.8;15.1;0
Abbeville;50.11;1.83;03/10/2026;18:00;17;0;SOLEIL;4.3;14.4;0
Abbeville;50.11;1.83;03/10/2026;19:00;17;0;SOLEIL;5.4;13.7;0
Abbeville;50.11;1.83;03/10/2026;20:00;15.0;0;SOLEIL;5.8;13.3;0
Abbeville;50.11;1.83;03/10/2026;21:00;13.8;0;SOLEIL;5.3;12.6;0
Abbeville;50.11;1.83;03/10/2026;22:00;12.7;0;SOLEIL;4.2;12.2;0
Abbeville;50.11;1.83;03/10/2026;23:00;13.7;2;NUAGEUX;2.5;11.5;0
Estrées-Deniécourt;49.87;2.82;26/09/2026;00:00;15.1;3;TRÈS NUAGEUX;10.8;14.4;0
Estrées-Deniécourt;49.87;2.82;26/09/2026;01:00;15;3;TRÈS NUAGEUX;9.7;12.6;0
Estrées-Deniécourt;49.87;2.82;26/09/2026;02:00;15.4;3;TRÈS NUAGEUX;9.4;12.6;0
Estrées-Deniécourt;49.87;2.82;26/09/2026;03:00;15.9;6;AVERSES;10.4;14.8;0
Estrées-Deniécourt;49.87;2.82;26/09/2026;04:00;15.1;6;AVERSES;9.4;12.6;0
Estrées-Deniécourt;49.87;2.82;26/09/2026;05:00;15;6;AVERSES;10.1;13.0;0
Estrées-Deniécourt;49.87;2.82;26/09/2026;06:00;15.6;6;AVERSES;11.5;14.8;0
Estrées-Deniécourt;49.87;2.82;26/09/2026;07:00;16.1;4;COUVERT;10.1;12.6;0
Estrées-Deniécourt;49.87;2.82;26/09/2026;08:00;17.7;2;NUAGEUX;10.8;13.7;0
Estrées-Deniécourt;49.87;2.82;26/09/2026;09:00;18.9;2;NUAGEUX;7.9;14.4;0
Estrées-Deniécourt;49.87;2.82;26/09/2026;10:00;19.9;2;NUAGEUX;7.9;14.4;0
Estrées-Deniécourt;49.87;2.82;26/09/2026;11:00;20.5;2;NUAGEUX;9.4;18.4;0
Estrées-Deniécourt;49.87;2.82;26/09/2026;12:00;20.9;2;NUAGEUX;9.7;20.2;0
Estrées-Deniécourt;49.87;2.82;26/09/2026;13:00;21.6;2;NUAGEUX;10.8;23.0;0
Estrées-Deniécourt;49.87;2.82;26/09/2026;14:00;22;2;NUAGEUX;11.2;23.4;0
Estrées-Deniécourt;49.87;2.82;26/09/2026;15:00;22.2;2;NUAGEUX;10.8;23.8;0
Estrées-Deniécourt;49.87;2.82;26/09/2026;16:00;21.5;2;NUAGEUX;10.4;23.0;0
Estrées-Deniécourt;49.87;2.82;26/09/2026;17:00;20.9;2;NUAGEUX;10.4;22.7;0
Estrées-Deniécourt;49.87;2.82;26/09/2026;18:00;19;2;NUAGEUX;11.5;21.6;0
Estrées-Deniécourt;49.87;2.82;26/09/2026;19:00;17.5;2;NUAGEUX;13.0;20.9;0
Estrées-Deniécourt;49.87;2.82;26/09/2026;20:00;16.6;2;NUAGEUX;11.5;20.2;0
Estrées-Deniécourt;49.87;2.82;26/09/2026;21:00;16;2;NUAGEUX;11.9;16.6;0
Estrées-Deniécourt;49.87;2.82;26/09/2026;22:00;15.5;2;NUAGEUX;12.2;17.6;0
Estrées-Deniécourt;49.87;2.82;26/09/2026;23:00;15.1;2;NUAGEUX;11.5;18.0;0
Estrées-Deniécourt;49.87;2.82;27/09/2026;00:00;14.5;2;NUAGEUX;7.2;22.3;0
Estrées-Deniécourt;49.87;2.82;27/09/2026;01:00;14.5;2;NUAGEUX;9.7;16.2;0
Estrées-Deniécourt;49.87;2.82;27/09/2026;02:00;12.1;0;SOLEIL;11.9;17.6;0
Estrées-Deniécourt;49.87;2.82;27/09/2026;03:00;12.1;0;SOLEIL;14.0;23.0;0
Estrées-Deniécourt;49.87;2.82;27/09/2026;04:00;12.1;0;SOLEIL;11.9;22.7;0
Estrées-Deniécourt;49.87;2.82;27/09/2026;05:00;11.2;5;SOLEIL VOILÉ;14.4;26.3;0
Estrées-Deniécourt;49.87;2.82;27/09/2026;06:00;11.2;5;SOLEIL VOILÉ;13.3;24.5;0
Estrées-Deniécourt;49.87;2.82;27/09/2026;07:00;11.2;5;SOLEIL VOILÉ;14.8;28.4;0
Estrées-Deniécourt;49.87;2.82;27/09/2026;08:00;18;5;SOLEIL VOILÉ;14.4;27.7;0
Estrées-Deniécourt;49.87;2.82;27/09/2026;09:00;18;5;SOLEIL VOILÉ;12.2;24.5;0
Estrées-Deniécourt;49.87;2.82;27/09/2026;10:00;18;5;SOLEIL VOILÉ;13.0;23.0;0
Estrées-Deniécourt;49.87;2.82;27/09/2026;11:00;22.7;5;SOLEIL VOILÉ;10.1;23.0;0
Estrées-Deniécourt;49.87;2.82;27/09/2026;12:00;22.7;5;SOLEIL VOILÉ;11.9;22.3;0
Estrées-Deniécourt;49.87;2.82;27/09/2026;13:00;22.7;5;SOLEIL VOILÉ;10.1;23.0;0
Estrées-Deniécourt;49.87;2.82;27/09/2026;14:00;25.4;5;SOLEIL VOILÉ;13.7;25.2;0
Estrées-Deniécourt;49.87;2.82;27/09/2026;15:00;25.4;5;SOLEIL VOILÉ;11.5;26.3;0
Estrées-Deniécourt;49.87;2.82;27/09/2026;16:00;25.4;5;SOLEIL VOILÉ;7.2;22.3;0
Estrées-Deniécourt;49.87;2.82;27/09/2026;17:00;22.6;5;SOLEIL VOILÉ;10.8;19.8;0
Estrées-Deniécourt;49.87;2.82;27/09/2026;18:00;22.6;5;SOLEIL VOILÉ;12.2;23.8;0
Estrées-Deniécourt;49.87;2.82;27/09/2026;19:00;22.6;5;SOLEIL VOILÉ;10.8;21.2;0
Estrées-Deniécourt;49.87;2.82;27/09/2026;20:00;19.1;5;SOLEIL VOILÉ;8.6;18.4;0
Estrées-Deniécourt;49.87;2.82;27/09/2026;21:00;19.1;5;SOLEIL VOILÉ;7.9;14.0;0
Estrées-Deniécourt;49.87;2.82;27/09/2026;22:00;19.1;5;SOLEIL VOILÉ;6.8;12.6;0
Estrées-Deniécourt;49.87;2.82;27/09/2026;23:00;17.1;5;SOLEIL VOILÉ;9.4;14.4;0
Estrées-Deniécourt;49.87;2.82;28/09/2026;00:00;17.1;5;SOLEIL VOILÉ;9.4;15.1;0
Estrées-Deniécourt;49.87;2.82;28/09/2026;01:00;17.1;5;SOLEIL VOILÉ;7.2;15.1;0
Estrées-Deniécourt;49.87;2.82;28/09/2026;02:00;16.1;2;NUAGEUX;8.3;12.6;0
Estrées-Deniécourt;49.87;2.82;28/09/2026;03:00;16.1;2;NUAGEUX;7.2;13.0;0
Estrées-Deniécourt;49.87;2.82;28/09/2026;04:00;16.1;2;NUAGEUX;5.4;10.8;0
Estrées-Deniécourt;49.87;2.82;28/09/2026;05:00;15.6;2;NUAGEUX;5.4;7.2;0
Estrées-Deniécourt;49.87;2.82;28/09/2026;06:00;15.6;2;NUAGEUX;5.0;6.5;0
Estrées-Deniécourt;49.87;2.82;28/09/2026;07:00;15.6;2;NUAGEUX;6.1;8.6;0
Estrées-Deniécourt;49.87;2.82;28/09/2026;08:00;20.5;2;NUAGEUX;6.8;9.4;0
Estrées-Deniécourt;49.87;2.82;28/09/2026;09:00;20.5;2;NUAGEUX;6.1;9.7;0
Estrées-Deniécourt;49.87;2.82;28/09/2026;10:00;20.5;2;NUAGEUX;6.5;12.2;0
Estrées-Deniécourt;49.87;2.82;28/09/2026;11:00;22.6;2;NUAGEUX;7.2;14.0;0
Estrées-Deniécourt;49.87;2.82;28/09/2026;12:00;22.6;2;NUAGEUX;7.2;15.5;0
Estrées-Deniécourt;49.87;2.82;28/09/2026;13:00;22.6;2;NUAGEUX;10.4;21.2;0
Estrées-Deniécourt;49.87;2.82;28/09/2026;14:00;23.5;5;SOLEIL VOILÉ;12.2;23.8;0
Estrées-Deniécourt;49.87;2.82;28/09/2026;15:00;23.5;5;SOLEIL VOILÉ;13.3;26.6;0
Estrées-Deniécourt;49.87;2.82;28/09/2026;16:00;23.5;5;SOLEIL VOILÉ;14.4;29.2;0
Estrées-Deniécourt;49.87;2.82;28/09/2026;17:00;20.4;5;SOLEIL VOILÉ;13.7;27.7;0
Estrées-Deniécourt;49.87;2.82;28/09/2026;18:00;20.4;5;SOLEIL VOILÉ;10.5;26.0;0
Estrées-Deniécourt;49.87;2.82;28/09/2026;19:00;20.4;5;SOLEIL VOILÉ;9.8;18.5;0
Estrées-Deniécourt;49.87;2.82;28/09/2026;20:00;19.3;2;NUAGEUX;11.9;19.1;0
Estrées-Deniécourt;49.87;2.82;28/09/2026;21:00;18.2;2;NUAGEUX;10.9;19.1;0
Estrées-Deniécourt;49.87;2.82;28/09/2026;22:00;17.2;2;NUAGEUX;12.2;20.5;0
Estrées-Deniécourt;49.87;2.82;28/09/2026;23:00;16.4;2;NUAGEUX;10.1;20.5;0
Estrées-Deniécourt;49.87;2.82;29/09/2026;00:00;16.4;2;NUAGEUX;9.1;16.6;0
Estrées-Deniécourt;49.87;2.82;29/09/2026;01:00;16.4;2;NUAGEUX;7.5;14.8;0
Estrées-Deniécourt;49.87;2.82;29/09/2026;02:00;15;2;NUAGEUX;6.3;11.9;0
Estrées-Deniécourt;49.87;2.82;29/09/2026;03:00;15;2;NUAGEUX;7.6;13.0;0
Estrées-Deniécourt;49.87;2.82;29/09/2026;04:00;15;2;NUAGEUX;6.0;12.6;0
Estrées-Deniécourt;49.87;2.82;29/09/2026;05:00;15.6;2;NUAGEUX;6.1;9.7;0
Estrées-Deniécourt;49.87;2.82;29/09/2026;06:00;15.6;2;NUAGEUX;6.5;10.1;0
Estrées-Deniécourt;49.87;2.82;29/09/2026;07:00;15.6;2;NUAGEUX;5.7;12.6;0
Estrées-Deniécourt;49.87;2.82;29/09/2026;08:00;18.0;2;NUAGEUX;5.4;8.6;0
Estrées-Deniécourt;49.87;2.82;29/09/2026;09:00;19.5;2;NUAGEUX;7.0;10.8;0
Estrées-Deniécourt;49.87;2.82;29/09/2026;10:00;21.0;2;NUAGEUX;6.5;11.5;0
Estrées-Deniécourt;49.87;2.82;29/09/2026;11:00;25.7;2;NUAGEUX;5.5;12.6;0
Estrées-Deniécourt;49.87;2.82;29/09/2026;12:00;25.7;2;NUAGEUX;5.6;15.5;0
Estrées-Deniécourt;49.87;2.82;29/09/2026;13:00;25.7;2;NUAGEUX;4.1;15.5;0
Estrées-Deniécourt;49.87;2.82;29/09/2026;14:00;27.1;2;NUAGEUX;5.7;16.6;0
Estrées-Deniécourt;49.87;2.82;29/09/2026;15:00;28.6;2;NUAGEUX;6.7;17.6;0
Estrées-Deniécourt;49.87;2.82;29/09/2026;16:00;27.1;2;NUAGEUX;4.7;16.6;0
Estrées-Deniécourt;49.87;2.82;29/09/2026;17:00;23.6;2;NUAGEUX;2.7;18.7;0
Estrées-Deniécourt;49.87;2.82;29/09/2026;18:00;23.6;2;NUAGEUX;2.8;14.4;0
Estrées-Deniécourt;49.87;2.82;29/09/2026;19:00;23.6;2;NUAGEUX;7.4;11.5;0
Estrées-Deniécourt;49.87;2.82;29/09/2026;20:00;21.0;2;NUAGEUX;11.5;20.5;0
Estrées-Deniécourt;49.87;2.82;29/09/2026;21:00;19.5;2;NUAGEUX;11.0;21.6;0
Estrées-Deniécourt;49.87;2.82;29/09/2026;22:00;18.0;2;NUAGEUX;9.0;22.7;0
Estrées-Deniécourt;49.87;2.82;29/09/2026;23:00;18.9;2;NUAGEUX;7.5;22.7;0
Estrées-Deniécourt;49.87;2.82;30/09/2026;00:00;18.9;2;NUAGEUX;7.4;20.2;0
Estrées-Deniécourt;49.87;2.82;30/09/2026;01:00;18.9;2;NUAGEUX;7.6;16.2;0
Estrées-Deniécourt;49.87;2.82;30/09/2026;02:00;16.6;7;PLUIE FAIBLE;7.6;13.3;0
Estrées-Deniécourt;49.87;2.82;30/09/2026;03:00;16.6;7;PLUIE FAIBLE;7.1;12.6;0
Estrées-Deniécourt;49.87;2.82;30/09/2026;04:00;16.6;7;PLUIE FAIBLE;7.1;12.6;0
Estrées-Deniécourt;49.87;2.82;30/09/2026;05:00;17.1;2;NUAGEUX;7.8;13.0;0
Estrées-Deniécourt;49.87;2.82;30/09/2026;06:00;17.1;2;NUAGEUX;7.8;12.6;0
Estrées-Deniécourt;49.87;2.82;30/09/2026;07:00;17.1;2;NUAGEUX;7.4;12.6;0
Estrées-Deniécourt;49.87;2.82;30/09/2026;08:00;18.6;7;PLUIE FAIBLE;7.3;13.3;0
Estrées-Deniécourt;49.87;2.82;30/09/2026;09:00;19.6;7;PLUIE FAIBLE;7.7;15.5;0
Estrées-Deniécourt;49.87;2.82;30/09/2026;10:00;20.6;7;PLUIE FAIBLE;8.7;18.7;0
Estrées-Deniécourt;49.87;2.82;30/09/2026;11:00;24.1;2;NUAGEUX;9.7;21.2;0
Estrées-Deniécourt;49.87;2.82;30/09/2026;12:00;24.1;2;NUAGEUX;10.4;22.7;0
Estrées-Deniécourt;49.87;2.82;30/09/2026;13:00;24.1;2;NUAGEUX;11.0;23.8;0
Estrées-Deniécourt;49.87;2.82;30/09/2026;14:00;24.6;7;PLUIE FAIBLE;11.7;25.2;0
Estrées-Deniécourt;49.87;2.82;30/09/2026;15:00;25.6;7;PLUIE FAIBLE;13.2;27.7;0
Estrées-Deniécourt;49.87;2.82;30/09/2026;16:00;24.6;7;PLUIE FAIBLE;15.4;30.6;0
Estrées-Deniécourt;49.87;2.82;30/09/2026;17:00;21.5;7;PLUIE FAIBLE;16.8;32.4;0
Estrées-Deniécourt;49.87;2.82;30/09/2026;18:00;21.5;7;PLUIE FAIBLE;15.5;32.4;0
Estrées-Deniécourt;49.87;2.82;30/09/2026;19:00;21.5;7;PLUIE FAIBLE;13.0;31.7;0
Estrées-Deniécourt;49.87;2.82;30/09/2026;20:00;20.6;7;PLUIE FAIBLE;11.5;30.6;0
Estrées-Deniécourt;49.87;2.82;30/09/2026;21:00;19.6;7;PLUIE FAIBLE;12.5;29.5;0
Estrées-Deniécourt;49.87;2.82;30/09/2026;22:00;18.6;7;PLUIE FAIBLE;14.6;27.7;0
Estrées-Deniécourt;49.87;2.82;30/09/2026;23:00;18.1;7;PLUIE FAIBLE;16.3;27.0;0
Estrées-Deniécourt;49.87;2.82;01/10/2026;00:00;18.1;7;PLUIE FAIBLE;16.5;27.4;0
Estrées-Deniécourt;49.87;2.82;01/10/2026;01:00;18.1;7;PLUIE FAIBLE;16.0;28.1;0
Estrées-Deniécourt;49.87;2.82;01/10/2026;02:00;15.2;7;PLUIE FAIBLE;15.3;28.4;0
Estrées-Deniécourt;49.87;2.82;01/10/2026;03:00;15.2;7;PLUIE FAIBLE;14.1;27.7;0
Estrées-Deniécourt;49.87;2.82;01/10/2026;04:00;15.2;7;PLUIE FAIBLE;12.8;27.0;0
Estrées-Deniécourt;49.87;2.82;01/10/2026;05:00;16.2;7;PLUIE FAIBLE;12.0;25.6;0
Estrées-Deniécourt;49.87;2.82;01/10/2026;06:00;16.2;7;PLUIE FAIBLE;11.9;23.8;0
Estrées-Deniécourt;49.87;2.82;01/10/2026;07:00;16.2;7;PLUIE FAIBLE;11.9;21.6;0
Estrées-Deniécourt;49.87;2.82;01/10/2026;08:00;16.2;7;PLUIE FAIBLE;11.9;20.2;0
Estrées-Deniécourt;49.87;2.82;01/10/2026;09:00;16.8;7;PLUIE FAIBLE;11.9;20.2;0
Estrées-Deniécourt;49.87;2.82;01/10/2026;10:00;17.3;7;PLUIE FAIBLE;11.9;20.9;0
Estrées-Deniécourt;49.87;2.82;01/10/2026;11:00;19.2;7;PLUIE FAIBLE;11.4;21.6;0
Estrées-Deniécourt;49.87;2.82;01/10/2026;12:00;19.2;7;PLUIE FAIBLE;10.2;22.0;0
Estrées-Deniécourt;49.87;2.82;01/10/2026;13:00;19.2;7;PLUIE FAIBLE;9.2;22.0;0
Estrées-Deniécourt;49.87;2.82;01/10/2026;14:00;19.4;7;PLUIE FAIBLE;8.9;22.7;0
Estrées-Deniécourt;49.87;2.82;01/10/2026;15:00;19.9;7;PLUIE FAIBLE;9.4;24.5;0
Estrées-Deniécourt;49.87;2.82;01/10/2026;16:00;19.4;7;PLUIE FAIBLE;10.2;26.6;0
Estrées-Deniécourt;49.87;2.82;01/10/2026;17:00;17;7;PLUIE FAIBLE;11.0;28.4;0
Estrées-Deniécourt;49.87;2.82;01/10/2026;18:00;17;7;PLUIE FAIBLE;10.6;29.5;0
Estrées-Deniécourt;49.87;2.82;01/10/2026;19:00;17;7;PLUIE FAIBLE;9.8;30.2;0
Estrées-Deniécourt;49.87;2.82;01/10/2026;20:00;17.3;7;PLUIE FAIBLE;8.6;29.5;0
Estrées-Deniécourt;49.87;2.82;01/10/2026;21:00;16.8;7;PLUIE FAIBLE;7.5;25.6;0
Estrées-Deniécourt;49.87;2.82;01/10/2026;22:00;16.2;7;PLUIE FAIBLE;6.8;20.2;0
Estrées-Deniécourt;49.87;2.82;01/10/2026;23:00;13.5;0;SOLEIL;6.8;16.2;0
Estrées-Deniécourt;49.87;2.82;02/10/2026;00:00;13.5;0;SOLEIL;7.3;21.6;0
Estrées-Deniécourt;49.87;2.82;02/10/2026;01:00;13.5;0;SOLEIL;8.4;19.4;0
Estrées-Deniécourt;49.87;2.82;02/10/2026;02:00;10.9;7;PLUIE FAIBLE;9.3;18.0;0
Estrées-Deniécourt;49.87;2.82;02/10/2026;03:00;10.9;7;PLUIE FAIBLE;9.5;16.9;0
Estrées-Deniécourt;49.87;2.82;02/10/2026;04:00;10.9;7;PLUIE FAIBLE;9.4;16.6;0
Estrées-Deniécourt;49.87;2.82;02/10/2026;05:00;11.6;0;SOLEIL;9.0;16.2;0
Estrées-Deniécourt;49.87;2.82;02/10/2026;06:00;11.6;0;SOLEIL;8.4;15.8;0
Estrées-Deniécourt;49.87;2.82;02/10/2026;07:00;11.6;0;SOLEIL;7.9;16.2;0
Estrées-Deniécourt;49.87;2.82;02/10/2026;08:00;12.9;7;PLUIE FAIBLE;7.6;16.6;0
Estrées-Deniécourt;49.87;2.82;02/10/2026;09:00;13.8;7;PLUIE FAIBLE;7.8;17.3;0
Estrées-Deniécourt;49.87;2.82;02/10/2026;10:00;14.8;7;PLUIE FAIBLE;8.1;18.7;0
Estrées-Deniécourt;49.87;2.82;02/10/2026;11:00;19.1;7;PLUIE FAIBLE;8.6;20.5;0
Estrées-Deniécourt;49.87;2.82;02/10/2026;12:00;19.1;7;PLUIE FAIBLE;9.0;22.3;0
Estrées-Deniécourt;49.87;2.82;02/10/2026;13:00;19.1;7;PLUIE FAIBLE;9.1;23.8;0
Estrées-Deniécourt;49.87;2.82;02/10/2026;14:00;18.7;7;PLUIE FAIBLE;8.9;24.8;0
Estrées-Deniécourt;49.87;2.82;02/10/2026;15:00;19.7;7;PLUIE FAIBLE;8.2;25.9;0
Estrées-Deniécourt;49.87;2.82;02/10/2026;16:00;18.7;7;PLUIE FAIBLE;6.9;26.6;0
Estrées-Deniécourt;49.87;2.82;02/10/2026;17:00;16.1;7;PLUIE FAIBLE;5.7;27.4;0
Estrées-Deniécourt;49.87;2.82;02/10/2026;18:00;16.1;7;PLUIE FAIBLE;4.3;28.1;0
Estrées-Deniécourt;49.87;2.82;02/10/2026;19:00;16.1;7;PLUIE FAIBLE;3.3;27.7;0
Estrées-Deniécourt;49.87;2.82;02/10/2026;20:00;14.8;7;PLUIE FAIBLE;2.5;26.6;0
Estrées-Deniécourt;49.87;2.82;02/10/2026;21:00;13.8;7;PLUIE FAIBLE;2.1;24.5;0
Estrées-Deniécourt;49.87;2.82;02/10/2026;22:00;12.9;7;PLUIE FAIBLE;1.5;20.9;0
Estrées-Deniécourt;49.87;2.82;02/10/2026;23:00;12.4;0;SOLEIL;1.2;16.9;0
Estrées-Deniécourt;49.87;2.82;03/10/2026;00:00;12.4;0;SOLEIL;0.8;13.0;0
Estrées-Deniécourt;49.87;2.82;03/10/2026;01:00;12.4;0;SOLEIL;0.5;9.0;0
Estrées-Deniécourt;49.87;2.82;03/10/2026;02:00;10;0;SOLEIL;0.4;6.5;0
Estrées-Deniécourt;49.87;2.82;03/10/2026;03:00;10;0;SOLEIL;0.3;4.7;0
Estrées-Deniécourt;49.87;2.82;03/10/2026;04:00;10;0;SOLEIL;0.5;3.2;0
Estrées-Deniécourt;49.87;2.82;03/10/2026;05:00;10.9;0;SOLEIL;0.9;2.2;0
Estrées-Deniécourt;49.87;2.82;03/10/2026;06:00;10.9;0;SOLEIL;1.4;1.8;0
Estrées-Deniécourt;49.87;2.82;03/10/2026;07:00;10.9;0;SOLEIL;1.6;1.8;0
Estrées-Deniécourt;49.87;2.82;03/10/2026;08:00;12.2;0;SOLEIL;1.5;2.2;0
Estrées-Deniécourt;49.87;2.82;03/10/2026;09:00;13.3;0;SOLEIL;0.9;3.6;0
Estrées-Deniécourt;49.87;2.82;03/10/2026;10:00;14.4;0;SOLEIL;0.4;5.8;0
Estrées-Deniécourt;49.87;2.82;03/10/2026;11:00;19.1;0;SOLEIL;1.5;8.6;0
Estrées-Deniécourt;49.87;2.82;03/10/2026;12:00;19.1;0;SOLEIL;2.8;11.5;0
Estrées-Deniécourt;49.87;2.82;03/10/2026;13:00;19.1;0;SOLEIL;3.5;14.0;0
Estrées-Deniécourt;49.87;2.82;03/10/2026;14:00;18.9;0;SOLEIL;3.8;15.5;0
Estrées-Deniécourt;49.87;2.82;03/10/2026;15:00;20.0;0;SOLEIL;3.4;16.2;0
Estrées-Deniécourt;49.87;2.82;03/10/2026;16:00;18.9;0;SOLEIL;2.3;16.2;0
Estrées-Deniécourt;49.87;2.82;03/10/2026;17:00;16.6;0;SOLEIL;1.1;16.2;0
Estrées-Deniécourt;49.87;2.82;03/10/2026;18:00;16.6;0;SOLEIL;0.3;15.5;0
Estrées-Deniécourt;49.87;2.82;03/10/2026;19:00;16.6;0;SOLEIL;1.5;14.8;0
Estrées-Deniécourt;49.87;2.82;03/10/2026;20:00;14.4;0;SOLEIL;2.2;14.4;0
Estrées-Deniécourt;49.87;2.82;03/10/2026;21:00;13.3;0;SOLEIL;2.6;14.0;0
Estrées-Deniécourt;49.87;2.82;03/10/2026;22:00;12.2;0;SOLEIL;3.0;13.3;0
Estrées-Deniécourt;49.87;2.82;03/10/2026;23:00;13.4;2;NUAGEUX;3.3;12.6;0
Montdidier;49.65;2.57;26/09/2026;00:00;15;2;NUAGEUX;11.5;15.8;0
Montdidier;49.65;2.57;26/09/2026;01:00;14.4;3;TRÈS NUAGEUX;10.1;13.3;0
Montdidier;49.65;2.57;26/09/2026;02:00;14.4;3;TRÈS NUAGEUX;10.1;14.8;0
Montdidier;49.65;2.57;26/09/2026;03:00;14.1;3;TRÈS NUAGEUX;9.0;13.0;0
Montdidier;49.65;2.57;26/09/2026;04:00;13.7;6;AVERSES;5.4;6.8;0
Montdidier;49.65;2.57;26/09/2026;05:00;13.6;6;AVERSES;7.6;8.6;0
Montdidier;49.65;2.57;26/09/2026;06:00;14.6;6;AVERSES;7.9;9.4;0
Montdidier;49.65;2.57;26/09/2026;07:00;15.6;4;COUVERT;10.8;14.4;0
Montdidier;49.65;2.57;26/09/2026;08:00;17;2;NUAGEUX;9.7;13.0;0
Montdidier;49.65;2.57;26/09/2026;09:00;18;2;NUAGEUX;7.9;13.7;0
Montdidier;49.65;2.57;26/09/2026;10:00;19.1;2;NUAGEUX;8.3;15.1;0
Montdidier;49.65;2.57;26/09/2026;11:00;20.2;2;NUAGEUX;10.8;20.9;0
Montdidier;49.65;2.57;26/09/2026;12:00;21;2;NUAGEUX;11.2;22.3;0
Montdidier;49.65;2.57;26/09/2026;13:00;22;2;NUAGEUX;11.5;23.8;0
Montdidier;49.65;2.57;26/09/2026;14:00;22.7;2;NUAGEUX;11.2;24.1;0
Montdidier;49.65;2.57;26/09/2026;15:00;22.5;2;NUAGEUX;11.2;24.1;0
Montdidier;49.65;2.57;26/09/2026;16:00;22.4;2;NUAGEUX;10.8;23.8;0
Montdidier;49.65;2.57;26/09/2026;17:00;21.4;2;NUAGEUX;10.8;23.8;0
Montdidier;49.65;2.57;26/09/2026;18:00;19.6;2;NUAGEUX;11.2;22.7;0
Montdidier;49.65;2.57;26/09/2026;19:00;17.6;2;NUAGEUX;12.6;21.2;0
Montdidier;49.65;2.57;26/09/2026;20:00;16.7;2;NUAGEUX;10.8;20.2;0
Montdidier;49.65;2.57;26/09/2026;21:00;16;2;NUAGEUX;12.6;18.4;0
Montdidier;49.65;2.57;26/09/2026;22:00;15.4;2;NUAGEUX;12.6;19.4;0
Montdidier;49.65;2.57;26/09/2026;23:00;14.6;2;NUAGEUX;13.7;19.4;0
Montdidier;49.65;2.57;27/09/2026;00:00;13.6;2;NUAGEUX;9.4;28.1;0
Montdidier;49.65;2.57;27/09/2026;01:00;13.6;2;NUAGEUX;8.6;15.1;0
Montdidier;49.65;2.57;27/09/2026;02:00;10.6;0;SOLEIL;9.0;13.7;0
Montdidier;49.65;2.57;27/09/2026;03:00;10.6;0;SOLEIL;10.4;15.8;0
Montdidier;49.65;2.57;27/09/2026;04:00;10.6;0;SOLEIL;9.7;18.0;0
Montdidier;49.65;2.57;27/09/2026;05:00;11.6;5;SOLEIL VOILÉ;12.2;21.2;0
Montdidier;49.65;2.57;27/09/2026;06:00;11.6;5;SOLEIL VOILÉ;15.1;25.9;0
Montdidier;49.65;2.57;27/09/2026;07:00;11.6;5;SOLEIL VOILÉ;16.6;28.4;0
Montdidier;49.65;2.57;27/09/2026;08:00;18.6;5;SOLEIL VOILÉ;14.8;28.4;0
Montdidier;49.65;2.57;27/09/2026;09:00;18.6;5;SOLEIL VOILÉ;13.3;25.2;0
Montdidier;49.65;2.57;27/09/2026;10:00;18.6;5;SOLEIL VOILÉ;12.6;23.4;0
Montdidier;49.65;2.57;27/09/2026;11:00;23.9;5;SOLEIL VOILÉ;10.1;22.0;0
Montdidier;49.65;2.57;27/09/2026;12:00;23.9;5;SOLEIL VOILÉ;7.6;19.1;0
Montdidier;49.65;2.57;27/09/2026;13:00;23.9;5;SOLEIL VOILÉ;10.1;19.8;0
Montdidier;49.65;2.57;27/09/2026;14:00;25.2;5;SOLEIL VOILÉ;10.4;24.5;0
Montdidier;49.65;2.57;27/09/2026;15:00;25.2;5;SOLEIL VOILÉ;10.1;20.2;0
Montdidier;49.65;2.57;27/09/2026;16:00;25.2;5;SOLEIL VOILÉ;11.2;23.0;0
Montdidier;49.65;2.57;27/09/2026;17:00;22.6;2;NUAGEUX;9.0;20.9;0
Montdidier;49.65;2.57;27/09/2026;18:00;22.6;2;NUAGEUX;6.5;16.9;0
Montdidier;49.65;2.57;27/09/2026;19:00;22.6;2;NUAGEUX;15.1;26.3;0
Montdidier;49.65;2.57;27/09/2026;20:00;19.1;5;SOLEIL VOILÉ;11.2;26.3;0
Montdidier;49.65;2.57;27/09/2026;21:00;19.1;5;SOLEIL VOILÉ;9.7;19.1;0
Montdidier;49.65;2.57;27/09/2026;22:00;19.1;5;SOLEIL VOILÉ;7.2;16.2;0
Montdidier;49.65;2.57;27/09/2026;23:00;17.1;5;SOLEIL VOILÉ;8.3;13.3;0
Montdidier;49.65;2.57;28/09/2026;00:00;17.1;5;SOLEIL VOILÉ;6.5;13.3;0
Montdidier;49.65;2.57;28/09/2026;01:00;17.1;5;SOLEIL VOILÉ;6.1;8.6;0
Montdidier;49.65;2.57;28/09/2026;02:00;15.6;2;NUAGEUX;7.9;10.4;0
Montdidier;49.65;2.57;28/09/2026;03:00;15.6;2;NUAGEUX;8.6;12.2;0
Montdidier;49.65;2.57;28/09/2026;04:00;15.6;2;NUAGEUX;8.3;12.2;0
Montdidier;49.65;2.57;28/09/2026;05:00;15.6;2;NUAGEUX;7.6;11.5;0
Montdidier;49.65;2.57;28/09/2026;06:00;15.6;2;NUAGEUX;6.5;10.8;0
Montdidier;49.65;2.57;28/09/2026;07:00;15.6;2;NUAGEUX;7.2;10.1;0
Montdidier;49.65;2.57;28/09/2026;08:00;20;2;NUAGEUX;7.2;10.4;0
Montdidier;49.65;2.57;28/09/2026;09:00;20;2;NUAGEUX;5.4;10.4;0
Montdidier;49.65;2.57;28/09/2026;10:00;20;2;NUAGEUX;5.8;11.5;0
Montdidier;49.65;2.57;28/09/2026;11:00;22.4;5;SOLEIL VOILÉ;5.4;11.9;0
Montdidier;49.65;2.57;28/09/2026;12:00;22.4;5;SOLEIL VOILÉ;7.9;16.6;0
Montdidier;49.65;2.57;28/09/2026;13:00;22.4;5;SOLEIL VOILÉ;10.8;20.5;0
Montdidier;49.65;2.57;28/09/2026;14:00;22.4;6;AVERSES;11.5;22.7;0
Montdidier;49.65;2.57;28/09/2026;15:00;22.4;6;AVERSES;13.7;26.6;0
Montdidier;49.65;2.57;28/09/2026;16:00;22.4;6;AVERSES;13.3;29.9;0
Montdidier;49.65;2.57;28/09/2026;17:00;19.2;6;AVERSES;13.3;25.9;0
Montdidier;49.65;2.57;28/09/2026;18:00;19.2;6;AVERSES;14.4;26.4;0
Montdidier;49.65;2.57;28/09/2026;19:00;19.2;6;AVERSES;10.4;25.6;0
Montdidier;49.65;2.57;28/09/2026;20:00;18.8;7;PLUIE FAIBLE;10.1;17.6;0
Montdidier;49.65;2.57;28/09/2026;21:00;17.7;7;PLUIE FAIBLE;11.3;19.1;0
Montdidier;49.65;2.57;28/09/2026;22:00;16.7;7;PLUIE FAIBLE;12.4;20.9;0
Montdidier;49.65;2.57;28/09/2026;23:00;15.5;2;NUAGEUX;11.8;20.9;0
Montdidier;49.65;2.57;29/09/2026;00:00;15.5;2;NUAGEUX;10.1;19.8;0
Montdidier;49.65;2.57;29/09/2026;01:00;15.5;2;NUAGEUX;9.4;16.9;0
Montdidier;49.65;2.57;29/09/2026;02:00;14.6;2;NUAGEUX;7.8;15.5;0
Montdidier;49.65;2.57;29/09/2026;03:00;14.6;2;NUAGEUX;8.8;15.5;0
Montdidier;49.65;2.57;29/09/2026;04:00;14.6;2;NUAGEUX;5.9;14.4;0
Montdidier;49.65;2.57;29/09/2026;05:00;15.5;2;NUAGEUX;5.6;9.0;0
Montdidier;49.65;2.57;29/09/2026;06:00;15.5;2;NUAGEUX;6.0;9.7;0
Montdidier;49.65;2.57;29/09/2026;07:00;15.5;2;NUAGEUX;5.2;11.2;0
Montdidier;49.65;2.57;29/09/2026;08:00;17.7;2;NUAGEUX;5.3;9.0;0
Montdidier;49.65;2.57;29/09/2026;09:00;19.2;2;NUAGEUX;6.5;10.1;0
Montdidier;49.65;2.57;29/09/2026;10:00;20.7;2;NUAGEUX;5.9;10.4;0
Montdidier;49.65;2.57;29/09/2026;11:00;26;2;NUAGEUX;6.2;14.4;0
Montdidier;49.65;2.57;29/09/2026;12:00;26;2;NUAGEUX;3.6;18.0;0
Montdidier;49.65;2.57;29/09/2026;13:00;26;2;NUAGEUX;3.2;14.0;0
Montdidier;49.65;2.57;29/09/2026;14:00;26.9;2;NUAGEUX;5.7;16.2;0
Montdidier;49.65;2.57;29/09/2026;15:00;28.4;2;NUAGEUX;4.2;23.0;0
Montdidier;49.65;2.57;29/09/2026;16:00;26.9;2;NUAGEUX;5.4;20.2;0
Montdidier;49.65;2.57;29/09/2026;17:00;23.2;2;NUAGEUX;6.9;19.4;0
Montdidier;49.65;2.57;29/09/2026;18:00;23.2;2;NUAGEUX;7.8;18.7;0
Montdidier;49.65;2.57;29/09/2026;19:00;23.2;2;NUAGEUX;10.0;17.6;0
Montdidier;49.65;2.57;29/09/2026;20:00;20.7;2;NUAGEUX;8.1;18.0;0
Montdidier;49.65;2.57;29/09/2026;21:00;19.2;2;NUAGEUX;8.3;17.6;0
Montdidier;49.65;2.57;29/09/2026;22:00;17.7;2;NUAGEUX;6.7;16.9;0
Montdidier;49.65;2.57;29/09/2026;23:00;19.6;2;NUAGEUX;5.9;16.2;0
Montdidier;49.65;2.57;30/09/2026;00:00;19.6;2;NUAGEUX;6.3;15.1;0
Montdidier;49.65;2.57;30/09/2026;01:00;19.6;2;NUAGEUX;6.7;13.7;0
Montdidier;49.65;2.57;30/09/2026;02:00;17;7;PLUIE FAIBLE;7.1;13.0;0
Montdidier;49.65;2.57;30/09/2026;03:00;17;7;PLUIE FAIBLE;7.1;13.3;0
Montdidier;49.65;2.57;30/09/2026;04:00;17;7;PLUIE FAIBLE;7.9;14.0;0
Montdidier;49.65;2.57;30/09/2026;05:00;17.6;2;NUAGEUX;8.8;14.8;0
Montdidier;49.65;2.57;30/09/2026;06:00;17.6;2;NUAGEUX;8.9;15.1;0
Montdidier;49.65;2.57;30/09/2026;07:00;17.6;2;NUAGEUX;8.8;15.5;0
Montdidier;49.65;2.57;30/09/2026;08:00;18.9;7;PLUIE FAIBLE;8.6;16.2;0
Montdidier;49.65;2.57;30/09/2026;09:00;19.9;7;PLUIE FAIBLE;8.5;17.3;0
Montdidier;49.65;2.57;30/09/2026;10:00;20.8;7;PLUIE FAIBLE;8.5;18.7;0
Montdidier;49.65;2.57;30/09/2026;11:00;24.2;2;NUAGEUX;8.9;20.2;0
Montdidier;49.65;2.57;30/09/2026;12:00;24.2;2;NUAGEUX;9.5;21.6;0
Montdidier;49.65;2.57;30/09/2026;13:00;24.2;2;NUAGEUX;10.4;23.4;0
Montdidier;49.65;2.57;30/09/2026;14:00;24.6;7;PLUIE FAIBLE;11.5;25.2;0
Montdidier;49.65;2.57;30/09/2026;15:00;25.6;7;PLUIE FAIBLE;13.4;27.7;0
Montdidier;49.65;2.57;30/09/2026;16:00;24.6;7;PLUIE FAIBLE;15.8;30.6;0
Montdidier;49.65;2.57;30/09/2026;17:00;21.2;7;PLUIE FAIBLE;17.0;32.4;0
Montdidier;49.65;2.57;30/09/2026;18:00;21.2;7;PLUIE FAIBLE;16.0;32.8;0
Montdidier;49.65;2.57;30/09/2026;19:00;21.2;7;PLUIE FAIBLE;13.8;32.0;0
Montdidier;49.65;2.57;30/09/2026;20:00;20.8;7;PLUIE FAIBLE;12.6;31.3;0
Montdidier;49.65;2.57;30/09/2026;21:00;19.9;7;PLUIE FAIBLE;13.3;30.2;0
Montdidier;49.65;2.57;30/09/2026;22:00;18.9;7;PLUIE FAIBLE;15.1;28.8;0
Montdidier;49.65;2.57;30/09/2026;23:00;18.2;7;PLUIE FAIBLE;16.3;27.7;0
Montdidier;49.65;2.57;01/10/2026;00:00;18.2;7;PLUIE FAIBLE;16.3;28.1;0
Montdidier;49.65;2.57;01/10/2026;01:00;18.2;7;PLUIE FAIBLE;16.0;28.8;0
Montdidier;49.65;2.57;01/10/2026;02:00;15.1;7;PLUIE FAIBLE;15.5;29.2;0
Montdidier;49.65;2.57;01/10/2026;03:00;15.1;7;PLUIE FAIBLE;15.0;28.4;0
Montdidier;49.65;2.57;01/10/2026;04:00;15.1;7;PLUIE FAIBLE;14.7;27.7;0
Montdidier;49.65;2.57;01/10/2026;05:00;16.2;6;AVERSES;14.6;26.6;0
Montdidier;49.65;2.57;01/10/2026;06:00;16.2;6;AVERSES;14.0;25.9;0
Montdidier;49.65;2.57;01/10/2026;07:00;16.2;6;AVERSES;13.3;24.8;0
Montdidier;49.65;2.57;01/10/2026;08:00;16.2;7;PLUIE FAIBLE;12.8;24.5;0
Montdidier;49.65;2.57;01/10/2026;09:00;16.7;7;PLUIE FAIBLE;12.7;24.5;0
Montdidier;49.65;2.57;01/10/2026;10:00;17.3;7;PLUIE FAIBLE;12.4;24.8;0
Montdidier;49.65;2.57;01/10/2026;11:00;19.2;7;PLUIE FAIBLE;12.3;25.2;0
Montdidier;49.65;2.57;01/10/2026;12:00;19.2;7;PLUIE FAIBLE;11.9;25.9;0
Montdidier;49.65;2.57;01/10/2026;13:00;19.2;7;PLUIE FAIBLE;11.9;27.4;0
Montdidier;49.65;2.57;01/10/2026;14:00;19.5;7;PLUIE FAIBLE;11.8;28.1;0
Montdidier;49.65;2.57;01/10/2026;15:00;20.0;7;PLUIE FAIBLE;11.7;28.4;0
Montdidier;49.65;2.57;01/10/2026;16:00;19.5;7;PLUIE FAIBLE;12.5;28.4;0
Montdidier;49.65;2.57;01/10/2026;17:00;17;7;PLUIE FAIBLE;13.3;28.8;0
Montdidier;49.65;2.57;01/10/2026;18:00;17;7;PLUIE FAIBLE;13.2;29.9;0
Montdidier;49.65;2.57;01/10/2026;19:00;17;7;PLUIE FAIBLE;12.4;31.7;0
Montdidier;49.65;2.57;01/10/2026;20:00;17.3;7;PLUIE FAIBLE;11.2;31.7;0
Montdidier;49.65;2.57;01/10/2026;21:00;16.7;7;PLUIE FAIBLE;9.4;29.2;0
Montdidier;49.65;2.57;01/10/2026;22:00;16.2;7;PLUIE FAIBLE;8.0;25.6;0
Montdidier;49.65;2.57;01/10/2026;23:00;13.2;0;SOLEIL;7.9;22.3;0
Montdidier;49.65;2.57;02/10/2026;00:00;13.2;0;SOLEIL;9.0;22.7;0
Montdidier;49.65;2.57;02/10/2026;01:00;13.2;0;SOLEIL;9.7;20.2;0
Montdidier;49.65;2.57;02/10/2026;02:00;10.7;0;SOLEIL;10.3;18.4;0
Montdidier;49.65;2.57;02/10/2026;03:00;10.7;0;SOLEIL;10.4;17.3;0
Montdidier;49.65;2.57;02/10/2026;04:00;10.7;0;SOLEIL;10.2;16.9;0
Montdidier;49.65;2.57;02/10/2026;05:00;11.7;0;SOLEIL;10.0;16.6;0
Montdidier;49.65;2.57;02/10/2026;06:00;11.7;0;SOLEIL;9.5;16.6;0
Montdidier;49.65;2.57;02/10/2026;07:00;11.7;0;SOLEIL;9.1;16.9;0
Montdidier;49.65;2.57;02/10/2026;08:00;12.8;0;SOLEIL;8.9;17.3;0
Montdidier;49.65;2.57;02/10/2026;09:00;13.8;0;SOLEIL;8.9;18.4;0
Montdidier;49.65;2.57;02/10/2026;10:00;14.8;0;SOLEIL;9.3;19.4;0
Montdidier;49.65;2.57;02/10/2026;11:00;19.2;0;SOLEIL;9.6;21.2;0
Montdidier;49.65;2.57;02/10/2026;12:00;19.2;0;SOLEIL;9.9;23.0;0
Montdidier;49.65;2.57;02/10/2026;13:00;19.2;0;SOLEIL;10.0;24.5;0
Montdidier;49.65;2.57;02/10/2026;14:00;19.0;0;SOLEIL;9.9;25.6;0
Montdidier;49.65;2.57;02/10/2026;15:00;20.0;0;SOLEIL;9.1;26.3;0
Montdidier;49.65;2.57;02/10/2026;16:00;19.0;0;SOLEIL;8.1;27.0;0
Montdidier;49.65;2.57;02/10/2026;17:00;16;7;PLUIE FAIBLE;7.0;27.7;0
Montdidier;49.65;2.57;02/10/2026;18:00;16;7;PLUIE FAIBLE;6.2;28.1;0
Montdidier;49.65;2.57;02/10/2026;19:00;16;7;PLUIE FAIBLE;5.5;27.7;0
Montdidier;49.65;2.57;02/10/2026;20:00;14.8;0;SOLEIL;5.2;27.0;0
Montdidier;49.65;2.57;02/10/2026;21:00;13.8;0;SOLEIL;5.2;25.6;0
Montdidier;49.65;2.57;02/10/2026;22:00;12.8;0;SOLEIL;4.9;23.0;0
Montdidier;49.65;2.57;02/10/2026;23:00;12.1;0;SOLEIL;4.9;20.2;0
Montdidier;49.65;2.57;03/10/2026;00:00;12.1;0;SOLEIL;4.9;17.3;0
Montdidier;49.65;2.57;03/10/2026;01:00;12.1;0;SOLEIL;4.8;14.8;0
Montdidier;49.65;2.57;03/10/2026;02:00;9.5;0;SOLEIL;4.6;12.6;0
Montdidier;49.65;2.57;03/10/2026;03:00;9.5;0;SOLEIL;4.3;11.2;0
Montdidier;49.65;2.57;03/10/2026;04:00;9.5;0;SOLEIL;3.9;10.1;0
Montdidier;49.65;2.57;03/10/2026;05:00;10.4;0;SOLEIL;3.5;9.0;0
Montdidier;49.65;2.57;03/10/2026;06:00;10.4;0;SOLEIL;3.3;8.6;0
Montdidier;49.65;2.57;03/10/2026;07:00;10.4;0;SOLEIL;3.2;8.3;0
Montdidier;49.65;2.57;03/10/2026;08:00;11.9;0;SOLEIL;2.9;8.3;0
Montdidier;49.65;2.57;03/10/2026;09:00;13.1;0;SOLEIL;2.2;9.0;0
Montdidier;49.65;2.57;03/10/2026;10:00;14.3;0;SOLEIL;1.5;10.1;0
Montdidier;49.65;2.57;03/10/2026;11:00;19.5;0;SOLEIL;1.5;11.5;0
Montdidier;49.65;2.57;03/10/2026;12:00;19.5;0;SOLEIL;2.5;13.0;0
Montdidier;49.65;2.57;03/10/2026;13:00;19.5;0;SOLEIL;3.4;14.4;0
Montdidier;49.65;2.57;03/10/2026;14:00;19.2;0;SOLEIL;3.7;15.1;0
Montdidier;49.65;2.57;03/10/2026;15:00;20.4;0;SOLEIL;3.4;15.5;0
Montdidier;49.65;2.57;03/10/2026;16:00;19.2;0;SOLEIL;2.4;15.8;0
Montdidier;49.65;2.57;03/10/2026;17:00;16.5;0;SOLEIL;1.7;16.2;0
Montdidier;49.65;2.57;03/10/2026;18:00;16.5;0;SOLEIL;1.9;15.8;0
Montdidier;49.65;2.57;03/10/2026;19:00;16.5;0;SOLEIL;2.8;15.8;0
Montdidier;49.65;2.57;03/10/2026;20:00;14.3;0;SOLEIL;3.4;15.1;0
Montdidier;49.65;2.57;03/10/2026;21:00;13.1;0;SOLEIL;3.5;14.0;0
Montdidier;49.65;2.57;03/10/2026;22:00;11.9;0;SOLEIL;3.4;13.0;0
Montdidier;49.65;2.57;03/10/2026;23:00;13.2;2;NUAGEUX;3.1;11.2;0
Boulogne-sur-Mer;50.726;1.614;26/09/2026;00:00;17;5;SOLEIL VOILÉ;12.0;23.8;0
Boulogne-sur-Mer;50.726;1.614;26/09/2026;01:00;16.7;5;SOLEIL VOILÉ;12.5;25.2;0
Boulogne-sur-Mer;50.726;1.614;26/09/2026;02:00;16.4;2;NUAGEUX;12.0;25.2;0
Boulogne-sur-Mer;50.726;1.614;26/09/2026;03:00;16.5;2;NUAGEUX;12.7;25.6;0
Boulogne-sur-Mer;50.726;1.614;26/09/2026;04:00;16.4;2;NUAGEUX;13.4;26.6;0
Boulogne-sur-Mer;50.726;1.614;26/09/2026;05:00;16;2;NUAGEUX;13.5;26.6;0
Boulogne-sur-Mer;50.726;1.614;26/09/2026;06:00;15.7;2;NUAGEUX;11.8;26.3;0
Boulogne-sur-Mer;50.726;1.614;26/09/2026;07:00;16.6;2;NUAGEUX;10.4;23.8;0
Boulogne-sur-Mer;50.726;1.614;26/09/2026;08:00;16.9;2;NUAGEUX;9.9;21.6;0
Boulogne-sur-Mer;50.726;1.614;26/09/2026;09:00;17.1;2;NUAGEUX;8.6;19.8;0
Boulogne-sur-Mer;50.726;1.614;26/09/2026;10:00;17.2;2;NUAGEUX;8.3;18.0;0
Boulogne-sur-Mer;50.726;1.614;26/09/2026;11:00;17.5;2;NUAGEUX;9.2;20.2;0
Boulogne-sur-Mer;50.726;1.614;26/09/2026;12:00;18;2;NUAGEUX;8.9;20.9;0
Boulogne-sur-Mer;50.726;1.614;26/09/2026;13:00;18.2;2;NUAGEUX;9.0;20.9;0
Boulogne-sur-Mer;50.726;1.614;26/09/2026;14:00;18.3;2;NUAGEUX;8.8;20.5;0
Boulogne-sur-Mer;50.726;1.614;26/09/2026;15:00;18.5;2;NUAGEUX;10.0;22.7;0
Boulogne-sur-Mer;50.726;1.614;26/09/2026;16:00;18.5;2;NUAGEUX;10.4;23.8;0
Boulogne-sur-Mer;50.726;1.614;26/09/2026;17:00;17.8;2;NUAGEUX;9.2;22.7;0
Boulogne-sur-Mer;50.726;1.614;26/09/2026;18:00;16.9;2;NUAGEUX;7.3;20.5;0
Boulogne-sur-Mer;50.726;1.614;26/09/2026;19:00;16.2;2;NUAGEUX;4.7;15.8;0
Boulogne-sur-Mer;50.726;1.614;26/09/2026;20:00;15.7;2;NUAGEUX;2.6;10.1;0
Boulogne-sur-Mer;50.726;1.614;26/09/2026;21:00;15.4;2;NUAGEUX;1.5;5.8;0
Boulogne-sur-Mer;50.726;1.614;26/09/2026;22:00;15.4;2;NUAGEUX;1.6;3.6;0
Boulogne-sur-Mer;50.726;1.614;26/09/2026;23:00;15.2;2;NUAGEUX;3.3;6.1;0
Boulogne-sur-Mer;50.726;1.614;27/09/2026;00:00;14.9;2;NUAGEUX;2.9;6.1;0
Boulogne-sur-Mer;50.726;1.614;27/09/2026;01:00;14.9;2;NUAGEUX;2.5;5.4;0
Boulogne-sur-Mer;50.726;1.614;27/09/2026;02:00;14.5;5;SOLEIL VOILÉ;3.9;6.8;0
Boulogne-sur-Mer;50.726;1.614;27/09/2026;03:00;14.5;5;SOLEIL VOILÉ;11.2;20.5;0
Boulogne-sur-Mer;50.726;1.614;27/09/2026;04:00;14.5;5;SOLEIL VOILÉ;6.2;23.8;0
Boulogne-sur-Mer;50.726;1.614;27/09/2026;05:00;14.5;5;SOLEIL VOILÉ;11.3;22.7;0
Boulogne-sur-Mer;50.726;1.614;27/09/2026;06:00;14.5;5;SOLEIL VOILÉ;13.7;27.0;0
Boulogne-sur-Mer;50.726;1.614;27/09/2026;07:00;14.5;5;SOLEIL VOILÉ;15.9;33.8;0
Boulogne-sur-Mer;50.726;1.614;27/09/2026;08:00;17.2;5;SOLEIL VOILÉ;12.8;40.0;0
Boulogne-sur-Mer;50.726;1.614;27/09/2026;09:00;17.2;5;SOLEIL VOILÉ;14.1;29.9;0
Boulogne-sur-Mer;50.726;1.614;27/09/2026;10:00;17.2;5;SOLEIL VOILÉ;14.1;30.6;0
Boulogne-sur-Mer;50.726;1.614;27/09/2026;11:00;20.7;5;SOLEIL VOILÉ;14.2;29.5;0
Boulogne-sur-Mer;50.726;1.614;27/09/2026;12:00;20.7;5;SOLEIL VOILÉ;13.6;29.9;0
Boulogne-sur-Mer;50.726;1.614;27/09/2026;13:00;20.7;5;SOLEIL VOILÉ;11.3;28.4;0
Boulogne-sur-Mer;50.726;1.614;27/09/2026;14:00;21.4;5;SOLEIL VOILÉ;12.4;23.8;0
Boulogne-sur-Mer;50.726;1.614;27/09/2026;15:00;21.4;5;SOLEIL VOILÉ;9.5;23.0;0
Boulogne-sur-Mer;50.726;1.614;27/09/2026;16:00;21.4;5;SOLEIL VOILÉ;8.2;16.6;0
Boulogne-sur-Mer;50.726;1.614;27/09/2026;17:00;19.7;2;NUAGEUX;8.2;13.0;0
Boulogne-sur-Mer;50.726;1.614;27/09/2026;18:00;19.7;2;NUAGEUX;9.0;16.2;0
Boulogne-sur-Mer;50.726;1.614;27/09/2026;19:00;19.7;2;NUAGEUX;8.2;18.0;0
Boulogne-sur-Mer;50.726;1.614;27/09/2026;20:00;18.6;5;SOLEIL VOILÉ;6.6;16.6;0
Boulogne-sur-Mer;50.726;1.614;27/09/2026;21:00;18.6;5;SOLEIL VOILÉ;6.4;13.7;0
Boulogne-sur-Mer;50.726;1.614;27/09/2026;22:00;18.6;5;SOLEIL VOILÉ;5.8;13.3;0
Boulogne-sur-Mer;50.726;1.614;27/09/2026;23:00;18.6;5;SOLEIL VOILÉ;6.1;13.0;0
Boulogne-sur-Mer;50.726;1.614;28/09/2026;00:00;18.6;5;SOLEIL VOILÉ;6.2;12.6;0
Boulogne-sur-Mer;50.726;1.614;28/09/2026;01:00;18.6;5;SOLEIL VOILÉ;6.8;14.4;0
Boulogne-sur-Mer;50.726;1.614;28/09/2026;02:00;18.4;2;NUAGEUX;8.0;16.2;0
Boulogne-sur-Mer;50.726;1.614;28/09/2026;03:00;18.4;2;NUAGEUX;8.0;16.6;0
Boulogne-sur-Mer;50.726;1.614;28/09/2026;04:00;18.4;2;NUAGEUX;8.8;18.0;0
Boulogne-sur-Mer;50.726;1.614;28/09/2026;05:00;18;2;NUAGEUX;9.3;19.1;0
Boulogne-sur-Mer;50.726;1.614;28/09/2026;06:00;18;2;NUAGEUX;8.6;18.1;0
Boulogne-sur-Mer;50.726;1.614;28/09/2026;07:00;18;2;NUAGEUX;7.7;16.7;0
Boulogne-sur-Mer;50.726;1.614;28/09/2026;08:00;18.1;5;SOLEIL VOILÉ;6.9;14.9;0
Boulogne-sur-Mer;50.726;1.614;28/09/2026;09:00;18.1;5;SOLEIL VOILÉ;6.3;13.7;0
Boulogne-sur-Mer;50.726;1.614;28/09/2026;10:00;18.1;5;SOLEIL VOILÉ;6.3;13.3;0
Boulogne-sur-Mer;50.726;1.614;28/09/2026;11:00;17.9;5;SOLEIL VOILÉ;8.0;16.6;0
Boulogne-sur-Mer;50.726;1.614;28/09/2026;12:00;17.9;5;SOLEIL VOILÉ;11.5;21.2;0
Boulogne-sur-Mer;50.726;1.614;28/09/2026;13:00;17.9;5;SOLEIL VOILÉ;13.3;24.8;0
Boulogne-sur-Mer;50.726;1.614;28/09/2026;14:00;18;5;SOLEIL VOILÉ;12.1;24.8;0
Boulogne-sur-Mer;50.726;1.614;28/09/2026;15:00;18;5;SOLEIL VOILÉ;12.9;24.8;0
Boulogne-sur-Mer;50.726;1.614;28/09/2026;16:00;18;5;SOLEIL VOILÉ;12.6;23.8;0
Boulogne-sur-Mer;50.726;1.614;28/09/2026;17:00;17.2;5;SOLEIL VOILÉ;11.9;23.4;0
Boulogne-sur-Mer;50.726;1.614;28/09/2026;18:00;17.2;5;SOLEIL VOILÉ;10.8;22.3;0
Boulogne-sur-Mer;50.726;1.614;28/09/2026;19:00;17.2;5;SOLEIL VOILÉ;6.5;19.4;0
Boulogne-sur-Mer;50.726;1.614;28/09/2026;20:00;17.8;5;SOLEIL VOILÉ;5.8;11.9;0
Boulogne-sur-Mer;50.726;1.614;28/09/2026;21:00;17.6;5;SOLEIL VOILÉ;6.8;13.0;0
Boulogne-sur-Mer;50.726;1.614;28/09/2026;22:00;17.4;5;SOLEIL VOILÉ;7.2;14.4;0
Boulogne-sur-Mer;50.726;1.614;28/09/2026;23:00;16.1;2;NUAGEUX;7.9;15.1;0
Boulogne-sur-Mer;50.726;1.614;29/09/2026;00:00;16.1;2;NUAGEUX;8.0;15.8;0
Boulogne-sur-Mer;50.726;1.614;29/09/2026;01:00;16.1;2;NUAGEUX;11.2;21.2;0
Boulogne-sur-Mer;50.726;1.614;29/09/2026;02:00;15.6;2;NUAGEUX;13.8;25.9;0
Boulogne-sur-Mer;50.726;1.614;29/09/2026;03:00;15.6;2;NUAGEUX;11.0;25.2;0
Boulogne-sur-Mer;50.726;1.614;29/09/2026;04:00;15.6;2;NUAGEUX;13.7;26.3;0
Boulogne-sur-Mer;50.726;1.614;29/09/2026;05:00;16.6;7;PLUIE FAIBLE;11.7;25.6;0
Boulogne-sur-Mer;50.726;1.614;29/09/2026;06:00;16.6;7;PLUIE FAIBLE;11.4;21.6;0
Boulogne-sur-Mer;50.726;1.614;29/09/2026;07:00;16.6;7;PLUIE FAIBLE;11.6;25.9;0
Boulogne-sur-Mer;50.726;1.614;29/09/2026;08:00;17.6;2;NUAGEUX;12.0;23.8;0
Boulogne-sur-Mer;50.726;1.614;29/09/2026;09:00;18.6;2;NUAGEUX;12.3;23.8;0
Boulogne-sur-Mer;50.726;1.614;29/09/2026;10:00;19.6;2;NUAGEUX;13.1;23.8;0
Boulogne-sur-Mer;50.726;1.614;29/09/2026;11:00;23.1;2;NUAGEUX;13.5;24.5;0
Boulogne-sur-Mer;50.726;1.614;29/09/2026;12:00;23.1;2;NUAGEUX;13.9;25.9;0
Boulogne-sur-Mer;50.726;1.614;29/09/2026;13:00;23.1;2;NUAGEUX;14.8;27.4;0
Boulogne-sur-Mer;50.726;1.614;29/09/2026;14:00;23.7;2;NUAGEUX;14.9;28.1;0
Boulogne-sur-Mer;50.726;1.614;29/09/2026;15:00;24.7;2;NUAGEUX;12.7;27.4;0
Boulogne-sur-Mer;50.726;1.614;29/09/2026;16:00;23.7;2;NUAGEUX;9.9;25.9;0
Boulogne-sur-Mer;50.726;1.614;29/09/2026;17:00;22.7;2;NUAGEUX;7.3;23.0;0
Boulogne-sur-Mer;50.726;1.614;29/09/2026;18:00;22.7;2;NUAGEUX;4.8;17.3;0
Boulogne-sur-Mer;50.726;1.614;29/09/2026;19:00;22.7;2;NUAGEUX;1.8;10.4;0
Boulogne-sur-Mer;50.726;1.614;29/09/2026;20:00;19.6;2;NUAGEUX;1.3;6.5;0
Boulogne-sur-Mer;50.726;1.614;29/09/2026;21:00;18.6;2;NUAGEUX;3.8;8.3;0
Boulogne-sur-Mer;50.726;1.614;29/09/2026;22:00;17.6;2;NUAGEUX;6.6;13.3;0
Boulogne-sur-Mer;50.726;1.614;29/09/2026;23:00;20.6;2;NUAGEUX;8.8;17.6;0
Boulogne-sur-Mer;50.726;1.614;30/09/2026;00:00;20.6;2;NUAGEUX;10.4;20.5;0
Boulogne-sur-Mer;50.726;1.614;30/09/2026;01:00;20.6;2;NUAGEUX;12.0;22.7;0
Boulogne-sur-Mer;50.726;1.614;30/09/2026;02:00;18.1;7;PLUIE FAIBLE;12.7;24.5;0
Boulogne-sur-Mer;50.726;1.614;30/09/2026;03:00;18.1;7;PLUIE FAIBLE;13.1;25.2;0
Boulogne-sur-Mer;50.726;1.614;30/09/2026;04:00;18.1;7;PLUIE FAIBLE;13.3;25.2;0
Boulogne-sur-Mer;50.726;1.614;30/09/2026;05:00;19.6;2;NUAGEUX;13.4;24.8;0
Boulogne-sur-Mer;50.726;1.614;30/09/2026;06:00;19.6;2;NUAGEUX;12.5;24.1;0
Boulogne-sur-Mer;50.726;1.614;30/09/2026;07:00;19.6;2;NUAGEUX;11.7;23.0;0
Boulogne-sur-Mer;50.726;1.614;30/09/2026;08:00;19.3;7;PLUIE FAIBLE;11.4;23.0;0
Boulogne-sur-Mer;50.726;1.614;30/09/2026;09:00;19.9;7;PLUIE FAIBLE;13.0;25.6;0
Boulogne-sur-Mer;50.726;1.614;30/09/2026;10:00;20.5;7;PLUIE FAIBLE;15.8;28.8;0
Boulogne-sur-Mer;50.726;1.614;30/09/2026;11:00;22;2;NUAGEUX;17.7;31.7;0
Boulogne-sur-Mer;50.726;1.614;30/09/2026;12:00;22;2;NUAGEUX;18.4;33.1;0
Boulogne-sur-Mer;50.726;1.614;30/09/2026;13:00;22;2;NUAGEUX;18.4;34.2;0
Boulogne-sur-Mer;50.726;1.614;30/09/2026;14:00;22.8;7;PLUIE FAIBLE;18.1;33.8;0
Boulogne-sur-Mer;50.726;1.614;30/09/2026;15:00;23.4;7;PLUIE FAIBLE;16.4;32.0;0
Boulogne-sur-Mer;50.726;1.614;30/09/2026;16:00;22.8;7;PLUIE FAIBLE;14.1;29.2;0
Boulogne-sur-Mer;50.726;1.614;30/09/2026;17:00;19.2;7;PLUIE FAIBLE;12.4;27.0;0
Boulogne-sur-Mer;50.726;1.614;30/09/2026;18:00;19.2;7;PLUIE FAIBLE;11.8;26.3;0
Boulogne-sur-Mer;50.726;1.614;30/09/2026;19:00;19.2;7;PLUIE FAIBLE;12.2;26.3;0
Boulogne-sur-Mer;50.726;1.614;30/09/2026;20:00;20.5;7;PLUIE FAIBLE;12.6;25.9;0
Boulogne-sur-Mer;50.726;1.614;30/09/2026;21:00;19.9;7;PLUIE FAIBLE;12.4;25.2;0
Boulogne-sur-Mer;50.726;1.614;30/09/2026;22:00;19.3;7;PLUIE FAIBLE;12.6;24.1;0
Boulogne-sur-Mer;50.726;1.614;30/09/2026;23:00;17.6;7;PLUIE FAIBLE;12.3;23.4;0
Boulogne-sur-Mer;50.726;1.614;01/10/2026;00:00;17.6;7;PLUIE FAIBLE;11.4;21.7;0
Boulogne-sur-Mer;50.726;1.614;01/10/2026;01:00;17.6;7;PLUIE FAIBLE;11.7;21.6;0
Boulogne-sur-Mer;50.726;1.614;01/10/2026;02:00;15.4;6;AVERSES;13.0;22.9;0
Boulogne-sur-Mer;50.726;1.614;01/10/2026;03:00;15.4;6;AVERSES;14.6;24.5;0
Boulogne-sur-Mer;50.726;1.614;01/10/2026;04:00;15.4;6;AVERSES;14.8;25.2;0
Boulogne-sur-Mer;50.726;1.614;01/10/2026;05:00;16.2;6;AVERSES;15.1;25.9;0
Boulogne-sur-Mer;50.726;1.614;01/10/2026;06:00;16.2;6;AVERSES;15.9;27.0;0
Boulogne-sur-Mer;50.726;1.614;01/10/2026;07:00;16.2;6;AVERSES;16.4;28.4;0
Boulogne-sur-Mer;50.726;1.614;01/10/2026;08:00;16.0;6;AVERSES;16.7;29.2;0
Boulogne-sur-Mer;50.726;1.614;01/10/2026;09:00;16.3;6;AVERSES;17.3;29.2;0
Boulogne-sur-Mer;50.726;1.614;01/10/2026;10:00;16.6;6;AVERSES;20.5;33.5;0
Boulogne-sur-Mer;50.726;1.614;01/10/2026;11:00;17.5;6;AVERSES;22.1;36.4;0
Boulogne-sur-Mer;50.726;1.614;01/10/2026;12:00;17.5;6;AVERSES;22.7;37.4;0
Boulogne-sur-Mer;50.726;1.614;01/10/2026;13:00;17.5;6;AVERSES;22.4;37.1;0
Boulogne-sur-Mer;50.726;1.614;01/10/2026;14:00;17.8;6;AVERSES;20.3;34.9;0
Boulogne-sur-Mer;50.726;1.614;01/10/2026;15:00;18.1;6;AVERSES;15.4;29.9;0
Boulogne-sur-Mer;50.726;1.614;01/10/2026;16:00;17.8;6;AVERSES;9.0;23.4;0
Boulogne-sur-Mer;50.726;1.614;01/10/2026;17:00;16.2;6;AVERSES;4.9;17.6;0
Boulogne-sur-Mer;50.726;1.614;01/10/2026;18:00;16.2;6;AVERSES;3.2;14.4;0
Boulogne-sur-Mer;50.726;1.614;01/10/2026;19:00;16.2;6;AVERSES;3.7;12.2;0
Boulogne-sur-Mer;50.726;1.614;01/10/2026;20:00;16.6;6;AVERSES;5.2;10.4;0
Boulogne-sur-Mer;50.726;1.614;01/10/2026;21:00;16.3;6;AVERSES;4.6;9.4;0
Boulogne-sur-Mer;50.726;1.614;01/10/2026;22:00;16.0;6;AVERSES;2.8;9.0;0
Boulogne-sur-Mer;50.726;1.614;01/10/2026;23:00;15.7;6;AVERSES;2.2;8.6;0
Boulogne-sur-Mer;50.726;1.614;02/10/2026;00:00;15.7;6;AVERSES;1.0;8.3;0
Boulogne-sur-Mer;50.726;1.614;02/10/2026;01:00;15.7;6;AVERSES;1.6;7.9;0
Boulogne-sur-Mer;50.726;1.614;02/10/2026;02:00;13.7;6;AVERSES;3.4;9.4;0
Boulogne-sur-Mer;50.726;1.614;02/10/2026;03:00;13.7;6;AVERSES;6.3;13.3;0
Boulogne-sur-Mer;50.726;1.614;02/10/2026;04:00;13.7;6;AVERSES;10.6;18.7;0
Boulogne-sur-Mer;50.726;1.614;02/10/2026;05:00;14.4;6;AVERSES;13.8;23.0;0
Boulogne-sur-Mer;50.726;1.614;02/10/2026;06:00;14.4;6;AVERSES;15.5;25.9;0
Boulogne-sur-Mer;50.726;1.614;02/10/2026;07:00;14.4;6;AVERSES;16.1;28.1;0
Boulogne-sur-Mer;50.726;1.614;02/10/2026;08:00;14.5;6;AVERSES;16.5;28.8;0
Boulogne-sur-Mer;50.726;1.614;02/10/2026;09:00;14.8;6;AVERSES;15.9;28.1;0
Boulogne-sur-Mer;50.726;1.614;02/10/2026;10:00;15.2;6;AVERSES;14.8;25.9;0
Boulogne-sur-Mer;50.726;1.614;02/10/2026;11:00;16.6;6;AVERSES;13.3;23.8;0
Boulogne-sur-Mer;50.726;1.614;02/10/2026;12:00;16.6;6;AVERSES;12.1;22.0;0
Boulogne-sur-Mer;50.726;1.614;02/10/2026;13:00;16.6;6;AVERSES;10.8;19.8;0
Boulogne-sur-Mer;50.726;1.614;02/10/2026;14:00;16.7;6;AVERSES;8.8;18.4;0
Boulogne-sur-Mer;50.726;1.614;02/10/2026;15:00;17.1;6;AVERSES;6.6;16.9;0
Boulogne-sur-Mer;50.726;1.614;02/10/2026;16:00;16.7;6;AVERSES;7.2;16.2;0
Boulogne-sur-Mer;50.726;1.614;02/10/2026;17:00;15.4;7;PLUIE FAIBLE;9.7;16.6;0
Boulogne-sur-Mer;50.726;1.614;02/10/2026;18:00;15.4;7;PLUIE FAIBLE;11.7;19.8;0
Boulogne-sur-Mer;50.726;1.614;02/10/2026;19:00;15.4;7;PLUIE FAIBLE;14.5;24.8;0
Boulogne-sur-Mer;50.726;1.614;02/10/2026;20:00;15.2;6;AVERSES;15.9;27.7;0
Boulogne-sur-Mer;50.726;1.614;02/10/2026;21:00;14.8;6;AVERSES;14.2;27.0;0
Boulogne-sur-Mer;50.726;1.614;02/10/2026;22:00;14.5;6;AVERSES;10.8;24.1;0
Boulogne-sur-Mer;50.726;1.614;02/10/2026;23:00;14.5;7;PLUIE FAIBLE;8.0;21.6;0
Boulogne-sur-Mer;50.726;1.614;03/10/2026;00:00;14.5;7;PLUIE FAIBLE;6.3;19.4;0
Boulogne-sur-Mer;50.726;1.614;03/10/2026;01:00;14.5;7;PLUIE FAIBLE;7.8;17.6;0
Boulogne-sur-Mer;50.726;1.614;03/10/2026;02:00;12.7;0;SOLEIL;9.7;16.2;0
Boulogne-sur-Mer;50.726;1.614;03/10/2026;03:00;12.7;0;SOLEIL;10.9;16.6;0
Boulogne-sur-Mer;50.726;1.614;03/10/2026;04:00;12.7;0;SOLEIL;11.0;17.6;0
Boulogne-sur-Mer;50.726;1.614;03/10/2026;05:00;13.4;7;PLUIE FAIBLE;9.6;17.6;0
Boulogne-sur-Mer;50.726;1.614;03/10/2026;06:00;13.4;7;PLUIE FAIBLE;6.4;13.7;0
Boulogne-sur-Mer;50.726;1.614;03/10/2026;07:00;13.4;7;PLUIE FAIBLE;2.3;8.6;0
Boulogne-sur-Mer;50.726;1.614;03/10/2026;08:00;14.0;0;SOLEIL;5.5;9.0;0
Boulogne-sur-Mer;50.726;1.614;03/10/2026;09:00;14.6;0;SOLEIL;14.0;20.5;0
Boulogne-sur-Mer;50.726;1.614;03/10/2026;10:00;15.2;0;SOLEIL;23.3;37.4;0
Boulogne-sur-Mer;50.726;1.614;03/10/2026;11:00;17.6;0;SOLEIL;30.1;50.4;0
Boulogne-sur-Mer;50.726;1.614;03/10/2026;12:00;17.6;0;SOLEIL;25.6;47.2;0
Boulogne-sur-Mer;50.726;1.614;03/10/2026;13:00;17.6;0;SOLEIL;20.1;40.0;0
Boulogne-sur-Mer;50.726;1.614;03/10/2026;14:00;17.8;0;SOLEIL;15.3;32.8;0
Boulogne-sur-Mer;50.726;1.614;03/10/2026;15:00;18.4;0;SOLEIL;9.6;25.6;0
Boulogne-sur-Mer;50.726;1.614;03/10/2026;16:00;17.8;0;SOLEIL;8.1;25.9;0
Boulogne-sur-Mer;50.726;1.614;03/10/2026;17:00;16.1;0;SOLEIL;6.1;25.9;0
Boulogne-sur-Mer;50.726;1.614;03/10/2026;18:00;16.1;0;SOLEIL;3.8;25.9;0
Boulogne-sur-Mer;50.726;1.614;03/10/2026;19:00;16.1;0;SOLEIL;1.9;25.2;0
Boulogne-sur-Mer;50.726;1.614;03/10/2026;20:00;15.2;0;SOLEIL;0.5;24.5;0
Boulogne-sur-Mer;50.726;1.614;03/10/2026;21:00;14.6;0;SOLEIL;0.9;23.0;0
Boulogne-sur-Mer;50.726;1.614;03/10/2026;22:00;14.0;0;SOLEIL;2.1;20.5;0
Boulogne-sur-Mer;50.726;1.614;03/10/2026;23:00;15;2;NUAGEUX;3.5;18.0;0
